product_id,product_name,category,customer_segment,location,price,cost,margin,margin_pct,current_stock,reorder_level,customer_affinity,regional_demand_score,historical_promotion_uplift_pct,dummy_predicted_demand,suggested_discount_pct,historical_promotion_count
P0001,Chips Premium,Snacks,Students,Hyderabad,731.6,546.48,185.12,25.3,349,227,0.31148965280448404,0.24252173005732205,1.41,84,10,1
P0001,Chips Premium,Snacks,Students,Bengaluru,731.6,546.48,185.12,25.3,119,109,0.8604342173925893,0.3679775502534985,22.73,43,10,0
P0001,Chips Premium,Snacks,Students,Mumbai,731.6,546.48,185.12,25.3,197,160,0.5091573228839958,0.9248136759072434,19.69,72,20,0
P0001,Chips Premium,Snacks,Students,Delhi,731.6,546.48,185.12,25.3,284,353,0.4705217190409293,0.6836513334181178,62.07,93,5,1
P0001,Chips Premium,Snacks,Students,Chennai,731.6,546.48,185.12,25.3,254,293,0.46752613327786474,0.5060094615893538,32.63,77,15,2
P0001,Chips Premium,Snacks,Students,Pune,731.6,546.48,185.12,25.3,290,377,0.7247434914669679,0.6423314002222555,2.34,108,15,0
P0001,Chips Premium,Snacks,Students,Kolkata,731.6,546.48,185.12,25.3,187,182,0.8289491709468402,0.9081670831432971,67.75,80,10,2
P0001,Chips Premium,Snacks,Students,Ahmedabad,731.6,546.48,185.12,25.3,90,62,0.3394217780095789,0.44590793273306945,42.5,24,5,1
P0001,Chips Premium,Snacks,Professionals,Hyderabad,731.6,546.48,185.12,25.3,349,227,0.39434044433668336,0.2083986420193923,5.81,88,10,0
P0001,Chips Premium,Snacks,Professionals,Bengaluru,731.6,546.48,185.12,25.3,119,109,0.6902237177158842,0.714284929770562,5.74,44,10,0
P0001,Chips Premium,Snacks,Professionals,Mumbai,731.6,546.48,185.12,25.3,197,160,0.24829663251831924,0.7485074271073098,-3.85,57,10,1
P0001,Chips Premium,Snacks,Professionals,Delhi,731.6,546.48,185.12,25.3,284,353,0.4399291022202285,0.9812549994308206,16.14,102,10,0
P0001,Chips Premium,Snacks,Professionals,Chennai,731.6,546.48,185.12,25.3,254,293,0.9453034311718477,0.25836299166651433,32.77,94,20,1
P0001,Chips Premium,Snacks,Professionals,Pune,731.6,546.48,185.12,25.3,290,377,0.6941103218244021,0.970454121972981,13.84,118,15,0
P0001,Chips Premium,Snacks,Professionals,Kolkata,731.6,546.48,185.12,25.3,187,182,0.6107819506553551,0.8250060775141945,33.33,70,15,1
P0001,Chips Premium,Snacks,Professionals,Ahmedabad,731.6,546.48,185.12,25.3,90,62,0.6923315813349197,0.44937804484989513,10.09,31,20,0
P0001,Chips Premium,Snacks,Families,Hyderabad,731.6,546.48,185.12,25.3,349,227,0.3523624993082237,0.6939481245370254,10.23,107,10,0
P0001,Chips Premium,Snacks,Families,Bengaluru,731.6,546.48,185.12,25.3,119,109,0.6387857517838214,0.2382972687435234,35.23,36,10,1
P0001,Chips Premium,Snacks,Families,Mumbai,731.6,546.48,185.12,25.3,197,160,0.8260388692910247,0.8074545888246503,12.33,81,15,0
P0001,Chips Premium,Snacks,Families,Delhi,731.6,546.48,185.12,25.3,284,353,0.9249660244840441,0.7554255656611026,48.06,121,20,2
P0001,Chips Premium,Snacks,Families,Chennai,731.6,546.48,185.12,25.3,254,293,0.5129410405021227,0.7566766866332924,10.49,88,15,0
P0001,Chips Premium,Snacks,Families,Pune,731.6,546.48,185.12,25.3,290,377,0.8939331550686531,0.8487480740671416,14.5,126,15,0
P0001,Chips Premium,Snacks,Families,Kolkata,731.6,546.48,185.12,25.3,187,182,0.8313243144556858,0.21417016006157158,58.57,64,10,1
P0001,Chips Premium,Snacks,Families,Ahmedabad,731.6,546.48,185.12,25.3,90,62,0.5898236231441623,0.4367695014712782,2.2,29,15,0
P0001,Chips Premium,Snacks,Premium Customers,Hyderabad,731.6,546.48,185.12,25.3,349,227,0.6030241653329754,0.7695701219688058,19.71,128,5,0
P0001,Chips Premium,Snacks,Premium Customers,Bengaluru,731.6,546.48,185.12,25.3,119,109,0.6986193602551946,0.3130057765168748,8.14,39,10,0
P0001,Chips Premium,Snacks,Premium Customers,Mumbai,731.6,546.48,185.12,25.3,197,160,0.1823593485041586,0.3270895478170848,42.6,44,15,1
P0001,Chips Premium,Snacks,Premium Customers,Delhi,731.6,546.48,185.12,25.3,284,353,0.33101208437878743,0.8124188095124143,12.05,90,20,0
P0001,Chips Premium,Snacks,Premium Customers,Chennai,731.6,546.48,185.12,25.3,254,293,0.6235262333565046,0.46023894754576383,14.19,84,20,0
P0001,Chips Premium,Snacks,Premium Customers,Pune,731.6,546.48,185.12,25.3,290,377,0.7202384708372201,0.8184232966199934,21.83,114,10,0
P0001,Chips Premium,Snacks,Premium Customers,Kolkata,731.6,546.48,185.12,25.3,187,182,0.45524207713840503,0.5375998479791722,3.28,57,5,0
P0001,Chips Premium,Snacks,Premium Customers,Ahmedabad,731.6,546.48,185.12,25.3,90,62,0.31004033801129693,0.8114480046539838,5.1,28,10,0
P0002,Atta Pro,Grocery,Students,Hyderabad,324.99,228.0,96.99,29.84,34,47,0.524512893154705,0.5004367967697837,7.57,10,15,0
P0002,Atta Pro,Grocery,Students,Bengaluru,324.99,228.0,96.99,29.84,426,295,0.7153711858166427,0.7040934934754524,49.08,162,20,1
P0002,Atta Pro,Grocery,Students,Mumbai,324.99,228.0,96.99,29.84,91,97,0.7778786972443554,0.8742563105422121,18.45,37,5,0
P0002,Atta Pro,Grocery,Students,Delhi,324.99,228.0,96.99,29.84,586,755,0.19821293241540044,0.21568209009069755,8.16,126,20,0
P0002,Atta Pro,Grocery,Students,Chennai,324.99,228.0,96.99,29.84,139,81,0.24305251985316667,0.8222928600871893,13.97,41,15,0
P0002,Atta Pro,Grocery,Students,Pune,324.99,228.0,96.99,29.84,63,73,0.7207841682378257,0.5530496267450593,66.67,22,15,1
P0002,Atta Pro,Grocery,Students,Kolkata,324.99,228.0,96.99,29.84,76,65,0.5474994358262828,0.22261399615727237,14.04,21,10,0
P0002,Atta Pro,Grocery,Students,Ahmedabad,324.99,228.0,96.99,29.84,116,147,0.18536207219157033,0.8882381259592007,20.24,34,10,1
P0002,Atta Pro,Grocery,Professionals,Hyderabad,324.99,228.0,96.99,29.84,34,47,0.9298630991051289,0.4262644758428774,18.4,13,15,0
P0002,Atta Pro,Grocery,Professionals,Bengaluru,324.99,228.0,96.99,29.84,426,295,0.7395223120793861,0.39899863972673705,6.49,148,20,0
P0002,Atta Pro,Grocery,Professionals,Mumbai,324.99,228.0,96.99,29.84,91,97,0.39349206470218784,0.9024081222521163,21.73,31,5,0
P0002,Atta Pro,Grocery,Professionals,Delhi,324.99,228.0,96.99,29.84,586,755,0.9412423758049897,0.9730827129983977,16.34,269,15,0
P0002,Atta Pro,Grocery,Professionals,Chennai,324.99,228.0,96.99,29.84,139,81,0.9302011117973489,0.2973825529895579,9.2,51,10,0
P0002,Atta Pro,Grocery,Professionals,Pune,324.99,228.0,96.99,29.84,63,73,0.7637007320474387,0.9599765698461531,22.59,26,5,0
P0002,Atta Pro,Grocery,Professionals,Kolkata,324.99,228.0,96.99,29.84,76,65,0.7173292829508573,0.7392510549622648,51.52,29,10,1
P0002,Atta Pro,Grocery,Professionals,Ahmedabad,324.99,228.0,96.99,29.84,116,147,0.4565511689498303,0.2565806143290534,7.31,31,15,0
P0002,Atta Pro,Grocery,Families,Hyderabad,324.99,228.0,96.99,29.84,34,47,0.2520592763689234,0.7955146964939941,29.77,10,10,1
P0002,Atta Pro,Grocery,Families,Bengaluru,324.99,228.0,96.99,29.84,426,295,0.4884271343581784,0.27974860596447937,21.38,120,15,0
P0002,Atta Pro,Grocery,Families,Mumbai,324.99,228.0,96.99,29.84,91,97,0.5509877856261318,0.8276794820662092,14.73,33,20,0
P0002,Atta Pro,Grocery,Families,Delhi,324.99,228.0,96.99,29.84,586,755,0.717351216691142,0.3564925955303494,50.94,198,10,1
P0002,Atta Pro,Grocery,Families,Chennai,324.99,228.0,96.99,29.84,139,81,0.2810676719715808,0.3801850763026082,43.24,35,15,1
P0002,Atta Pro,Grocery,Families,Pune,324.99,228.0,96.99,29.84,63,73,0.4806632592583975,0.34021935303110296,68.46,18,10,1
P0002,Atta Pro,Grocery,Families,Kolkata,324.99,228.0,96.99,29.84,76,65,0.6742653698444446,0.3838250356058735,52.41,25,5,1
P0002,Atta Pro,Grocery,Families,Ahmedabad,324.99,228.0,96.99,29.84,116,147,0.2914805299001581,0.3585883284475537,37.27,29,15,1
P0002,Atta Pro,Grocery,Premium Customers,Hyderabad,324.99,228.0,96.99,29.84,34,47,0.4528681304857155,0.31665263300585456,19.32,9,5,1
P0002,Atta Pro,Grocery,Premium Customers,Bengaluru,324.99,228.0,96.99,29.84,426,295,0.7238616219317617,0.46850218241838687,23.61,150,10,0
P0002,Atta Pro,Grocery,Premium Customers,Mumbai,324.99,228.0,96.99,29.84,91,97,0.7388712007400553,0.895973353018465,3.65,37,5,0
P0002,Atta Pro,Grocery,Premium Customers,Delhi,324.99,228.0,96.99,29.84,586,755,0.4865057710506746,0.8961581685172555,3.64,210,5,0
P0002,Atta Pro,Grocery,Premium Customers,Chennai,324.99,228.0,96.99,29.84,139,81,0.8926120173955785,0.48295251949991835,16.92,54,10,0
P0002,Atta Pro,Grocery,Premium Customers,Pune,324.99,228.0,96.99,29.84,63,73,0.22917786432060847,0.23501733390866805,33.75,14,10,4
P0002,Atta Pro,Grocery,Premium Customers,Kolkata,324.99,228.0,96.99,29.84,76,65,0.9283967093910076,0.9936426324875354,20.62,34,15,0
P0002,Atta Pro,Grocery,Premium Customers,Ahmedabad,324.99,228.0,96.99,29.84,116,147,0.9232043502891293,0.6966017487067979,13.53,48,10,0
P0003,Air Freshener Value,Home Care,Students,Hyderabad,356.66,281.14,75.52,21.17,108,118,0.1921422228157832,0.6009289226312863,24.05,28,5,0
P0003,Air Freshener Value,Home Care,Students,Bengaluru,356.66,281.14,75.52,21.17,372,285,0.7185540113175161,0.6410791684787651,22.44,139,20,0
P0003,Air Freshener Value,Home Care,Students,Mumbai,356.66,281.14,75.52,21.17,181,111,0.708844185220302,0.9163018964302609,13.51,73,5,1
P0003,Air Freshener Value,Home Care,Students,Delhi,356.66,281.14,75.52,21.17,293,242,0.8502679318392695,0.2618525169170203,19.55,103,5,0
P0003,Air Freshener Value,Home Care,Students,Chennai,356.66,281.14,75.52,21.17,103,130,0.32140023963423187,0.9151972663075887,12.36,33,10,0
P0003,Air Freshener Value,Home Care,Students,Pune,356.66,281.14,75.52,21.17,123,176,0.468777324416105,0.9458070991209202,8.55,44,15,0
P0003,Air Freshener Value,Home Care,Students,Kolkata,356.66,281.14,75.52,21.17,179,98,0.15055534308445714,0.4143139718415106,24.98,41,20,0
P0003,Air Freshener Value,Home Care,Students,Ahmedabad,356.66,281.14,75.52,21.17,80,86,0.2842077824152498,0.29608034827779095,9.27,19,10,0
P0003,Air Freshener Value,Home Care,Professionals,Hyderabad,356.66,281.14,75.52,21.17,108,118,0.7168527523656488,0.9457731090185351,13.02,44,5,0
P0003,Air Freshener Value,Home Care,Professionals,Bengaluru,356.66,281.14,75.52,21.17,372,285,0.9460230740281926,0.4164697149088321,10.7,145,15,0
P0003,Air Freshener Value,Home Care,Professionals,Mumbai,356.66,281.14,75.52,21.17,181,111,0.6393040760730985,0.8142207571988984,25.41,68,20,1
P0003,Air Freshener Value,Home Care,Professionals,Delhi,356.66,281.14,75.52,21.17,293,242,0.3629073292162311,0.997524543960854,20.98,101,5,0
P0003,Air Freshener Value,Home Care,Professionals,Chennai,356.66,281.14,75.52,21.17,103,130,0.5312993890564985,0.30096907536213796,19.15,30,5,2
P0003,Air Freshener Value,Home Care,Professionals,Pune,356.66,281.14,75.52,21.17,123,176,0.7764033721236538,0.6645501646260789,17.33,47,20,1
P0003,Air Freshener Value,Home Care,Professionals,Kolkata,356.66,281.14,75.52,21.17,179,98,0.1522164042926714,0.5060181098917775,23.02,43,20,0
P0003,Air Freshener Value,Home Care,Professionals,Ahmedabad,356.66,281.14,75.52,21.17,80,86,0.8504275861594631,0.7010739631856824,23.87,32,10,0
P0003,Air Freshener Value,Home Care,Families,Hyderabad,356.66,281.14,75.52,21.17,108,118,0.8449389698087626,0.25670898066041525,4.48,37,15,0
P0003,Air Freshener Value,Home Care,Families,Bengaluru,356.66,281.14,75.52,21.17,372,285,0.8438086385562988,0.8646843951239229,20.18,158,10,0
P0003,Air Freshener Value,Home Care,Families,Mumbai,356.66,281.14,75.52,21.17,181,111,0.7777255245385166,0.7546275981140182,19.16,72,15,0
P0003,Air Freshener Value,Home Care,Families,Delhi,356.66,281.14,75.52,21.17,293,242,0.8336895918236094,0.31324567051653435,20.6,104,20,0
P0003,Air Freshener Value,Home Care,Families,Chennai,356.66,281.14,75.52,21.17,103,130,0.15943589869161928,0.36889591158630347,24.15,23,5,0
P0003,Air Freshener Value,Home Care,Families,Pune,356.66,281.14,75.52,21.17,123,176,0.6605694156199985,0.6104076901689317,46.85,44,20,2
P0003,Air Freshener Value,Home Care,Families,Kolkata,356.66,281.14,75.52,21.17,179,98,0.25224640014658073,0.20326622479355497,77.78,40,10,1
P0003,Air Freshener Value,Home Care,Families,Ahmedabad,356.66,281.14,75.52,21.17,80,86,0.9256202128191257,0.29063181764963536,7.38,29,10,0
P0003,Air Freshener Value,Home Care,Premium Customers,Hyderabad,356.66,281.14,75.52,21.17,108,118,0.37008893047933905,0.26259386535149476,11.2,27,20,0
P0003,Air Freshener Value,Home Care,Premium Customers,Bengaluru,356.66,281.14,75.52,21.17,372,285,0.49718113698301214,0.9221934214475935,6.12,135,10,1
P0003,Air Freshener Value,Home Care,Premium Customers,Mumbai,356.66,281.14,75.52,21.17,181,111,0.3352148073190747,0.45583442423303877,14.34,49,20,0
P0003,Air Freshener Value,Home Care,Premium Customers,Delhi,356.66,281.14,75.52,21.17,293,242,0.8865304533448634,0.9873659636131518,41.38,132,5,1
P0003,Air Freshener Value,Home Care,Premium Customers,Chennai,356.66,281.14,75.52,21.17,103,130,0.8270226036100684,0.28056329397377155,23.72,36,15,0
P0003,Air Freshener Value,Home Care,Premium Customers,Pune,356.66,281.14,75.52,21.17,123,176,0.5074033916862941,0.3226557508299087,17.01,35,5,0
P0003,Air Freshener Value,Home Care,Premium Customers,Kolkata,356.66,281.14,75.52,21.17,179,98,0.6031050768453375,0.4530601020404397,20.56,58,5,0
P0003,Air Freshener Value,Home Care,Premium Customers,Ahmedabad,356.66,281.14,75.52,21.17,80,86,0.7930158285414961,0.31292728519798285,13.97,27,15,0
P0004,Coffee Daily,Beverages,Students,Hyderabad,560.89,342.44,218.45,38.95,334,320,0.366563749916396,0.31150109855535,10.66,87,15,0
P0004,Coffee Daily,Beverages,Students,Bengaluru,560.89,342.44,218.45,38.95,129,123,0.40845889636792754,0.9018578681504856,13.67,44,15,0
P0004,Coffee Daily,Beverages,Students,Mumbai,560.89,342.44,218.45,38.95,289,383,0.2464906995514045,0.20667128000320628,4.05,65,20,0
P0004,Coffee Daily,Beverages,Students,Delhi,560.89,342.44,218.45,38.95,130,147,0.5482001268891625,0.5767432355269801,12.94,43,5,0
P0004,Coffee Daily,Beverages,Students,Chennai,560.89,342.44,218.45,38.95,426,591,0.32235556773188767,0.5171359331667251,3.99,118,20,0
P0004,Coffee Daily,Beverages,Students,Pune,560.89,342.44,218.45,38.95,462,262,0.8272207582336181,0.7900568133284445,61.94,191,15,1
P0004,Coffee Daily,Beverages,Students,Kolkata,560.89,342.44,218.45,38.95,111,74,0.8226509382436884,0.7408147983654183,19.23,45,15,1
P0004,Coffee Daily,Beverages,Students,Ahmedabad,560.89,342.44,218.45,38.95,189,262,0.25659269184111533,0.4877927851330477,53.23,49,20,1
P0004,Coffee Daily,Beverages,Professionals,Hyderabad,560.89,342.44,218.45,38.95,334,320,0.24607166779819517,0.3280670618188266,40.32,80,20,1
P0004,Coffee Daily,Beverages,Professionals,Bengaluru,560.89,342.44,218.45,38.95,129,123,0.7743604078630486,0.3791503064905314,11.25,45,5,0
P0004,Coffee Daily,Beverages,Professionals,Mumbai,560.89,342.44,218.45,38.95,289,383,0.703092034792914,0.8470088875575061,37.31,114,10,1
P0004,Coffee Daily,Beverages,Professionals,Delhi,560.89,342.44,218.45,38.95,130,147,0.4970758894981382,0.901627219068996,20.39,47,5,2
P0004,Coffee Daily,Beverages,Professionals,Chennai,560.89,342.44,218.45,38.95,426,591,0.9181728682471966,0.7361655722455533,9.29,181,20,0
P0004,Coffee Daily,Beverages,Professionals,Pune,560.89,342.44,218.45,38.95,462,262,0.6856435121047464,0.3406486652865185,18.22,152,15,0
P0004,Coffee Daily,Beverages,Professionals,Kolkata,560.89,342.44,218.45,38.95,111,74,0.36055965046258565,0.7343314496632507,32.53,34,5,1
P0004,Coffee Daily,Beverages,Professionals,Ahmedabad,560.89,342.44,218.45,38.95,189,262,0.22689627046802235,0.7472779199238839,4.36,54,5,0
P0004,Coffee Daily,Beverages,Families,Hyderabad,560.89,342.44,218.45,38.95,334,320,0.28337481837232764,0.4215136870044375,13.22,86,10,0
P0004,Coffee Daily,Beverages,Families,Bengaluru,560.89,342.44,218.45,38.95,129,123,0.7708142666088765,0.5728037524552863,8.27,48,10,0
P0004,Coffee Daily,Beverages,Families,Mumbai,560.89,342.44,218.45,38.95,289,383,0.4741943376284755,0.23248949812843067,6.47,79,15,0
P0004,Coffee Daily,Beverages,Families,Delhi,560.89,342.44,218.45,38.95,130,147,0.3263567264527902,0.286341986462888,49.03,32,15,2
P0004,Coffee Daily,Beverages,Families,Chennai,560.89,342.44,218.45,38.95,426,591,0.574315925154696,0.7791760346424066,27.38,154,5,1
P0004,Coffee Daily,Beverages,Families,Pune,560.89,342.44,218.45,38.95,462,262,0.8919467338735965,0.9958573600375364,15.33,209,20,0
P0004,Coffee Daily,Beverages,Families,Kolkata,560.89,342.44,218.45,38.95,111,74,0.85075346599952,0.7440911203478451,11.0,45,5,0
P0004,Coffee Daily,Beverages,Families,Ahmedabad,560.89,342.44,218.45,38.95,189,262,0.18567689838143656,0.22463795944635276,5.45,40,5,0
P0004,Coffee Daily,Beverages,Premium Customers,Hyderabad,560.89,342.44,218.45,38.95,334,320,0.2461727153937735,0.37207036327844767,58.06,82,5,1
P0004,Coffee Daily,Beverages,Premium Customers,Bengaluru,560.89,342.44,218.45,38.95,129,123,0.5525606912050527,0.47534623203290494,57.65,41,15,1
P0004,Coffee Daily,Beverages,Premium Customers,Mumbai,560.89,342.44,218.45,38.95,289,383,0.7966727816577169,0.8594779087319386,18.63,120,20,0
P0004,Coffee Daily,Beverages,Premium Customers,Delhi,560.89,342.44,218.45,38.95,130,147,0.9341632380000864,0.8485641355491993,11.52,57,10,0
P0004,Coffee Daily,Beverages,Premium Customers,Chennai,560.89,342.44,218.45,38.95,426,591,0.29600371145396653,0.7108272293631592,10.37,126,20,0
P0004,Coffee Daily,Beverages,Premium Customers,Pune,560.89,342.44,218.45,38.95,462,262,0.6968144146218872,0.8081355104668053,78.0,180,20,1
P0004,Coffee Daily,Beverages,Premium Customers,Kolkata,560.89,342.44,218.45,38.95,111,74,0.9160229179158806,0.6123471309541322,17.88,45,15,1
P0004,Coffee Daily,Beverages,Premium Customers,Ahmedabad,560.89,342.44,218.45,38.95,189,262,0.7285482429611843,0.48238493702407936,17.39,67,20,1
P0005,Detergent Premium,Home Care,Students,Hyderabad,149.48,112.4,37.08,24.81,355,282,0.38011489654880726,0.21096776631222874,13.44,89,20,0
P0005,Detergent Premium,Home Care,Students,Bengaluru,149.48,112.4,37.08,24.81,206,159,0.6824500219420592,0.8448593393940058,17.34,80,15,0
P0005,Detergent Premium,Home Care,Students,Mumbai,149.48,112.4,37.08,24.81,151,137,0.7704266672513459,0.548445230148118,73.23,56,20,2
P0005,Detergent Premium,Home Care,Students,Delhi,149.48,112.4,37.08,24.81,183,212,0.800097520184118,0.9224060259284101,35.29,77,15,1
P0005,Detergent Premium,Home Care,Students,Chennai,149.48,112.4,37.08,24.81,281,314,0.4734223322534177,0.4502367145650348,7.01,84,15,0
P0005,Detergent Premium,Home Care,Students,Pune,149.48,112.4,37.08,24.81,136,135,0.5491238058686445,0.512749127765596,11.43,44,15,1
P0005,Detergent Premium,Home Care,Students,Kolkata,149.48,112.4,37.08,24.81,191,263,0.6971673876242496,0.5601744897682666,9.43,68,5,0
P0005,Detergent Premium,Home Care,Students,Ahmedabad,149.48,112.4,37.08,24.81,95,105,0.25265051684690004,0.31739115478733093,55.95,22,20,1
P0005,Detergent Premium,Home Care,Professionals,Hyderabad,149.48,112.4,37.08,24.81,355,282,0.7350858526544632,0.38361339624903756,4.18,122,20,0
P0005,Detergent Premium,Home Care,Professionals,Bengaluru,149.48,112.4,37.08,24.81,206,159,0.9023888079644373,0.28038582632950737,24.0,75,10,1
P0005,Detergent Premium,Home Care,Professionals,Mumbai,149.48,112.4,37.08,24.81,151,137,0.7692963060752437,0.7763278455920077,22.99,60,10,0
P0005,Detergent Premium,Home Care,Professionals,Delhi,149.48,112.4,37.08,24.81,183,212,0.2604737392386167,0.8590828279297149,15.91,56,5,0
P0005,Detergent Premium,Home Care,Professionals,Chennai,149.48,112.4,37.08,24.81,281,314,0.695904587870102,0.609407648110057,10.26,102,10,0
P0005,Detergent Premium,Home Care,Professionals,Pune,149.48,112.4,37.08,24.81,136,135,0.7598437575349473,0.4377761557050505,43.0,48,5,3
P0005,Detergent Premium,Home Care,Professionals,Kolkata,149.48,112.4,37.08,24.81,191,263,0.21627766717130673,0.8768960467359901,15.64,57,5,0
P0005,Detergent Premium,Home Care,Professionals,Ahmedabad,149.48,112.4,37.08,24.81,95,105,0.383134302179098,0.31488988914982896,11.03,25,20,0
P0005,Detergent Premium,Home Care,Families,Hyderabad,149.48,112.4,37.08,24.81,355,282,0.454138437964004,0.8128643286253816,6.61,121,5,0
P0005,Detergent Premium,Home Care,Families,Bengaluru,149.48,112.4,37.08,24.81,206,159,0.8940809752602803,0.5080478519210729,9.23,80,5,0
P0005,Detergent Premium,Home Care,Families,Mumbai,149.48,112.4,37.08,24.81,151,137,0.9445058850519482,0.8652095392155763,5.69,67,5,0
P0005,Detergent Premium,Home Care,Families,Delhi,149.48,112.4,37.08,24.81,183,212,0.26535622125822583,0.4236509604407937,11.62,46,10,0
P0005,Detergent Premium,Home Care,Families,Chennai,149.48,112.4,37.08,24.81,281,314,0.8714405402043899,0.23894038429822678,7.95,99,10,0
P0005,Detergent Premium,Home Care,Families,Pune,149.48,112.4,37.08,24.81,136,135,0.9108050390730555,0.8546530334041806,-10.14,59,5,1
P0005,Detergent Premium,Home Care,Families,Kolkata,149.48,112.4,37.08,24.81,191,263,0.16201043256213257,0.8187494019430668,10.32,54,10,0
P0005,Detergent Premium,Home Care,Families,Ahmedabad,149.48,112.4,37.08,24.81,95,105,0.5874983679218153,0.32333662477738967,8.87,29,5,1
P0005,Detergent Premium,Home Care,Premium Customers,Hyderabad,149.48,112.4,37.08,24.81,355,282,0.903630422111574,0.2612423105453734,-9.84,129,15,1
P0005,Detergent Premium,Home Care,Premium Customers,Bengaluru,149.48,112.4,37.08,24.81,206,159,0.2821390488512475,0.5414879063989202,12.18,56,15,0
P0005,Detergent Premium,Home Care,Premium Customers,Mumbai,149.48,112.4,37.08,24.81,151,137,0.6048078862497714,0.7621044665677288,23.86,55,20,0
P0005,Detergent Premium,Home Care,Premium Customers,Delhi,149.48,112.4,37.08,24.81,183,212,0.4615741319076455,0.6416202230325139,15.96,59,20,0
P0005,Detergent Premium,Home Care,Premium Customers,Chennai,149.48,112.4,37.08,24.81,281,314,0.5520057896061912,0.6215161927383137,25.95,95,5,1
P0005,Detergent Premium,Home Care,Premium Customers,Pune,149.48,112.4,37.08,24.81,136,135,0.6159661293718733,0.7295351438209539,61.94,49,10,1
P0005,Detergent Premium,Home Care,Premium Customers,Kolkata,149.48,112.4,37.08,24.81,191,263,0.681107783766424,0.22495267998575025,5.68,60,10,0
P0005,Detergent Premium,Home Care,Premium Customers,Ahmedabad,149.48,112.4,37.08,24.81,95,105,0.22173204282486195,0.966252393549115,6.75,29,10,0
P0006,Oil Value,Grocery,Students,Hyderabad,337.31,226.3,111.01,32.91,50,37,0.2603901854599683,0.6476456031367572,51.2,14,20,1
P0006,Oil Value,Grocery,Students,Bengaluru,337.31,226.3,111.01,32.91,218,244,0.6906522944346508,0.5373882767137008,2.72,77,5,0
P0006,Oil Value,Grocery,Students,Mumbai,337.31,226.3,111.01,32.91,78,82,0.40156875169751793,0.5796575455772464,13.89,23,10,0
P0006,Oil Value,Grocery,Students,Delhi,337.31,226.3,111.01,32.91,384,360,0.5321234490152987,0.4369270416883872,62.75,119,10,2
P0006,Oil Value,Grocery,Students,Chennai,337.31,226.3,111.01,32.91,112,91,0.4800524514233996,0.8102566489848881,14.79,38,5,0
P0006,Oil Value,Grocery,Students,Pune,337.31,226.3,111.01,32.91,67,42,0.7707677725180135,0.5804726296919963,40.05,25,20,2
P0006,Oil Value,Grocery,Students,Kolkata,337.31,226.3,111.01,32.91,333,327,0.8055123559816183,0.8548037569156817,5.23,139,10,0
P0006,Oil Value,Grocery,Students,Ahmedabad,337.31,226.3,111.01,32.91,123,101,0.6713370381609298,0.39604823559686575,13.32,41,5,0
P0006,Oil Value,Grocery,Professionals,Hyderabad,337.31,226.3,111.01,32.91,50,37,0.4963221361251323,0.32475448601701146,23.81,14,10,1
P0006,Oil Value,Grocery,Professionals,Bengaluru,337.31,226.3,111.01,32.91,218,244,0.723835046200326,0.7282411222513738,13.13,84,15,0
P0006,Oil Value,Grocery,Professionals,Mumbai,337.31,226.3,111.01,32.91,78,82,0.34262855419735194,0.9937923623727885,76.47,26,5,1
P0006,Oil Value,Grocery,Professionals,Delhi,337.31,226.3,111.01,32.91,384,360,0.3825983247702974,0.8615739459583889,23.65,128,10,0
P0006,Oil Value,Grocery,Professionals,Chennai,337.31,226.3,111.01,32.91,112,91,0.2516630553337374,0.5982563652098887,10.14,30,15,1
P0006,Oil Value,Grocery,Professionals,Pune,337.31,226.3,111.01,32.91,67,42,0.5368053362675431,0.8733557265626053,21.16,24,5,0
P0006,Oil Value,Grocery,Professionals,Kolkata,337.31,226.3,111.01,32.91,333,327,0.5255834567819965,0.6150304507789393,11.72,110,5,0
P0006,Oil Value,Grocery,Professionals,Ahmedabad,337.31,226.3,111.01,32.91,123,101,0.21368143502143544,0.8462353984866142,54.84,36,15,1
P0006,Oil Value,Grocery,Families,Hyderabad,337.31,226.3,111.01,32.91,50,37,0.5257761989639063,0.6556695566564577,43.75,16,10,1
P0006,Oil Value,Grocery,Families,Bengaluru,337.31,226.3,111.01,32.91,218,244,0.4712752791080256,0.6492423996092545,9.99,70,20,0
P0006,Oil Value,Grocery,Families,Mumbai,337.31,226.3,111.01,32.91,78,82,0.5345322981252963,0.5699085363938943,25.56,25,10,1
P0006,Oil Value,Grocery,Families,Delhi,337.31,226.3,111.01,32.91,384,360,0.8688472792705277,0.89142521470827,21.2,167,15,0
P0006,Oil Value,Grocery,Families,Chennai,337.31,226.3,111.01,32.91,112,91,0.6443159742921887,0.8231258504078374,14.92,42,20,0
P0006,Oil Value,Grocery,Families,Pune,337.31,226.3,111.01,32.91,67,42,0.8463221660518848,0.9342333148353699,60.19,29,15,1
P0006,Oil Value,Grocery,Families,Kolkata,337.31,226.3,111.01,32.91,333,327,0.39507266044230116,0.68104771516365,8.66,104,20,0
P0006,Oil Value,Grocery,Families,Ahmedabad,337.31,226.3,111.01,32.91,123,101,0.611461926663722,0.6885354361352204,15.95,44,15,0
P0006,Oil Value,Grocery,Premium Customers,Hyderabad,337.31,226.3,111.01,32.91,50,37,0.3013453968583176,0.5590541664461632,9.22,14,20,0
P0006,Oil Value,Grocery,Premium Customers,Bengaluru,337.31,226.3,111.01,32.91,218,244,0.5434078055867387,0.5755326876725492,13.78,72,5,0
P0006,Oil Value,Grocery,Premium Customers,Mumbai,337.31,226.3,111.01,32.91,78,82,0.4039219009452605,0.7933980244524714,8.68,25,5,0
P0006,Oil Value,Grocery,Premium Customers,Delhi,337.31,226.3,111.01,32.91,384,360,0.8219706940794717,0.2507698598836779,3.23,132,10,0
P0006,Oil Value,Grocery,Premium Customers,Chennai,337.31,226.3,111.01,32.91,112,91,0.7740653340654139,0.6097100172748444,17.86,42,20,0
P0006,Oil Value,Grocery,Premium Customers,Pune,337.31,226.3,111.01,32.91,67,42,0.5334787353861926,0.5352853070017123,69.35,21,15,1
P0006,Oil Value,Grocery,Premium Customers,Kolkata,337.31,226.3,111.01,32.91,333,327,0.7969632289182841,0.651339776158614,19.0,130,10,0
P0006,Oil Value,Grocery,Premium Customers,Ahmedabad,337.31,226.3,111.01,32.91,123,101,0.3894406580652326,0.2539703357343037,13.51,31,20,0
P0007,Spices Plus,Grocery,Students,Hyderabad,524.2,390.79,133.41,25.45,173,225,0.33125775623750814,0.834714927975851,47.79,55,5,2
P0007,Spices Plus,Grocery,Students,Bengaluru,524.2,390.79,133.41,25.45,78,110,0.4720542992696086,0.23871039115619458,20.63,21,15,1
P0007,Spices Plus,Grocery,Students,Mumbai,524.2,390.79,133.41,25.45,319,233,0.9061091885500032,0.43734576163154176,6.44,123,15,0
P0007,Spices Plus,Grocery,Students,Delhi,524.2,390.79,133.41,25.45,163,187,0.15846548963114762,0.9885745769266894,11.57,49,5,0
P0007,Spices Plus,Grocery,Students,Chennai,524.2,390.79,133.41,25.45,49,65,0.16360889327611483,0.4075184887874148,22.71,11,5,0
P0007,Spices Plus,Grocery,Students,Pune,524.2,390.79,133.41,25.45,101,65,0.4845853035077181,0.3412914851119327,3.23,29,10,0
P0007,Spices Plus,Grocery,Students,Kolkata,524.2,390.79,133.41,25.45,281,202,0.5207260998445347,0.6994302884061698,23.15,95,5,0
P0007,Spices Plus,Grocery,Students,Ahmedabad,524.2,390.79,133.41,25.45,116,97,0.5351398328816104,0.3042173769516008,11.51,34,20,0
P0007,Spices Plus,Grocery,Professionals,Hyderabad,524.2,390.79,133.41,25.45,173,225,0.5530412583777213,0.9085223158075446,13.67,64,20,0
P0007,Spices Plus,Grocery,Professionals,Bengaluru,524.2,390.79,133.41,25.45,78,110,0.517644586480507,0.2779089863154594,10.53,22,15,0
P0007,Spices Plus,Grocery,Professionals,Mumbai,524.2,390.79,133.41,25.45,319,233,0.16592986390686207,0.21251293881299188,17.55,66,5,0
P0007,Spices Plus,Grocery,Professionals,Delhi,524.2,390.79,133.41,25.45,163,187,0.20977272818186526,0.4776243527055787,14.89,41,15,0
P0007,Spices Plus,Grocery,Professionals,Chennai,524.2,390.79,133.41,25.45,49,65,0.2895196700268855,0.39697743872371555,12.05,12,5,0
P0007,Spices Plus,Grocery,Professionals,Pune,524.2,390.79,133.41,25.45,101,65,0.5097490856393077,0.5577744500713535,11.43,32,10,0
P0007,Spices Plus,Grocery,Professionals,Kolkata,524.2,390.79,133.41,25.45,281,202,0.840139447024362,0.7184051947699941,12.78,114,20,0
P0007,Spices Plus,Grocery,Professionals,Ahmedabad,524.2,390.79,133.41,25.45,116,97,0.3758322819222586,0.6562551017536289,17.11,35,5,1
P0007,Spices Plus,Grocery,Families,Hyderabad,524.2,390.79,133.41,25.45,173,225,0.6280743681806021,0.3104455290329674,17.53,54,10,0
P0007,Spices Plus,Grocery,Families,Bengaluru,524.2,390.79,133.41,25.45,78,110,0.7863564988730466,0.46640259331237033,7.16,28,10,0
P0007,Spices Plus,Grocery,Families,Mumbai,524.2,390.79,133.41,25.45,319,233,0.16662510627955862,0.4616687518965586,54.02,76,5,1
P0007,Spices Plus,Grocery,Families,Delhi,524.2,390.79,133.41,25.45,163,187,0.6952997268162963,0.560081935581171,22.23,58,20,0
P0007,Spices Plus,Grocery,Families,Chennai,524.2,390.79,133.41,25.45,49,65,0.39468136236001927,0.9505708115847862,37.24,17,20,1
P0007,Spices Plus,Grocery,Families,Pune,524.2,390.79,133.41,25.45,101,65,0.9161867189210886,0.4003103331255307,15.0,38,15,1
P0007,Spices Plus,Grocery,Families,Kolkata,524.2,390.79,133.41,25.45,281,202,0.19946499073240556,0.905243588571401,23.33,85,15,0
P0007,Spices Plus,Grocery,Families,Ahmedabad,524.2,390.79,133.41,25.45,116,97,0.3843119428757894,0.7511835396714666,24.42,37,20,0
P0007,Spices Plus,Grocery,Premium Customers,Hyderabad,524.2,390.79,133.41,25.45,173,225,0.5277571095110615,0.5622323636914063,14.42,56,10,0
P0007,Spices Plus,Grocery,Premium Customers,Bengaluru,524.2,390.79,133.41,25.45,78,110,0.17402759609394394,0.8872982042764954,20.99,23,15,0
P0007,Spices Plus,Grocery,Premium Customers,Mumbai,524.2,390.79,133.41,25.45,319,233,0.2595417830492279,0.7400605080934408,6.36,93,10,0
P0007,Spices Plus,Grocery,Premium Customers,Delhi,524.2,390.79,133.41,25.45,163,187,0.9392259718434999,0.9054972000228512,4.91,73,5,0
P0007,Spices Plus,Grocery,Premium Customers,Chennai,524.2,390.79,133.41,25.45,49,65,0.32784748855154083,0.462137143422666,3.25,13,15,0
P0007,Spices Plus,Grocery,Premium Customers,Pune,524.2,390.79,133.41,25.45,101,65,0.37067790102467457,0.8067587000248664,66.2,32,5,1
P0007,Spices Plus,Grocery,Premium Customers,Kolkata,524.2,390.79,133.41,25.45,281,202,0.5780585358796273,0.6422310439313158,4.43,97,15,0
P0007,Spices Plus,Grocery,Premium Customers,Ahmedabad,524.2,390.79,133.41,25.45,116,97,0.9120500432245807,0.5626151648979572,23.47,46,10,0
P0008,Shoes Premium,Fashion,Students,Hyderabad,184.43,111.81,72.62,39.38,349,409,0.5867294367649074,0.5470447108073857,22.35,117,20,2
P0008,Shoes Premium,Fashion,Students,Bengaluru,184.43,111.81,72.62,39.38,214,212,0.2509844884199213,0.6819306928932918,19.33,61,10,0
P0008,Shoes Premium,Fashion,Students,Mumbai,184.43,111.81,72.62,39.38,140,187,0.5648851441023346,0.7021894665893018,30.41,49,15,1
P0008,Shoes Premium,Fashion,Students,Delhi,184.43,111.81,72.62,39.38,193,118,0.3141309349298075,0.5656448588148377,16.68,54,5,0
P0008,Shoes Premium,Fashion,Students,Chennai,184.43,111.81,72.62,39.38,161,135,0.4913959530380394,0.8312386931023621,70.97,56,5,1
P0008,Shoes Premium,Fashion,Students,Pune,184.43,111.81,72.62,39.38,221,231,0.8532200311495077,0.22781271962172245,25.51,77,10,1
P0008,Shoes Premium,Fashion,Students,Kolkata,184.43,111.81,72.62,39.38,204,141,0.27493530220373863,0.6790989099289062,36.11,59,20,2
P0008,Shoes Premium,Fashion,Students,Ahmedabad,184.43,111.81,72.62,39.38,267,297,0.898130805864781,0.7170880613078994,17.02,111,5,1
P0008,Shoes Premium,Fashion,Professionals,Hyderabad,184.43,111.81,72.62,39.38,349,409,0.44272449831101834,0.651793176180645,14.29,111,20,0
P0008,Shoes Premium,Fashion,Professionals,Bengaluru,184.43,111.81,72.62,39.38,214,212,0.828178207124923,0.7186153442436536,20.73,86,20,0
P0008,Shoes Premium,Fashion,Professionals,Mumbai,184.43,111.81,72.62,39.38,140,187,0.20281345285300834,0.4344111879893716,22.33,34,15,0
P0008,Shoes Premium,Fashion,Professionals,Delhi,184.43,111.81,72.62,39.38,193,118,0.8324706805904724,0.8411464405375364,11.71,81,5,0
P0008,Shoes Premium,Fashion,Professionals,Chennai,184.43,111.81,72.62,39.38,161,135,0.7099963861746614,0.9054744504438417,62.05,65,20,2
P0008,Shoes Premium,Fashion,Professionals,Pune,184.43,111.81,72.62,39.38,221,231,0.29513666586856563,0.3815364210946299,2.2,56,20,0
P0008,Shoes Premium,Fashion,Professionals,Kolkata,184.43,111.81,72.62,39.38,204,141,0.8131382722054133,0.465541339321584,23.08,75,20,1
P0008,Shoes Premium,Fashion,Professionals,Ahmedabad,184.43,111.81,72.62,39.38,267,297,0.4223823090287906,0.4411066157600303,20.38,77,15,0
P0008,Shoes Premium,Fashion,Families,Hyderabad,184.43,111.81,72.62,39.38,349,409,0.7778246863191275,0.8523794539569993,6.67,143,20,1
P0008,Shoes Premium,Fashion,Families,Bengaluru,184.43,111.81,72.62,39.38,214,212,0.5469870692362742,0.7891071510244141,15.95,76,20,0
P0008,Shoes Premium,Fashion,Families,Mumbai,184.43,111.81,72.62,39.38,140,187,0.5761868548772974,0.5884335984432859,76.47,47,10,1
P0008,Shoes Premium,Fashion,Families,Delhi,184.43,111.81,72.62,39.38,193,118,0.91169158305068,0.3234955531214041,22.43,71,20,0
P0008,Shoes Premium,Fashion,Families,Chennai,184.43,111.81,72.62,39.38,161,135,0.7394598585297776,0.4735571414632831,12.84,57,20,0
P0008,Shoes Premium,Fashion,Families,Pune,184.43,111.81,72.62,39.38,221,231,0.18622604081693828,0.4589494250714517,47.5,54,20,1
P0008,Shoes Premium,Fashion,Families,Kolkata,184.43,111.81,72.62,39.38,204,141,0.535003792892097,0.26859751445145047,34.15,59,15,1
P0008,Shoes Premium,Fashion,Families,Ahmedabad,184.43,111.81,72.62,39.38,267,297,0.4896519717338821,0.7131569182658046,12.61,89,15,0
P0008,Shoes Premium,Fashion,Premium Customers,Hyderabad,184.43,111.81,72.62,39.38,349,409,0.741060979390249,0.37373096982854037,18.87,120,5,0
P0008,Shoes Premium,Fashion,Premium Customers,Bengaluru,184.43,111.81,72.62,39.38,214,212,0.40372520717040683,0.5326511042043502,8.81,63,10,0
P0008,Shoes Premium,Fashion,Premium Customers,Mumbai,184.43,111.81,72.62,39.38,140,187,0.7390002733147619,0.30645542546402427,8.6,47,15,0
P0008,Shoes Premium,Fashion,Premium Customers,Delhi,184.43,111.81,72.62,39.38,193,118,0.18697088131789552,0.8494289903299301,2.95,56,10,0
P0008,Shoes Premium,Fashion,Premium Customers,Chennai,184.43,111.81,72.62,39.38,161,135,0.7424424025387326,0.8223098900487686,5.78,64,20,0
P0008,Shoes Premium,Fashion,Premium Customers,Pune,184.43,111.81,72.62,39.38,221,231,0.89947732396805,0.7281749308913021,3.65,93,10,0
P0008,Shoes Premium,Fashion,Premium Customers,Kolkata,184.43,111.81,72.62,39.38,204,141,0.7721923055950807,0.2463517481561727,47.73,68,20,1
P0008,Shoes Premium,Fashion,Premium Customers,Ahmedabad,184.43,111.81,72.62,39.38,267,297,0.6779864132671839,0.6591170556200702,73.33,98,15,1
P0009,Backpack Premium,Fashion,Students,Hyderabad,121.01,67.19,53.82,44.48,233,282,0.19429164236615212,0.583327945472566,54.17,60,20,1
P0009,Backpack Premium,Fashion,Students,Bengaluru,121.01,67.19,53.82,44.48,111,154,0.22969122635447475,0.7287891612737563,-5.71,31,15,1
P0009,Backpack Premium,Fashion,Students,Mumbai,121.01,67.19,53.82,44.48,315,350,0.2979398257284943,0.9924290716301309,27.83,105,20,2
P0009,Backpack Premium,Fashion,Students,Delhi,121.01,67.19,53.82,44.48,105,86,0.8696898802351162,0.9153476988773848,52.69,46,5,1
P0009,Backpack Premium,Fashion,Students,Chennai,121.01,67.19,53.82,44.48,181,116,0.34403855755062984,0.2954140975858242,12.59,46,5,0
P0009,Backpack Premium,Fashion,Students,Pune,121.01,67.19,53.82,44.48,308,331,0.5338519255785996,0.25438419085794534,24.56,88,15,0
P0009,Backpack Premium,Fashion,Students,Kolkata,121.01,67.19,53.82,44.48,124,126,0.7046801713202588,0.43917300696528844,19.94,42,15,0
P0009,Backpack Premium,Fashion,Students,Ahmedabad,121.01,67.19,53.82,44.48,98,118,0.41961645580906326,0.3526840579198005,6.29,27,20,0
P0009,Backpack Premium,Fashion,Professionals,Hyderabad,121.01,67.19,53.82,44.48,233,282,0.2765010154893212,0.650335653389301,16.67,66,10,1
P0009,Backpack Premium,Fashion,Professionals,Bengaluru,121.01,67.19,53.82,44.48,111,154,0.911382328844506,0.8533807833418487,5.71,48,15,0
P0009,Backpack Premium,Fashion,Professionals,Mumbai,121.01,67.19,53.82,44.48,315,350,0.9132183691600423,0.43533371226649376,5.49,121,5,1
P0009,Backpack Premium,Fashion,Professionals,Delhi,121.01,67.19,53.82,44.48,105,86,0.7756570756282154,0.8855984437326896,24.09,43,15,0
P0009,Backpack Premium,Fashion,Professionals,Chennai,121.01,67.19,53.82,44.48,181,116,0.6368332836753807,0.4913493193085026,24.91,61,20,0
P0009,Backpack Premium,Fashion,Professionals,Pune,121.01,67.19,53.82,44.48,308,331,0.47172485526251984,0.3218802158507593,3.62,87,20,0
P0009,Backpack Premium,Fashion,Professionals,Kolkata,121.01,67.19,53.82,44.48,124,126,0.901951613226837,0.8938255499642331,10.32,54,15,0
P0009,Backpack Premium,Fashion,Professionals,Ahmedabad,121.01,67.19,53.82,44.48,98,118,0.7923263064733557,0.9849463099359446,53.84,42,10,2
P0009,Backpack Premium,Fashion,Families,Hyderabad,121.01,67.19,53.82,44.48,233,282,0.6260923890068993,0.966662828974086,45.65,92,20,1
P0009,Backpack Premium,Fashion,Families,Bengaluru,121.01,67.19,53.82,44.48,111,154,0.5915127214190533,0.4839707689375337,5.64,36,5,0
P0009,Backpack Premium,Fashion,Families,Mumbai,121.01,67.19,53.82,44.48,315,350,0.84413026331894,0.6637832326933615,20.43,126,15,0
P0009,Backpack Premium,Fashion,Families,Delhi,121.01,67.19,53.82,44.48,105,86,0.24448695066310655,0.7023624915800071,19.97,30,20,0
P0009,Backpack Premium,Fashion,Families,Chennai,121.01,67.19,53.82,44.48,181,116,0.3681974606249765,0.7302328972795933,2.25,57,10,0
P0009,Backpack Premium,Fashion,Families,Pune,121.01,67.19,53.82,44.48,308,331,0.5578838546687521,0.44679446146026214,11.72,97,10,0
P0009,Backpack Premium,Fashion,Families,Kolkata,121.01,67.19,53.82,44.48,124,126,0.18994892785910142,0.6414260386954482,6.09,33,10,0
P0009,Backpack Premium,Fashion,Families,Ahmedabad,121.01,67.19,53.82,44.48,98,118,0.284431047345615,0.9112213109827467,15.73,31,15,0
P0009,Backpack Premium,Fashion,Premium Customers,Hyderabad,121.01,67.19,53.82,44.48,233,282,0.9020000229036461,0.29851070833026266,23.89,85,5,0
P0009,Backpack Premium,Fashion,Premium Customers,Bengaluru,121.01,67.19,53.82,44.48,111,154,0.5978049804450027,0.997740210132648,47.87,43,10,1
P0009,Backpack Premium,Fashion,Premium Customers,Mumbai,121.01,67.19,53.82,44.48,315,350,0.6857176695636732,0.8536577210371652,14.83,124,5,0
P0009,Backpack Premium,Fashion,Premium Customers,Delhi,121.01,67.19,53.82,44.48,105,86,0.35255303477891275,0.8704353357209713,24.09,34,10,0
P0009,Backpack Premium,Fashion,Premium Customers,Chennai,121.01,67.19,53.82,44.48,181,116,0.928286206968215,0.7478800069043678,3.11,77,15,0
P0009,Backpack Premium,Fashion,Premium Customers,Pune,121.01,67.19,53.82,44.48,308,331,0.24731580399253453,0.8104049747922444,16.27,92,20,0
P0009,Backpack Premium,Fashion,Premium Customers,Kolkata,121.01,67.19,53.82,44.48,124,126,0.291844196656886,0.5263035238881704,41.18,33,5,1
P0009,Backpack Premium,Fashion,Premium Customers,Ahmedabad,121.01,67.19,53.82,44.48,98,118,0.18180355051192112,0.7798797451310409,32.97,27,5,1
P0010,Smart Watch Daily,Electronics,Students,Hyderabad,1094.67,848.89,245.78,22.45,346,318,0.8248922398117371,0.4474118733361205,79.63,128,10,1
P0010,Smart Watch Daily,Electronics,Students,Bengaluru,1094.67,848.89,245.78,22.45,27,29,0.5944410791942635,0.8268045732536864,13.42,10,20,0
P0010,Smart Watch Daily,Electronics,Students,Mumbai,1094.67,848.89,245.78,22.45,177,234,0.810427235024522,0.6409046333033468,21.04,69,5,0
P0010,Smart Watch Daily,Electronics,Students,Delhi,1094.67,848.89,245.78,22.45,105,143,0.7717521597899927,0.3757561987358952,6.84,36,15,0
P0010,Smart Watch Daily,Electronics,Students,Chennai,1094.67,848.89,245.78,22.45,330,444,0.8080269303086293,0.6538677863572633,15.99,129,5,0
P0010,Smart Watch Daily,Electronics,Students,Pune,1094.67,848.89,245.78,22.45,127,81,0.414687557230092,0.3330509987797623,24.58,34,15,0
P0010,Smart Watch Daily,Electronics,Students,Kolkata,1094.67,848.89,245.78,22.45,374,539,0.9487718879157303,0.853802452721552,11.99,166,20,0
P0010,Smart Watch Daily,Electronics,Students,Ahmedabad,1094.67,848.89,245.78,22.45,180,136,0.27161231105355915,0.4615769351424935,7.99,47,10,0
P0010,Smart Watch Daily,Electronics,Professionals,Hyderabad,1094.67,848.89,245.78,22.45,346,318,0.9490590489705925,0.512811971154153,3.92,139,15,0
P0010,Smart Watch Daily,Electronics,Professionals,Bengaluru,1094.67,848.89,245.78,22.45,27,29,0.8677118343018554,0.532945455843765,52.63,10,10,1
P0010,Smart Watch Daily,Electronics,Professionals,Mumbai,1094.67,848.89,245.78,22.45,177,234,0.8451307581257377,0.5863581549228967,22.0,69,20,1
P0010,Smart Watch Daily,Electronics,Professionals,Delhi,1094.67,848.89,245.78,22.45,105,143,0.834400592798677,0.5590569282623084,3.3,40,20,0
P0010,Smart Watch Daily,Electronics,Professionals,Chennai,1094.67,848.89,245.78,22.45,330,444,0.7212735448143076,0.7785691511530981,44.06,129,20,1
P0010,Smart Watch Daily,Electronics,Professionals,Pune,1094.67,848.89,245.78,22.45,127,81,0.4039600184464418,0.6554983715093627,11.8,39,15,1
P0010,Smart Watch Daily,Electronics,Professionals,Kolkata,1094.67,848.89,245.78,22.45,374,539,0.9155694975458505,0.21658199119156826,77.42,134,15,1
P0010,Smart Watch Daily,Electronics,Professionals,Ahmedabad,1094.67,848.89,245.78,22.45,180,136,0.29803658216150647,0.39630333907391463,9.48,46,5,1
P0010,Smart Watch Daily,Electronics,Families,Hyderabad,1094.67,848.89,245.78,22.45,346,318,0.8039192392143083,0.5203483861408678,11.78,130,5,0
P0010,Smart Watch Daily,Electronics,Families,Bengaluru,1094.67,848.89,245.78,22.45,27,29,0.31991869344974266,0.40092444483185086,12.16,7,15,1
P0010,Smart Watch Daily,Electronics,Families,Mumbai,1094.67,848.89,245.78,22.45,177,234,0.3074169763700942,0.6533970779574665,18.25,51,5,0
P0010,Smart Watch Daily,Electronics,Families,Delhi,1094.67,848.89,245.78,22.45,105,143,0.16864133697821612,0.5083873446104215,50.0,25,5,1
P0010,Smart Watch Daily,Electronics,Families,Chennai,1094.67,848.89,245.78,22.45,330,444,0.4129824453177532,0.2889093147187894,23.74,88,20,0
P0010,Smart Watch Daily,Electronics,Families,Pune,1094.67,848.89,245.78,22.45,127,81,0.5338503895483983,0.6524810397247467,10.23,42,10,0
P0010,Smart Watch Daily,Electronics,Families,Kolkata,1094.67,848.89,245.78,22.45,374,539,0.23794938138765787,0.883263305274574,5.93,115,15,0
P0010,Smart Watch Daily,Electronics,Families,Ahmedabad,1094.67,848.89,245.78,22.45,180,136,0.251470125304182,0.2314210209690069,18.53,41,10,0
P0010,Smart Watch Daily,Electronics,Premium Customers,Hyderabad,1094.67,848.89,245.78,22.45,346,318,0.918763458460457,0.8821412739296457,20.48,153,15,0
P0010,Smart Watch Daily,Electronics,Premium Customers,Bengaluru,1094.67,848.89,245.78,22.45,27,29,0.5044391327540714,0.453080319554866,21.44,8,10,2
P0010,Smart Watch Daily,Electronics,Premium Customers,Mumbai,1094.67,848.89,245.78,22.45,177,234,0.8925660504847461,0.9474930583853629,8.86,79,15,0
P0010,Smart Watch Daily,Electronics,Premium Customers,Delhi,1094.67,848.89,245.78,22.45,105,143,0.15980278636871653,0.235434562702961,12.55,22,15,0
P0010,Smart Watch Daily,Electronics,Premium Customers,Chennai,1094.67,848.89,245.78,22.45,330,444,0.7683653378817958,0.7194683422064985,16.97,129,10,0
P0010,Smart Watch Daily,Electronics,Premium Customers,Pune,1094.67,848.89,245.78,22.45,127,81,0.23593371908440863,0.4901431168961951,15.72,32,10,0
P0010,Smart Watch Daily,Electronics,Premium Customers,Kolkata,1094.67,848.89,245.78,22.45,374,539,0.4208443058032115,0.42225078718693826,2.8,107,10,0
P0010,Smart Watch Daily,Electronics,Premium Customers,Ahmedabad,1094.67,848.89,245.78,22.45,180,136,0.9296875526629094,0.6488562567724525,22.11,75,20,0
P0011,Toothpaste Daily,Personal Care,Students,Hyderabad,381.49,232.76,148.73,38.99,68,45,0.8717642929243086,0.4113000336461884,15.29,25,5,0
P0011,Toothpaste Daily,Personal Care,Students,Bengaluru,381.49,232.76,148.73,38.99,112,154,0.5531761580229194,0.914366402910572,17.05,41,20,0
P0011,Toothpaste Daily,Personal Care,Students,Mumbai,381.49,232.76,148.73,38.99,288,203,0.34145329416420656,0.878591262663718,53.32,94,15,2
P0011,Toothpaste Daily,Personal Care,Students,Delhi,381.49,232.76,148.73,38.99,912,961,0.17418044760944093,0.39424969776548535,5.52,213,5,0
P0011,Toothpaste Daily,Personal Care,Students,Chennai,381.49,232.76,148.73,38.99,185,227,0.4154869549958551,0.5271865758571475,14.61,55,5,0
P0011,Toothpaste Daily,Personal Care,Students,Pune,381.49,232.76,148.73,38.99,241,250,0.6755497303475098,0.725359633245253,15.33,90,15,0
P0011,Toothpaste Daily,Personal Care,Students,Kolkata,381.49,232.76,148.73,38.99,132,99,0.4570478077946788,0.5737106702075685,15.74,41,5,0
P0011,Toothpaste Daily,Personal Care,Students,Ahmedabad,381.49,232.76,148.73,38.99,96,97,0.7979876563785898,0.9726089875732138,9.51,41,10,0
P0011,Toothpaste Daily,Personal Care,Professionals,Hyderabad,381.49,232.76,148.73,38.99,68,45,0.5174751538072494,0.9575431850634228,2.47,25,20,0
P0011,Toothpaste Daily,Personal Care,Professionals,Bengaluru,381.49,232.76,148.73,38.99,112,154,0.27399090237453394,0.41309854757077985,18.75,28,5,0
P0011,Toothpaste Daily,Personal Care,Professionals,Mumbai,381.49,232.76,148.73,38.99,288,203,0.5148161514568255,0.353487681521766,22.92,85,15,0
P0011,Toothpaste Daily,Personal Care,Professionals,Delhi,381.49,232.76,148.73,38.99,912,961,0.6116207275366168,0.9312734928635142,35.56,354,20,1
P0011,Toothpaste Daily,Personal Care,Professionals,Chennai,381.49,232.76,148.73,38.99,185,227,0.5494653026846783,0.858830566424371,53.93,67,5,1
P0011,Toothpaste Daily,Personal Care,Professionals,Pune,381.49,232.76,148.73,38.99,241,250,0.8389129332621991,0.8920362832948683,16.12,103,5,0
P0011,Toothpaste Daily,Personal Care,Professionals,Kolkata,381.49,232.76,148.73,38.99,132,99,0.4164980579869356,0.7425890235006551,3.97,43,20,0
P0011,Toothpaste Daily,Personal Care,Professionals,Ahmedabad,381.49,232.76,148.73,38.99,96,97,0.5379325977279794,0.663835158912169,58.7,32,20,1
P0011,Toothpaste Daily,Personal Care,Families,Hyderabad,381.49,232.76,148.73,38.99,68,45,0.21747728148098933,0.22990273980406056,16.29,15,15,0
P0011,Toothpaste Daily,Personal Care,Families,Bengaluru,381.49,232.76,148.73,38.99,112,154,0.9131306235271028,0.5568271721925706,30.87,45,15,2
P0011,Toothpaste Daily,Personal Care,Families,Mumbai,381.49,232.76,148.73,38.99,288,203,0.3176066548716253,0.3633567152853681,13.06,74,20,0
P0011,Toothpaste Daily,Personal Care,Families,Delhi,381.49,232.76,148.73,38.99,912,961,0.8376460267261653,0.743683222022143,21.98,374,20,0
P0011,Toothpaste Daily,Personal Care,Families,Chennai,381.49,232.76,148.73,38.99,185,227,0.21417634825311155,0.7461912564856499,15.47,52,10,0
P0011,Toothpaste Daily,Personal Care,Families,Pune,381.49,232.76,148.73,38.99,241,250,0.5330231224432372,0.8960591313576083,73.61,88,20,1
P0011,Toothpaste Daily,Personal Care,Families,Kolkata,381.49,232.76,148.73,38.99,132,99,0.9151828405738431,0.6255539282596216,13.64,54,20,1
P0011,Toothpaste Daily,Personal Care,Families,Ahmedabad,381.49,232.76,148.73,38.99,96,97,0.7599379864822955,0.7323809446512664,12.29,37,10,0
P0011,Toothpaste Daily,Personal Care,Premium Customers,Hyderabad,381.49,232.76,148.73,38.99,68,45,0.8775350680298096,0.5739549525924882,16.89,27,10,2
P0011,Toothpaste Daily,Personal Care,Premium Customers,Bengaluru,381.49,232.76,148.73,38.99,112,154,0.5676539609315187,0.44795764694005635,39.51,35,5,1
P0011,Toothpaste Daily,Personal Care,Premium Customers,Mumbai,381.49,232.76,148.73,38.99,288,203,0.9447071910124598,0.4706058207969328,8.43,114,10,0
P0011,Toothpaste Daily,Personal Care,Premium Customers,Delhi,381.49,232.76,148.73,38.99,912,961,0.5850333973486336,0.3108280912125575,26.12,278,10,3
P0011,Toothpaste Daily,Personal Care,Premium Customers,Chennai,381.49,232.76,148.73,38.99,185,227,0.5692990799108597,0.4661085004282483,45.31,59,10,1
P0011,Toothpaste Daily,Personal Care,Premium Customers,Pune,381.49,232.76,148.73,38.99,241,250,0.7000634501058454,0.30441508597206046,14.34,79,20,0
P0011,Toothpaste Daily,Personal Care,Premium Customers,Kolkata,381.49,232.76,148.73,38.99,132,99,0.8219978670193591,0.7021277172996239,23.65,53,5,0
P0011,Toothpaste Daily,Personal Care,Premium Customers,Ahmedabad,381.49,232.76,148.73,38.99,96,97,0.9227646480927829,0.9554675607922718,63.98,43,5,1
P0012,Biscuits Daily,Snacks,Students,Hyderabad,222.18,137.45,84.73,38.14,144,197,0.6817563414593302,0.4993786732122232,14.71,50,5,0
P0012,Biscuits Daily,Snacks,Students,Bengaluru,222.18,137.45,84.73,38.14,123,112,0.41772681937887757,0.9335118049951194,47.41,43,15,1
P0012,Biscuits Daily,Snacks,Students,Mumbai,222.18,137.45,84.73,38.14,111,103,0.4019012625847892,0.8346651107084468,32.35,37,20,1
P0012,Biscuits Daily,Snacks,Students,Delhi,222.18,137.45,84.73,38.14,78,61,0.7126853301924735,0.3372588900439147,23.87,26,10,0
P0012,Biscuits Daily,Snacks,Students,Chennai,222.18,137.45,84.73,38.14,161,109,0.6457006287141999,0.6503879967937385,4.01,58,20,0
P0012,Biscuits Daily,Snacks,Students,Pune,222.18,137.45,84.73,38.14,239,225,0.9087710324031807,0.30847060056094355,4.78,88,15,0
P0012,Biscuits Daily,Snacks,Students,Kolkata,222.18,137.45,84.73,38.14,185,152,0.8344675163352124,0.6330111059416146,6.46,73,15,0
P0012,Biscuits Daily,Snacks,Students,Ahmedabad,222.18,137.45,84.73,38.14,269,280,0.5038401931842501,0.25354582910652357,51.35,75,20,1
P0012,Biscuits Daily,Snacks,Professionals,Hyderabad,222.18,137.45,84.73,38.14,144,197,0.44744422499604086,0.7200612155872483,69.33,47,5,1
P0012,Biscuits Daily,Snacks,Professionals,Bengaluru,222.18,137.45,84.73,38.14,123,112,0.5583708652947303,0.6241010178102377,16.01,41,10,0
P0012,Biscuits Daily,Snacks,Professionals,Mumbai,222.18,137.45,84.73,38.14,111,103,0.5786467731258749,0.7991340162212512,5.53,40,15,0
P0012,Biscuits Daily,Snacks,Professionals,Delhi,222.18,137.45,84.73,38.14,78,61,0.2957136349116992,0.8654760912821136,21.98,24,10,1
P0012,Biscuits Daily,Snacks,Professionals,Chennai,222.18,137.45,84.73,38.14,161,109,0.8019220410609288,0.46719296412470507,46.74,59,10,1
P0012,Biscuits Daily,Snacks,Professionals,Pune,222.18,137.45,84.73,38.14,239,225,0.22257152991300744,0.33678075403385155,3.07,56,15,0
P0012,Biscuits Daily,Snacks,Professionals,Kolkata,222.18,137.45,84.73,38.14,185,152,0.7352162964750724,0.33355288305144004,22.69,62,10,0
P0012,Biscuits Daily,Snacks,Professionals,Ahmedabad,222.18,137.45,84.73,38.14,269,280,0.6566381124947933,0.6069359184743279,2.3,96,20,0
P0012,Biscuits Daily,Snacks,Families,Hyderabad,222.18,137.45,84.73,38.14,144,197,0.8005402558146824,0.5576071258143697,23.17,54,20,0
P0012,Biscuits Daily,Snacks,Families,Bengaluru,222.18,137.45,84.73,38.14,123,112,0.9121029587569959,0.7364208414188074,23.22,52,10,0
P0012,Biscuits Daily,Snacks,Families,Mumbai,222.18,137.45,84.73,38.14,111,103,0.4098388856753411,0.5583885032084779,22.96,33,15,0
P0012,Biscuits Daily,Snacks,Families,Delhi,222.18,137.45,84.73,38.14,78,61,0.7861771991191314,0.2400978263336483,13.2,26,20,0
P0012,Biscuits Daily,Snacks,Families,Chennai,222.18,137.45,84.73,38.14,161,109,0.5718026749111014,0.6511818496962716,20.85,55,10,0
P0012,Biscuits Daily,Snacks,Families,Pune,222.18,137.45,84.73,38.14,239,225,0.21286305031734692,0.46437598782102757,17.56,59,15,0
P0012,Biscuits Daily,Snacks,Families,Kolkata,222.18,137.45,84.73,38.14,185,152,0.7635421445462616,0.4129977821518999,41.77,65,5,1
P0012,Biscuits Daily,Snacks,Families,Ahmedabad,222.18,137.45,84.73,38.14,269,280,0.374975679448174,0.48886229163501016,24.25,76,5,0
P0012,Biscuits Daily,Snacks,Premium Customers,Hyderabad,222.18,137.45,84.73,38.14,144,197,0.3202061269044072,0.6935559676244358,18.67,43,15,0
P0012,Biscuits Daily,Snacks,Premium Customers,Bengaluru,222.18,137.45,84.73,38.14,123,112,0.4480863593007275,0.5964706768540388,59.89,38,5,1
P0012,Biscuits Daily,Snacks,Premium Customers,Mumbai,222.18,137.45,84.73,38.14,111,103,0.655768634749426,0.6922163507390469,7.26,40,15,0
P0012,Biscuits Daily,Snacks,Premium Customers,Delhi,222.18,137.45,84.73,38.14,78,61,0.711294000066221,0.919560375224092,6.27,31,10,0
P0012,Biscuits Daily,Snacks,Premium Customers,Chennai,222.18,137.45,84.73,38.14,161,109,0.21181940663618234,0.6045565331587479,17.73,43,15,0
P0012,Biscuits Daily,Snacks,Premium Customers,Pune,222.18,137.45,84.73,38.14,239,225,0.21847279919054274,0.857198724559803,15.2,71,10,0
P0012,Biscuits Daily,Snacks,Premium Customers,Kolkata,222.18,137.45,84.73,38.14,185,152,0.36591196248747715,0.6867307088689059,18.68,57,10,0
P0012,Biscuits Daily,Snacks,Premium Customers,Ahmedabad,222.18,137.45,84.73,38.14,269,280,0.7530038220502985,0.6837892507404355,24.46,103,5,0
P0013,Juice Value,Beverages,Students,Hyderabad,582.69,497.74,84.95,14.58,136,190,0.8113887766971809,0.8369980270835478,15.24,56,15,0
P0013,Juice Value,Beverages,Students,Bengaluru,582.69,497.74,84.95,14.58,109,134,0.18224841975636483,0.7057894420364683,14.54,29,10,0
P0013,Juice Value,Beverages,Students,Mumbai,582.69,497.74,84.95,14.58,193,200,0.8110340151372192,0.8550022569928517,61.08,80,10,2
P0013,Juice Value,Beverages,Students,Delhi,582.69,497.74,84.95,14.58,95,111,0.7034657861149783,0.21193032224079086,6.34,30,10,0
P0013,Juice Value,Beverages,Students,Chennai,582.69,497.74,84.95,14.58,142,162,0.8995587912360863,0.645342815700092,5.77,58,15,0
P0013,Juice Value,Beverages,Students,Pune,582.69,497.74,84.95,14.58,187,219,0.8935130971424535,0.8009723914888953,23.36,80,20,0
P0013,Juice Value,Beverages,Students,Kolkata,582.69,497.74,84.95,14.58,147,87,0.1735242512289048,0.8117232107706844,40.2,42,10,2
P0013,Juice Value,Beverages,Students,Ahmedabad,582.69,497.74,84.95,14.58,1084,761,0.28311950551707826,0.26915763282341704,7.05,260,10,0
P0013,Juice Value,Beverages,Professionals,Hyderabad,582.69,497.74,84.95,14.58,136,190,0.9244757064279744,0.21796965569951265,31.71,49,10,1
P0013,Juice Value,Beverages,Professionals,Bengaluru,582.69,497.74,84.95,14.58,109,134,0.32480196564116337,0.8669051162607442,20.83,35,15,0
P0013,Juice Value,Beverages,Professionals,Mumbai,582.69,497.74,84.95,14.58,193,200,0.44338801926817206,0.3599232245928874,20.45,54,15,0
P0013,Juice Value,Beverages,Professionals,Delhi,582.69,497.74,84.95,14.58,95,111,0.9131836833453205,0.944082771564817,9.16,42,15,0
P0013,Juice Value,Beverages,Professionals,Chennai,582.69,497.74,84.95,14.58,142,162,0.18366959331947807,0.42869888225201525,20.85,34,20,0
P0013,Juice Value,Beverages,Professionals,Pune,582.69,497.74,84.95,14.58,187,219,0.21886655681941639,0.7252691383093774,6.01,53,10,0
P0013,Juice Value,Beverages,Professionals,Kolkata,582.69,497.74,84.95,14.58,147,87,0.6892226117115307,0.7226295840602293,4.55,55,10,0
P0013,Juice Value,Beverages,Professionals,Ahmedabad,582.69,497.74,84.95,14.58,1084,761,0.38157479506399694,0.6897326314626522,24.5,338,20,0
P0013,Juice Value,Beverages,Families,Hyderabad,582.69,497.74,84.95,14.58,136,190,0.34106276392744767,0.6453304281389676,10.82,40,5,0
P0013,Juice Value,Beverages,Families,Bengaluru,582.69,497.74,84.95,14.58,109,134,0.2939013380175034,0.5469015888621482,9.33,30,5,0
P0013,Juice Value,Beverages,Families,Mumbai,582.69,497.74,84.95,14.58,193,200,0.6125327108975639,0.42910163216779695,20.61,62,15,0
P0013,Juice Value,Beverages,Families,Delhi,582.69,497.74,84.95,14.58,95,111,0.7213769364896438,0.5741326727857379,26.88,34,5,1
P0013,Juice Value,Beverages,Families,Chennai,582.69,497.74,84.95,14.58,142,162,0.39382727784669985,0.7091906398144296,20.94,45,15,2
P0013,Juice Value,Beverages,Families,Pune,582.69,497.74,84.95,14.58,187,219,0.41589329629174077,0.24254427526231412,29.25,49,20,1
P0013,Juice Value,Beverages,Families,Kolkata,582.69,497.74,84.95,14.58,147,87,0.3936643621936825,0.8768008565343253,18.52,49,20,0
P0013,Juice Value,Beverages,Families,Ahmedabad,582.69,497.74,84.95,14.58,1084,761,0.37097572511889315,0.6319867639563255,47.83,328,15,1
P0013,Juice Value,Beverages,Premium Customers,Hyderabad,582.69,497.74,84.95,14.58,136,190,0.6992599840230708,0.9456719301678735,11.6,55,10,0
P0013,Juice Value,Beverages,Premium Customers,Bengaluru,582.69,497.74,84.95,14.58,109,134,0.7608582022750375,0.9709467113862793,54.66,46,20,1
P0013,Juice Value,Beverages,Premium Customers,Mumbai,582.69,497.74,84.95,14.58,193,200,0.5450422821806868,0.8788103617262475,25.0,71,15,1
P0013,Juice Value,Beverages,Premium Customers,Delhi,582.69,497.74,84.95,14.58,95,111,0.827908657153987,0.5783162686044274,16.32,36,15,0
P0013,Juice Value,Beverages,Premium Customers,Chennai,582.69,497.74,84.95,14.58,142,162,0.3786347149777414,0.25862096062181755,14.33,36,5,0
P0013,Juice Value,Beverages,Premium Customers,Pune,582.69,497.74,84.95,14.58,187,219,0.6838175194825112,0.9574889121677421,9.32,76,15,0
P0013,Juice Value,Beverages,Premium Customers,Kolkata,582.69,497.74,84.95,14.58,147,87,0.5699606738419738,0.6173633985787588,62.29,50,10,1
P0013,Juice Value,Beverages,Premium Customers,Ahmedabad,582.69,497.74,84.95,14.58,1084,761,0.5177061596460772,0.9611805436231822,7.57,405,15,0
P0014,Soft Drinks Pro,Beverages,Students,Hyderabad,926.9,803.8,123.1,13.28,65,85,0.21781682180408043,0.24247775251664727,24.11,14,20,0
P0014,Soft Drinks Pro,Beverages,Students,Bengaluru,926.9,803.8,123.1,13.28,75,58,0.4507506641770248,0.4129326169175494,11.5,21,20,0
P0014,Soft Drinks Pro,Beverages,Students,Mumbai,926.9,803.8,123.1,13.28,517,741,0.24429160926927862,0.7150057184794483,44.12,149,5,1
P0014,Soft Drinks Pro,Beverages,Students,Delhi,926.9,803.8,123.1,13.28,62,44,0.8227210113803856,0.43823303289497534,21.71,22,20,0
P0014,Soft Drinks Pro,Beverages,Students,Chennai,926.9,803.8,123.1,13.28,141,129,0.3064902189775188,0.30893784256733325,2.93,35,15,0
P0014,Soft Drinks Pro,Beverages,Students,Pune,926.9,803.8,123.1,13.28,134,132,0.4650279787192718,0.8362228265937317,22.09,46,10,0
P0014,Soft Drinks Pro,Beverages,Students,Kolkata,926.9,803.8,123.1,13.28,81,109,0.1840735755878038,0.7565230169044408,2.89,22,15,0
P0014,Soft Drinks Pro,Beverages,Students,Ahmedabad,926.9,803.8,123.1,13.28,192,109,0.8611354001707554,0.9111775319028912,3.24,83,15,0
P0014,Soft Drinks Pro,Beverages,Professionals,Hyderabad,926.9,803.8,123.1,13.28,65,85,0.9146110445467608,0.6222210810803899,14.25,26,15,0
P0014,Soft Drinks Pro,Beverages,Professionals,Bengaluru,926.9,803.8,123.1,13.28,75,58,0.7059986398808725,0.7908877608550096,16.67,29,5,1
P0014,Soft Drinks Pro,Beverages,Professionals,Mumbai,926.9,803.8,123.1,13.28,517,741,0.5005872990564602,0.834953677528778,20.34,183,5,0
P0014,Soft Drinks Pro,Beverages,Professionals,Delhi,926.9,803.8,123.1,13.28,62,44,0.857625757209545,0.6695120109027429,8.82,25,10,0
P0014,Soft Drinks Pro,Beverages,Professionals,Chennai,926.9,803.8,123.1,13.28,141,129,0.2655163049141269,0.7700024291396488,26.61,42,5,1
P0014,Soft Drinks Pro,Beverages,Professionals,Pune,926.9,803.8,123.1,13.28,134,132,0.19903513740792889,0.24192848102682118,13.31,29,5,0
P0014,Soft Drinks Pro,Beverages,Professionals,Kolkata,926.9,803.8,123.1,13.28,81,109,0.22557422325580373,0.8599908412474533,22.13,24,15,0
P0014,Soft Drinks Pro,Beverages,Professionals,Ahmedabad,926.9,803.8,123.1,13.28,192,109,0.8545059858315386,0.8523026889138183,2.15,82,5,1
P0014,Soft Drinks Pro,Beverages,Families,Hyderabad,926.9,803.8,123.1,13.28,65,85,0.7169196655415003,0.6198368277207373,19.47,24,15,1
P0014,Soft Drinks Pro,Beverages,Families,Bengaluru,926.9,803.8,123.1,13.28,75,58,0.783485327115143,0.49372025012688764,21.51,27,20,0
P0014,Soft Drinks Pro,Beverages,Families,Mumbai,926.9,803.8,123.1,13.28,517,741,0.7847925684353412,0.27437649813576437,15.6,176,5,0
P0014,Soft Drinks Pro,Beverages,Families,Delhi,926.9,803.8,123.1,13.28,62,44,0.9217311510202695,0.7317961250038094,11.23,26,15,0
P0014,Soft Drinks Pro,Beverages,Families,Chennai,926.9,803.8,123.1,13.28,141,129,0.6358203097436913,0.5393773603279719,7.77,48,15,0
P0014,Soft Drinks Pro,Beverages,Families,Pune,926.9,803.8,123.1,13.28,134,132,0.3171659521144639,0.6035509416845698,4.1,38,10,0
P0014,Soft Drinks Pro,Beverages,Families,Kolkata,926.9,803.8,123.1,13.28,81,109,0.22766331496436967,0.2593238130778298,2.33,18,15,0
P0014,Soft Drinks Pro,Beverages,Families,Ahmedabad,926.9,803.8,123.1,13.28,192,109,0.8389077138467278,0.5487964944226984,14.77,74,20,0
P0014,Soft Drinks Pro,Beverages,Premium Customers,Hyderabad,926.9,803.8,123.1,13.28,65,85,0.2253246831362319,0.6331813805601245,44.65,17,5,1
P0014,Soft Drinks Pro,Beverages,Premium Customers,Bengaluru,926.9,803.8,123.1,13.28,75,58,0.5384774543654154,0.3286994192403935,2.12,22,15,0
P0014,Soft Drinks Pro,Beverages,Premium Customers,Mumbai,926.9,803.8,123.1,13.28,517,741,0.6571841984846343,0.9214934165823976,16.43,205,10,0
P0014,Soft Drinks Pro,Beverages,Premium Customers,Delhi,926.9,803.8,123.1,13.28,62,44,0.26916122180473134,0.35814926936754254,-1.56,15,5,1
P0014,Soft Drinks Pro,Beverages,Premium Customers,Chennai,926.9,803.8,123.1,13.28,141,129,0.511618598012544,0.6550362480025234,17.47,47,20,0
P0014,Soft Drinks Pro,Beverages,Premium Customers,Pune,926.9,803.8,123.1,13.28,134,132,0.18252255606771042,0.9801939059330704,21.8,41,20,0
P0014,Soft Drinks Pro,Beverages,Premium Customers,Kolkata,926.9,803.8,123.1,13.28,81,109,0.20428623161417345,0.8200559928768765,23.65,23,15,0
P0014,Soft Drinks Pro,Beverages,Premium Customers,Ahmedabad,926.9,803.8,123.1,13.28,192,109,0.6725577376041937,0.6169430466581811,25.99,69,10,2
P0015,Biscuits Daily,Snacks,Students,Hyderabad,2573.78,2235.42,338.36,13.15,223,298,0.6230497250909842,0.7726388690629391,17.32,82,10,0
P0015,Biscuits Daily,Snacks,Students,Bengaluru,2573.78,2235.42,338.36,13.15,479,691,0.911936842459669,0.43274576574076645,12.96,185,5,0
P0015,Biscuits Daily,Snacks,Students,Mumbai,2573.78,2235.42,338.36,13.15,139,147,0.2547317593674342,0.6868533970069259,10.22,39,20,0
P0015,Biscuits Daily,Snacks,Students,Delhi,2573.78,2235.42,338.36,13.15,419,553,0.747236408684594,0.5798385635793166,8.15,155,15,0
P0015,Biscuits Daily,Snacks,Students,Chennai,2573.78,2235.42,338.36,13.15,193,270,0.6426564284461265,0.26879331467913214,17.86,60,10,0
P0015,Biscuits Daily,Snacks,Students,Pune,2573.78,2235.42,338.36,13.15,217,226,0.19676352879526382,0.6899269876936456,60.81,59,15,1
P0015,Biscuits Daily,Snacks,Students,Kolkata,2573.78,2235.42,338.36,13.15,168,166,0.44828659724593456,0.9524590797899202,8.75,60,15,0
P0015,Biscuits Daily,Snacks,Students,Ahmedabad,2573.78,2235.42,338.36,13.15,41,46,0.550826689705669,0.5575930296907338,16.67,13,10,1
P0015,Biscuits Daily,Snacks,Professionals,Hyderabad,2573.78,2235.42,338.36,13.15,223,298,0.4766844874724755,0.34343253078296554,48.0,64,20,1
P0015,Biscuits Daily,Snacks,Professionals,Bengaluru,2573.78,2235.42,338.36,13.15,479,691,0.5938134851577529,0.9048177175817254,44.51,182,20,1
P0015,Biscuits Daily,Snacks,Professionals,Mumbai,2573.78,2235.42,338.36,13.15,139,147,0.23847159473476115,0.6576099503760207,18.41,38,5,0
P0015,Biscuits Daily,Snacks,Professionals,Delhi,2573.78,2235.42,338.36,13.15,419,553,0.6683697274013843,0.8494435524565278,66.67,163,5,1
P0015,Biscuits Daily,Snacks,Professionals,Chennai,2573.78,2235.42,338.36,13.15,193,270,0.4661247122977522,0.46029082409832434,4.58,58,5,0
P0015,Biscuits Daily,Snacks,Professionals,Pune,2573.78,2235.42,338.36,13.15,217,226,0.34692569592024647,0.32100657415724126,13.76,56,20,0
P0015,Biscuits Daily,Snacks,Professionals,Kolkata,2573.78,2235.42,338.36,13.15,168,166,0.36823807121936336,0.9012520885574997,24.42,56,20,0
P0015,Biscuits Daily,Snacks,Professionals,Ahmedabad,2573.78,2235.42,338.36,13.15,41,46,0.6831034482688728,0.9106564633168219,22.52,16,15,1
P0015,Biscuits Daily,Snacks,Families,Hyderabad,2573.78,2235.42,338.36,13.15,223,298,0.3207322697744841,0.48262210068065586,24.81,61,10,0
P0015,Biscuits Daily,Snacks,Families,Bengaluru,2573.78,2235.42,338.36,13.15,479,691,0.2980744341303997,0.393202187482829,9.88,123,20,0
P0015,Biscuits Daily,Snacks,Families,Mumbai,2573.78,2235.42,338.36,13.15,139,147,0.628100262765018,0.9586285966012664,8.5,54,15,0
P0015,Biscuits Daily,Snacks,Families,Delhi,2573.78,2235.42,338.36,13.15,419,553,0.5098101975099715,0.8316117537147332,10.95,149,10,0
P0015,Biscuits Daily,Snacks,Families,Chennai,2573.78,2235.42,338.36,13.15,193,270,0.2003006055826823,0.6508870229620569,4.92,52,15,0
P0015,Biscuits Daily,Snacks,Families,Pune,2573.78,2235.42,338.36,13.15,217,226,0.2357007276355106,0.42485785446003377,21.74,54,5,0
P0015,Biscuits Daily,Snacks,Families,Kolkata,2573.78,2235.42,338.36,13.15,168,166,0.22434277985299633,0.8689234603131206,11.25,50,15,0
P0015,Biscuits Daily,Snacks,Families,Ahmedabad,2573.78,2235.42,338.36,13.15,41,46,0.9197515744715307,0.8978325933220255,6.11,18,10,0
P0015,Biscuits Daily,Snacks,Premium Customers,Hyderabad,2573.78,2235.42,338.36,13.15,223,298,0.5963250805047625,0.5213209482811285,13.43,74,10,0
P0015,Biscuits Daily,Snacks,Premium Customers,Bengaluru,2573.78,2235.42,338.36,13.15,479,691,0.9333128178994821,0.4747529130244538,33.33,189,10,1
P0015,Biscuits Daily,Snacks,Premium Customers,Mumbai,2573.78,2235.42,338.36,13.15,139,147,0.7214415353746109,0.7991414125151677,40.66,54,20,2
P0015,Biscuits Daily,Snacks,Premium Customers,Delhi,2573.78,2235.42,338.36,13.15,419,553,0.2819023430573348,0.9883083805651134,6.51,138,5,0
P0015,Biscuits Daily,Snacks,Premium Customers,Chennai,2573.78,2235.42,338.36,13.15,193,270,0.6720943003636478,0.6196376192901886,14.87,69,20,0
P0015,Biscuits Daily,Snacks,Premium Customers,Pune,2573.78,2235.42,338.36,13.15,217,226,0.4154728710563459,0.35768905319008787,7.97,60,5,1
P0015,Biscuits Daily,Snacks,Premium Customers,Kolkata,2573.78,2235.42,338.36,13.15,168,166,0.1669463178030571,0.9713343838838973,12.13,51,5,0
P0015,Biscuits Daily,Snacks,Premium Customers,Ahmedabad,2573.78,2235.42,338.36,13.15,41,46,0.5098053917493875,0.8366599425202383,56.72,14,5,2
P0016,Detergent Pro,Home Care,Students,Hyderabad,1058.17,685.45,372.72,35.22,157,147,0.6677553545077776,0.5775132304111135,10.3,55,10,1
P0016,Detergent Pro,Home Care,Students,Bengaluru,1058.17,685.45,372.72,35.22,473,290,0.940002743778503,0.6433462432075412,53.54,197,10,1
P0016,Detergent Pro,Home Care,Students,Mumbai,1058.17,685.45,372.72,35.22,87,113,0.25184323764013294,0.4223668836962527,90.58,22,5,1
P0016,Detergent Pro,Home Care,Students,Delhi,1058.17,685.45,372.72,35.22,35,24,0.33560306826530845,0.8428028845529045,9.22,11,5,0
P0016,Detergent Pro,Home Care,Students,Chennai,1058.17,685.45,372.72,35.22,129,132,0.1765143838226182,0.8740063529787003,11.64,37,15,0
P0016,Detergent Pro,Home Care,Students,Pune,1058.17,685.45,372.72,35.22,122,175,0.33093763906256085,0.48999007417511814,6.47,33,15,1
P0016,Detergent Pro,Home Care,Students,Kolkata,1058.17,685.45,372.72,35.22,159,174,0.46788668647772513,0.8014285903996561,53.4,54,15,2
P0016,Detergent Pro,Home Care,Students,Ahmedabad,1058.17,685.45,372.72,35.22,270,208,0.602774135898926,0.3068483320916718,5.0,83,15,0
P0016,Detergent Pro,Home Care,Professionals,Hyderabad,1058.17,685.45,372.72,35.22,157,147,0.8151523988444296,0.33863283031022906,24.44,55,15,1
P0016,Detergent Pro,Home Care,Professionals,Bengaluru,1058.17,685.45,372.72,35.22,473,290,0.4204650574204164,0.45348259381146594,17.06,137,5,0
P0016,Detergent Pro,Home Care,Professionals,Mumbai,1058.17,685.45,372.72,35.22,87,113,0.5600196837629969,0.37311254553231815,22.03,26,5,0
P0016,Detergent Pro,Home Care,Professionals,Delhi,1058.17,685.45,372.72,35.22,35,24,0.26042412110546775,0.7186346285845013,10.81,10,15,0
P0016,Detergent Pro,Home Care,Professionals,Chennai,1058.17,685.45,372.72,35.22,129,132,0.8578272206933312,0.36784236751747157,18.92,47,5,1
P0016,Detergent Pro,Home Care,Professionals,Pune,1058.17,685.45,372.72,35.22,122,175,0.35524298141981303,0.6409288957490598,53.52,36,20,1
P0016,Detergent Pro,Home Care,Professionals,Kolkata,1058.17,685.45,372.72,35.22,159,174,0.5317518168111863,0.49537880265838696,18.18,50,15,1
P0016,Detergent Pro,Home Care,Professionals,Ahmedabad,1058.17,685.45,372.72,35.22,270,208,0.6451873084208595,0.23177833982246715,24.77,83,15,0
P0016,Detergent Pro,Home Care,Families,Hyderabad,1058.17,685.45,372.72,35.22,157,147,0.8066094652353383,0.8054537987203936,2.13,64,15,0
P0016,Detergent Pro,Home Care,Families,Bengaluru,1058.17,685.45,372.72,35.22,473,290,0.5808456132946739,0.8215111379234543,11.5,174,15,0
P0016,Detergent Pro,Home Care,Families,Mumbai,1058.17,685.45,372.72,35.22,87,113,0.7847838963404312,0.8516933174598003,22.48,35,5,0
P0016,Detergent Pro,Home Care,Families,Delhi,1058.17,685.45,372.72,35.22,35,24,0.6289136528857338,0.983160933755175,19.59,13,20,0
P0016,Detergent Pro,Home Care,Families,Chennai,1058.17,685.45,372.72,35.22,129,132,0.24035261192238513,0.3191388004763425,15.58,30,20,0
P0016,Detergent Pro,Home Care,Families,Pune,1058.17,685.45,372.72,35.22,122,175,0.19250708863318344,0.6579807531599082,12.95,33,5,0
P0016,Detergent Pro,Home Care,Families,Kolkata,1058.17,685.45,372.72,35.22,159,174,0.891966404277436,0.46677385795242743,34.48,61,20,1
P0016,Detergent Pro,Home Care,Families,Ahmedabad,1058.17,685.45,372.72,35.22,270,208,0.36108181363076247,0.4337099863654835,2.21,74,20,0
P0016,Detergent Pro,Home Care,Premium Customers,Hyderabad,1058.17,685.45,372.72,35.22,157,147,0.935434731681076,0.879028650259225,10.36,70,5,0
P0016,Detergent Pro,Home Care,Premium Customers,Bengaluru,1058.17,685.45,372.72,35.22,473,290,0.46340824853929363,0.546048948461802,12.87,147,5,1
P0016,Detergent Pro,Home Care,Premium Customers,Mumbai,1058.17,685.45,372.72,35.22,87,113,0.28075401226465124,0.4622660467070492,17.22,22,15,0
P0016,Detergent Pro,Home Care,Premium Customers,Delhi,1058.17,685.45,372.72,35.22,35,24,0.5117540639562379,0.8999286753531024,11.34,12,15,0
P0016,Detergent Pro,Home Care,Premium Customers,Chennai,1058.17,685.45,372.72,35.22,129,132,0.4684244574654275,0.9483605316570132,19.23,46,10,0
P0016,Detergent Pro,Home Care,Premium Customers,Pune,1058.17,685.45,372.72,35.22,122,175,0.377431133486421,0.8533886564561124,8.09,40,20,0
P0016,Detergent Pro,Home Care,Premium Customers,Kolkata,1058.17,685.45,372.72,35.22,159,174,0.7676834321200018,0.20310661139038252,4.62,52,5,0
P0016,Detergent Pro,Home Care,Premium Customers,Ahmedabad,1058.17,685.45,372.72,35.22,270,208,0.6466546382736928,0.6801504789726915,17.17,98,10,0
P0017,Rice Plus,Grocery,Students,Hyderabad,311.3,171.78,139.52,44.82,170,186,0.40894909003902546,0.8520883420369465,16.09,57,10,0
P0017,Rice Plus,Grocery,Students,Bengaluru,311.3,171.78,139.52,44.82,139,100,0.40144096458674083,0.5119692268370569,63.64,40,20,1
P0017,Rice Plus,Grocery,Students,Mumbai,311.3,171.78,139.52,44.82,202,231,0.9079933586937786,0.35301115950138845,34.38,75,5,1
P0017,Rice Plus,Grocery,Students,Delhi,311.3,171.78,139.52,44.82,219,162,0.8800736268696401,0.26339347185108797,20.19,78,5,0
P0017,Rice Plus,Grocery,Students,Chennai,311.3,171.78,139.52,44.82,77,55,0.18988898970397494,0.2459302772007269,7.9,16,5,0
P0017,Rice Plus,Grocery,Students,Pune,311.3,171.78,139.52,44.82,43,32,0.5900475762631481,0.9366539905850475,4.74,16,15,0
P0017,Rice Plus,Grocery,Students,Kolkata,311.3,171.78,139.52,44.82,215,296,0.5055897046475977,0.7940313666005128,7.23,75,20,0
P0017,Rice Plus,Grocery,Students,Ahmedabad,311.3,171.78,139.52,44.82,242,338,0.46252937802884087,0.5614881753109526,50.0,75,5,1
P0017,Rice Plus,Grocery,Professionals,Hyderabad,311.3,171.78,139.52,44.82,170,186,0.5958449360772267,0.5458562938269975,16.53,57,20,0
P0017,Rice Plus,Grocery,Professionals,Bengaluru,311.3,171.78,139.52,44.82,139,100,0.7067270527169504,0.38806955492166983,23.02,47,20,0
P0017,Rice Plus,Grocery,Professionals,Mumbai,311.3,171.78,139.52,44.82,202,231,0.662342917059696,0.42674580712430404,58.06,67,20,1
P0017,Rice Plus,Grocery,Professionals,Delhi,311.3,171.78,139.52,44.82,219,162,0.19693597190726786,0.6958182358152949,20.15,60,10,0
P0017,Rice Plus,Grocery,Professionals,Chennai,311.3,171.78,139.52,44.82,77,55,0.6051789731162529,0.4323492571754017,12.74,25,20,0
P0017,Rice Plus,Grocery,Professionals,Pune,311.3,171.78,139.52,44.82,43,32,0.8122739418612744,0.883538532987254,27.45,18,5,1
P0017,Rice Plus,Grocery,Professionals,Kolkata,311.3,171.78,139.52,44.82,215,296,0.750200903962187,0.3289336202503952,9.04,73,10,0
P0017,Rice Plus,Grocery,Professionals,Ahmedabad,311.3,171.78,139.52,44.82,242,338,0.28693119281776047,0.979065755545032,18.46,79,20,0
P0017,Rice Plus,Grocery,Families,Hyderabad,311.3,171.78,139.52,44.82,170,186,0.5943023870635834,0.9865263752067708,6.08,66,5,0
P0017,Rice Plus,Grocery,Families,Bengaluru,311.3,171.78,139.52,44.82,139,100,0.44186184881557256,0.5306095101151236,11.1,42,5,0
P0017,Rice Plus,Grocery,Families,Mumbai,311.3,171.78,139.52,44.82,202,231,0.6305663851097592,0.8611508391812874,6.04,77,15,0
P0017,Rice Plus,Grocery,Families,Delhi,311.3,171.78,139.52,44.82,219,162,0.5424263682607923,0.6267387560106379,92.38,73,20,1
P0017,Rice Plus,Grocery,Families,Chennai,311.3,171.78,139.52,44.82,77,55,0.4912475136549126,0.7019671501873452,11.1,25,10,0
P0017,Rice Plus,Grocery,Families,Pune,311.3,171.78,139.52,44.82,43,32,0.17445820689372765,0.8182499205694764,8.86,12,5,0
P0017,Rice Plus,Grocery,Families,Kolkata,311.3,171.78,139.52,44.82,215,296,0.47259346014078973,0.7641024452862242,2.65,73,15,0
P0017,Rice Plus,Grocery,Families,Ahmedabad,311.3,171.78,139.52,44.82,242,338,0.610867001700194,0.6289492356361304,14.44,84,20,0
P0017,Rice Plus,Grocery,Premium Customers,Hyderabad,311.3,171.78,139.52,44.82,170,186,0.3003251736769298,0.5115915784678979,20.34,46,5,0
P0017,Rice Plus,Grocery,Premium Customers,Bengaluru,311.3,171.78,139.52,44.82,139,100,0.3924319469990205,0.8172481056324763,10.11,45,20,0
P0017,Rice Plus,Grocery,Premium Customers,Mumbai,311.3,171.78,139.52,44.82,202,231,0.43060218263467354,0.3157751287632964,3.62,55,15,0
P0017,Rice Plus,Grocery,Premium Customers,Delhi,311.3,171.78,139.52,44.82,219,162,0.6833476250887047,0.5223048833765682,23.65,77,10,0
P0017,Rice Plus,Grocery,Premium Customers,Chennai,311.3,171.78,139.52,44.82,77,55,0.5308933221557818,0.5844647826172686,7.83,25,20,0
P0017,Rice Plus,Grocery,Premium Customers,Pune,311.3,171.78,139.52,44.82,43,32,0.4541961921592287,0.4065091166972427,7.88,12,5,0
P0017,Rice Plus,Grocery,Premium Customers,Kolkata,311.3,171.78,139.52,44.82,215,296,0.3261502341404947,0.5191362993853459,24.59,60,20,2
P0017,Rice Plus,Grocery,Premium Customers,Ahmedabad,311.3,171.78,139.52,44.82,242,338,0.8310383484391095,0.23124324273925634,44.68,83,5,1
P0018,Tea Plus,Beverages,Students,Hyderabad,767.23,622.04,145.19,18.92,704,912,0.36708553601219146,0.7843735994574199,13.82,226,15,0
P0018,Tea Plus,Beverages,Students,Bengaluru,767.23,622.04,145.19,18.92,1122,887,0.9034930182159125,0.9980187819656305,7.68,511,10,0
P0018,Tea Plus,Beverages,Students,Mumbai,767.23,622.04,145.19,18.92,38,42,0.6178169955974235,0.4269069666517491,57.33,12,5,1
P0018,Tea Plus,Beverages,Students,Delhi,767.23,622.04,145.19,18.92,218,184,0.6702889181182657,0.9486562520670829,23.85,87,5,0
P0018,Tea Plus,Beverages,Students,Chennai,767.23,622.04,145.19,18.92,197,110,0.6240155419630309,0.49794977396404544,17.41,66,20,0
P0018,Tea Plus,Beverages,Students,Pune,767.23,622.04,145.19,18.92,250,359,0.3816880745588033,0.29480146515258376,56.16,65,15,1
P0018,Tea Plus,Beverages,Students,Kolkata,767.23,622.04,145.19,18.92,118,141,0.539178112028633,0.30212031997433986,8.4,34,15,0
P0018,Tea Plus,Beverages,Students,Ahmedabad,767.23,622.04,145.19,18.92,230,220,0.8447949483025827,0.3483534273754342,24.94,83,5,0
P0018,Tea Plus,Beverages,Professionals,Hyderabad,767.23,622.04,145.19,18.92,704,912,0.5869065710714003,0.3645380665921787,68.64,220,20,1
P0018,Tea Plus,Beverages,Professionals,Bengaluru,767.23,622.04,145.19,18.92,1122,887,0.3529849395120533,0.3506504180358162,5.1,296,5,0
P0018,Tea Plus,Beverages,Professionals,Mumbai,767.23,622.04,145.19,18.92,38,42,0.6339556984861283,0.2531786912507421,3.15,11,20,0
P0018,Tea Plus,Beverages,Professionals,Delhi,767.23,622.04,145.19,18.92,218,184,0.6151578068849546,0.6239069524218772,10.6,76,15,0
P0018,Tea Plus,Beverages,Professionals,Chennai,767.23,622.04,145.19,18.92,197,110,0.8779766192232897,0.8130268216101662,12.36,84,10,0
P0018,Tea Plus,Beverages,Professionals,Pune,767.23,622.04,145.19,18.92,250,359,0.8964308421970877,0.46657842680446227,4.28,96,20,0
P0018,Tea Plus,Beverages,Professionals,Kolkata,767.23,622.04,145.19,18.92,118,141,0.7409851000536076,0.24619986051543982,47.88,38,5,1
P0018,Tea Plus,Beverages,Professionals,Ahmedabad,767.23,622.04,145.19,18.92,230,220,0.8168620458943099,0.3109885401569587,16.97,81,5,0
P0018,Tea Plus,Beverages,Families,Hyderabad,767.23,622.04,145.19,18.92,704,912,0.1870623404408593,0.9944476947835073,41.18,219,20,1
P0018,Tea Plus,Beverages,Families,Bengaluru,767.23,622.04,145.19,18.92,1122,887,0.36326622944468023,0.2820509533180235,9.47,289,15,0
P0018,Tea Plus,Beverages,Families,Mumbai,767.23,622.04,145.19,18.92,38,42,0.8910916108876817,0.7013361478633544,15.25,15,20,0
P0018,Tea Plus,Beverages,Families,Delhi,767.23,622.04,145.19,18.92,218,184,0.41866138151045973,0.938761261284766,9.36,76,10,0
P0018,Tea Plus,Beverages,Families,Chennai,767.23,622.04,145.19,18.92,197,110,0.8332195234855063,0.2230388335742057,14.19,67,20,0
P0018,Tea Plus,Beverages,Families,Pune,767.23,622.04,145.19,18.92,250,359,0.6850440563416861,0.5562785880702893,45.58,89,15,1
P0018,Tea Plus,Beverages,Families,Kolkata,767.23,622.04,145.19,18.92,118,141,0.19121804530751046,0.6760030158492346,9.28,32,15,0
P0018,Tea Plus,Beverages,Families,Ahmedabad,767.23,622.04,145.19,18.92,230,220,0.2959435320871686,0.6556907270062089,17.07,66,5,0
P0018,Tea Plus,Beverages,Premium Customers,Hyderabad,767.23,622.04,145.19,18.92,704,912,0.328860324856733,0.6497938076182461,14.48,209,15,0
P0018,Tea Plus,Beverages,Premium Customers,Bengaluru,767.23,622.04,145.19,18.92,1122,887,0.9225387986425148,0.909822193981616,21.11,502,5,0
P0018,Tea Plus,Beverages,Premium Customers,Mumbai,767.23,622.04,145.19,18.92,38,42,0.9360299095212989,0.5837231698385039,20.48,15,10,0
P0018,Tea Plus,Beverages,Premium Customers,Delhi,767.23,622.04,145.19,18.92,218,184,0.5456369219846906,0.6694122865630601,19.64,74,20,0
P0018,Tea Plus,Beverages,Premium Customers,Chennai,767.23,622.04,145.19,18.92,197,110,0.29875805701377955,0.30241502560700523,12.05,48,10,0
P0018,Tea Plus,Beverages,Premium Customers,Pune,767.23,622.04,145.19,18.92,250,359,0.6870083583605153,0.9917132740990273,19.66,102,20,0
P0018,Tea Plus,Beverages,Premium Customers,Kolkata,767.23,622.04,145.19,18.92,118,141,0.3634216576690413,0.5768058385428924,4.04,34,10,0
P0018,Tea Plus,Beverages,Premium Customers,Ahmedabad,767.23,622.04,145.19,18.92,230,220,0.5199080773000073,0.8049104934891846,24.87,81,5,0
P0019,Dal Value,Grocery,Students,Hyderabad,173.97,99.33,74.64,42.9,282,254,0.8495339811700752,0.8308171223418912,24.06,119,15,0
P0019,Dal Value,Grocery,Students,Bengaluru,173.97,99.33,74.64,42.9,40,39,0.8077083785083378,0.9457066295797034,16.94,17,15,0
P0019,Dal Value,Grocery,Students,Mumbai,173.97,99.33,74.64,42.9,142,143,0.1572827249737047,0.8560868910493993,5.89,40,15,0
P0019,Dal Value,Grocery,Students,Delhi,173.97,99.33,74.64,42.9,368,235,0.20221896180583165,0.8236645407139669,17.11,107,5,0
P0019,Dal Value,Grocery,Students,Chennai,173.97,99.33,74.64,42.9,459,375,0.20431842118386098,0.9109047165495889,56.59,139,10,2
P0019,Dal Value,Grocery,Students,Pune,173.97,99.33,74.64,42.9,186,169,0.7107675750743466,0.9538546418995881,12.44,76,15,0
P0019,Dal Value,Grocery,Students,Kolkata,173.97,99.33,74.64,42.9,105,122,0.7543193509023295,0.5165407635903025,22.67,38,5,0
P0019,Dal Value,Grocery,Students,Ahmedabad,173.97,99.33,74.64,42.9,79,113,0.7355986189586833,0.48360422796749347,10.43,28,5,0
P0019,Dal Value,Grocery,Professionals,Hyderabad,173.97,99.33,74.64,42.9,282,254,0.8605104513099057,0.5398034145951107,17.21,109,20,0
P0019,Dal Value,Grocery,Professionals,Bengaluru,173.97,99.33,74.64,42.9,40,39,0.19332823008955566,0.7628019009931892,4.16,11,15,0
P0019,Dal Value,Grocery,Professionals,Mumbai,173.97,99.33,74.64,42.9,142,143,0.7041452882183444,0.641876216901246,19.6,52,20,0
P0019,Dal Value,Grocery,Professionals,Delhi,173.97,99.33,74.64,42.9,368,235,0.5669584918058294,0.36513073627654685,11.81,113,10,0
P0019,Dal Value,Grocery,Professionals,Chennai,173.97,99.33,74.64,42.9,459,375,0.6697930103300147,0.45877318086709384,38.46,156,5,1
P0019,Dal Value,Grocery,Professionals,Pune,173.97,99.33,74.64,42.9,186,169,0.41870182149467705,0.32421625613580574,15.35,51,20,0
P0019,Dal Value,Grocery,Professionals,Kolkata,173.97,99.33,74.64,42.9,105,122,0.5428990408941438,0.5180323842247613,23.88,33,5,0
P0019,Dal Value,Grocery,Professionals,Ahmedabad,173.97,99.33,74.64,42.9,79,113,0.7384997754375199,0.9177701460993273,63.53,32,10,2
P0019,Dal Value,Grocery,Families,Hyderabad,173.97,99.33,74.64,42.9,282,254,0.46272925173092505,0.35721467870140133,19.67,80,20,0
P0019,Dal Value,Grocery,Families,Bengaluru,173.97,99.33,74.64,42.9,40,39,0.6451132657869234,0.3822973302596811,13.1,13,10,0
P0019,Dal Value,Grocery,Families,Mumbai,173.97,99.33,74.64,42.9,142,143,0.3813067823035582,0.2313442697323808,23.96,36,5,1
P0019,Dal Value,Grocery,Families,Delhi,173.97,99.33,74.64,42.9,368,235,0.3280443926624643,0.5192704264562382,12.26,103,15,0
P0019,Dal Value,Grocery,Families,Chennai,173.97,99.33,74.64,42.9,459,375,0.7394723539217024,0.7494886529863571,19.71,179,15,0
P0019,Dal Value,Grocery,Families,Pune,173.97,99.33,74.64,42.9,186,169,0.7974725725831399,0.34947367589825307,22.25,65,20,2
P0019,Dal Value,Grocery,Families,Kolkata,173.97,99.33,74.64,42.9,105,122,0.4242277880857229,0.821386463963028,14.39,35,15,0
P0019,Dal Value,Grocery,Families,Ahmedabad,173.97,99.33,74.64,42.9,79,113,0.5929661933255576,0.787179323218324,12.97,28,5,0
P0019,Dal Value,Grocery,Premium Customers,Hyderabad,173.97,99.33,74.64,42.9,282,254,0.25071154724802314,0.6664127051934001,2.92,79,20,0
P0019,Dal Value,Grocery,Premium Customers,Bengaluru,173.97,99.33,74.64,42.9,40,39,0.5042028548565098,0.9736697785465245,20.87,14,5,0
P0019,Dal Value,Grocery,Premium Customers,Mumbai,173.97,99.33,74.64,42.9,142,143,0.5150795318760445,0.32430831905748714,5.06,41,10,0
P0019,Dal Value,Grocery,Premium Customers,Delhi,173.97,99.33,74.64,42.9,368,235,0.3116843448534669,0.8009250506114907,20.57,114,10,1
P0019,Dal Value,Grocery,Premium Customers,Chennai,173.97,99.33,74.64,42.9,459,375,0.47319348101182634,0.9926288297031283,9.82,169,10,0
P0019,Dal Value,Grocery,Premium Customers,Pune,173.97,99.33,74.64,42.9,186,169,0.4874035298616016,0.7064346788959313,29.63,62,20,1
P0019,Dal Value,Grocery,Premium Customers,Kolkata,173.97,99.33,74.64,42.9,105,122,0.6234687795877903,0.3672313426292038,7.49,33,5,0
P0019,Dal Value,Grocery,Premium Customers,Ahmedabad,173.97,99.33,74.64,42.9,79,113,0.9408969865805101,0.816085839733208,8.58,34,15,0
P0020,Namkeen Value,Snacks,Students,Hyderabad,1079.62,804.46,275.16,25.49,151,161,0.23248867945961196,0.8752885955278651,14.24,46,5,0
P0020,Namkeen Value,Snacks,Students,Bengaluru,1079.62,804.46,275.16,25.49,118,168,0.340257148462428,0.5472267240120688,17.87,33,15,0
P0020,Namkeen Value,Snacks,Students,Mumbai,1079.62,804.46,275.16,25.49,150,129,0.5839165221887546,0.2915557888897875,22.82,45,15,0
P0020,Namkeen Value,Snacks,Students,Delhi,1079.62,804.46,275.16,25.49,167,213,0.6266905716977517,0.7609716791147145,17.85,61,5,0
P0020,Namkeen Value,Snacks,Students,Chennai,1079.62,804.46,275.16,25.49,184,193,0.39338891098266937,0.7660433257920218,14.08,59,15,0
P0020,Namkeen Value,Snacks,Students,Pune,1079.62,804.46,275.16,25.49,220,170,0.21325576983129382,0.9187698088796716,16.76,67,10,0
P0020,Namkeen Value,Snacks,Students,Kolkata,1079.62,804.46,275.16,25.49,277,308,0.831388329124811,0.6578025523918587,6.29,110,15,0
P0020,Namkeen Value,Snacks,Students,Ahmedabad,1079.62,804.46,275.16,25.49,52,45,0.9105877107522672,0.5695444327617387,20.67,20,5,0
P0020,Namkeen Value,Snacks,Professionals,Hyderabad,1079.62,804.46,275.16,25.49,151,161,0.7760304023239725,0.8319003804600729,57.69,61,5,1
P0020,Namkeen Value,Snacks,Professionals,Bengaluru,1079.62,804.46,275.16,25.49,118,168,0.373785155946529,0.9929716294193776,13.28,41,20,0
P0020,Namkeen Value,Snacks,Professionals,Mumbai,1079.62,804.46,275.16,25.49,150,129,0.22745381915828602,0.4140250437568548,45.59,37,10,1
P0020,Namkeen Value,Snacks,Professionals,Delhi,1079.62,804.46,275.16,25.49,167,213,0.3739119532903478,0.24936994549138156,11.85,42,10,0
P0020,Namkeen Value,Snacks,Professionals,Chennai,1079.62,804.46,275.16,25.49,184,193,0.6677376654107118,0.7744107441756813,4.08,69,20,1
P0020,Namkeen Value,Snacks,Professionals,Pune,1079.62,804.46,275.16,25.49,220,170,0.6447967650775221,0.7900381849759299,12.64,83,5,0
P0020,Namkeen Value,Snacks,Professionals,Kolkata,1079.62,804.46,275.16,25.49,277,308,0.5777094028264547,0.9845733369667089,40.68,107,20,1
P0020,Namkeen Value,Snacks,Professionals,Ahmedabad,1079.62,804.46,275.16,25.49,52,45,0.8241372000944168,0.5860483686962195,9.23,20,20,0
P0020,Namkeen Value,Snacks,Families,Hyderabad,1079.62,804.46,275.16,25.49,151,161,0.5518886225379475,0.7534516719742406,13.82,53,15,0
P0020,Namkeen Value,Snacks,Families,Bengaluru,1079.62,804.46,275.16,25.49,118,168,0.6471914412634248,0.2571035335883056,60.28,36,5,1
P0020,Namkeen Value,Snacks,Families,Mumbai,1079.62,804.46,275.16,25.49,150,129,0.5338139912604878,0.5172228590069401,21.39,48,5,0
P0020,Namkeen Value,Snacks,Families,Delhi,1079.62,804.46,275.16,25.49,167,213,0.7775724235184641,0.8426304464765624,4.39,68,20,0
P0020,Namkeen Value,Snacks,Families,Chennai,1079.62,804.46,275.16,25.49,184,193,0.6255787821382188,0.7057762624634163,21.88,66,5,1
P0020,Namkeen Value,Snacks,Families,Pune,1079.62,804.46,275.16,25.49,220,170,0.7236505837223098,0.49343521456521766,11.61,78,5,0
P0020,Namkeen Value,Snacks,Families,Kolkata,1079.62,804.46,275.16,25.49,277,308,0.5009502438839699,0.2828004106757039,22.02,79,10,0
P0020,Namkeen Value,Snacks,Families,Ahmedabad,1079.62,804.46,275.16,25.49,52,45,0.3308279269317433,0.8963902678412206,6.96,17,10,0
P0020,Namkeen Value,Snacks,Premium Customers,Hyderabad,1079.62,804.46,275.16,25.49,151,161,0.3959304081929286,0.5345194619195592,16.13,44,10,0
P0020,Namkeen Value,Snacks,Premium Customers,Bengaluru,1079.62,804.46,275.16,25.49,118,168,0.8523623778977432,0.4621597718460674,18.94,44,5,1
P0020,Namkeen Value,Snacks,Premium Customers,Mumbai,1079.62,804.46,275.16,25.49,150,129,0.31212702320613295,0.9475998232092138,5.77,49,5,0
P0020,Namkeen Value,Snacks,Premium Customers,Delhi,1079.62,804.46,275.16,25.49,167,213,0.870767387663529,0.2824650141966551,40.91,60,5,1
P0020,Namkeen Value,Snacks,Premium Customers,Chennai,1079.62,804.46,275.16,25.49,184,193,0.8364681147232986,0.2903070747513221,4.48,65,5,0
P0020,Namkeen Value,Snacks,Premium Customers,Pune,1079.62,804.46,275.16,25.49,220,170,0.4097761953663912,0.8680773816929797,5.01,74,20,0
P0020,Namkeen Value,Snacks,Premium Customers,Kolkata,1079.62,804.46,275.16,25.49,277,308,0.8311640008620121,0.8693346557567736,20.53,117,20,0
P0020,Namkeen Value,Snacks,Premium Customers,Ahmedabad,1079.62,804.46,275.16,25.49,52,45,0.3359498622440651,0.49661986916892353,105.63,14,5,1
P0021,T-Shirt Pro,Fashion,Students,Hyderabad,628.54,521.78,106.76,16.99,460,465,0.7357541147511699,0.6758751386631812,17.5,175,10,0
P0021,T-Shirt Pro,Fashion,Students,Bengaluru,628.54,521.78,106.76,16.99,69,65,0.7499677593193335,0.7741138674923358,3.67,27,20,0
P0021,T-Shirt Pro,Fashion,Students,Mumbai,628.54,521.78,106.76,16.99,605,613,0.21641274961720283,0.545667783270223,18.33,158,10,0
P0021,T-Shirt Pro,Fashion,Students,Delhi,628.54,521.78,106.76,16.99,1206,994,0.5714655168061215,0.949093419305935,6.38,461,15,0
P0021,T-Shirt Pro,Fashion,Students,Chennai,628.54,521.78,106.76,16.99,94,68,0.3230518331804301,0.33164475103214175,83.19,24,10,1
P0021,T-Shirt Pro,Fashion,Students,Pune,628.54,521.78,106.76,16.99,93,66,0.7808362711644403,0.5202313817341362,24.99,34,15,0
P0021,T-Shirt Pro,Fashion,Students,Kolkata,628.54,521.78,106.76,16.99,702,648,0.911151203830673,0.38261409868618834,11.55,266,20,0
P0021,T-Shirt Pro,Fashion,Students,Ahmedabad,628.54,521.78,106.76,16.99,418,506,0.5544679428254947,0.6104871832383664,14.15,140,10,1
P0021,T-Shirt Pro,Fashion,Professionals,Hyderabad,628.54,521.78,106.76,16.99,460,465,0.9095945915120864,0.4865859484295043,21.2,180,10,0
P0021,T-Shirt Pro,Fashion,Professionals,Bengaluru,628.54,521.78,106.76,16.99,69,65,0.3734164306358816,0.9572951135797336,38.46,23,15,1
P0021,T-Shirt Pro,Fashion,Professionals,Mumbai,628.54,521.78,106.76,16.99,605,613,0.6547726001380366,0.6772404218384029,43.27,221,5,1
P0021,T-Shirt Pro,Fashion,Professionals,Delhi,628.54,521.78,106.76,16.99,1206,994,0.23907182037359948,0.2927288595177463,26.61,282,15,2
P0021,T-Shirt Pro,Fashion,Professionals,Chennai,628.54,521.78,106.76,16.99,94,68,0.29830464948012425,0.27889678606979607,10.7,22,5,0
P0021,T-Shirt Pro,Fashion,Professionals,Pune,628.54,521.78,106.76,16.99,93,66,0.9177925748072954,0.9494419223469206,18.64,42,5,0
P0021,T-Shirt Pro,Fashion,Professionals,Kolkata,628.54,521.78,106.76,16.99,702,648,0.5186777124052807,0.2261046223104385,7.15,197,5,0
P0021,T-Shirt Pro,Fashion,Professionals,Ahmedabad,628.54,521.78,106.76,16.99,418,506,0.6478549643355591,0.9210036885044046,20.74,164,5,0
P0021,T-Shirt Pro,Fashion,Families,Hyderabad,628.54,521.78,106.76,16.99,460,465,0.3861615551887133,0.835941517756934,23.58,152,10,0
P0021,T-Shirt Pro,Fashion,Families,Bengaluru,628.54,521.78,106.76,16.99,69,65,0.4091585641569129,0.540836820018805,2.2,20,5,0
P0021,T-Shirt Pro,Fashion,Families,Mumbai,628.54,521.78,106.76,16.99,605,613,0.9009352099929551,0.9945688031212443,18.09,274,5,0
P0021,T-Shirt Pro,Fashion,Families,Delhi,628.54,521.78,106.76,16.99,1206,994,0.2029954784699056,0.4924118154953745,60.78,304,15,1
P0021,T-Shirt Pro,Fashion,Families,Chennai,628.54,521.78,106.76,16.99,94,68,0.2654918664288726,0.8203086854493016,19.7,28,20,1
P0021,T-Shirt Pro,Fashion,Families,Pune,628.54,521.78,106.76,16.99,93,66,0.17383179008078375,0.675172541778288,6.71,25,20,0
P0021,T-Shirt Pro,Fashion,Families,Kolkata,628.54,521.78,106.76,16.99,702,648,0.7713994114569079,0.6129246731149733,9.39,267,5,0
P0021,T-Shirt Pro,Fashion,Families,Ahmedabad,628.54,521.78,106.76,16.99,418,506,0.40434250557814366,0.45666282448741724,5.06,120,15,0
P0021,T-Shirt Pro,Fashion,Premium Customers,Hyderabad,628.54,521.78,106.76,16.99,460,465,0.3585575268297832,0.6724664971813309,57.03,140,15,1
P0021,T-Shirt Pro,Fashion,Premium Customers,Bengaluru,628.54,521.78,106.76,16.99,69,65,0.45927910093575053,0.4795001005529607,11.62,20,15,0
P0021,T-Shirt Pro,Fashion,Premium Customers,Mumbai,628.54,521.78,106.76,16.99,605,613,0.2855082607733864,0.2968501558100132,55.28,147,20,1
P0021,T-Shirt Pro,Fashion,Premium Customers,Delhi,628.54,521.78,106.76,16.99,1206,994,0.1574988892451829,0.9488056573638313,4.71,361,10,0
P0021,T-Shirt Pro,Fashion,Premium Customers,Chennai,628.54,521.78,106.76,16.99,94,68,0.7597275390240985,0.29926233242173544,2.14,31,20,0
P0021,T-Shirt Pro,Fashion,Premium Customers,Pune,628.54,521.78,106.76,16.99,93,66,0.36533546596106486,0.22262104932863008,18.46,23,20,0
P0021,T-Shirt Pro,Fashion,Premium Customers,Kolkata,628.54,521.78,106.76,16.99,702,648,0.604196594236875,0.6712895237306733,17.08,249,5,0
P0021,T-Shirt Pro,Fashion,Premium Customers,Ahmedabad,628.54,521.78,106.76,16.99,418,506,0.42763897764072356,0.4148671744660224,18.63,120,10,0
P0022,Floor Cleaner Plus,Home Care,Students,Hyderabad,472.4,299.74,172.66,36.55,973,1116,0.3193537343713198,0.904157463383332,4.32,318,15,0
P0022,Floor Cleaner Plus,Home Care,Students,Bengaluru,472.4,299.74,172.66,36.55,144,104,0.43818571244010407,0.6059949281168918,14.42,45,20,0
P0022,Floor Cleaner Plus,Home Care,Students,Mumbai,472.4,299.74,172.66,36.55,56,72,0.9188742756173286,0.9259156281325083,6.43,25,20,0
P0022,Floor Cleaner Plus,Home Care,Students,Delhi,472.4,299.74,172.66,36.55,162,122,0.35321726772626005,0.4456363028670784,24.54,44,5,0
P0022,Floor Cleaner Plus,Home Care,Students,Chennai,472.4,299.74,172.66,36.55,207,120,0.5384179884906417,0.32151890432252694,74.81,61,15,1
P0022,Floor Cleaner Plus,Home Care,Students,Pune,472.4,299.74,172.66,36.55,119,79,0.7714370795139934,0.8097007488769707,16.97,48,15,0
P0022,Floor Cleaner Plus,Home Care,Students,Kolkata,472.4,299.74,172.66,36.55,206,290,0.4843849121415571,0.36908769138323994,8.07,60,20,1
P0022,Floor Cleaner Plus,Home Care,Students,Ahmedabad,472.4,299.74,172.66,36.55,244,171,0.7177696644584982,0.8011809577557034,19.48,96,20,0
P0022,Floor Cleaner Plus,Home Care,Professionals,Hyderabad,472.4,299.74,172.66,36.55,973,1116,0.7551050245113615,0.8714293426036244,83.23,398,5,1
P0022,Floor Cleaner Plus,Home Care,Professionals,Bengaluru,472.4,299.74,172.66,36.55,144,104,0.527751318019892,0.9798724287479088,22.29,54,20,0
P0022,Floor Cleaner Plus,Home Care,Professionals,Mumbai,472.4,299.74,172.66,36.55,56,72,0.2588185643102798,0.8236286084225737,42.86,17,10,1
P0022,Floor Cleaner Plus,Home Care,Professionals,Delhi,472.4,299.74,172.66,36.55,162,122,0.3610426834078251,0.5666641401547153,2.48,47,20,0
P0022,Floor Cleaner Plus,Home Care,Professionals,Chennai,472.4,299.74,172.66,36.55,207,120,0.16887403682397223,0.9779590672978717,21.33,63,15,1
P0022,Floor Cleaner Plus,Home Care,Professionals,Pune,472.4,299.74,172.66,36.55,119,79,0.5135023403170608,0.6985338781270927,16.54,40,10,0
P0022,Floor Cleaner Plus,Home Care,Professionals,Kolkata,472.4,299.74,172.66,36.55,206,290,0.3869186938988248,0.25594716601261625,14.48,53,10,0
P0022,Floor Cleaner Plus,Home Care,Professionals,Ahmedabad,472.4,299.74,172.66,36.55,244,171,0.29214378933618884,0.9702298142010941,64.58,80,15,2
P0022,Floor Cleaner Plus,Home Care,Families,Hyderabad,472.4,299.74,172.66,36.55,973,1116,0.5036645583751018,0.3250598722514245,11.95,283,15,0
P0022,Floor Cleaner Plus,Home Care,Families,Bengaluru,472.4,299.74,172.66,36.55,144,104,0.1825611141803729,0.24240015353399189,6.39,31,15,0
P0022,Floor Cleaner Plus,Home Care,Families,Mumbai,472.4,299.74,172.66,36.55,56,72,0.6450898126480931,0.2724931984879076,60.0,17,5,1
P0022,Floor Cleaner Plus,Home Care,Families,Delhi,472.4,299.74,172.66,36.55,162,122,0.7790859728718084,0.3486334405322735,8.58,56,15,0
P0022,Floor Cleaner Plus,Home Care,Families,Chennai,472.4,299.74,172.66,36.55,207,120,0.5065709650974624,0.43225127313959855,9.99,63,20,0
P0022,Floor Cleaner Plus,Home Care,Families,Pune,472.4,299.74,172.66,36.55,119,79,0.25366885370153774,0.39508653803381855,-1.89,29,5,1
P0022,Floor Cleaner Plus,Home Care,Families,Kolkata,472.4,299.74,172.66,36.55,206,290,0.908848205694039,0.937661840898355,7.84,92,15,0
P0022,Floor Cleaner Plus,Home Care,Families,Ahmedabad,472.4,299.74,172.66,36.55,244,171,0.2325479539337884,0.48184739263171406,23.14,62,5,0
P0022,Floor Cleaner Plus,Home Care,Premium Customers,Hyderabad,472.4,299.74,172.66,36.55,973,1116,0.352172392457474,0.6380312910557367,3.02,292,15,0
P0022,Floor Cleaner Plus,Home Care,Premium Customers,Bengaluru,472.4,299.74,172.66,36.55,144,104,0.7143375192046127,0.2727572479946447,58.24,47,20,1
P0022,Floor Cleaner Plus,Home Care,Premium Customers,Mumbai,472.4,299.74,172.66,36.55,56,72,0.31075130395866146,0.6465075814751151,14.2,16,20,0
P0022,Floor Cleaner Plus,Home Care,Premium Customers,Delhi,472.4,299.74,172.66,36.55,162,122,0.9014039745773079,0.9542523250850348,5.38,72,10,0
P0022,Floor Cleaner Plus,Home Care,Premium Customers,Chennai,472.4,299.74,172.66,36.55,207,120,0.8647224698709661,0.48673467856782865,4.49,79,20,1
P0022,Floor Cleaner Plus,Home Care,Premium Customers,Pune,472.4,299.74,172.66,36.55,119,79,0.9458628097142815,0.564836111311714,64.75,48,5,1
P0022,Floor Cleaner Plus,Home Care,Premium Customers,Kolkata,472.4,299.74,172.66,36.55,206,290,0.439134570973168,0.28991540135683974,61.27,56,15,1
P0022,Floor Cleaner Plus,Home Care,Premium Customers,Ahmedabad,472.4,299.74,172.66,36.55,244,171,0.2628801893747232,0.8001146086350379,20.44,73,5,0
P0023,Floor Cleaner Classic,Home Care,Students,Hyderabad,449.99,277.45,172.54,38.34,268,175,0.7007843975243517,0.3106873867333258,60.52,88,5,2
P0023,Floor Cleaner Classic,Home Care,Students,Bengaluru,449.99,277.45,172.54,38.34,168,194,0.5476579174908481,0.3073186599775237,6.56,50,20,0
P0023,Floor Cleaner Classic,Home Care,Students,Mumbai,449.99,277.45,172.54,38.34,337,449,0.156101314484214,0.875625548983181,8.24,97,5,0
P0023,Floor Cleaner Classic,Home Care,Students,Delhi,449.99,277.45,172.54,38.34,171,247,0.5870402262098723,0.5051927109335759,17.78,56,10,1
P0023,Floor Cleaner Classic,Home Care,Students,Chennai,449.99,277.45,172.54,38.34,204,179,0.6040329265625549,0.8752252394415243,19.85,77,10,0
P0023,Floor Cleaner Classic,Home Care,Students,Pune,449.99,277.45,172.54,38.34,360,468,0.9326269499581848,0.33228023880034635,3.29,136,20,0
P0023,Floor Cleaner Classic,Home Care,Students,Kolkata,449.99,277.45,172.54,38.34,200,220,0.6399669361191207,0.2567846567483158,15.73,62,10,0
P0023,Floor Cleaner Classic,Home Care,Students,Ahmedabad,449.99,277.45,172.54,38.34,94,77,0.2873968891709713,0.875406654796981,13.68,29,5,0
P0023,Floor Cleaner Classic,Home Care,Professionals,Hyderabad,449.99,277.45,172.54,38.34,268,175,0.5312116210182495,0.7498653196285989,59.98,93,10,3
P0023,Floor Cleaner Classic,Home Care,Professionals,Bengaluru,449.99,277.45,172.54,38.34,168,194,0.8763863273752133,0.6063999196761347,5.2,67,15,0
P0023,Floor Cleaner Classic,Home Care,Professionals,Mumbai,449.99,277.45,172.54,38.34,337,449,0.7414610508053295,0.9063586582651155,3.05,138,10,0
P0023,Floor Cleaner Classic,Home Care,Professionals,Delhi,449.99,277.45,172.54,38.34,171,247,0.21225104669320602,0.3383847918440573,15.49,40,5,1
P0023,Floor Cleaner Classic,Home Care,Professionals,Chennai,449.99,277.45,172.54,38.34,204,179,0.5521869886142384,0.7682853867964285,13.13,72,5,0
P0023,Floor Cleaner Classic,Home Care,Professionals,Pune,449.99,277.45,172.54,38.34,360,468,0.9254642518810856,0.4075814072596828,14.08,138,20,0
P0023,Floor Cleaner Classic,Home Care,Professionals,Kolkata,449.99,277.45,172.54,38.34,200,220,0.2674485613531102,0.8275679200123827,14.12,61,15,0
P0023,Floor Cleaner Classic,Home Care,Professionals,Ahmedabad,449.99,277.45,172.54,38.34,94,77,0.8734816224183433,0.6337006512818945,9.09,37,15,0
P0023,Floor Cleaner Classic,Home Care,Families,Hyderabad,449.99,277.45,172.54,38.34,268,175,0.6465487856324208,0.703105774826142,16.35,98,15,1
P0023,Floor Cleaner Classic,Home Care,Families,Bengaluru,449.99,277.45,172.54,38.34,168,194,0.36834863785698824,0.5567868488218732,32.63,49,15,1
P0023,Floor Cleaner Classic,Home Care,Families,Mumbai,449.99,277.45,172.54,38.34,337,449,0.18474039206546067,0.830732160891092,28.82,97,10,1
P0023,Floor Cleaner Classic,Home Care,Families,Delhi,449.99,277.45,172.54,38.34,171,247,0.6290009594776512,0.67449102093206,11.02,61,20,0
P0023,Floor Cleaner Classic,Home Care,Families,Chennai,449.99,277.45,172.54,38.34,204,179,0.3422848632291038,0.5189856668995823,13.68,57,10,0
P0023,Floor Cleaner Classic,Home Care,Families,Pune,449.99,277.45,172.54,38.34,360,468,0.520533571771258,0.4223918866429321,21.11,110,10,0
P0023,Floor Cleaner Classic,Home Care,Families,Kolkata,449.99,277.45,172.54,38.34,200,220,0.4815942511223501,0.710808263691558,3.51,67,15,0
P0023,Floor Cleaner Classic,Home Care,Families,Ahmedabad,449.99,277.45,172.54,38.34,94,77,0.8453646795413596,0.9355711698622668,10.82,40,10,0
P0023,Floor Cleaner Classic,Home Care,Premium Customers,Hyderabad,449.99,277.45,172.54,38.34,268,175,0.33874794870650105,0.33315069035116657,20.35,69,15,0
P0023,Floor Cleaner Classic,Home Care,Premium Customers,Bengaluru,449.99,277.45,172.54,38.34,168,194,0.7198515826478001,0.5488042037898402,12.9,60,10,0
P0023,Floor Cleaner Classic,Home Care,Premium Customers,Mumbai,449.99,277.45,172.54,38.34,337,449,0.43008242127511953,0.9599865055857217,16.23,119,10,0
P0023,Floor Cleaner Classic,Home Care,Premium Customers,Delhi,449.99,277.45,172.54,38.34,171,247,0.32334883006257464,0.3646710840626821,70.11,44,5,1
P0023,Floor Cleaner Classic,Home Care,Premium Customers,Chennai,449.99,277.45,172.54,38.34,204,179,0.2838427305510273,0.32071288930811664,4.55,50,15,1
P0023,Floor Cleaner Classic,Home Care,Premium Customers,Pune,449.99,277.45,172.54,38.34,360,468,0.24499753048384967,0.5630034881842785,4.93,96,15,0
P0023,Floor Cleaner Classic,Home Care,Premium Customers,Kolkata,449.99,277.45,172.54,38.34,200,220,0.9437902748555129,0.4057289570770684,10.97,77,5,0
P0023,Floor Cleaner Classic,Home Care,Premium Customers,Ahmedabad,449.99,277.45,172.54,38.34,94,77,0.7115266205822577,0.9154565841526805,64.58,38,10,1
P0024,Chocolate Pro,Snacks,Students,Hyderabad,254.35,198.27,56.08,22.05,79,79,0.31694230920132715,0.3028780776429198,18.34,19,10,0
P0024,Chocolate Pro,Snacks,Students,Bengaluru,254.35,198.27,56.08,22.05,302,204,0.9182078474097939,0.4140270348437571,11.69,116,5,0
P0024,Chocolate Pro,Snacks,Students,Mumbai,254.35,198.27,56.08,22.05,240,320,0.24799573655368795,0.3789030672368111,4.82,59,20,0
P0024,Chocolate Pro,Snacks,Students,Delhi,254.35,198.27,56.08,22.05,139,166,0.4185192592386713,0.38213182481096564,13.63,39,10,0
P0024,Chocolate Pro,Snacks,Students,Chennai,254.35,198.27,56.08,22.05,206,239,0.2776749543183634,0.6972608403047917,15.93,60,5,1
P0024,Chocolate Pro,Snacks,Students,Pune,254.35,198.27,56.08,22.05,237,166,0.8881974484584942,0.7422053950151148,14.62,99,20,0
P0024,Chocolate Pro,Snacks,Students,Kolkata,254.35,198.27,56.08,22.05,301,398,0.8882276951864747,0.3180523648930133,23.1,110,20,0
P0024,Chocolate Pro,Snacks,Students,Ahmedabad,254.35,198.27,56.08,22.05,273,283,0.5375396405258662,0.6315821202621723,54.35,91,5,1
P0024,Chocolate Pro,Snacks,Professionals,Hyderabad,254.35,198.27,56.08,22.05,79,79,0.7309252414046079,0.46796543495799076,3.6,28,20,0
P0024,Chocolate Pro,Snacks,Professionals,Bengaluru,254.35,198.27,56.08,22.05,302,204,0.1587769660026165,0.9005549225504039,17.74,88,20,1
P0024,Chocolate Pro,Snacks,Professionals,Mumbai,254.35,198.27,56.08,22.05,240,320,0.7840781044333072,0.23538067954540784,33.11,80,15,1
P0024,Chocolate Pro,Snacks,Professionals,Delhi,254.35,198.27,56.08,22.05,139,166,0.40262388581374287,0.29955818712125315,61.7,37,10,1
P0024,Chocolate Pro,Snacks,Professionals,Chennai,254.35,198.27,56.08,22.05,206,239,0.42521398829142054,0.6722485405544405,10.59,65,10,0
P0024,Chocolate Pro,Snacks,Professionals,Pune,254.35,198.27,56.08,22.05,237,166,0.721179946219494,0.6240338069923719,18.78,88,5,0
P0024,Chocolate Pro,Snacks,Professionals,Kolkata,254.35,198.27,56.08,22.05,301,398,0.49390913473133535,0.6607261887695858,24.29,99,10,0
P0024,Chocolate Pro,Snacks,Professionals,Ahmedabad,254.35,198.27,56.08,22.05,273,283,0.6044296687657901,0.5720042664939202,19.84,93,5,0
P0024,Chocolate Pro,Snacks,Families,Hyderabad,254.35,198.27,56.08,22.05,79,79,0.7421390561507885,0.5575004414190372,17.16,29,5,0
P0024,Chocolate Pro,Snacks,Families,Bengaluru,254.35,198.27,56.08,22.05,302,204,0.8405361658593271,0.5451949284418796,17.17,116,20,0
P0024,Chocolate Pro,Snacks,Families,Mumbai,254.35,198.27,56.08,22.05,240,320,0.8057699035178623,0.9648531757356473,9.12,103,15,0
P0024,Chocolate Pro,Snacks,Families,Delhi,254.35,198.27,56.08,22.05,139,166,0.7879504398267387,0.28199303345147153,14.29,47,10,1
P0024,Chocolate Pro,Snacks,Families,Chennai,254.35,198.27,56.08,22.05,206,239,0.4138607672066493,0.8958200150686992,45.45,71,5,1
P0024,Chocolate Pro,Snacks,Families,Pune,254.35,198.27,56.08,22.05,237,166,0.3853865158718741,0.47942921883200534,9.72,68,15,0
P0024,Chocolate Pro,Snacks,Families,Kolkata,254.35,198.27,56.08,22.05,301,398,0.7079016431868708,0.23726054054549933,12.44,96,15,0
P0024,Chocolate Pro,Snacks,Families,Ahmedabad,254.35,198.27,56.08,22.05,273,283,0.8528154014834296,0.9302347540789364,20.81,119,5,0
P0024,Chocolate Pro,Snacks,Premium Customers,Hyderabad,254.35,198.27,56.08,22.05,79,79,0.6841793027489658,0.8504519523796288,9.47,31,10,0
P0024,Chocolate Pro,Snacks,Premium Customers,Bengaluru,254.35,198.27,56.08,22.05,302,204,0.574700285122803,0.48802042679762336,40.57,98,10,1
P0024,Chocolate Pro,Snacks,Premium Customers,Mumbai,254.35,198.27,56.08,22.05,240,320,0.8902414534279101,0.7140285795857526,20.79,100,20,0
P0024,Chocolate Pro,Snacks,Premium Customers,Delhi,254.35,198.27,56.08,22.05,139,166,0.8075704643411955,0.890464928011031,5.82,58,15,0
P0024,Chocolate Pro,Snacks,Premium Customers,Chennai,254.35,198.27,56.08,22.05,206,239,0.16248526207799063,0.3657421056360927,7.83,47,5,0
P0024,Chocolate Pro,Snacks,Premium Customers,Pune,254.35,198.27,56.08,22.05,237,166,0.5080261534368198,0.35857820420396147,4.36,70,10,0
P0024,Chocolate Pro,Snacks,Premium Customers,Kolkata,254.35,198.27,56.08,22.05,301,398,0.8137395086470832,0.484049422132244,31.25,112,10,1
P0024,Chocolate Pro,Snacks,Premium Customers,Ahmedabad,254.35,198.27,56.08,22.05,273,283,0.33738895930558943,0.27573631234853757,16.82,68,20,0
P0025,Energy Drinks Plus,Beverages,Students,Hyderabad,185.23,159.51,25.72,13.89,88,125,0.6625504224296214,0.8190147868409343,2.19,33,10,0
P0025,Energy Drinks Plus,Beverages,Students,Bengaluru,185.23,159.51,25.72,13.89,200,280,0.2669951291324218,0.27098503255450623,80.49,47,10,1
P0025,Energy Drinks Plus,Beverages,Students,Mumbai,185.23,159.51,25.72,13.89,90,70,0.5950967264789652,0.5737258957711002,36.76,30,5,1
P0025,Energy Drinks Plus,Beverages,Students,Delhi,185.23,159.51,25.72,13.89,76,57,0.4975908822920949,0.3236158516124638,24.41,22,20,0
P0025,Energy Drinks Plus,Beverages,Students,Chennai,185.23,159.51,25.72,13.89,212,120,0.47799199297603534,0.5899987388374625,24.25,67,5,0
P0025,Energy Drinks Plus,Beverages,Students,Pune,185.23,159.51,25.72,13.89,172,146,0.9004413898509749,0.2903911416392121,5.61,63,5,0
P0025,Energy Drinks Plus,Beverages,Students,Kolkata,185.23,159.51,25.72,13.89,499,381,0.32872949968049364,0.5233949223593506,17.63,140,15,0
P0025,Energy Drinks Plus,Beverages,Students,Ahmedabad,185.23,159.51,25.72,13.89,116,139,0.4939515978439588,0.4058865893748309,18.48,34,10,0
P0025,Energy Drinks Plus,Beverages,Professionals,Hyderabad,185.23,159.51,25.72,13.89,88,125,0.8068360851233357,0.9455457972680907,18.38,37,5,0
P0025,Energy Drinks Plus,Beverages,Professionals,Bengaluru,185.23,159.51,25.72,13.89,200,280,0.3048859966562888,0.7038991169388016,60.2,59,5,1
P0025,Energy Drinks Plus,Beverages,Professionals,Mumbai,185.23,159.51,25.72,13.89,90,70,0.46730406003896774,0.792072883016276,32.03,30,10,1
P0025,Energy Drinks Plus,Beverages,Professionals,Delhi,185.23,159.51,25.72,13.89,76,57,0.9333791125671951,0.6299404487498697,67.57,31,5,1
P0025,Energy Drinks Plus,Beverages,Professionals,Chennai,185.23,159.51,25.72,13.89,212,120,0.5495333224657176,0.5197334614114247,4.59,68,5,0
P0025,Energy Drinks Plus,Beverages,Professionals,Pune,185.23,159.51,25.72,13.89,172,146,0.40388276046292815,0.9446603168182641,61.76,60,15,1
P0025,Energy Drinks Plus,Beverages,Professionals,Kolkata,185.23,159.51,25.72,13.89,499,381,0.5574702904465028,0.39742942394268344,2.42,155,10,0
P0025,Energy Drinks Plus,Beverages,Professionals,Ahmedabad,185.23,159.51,25.72,13.89,116,139,0.2034516915803378,0.4457169578462469,11.96,28,5,0
P0025,Energy Drinks Plus,Beverages,Families,Hyderabad,185.23,159.51,25.72,13.89,88,125,0.9460496093639181,0.6550239330056717,29.47,37,10,1
P0025,Energy Drinks Plus,Beverages,Families,Bengaluru,185.23,159.51,25.72,13.89,200,280,0.2675109409857257,0.48218624665997534,6.24,52,5,0
P0025,Energy Drinks Plus,Beverages,Families,Mumbai,185.23,159.51,25.72,13.89,90,70,0.7526363502458325,0.5275280779927419,21.94,32,5,0
P0025,Energy Drinks Plus,Beverages,Families,Delhi,185.23,159.51,25.72,13.89,76,57,0.9471634501255144,0.5563268464994655,17.15,31,5,0
P0025,Energy Drinks Plus,Beverages,Families,Chennai,185.23,159.51,25.72,13.89,212,120,0.2036139717655879,0.8400851205999025,10.21,62,20,0
P0025,Energy Drinks Plus,Beverages,Families,Pune,185.23,159.51,25.72,13.89,172,146,0.8193662635405091,0.9606971560913722,35.48,74,15,1
P0025,Energy Drinks Plus,Beverages,Families,Kolkata,185.23,159.51,25.72,13.89,499,381,0.79699858819301,0.7801036109989712,36.07,203,20,1
P0025,Energy Drinks Plus,Beverages,Families,Ahmedabad,185.23,159.51,25.72,13.89,116,139,0.7222898072360391,0.6849509934839235,10.24,44,20,0
P0025,Energy Drinks Plus,Beverages,Premium Customers,Hyderabad,185.23,159.51,25.72,13.89,88,125,0.1655802594557075,0.792695733225643,16.13,24,10,1
P0025,Energy Drinks Plus,Beverages,Premium Customers,Bengaluru,185.23,159.51,25.72,13.89,200,280,0.19896391426816595,0.5836976615687355,17.12,52,20,0
P0025,Energy Drinks Plus,Beverages,Premium Customers,Mumbai,185.23,159.51,25.72,13.89,90,70,0.6587396544523303,0.830468787102002,5.59,34,15,0
P0025,Energy Drinks Plus,Beverages,Premium Customers,Delhi,185.23,159.51,25.72,13.89,76,57,0.6003052066657647,0.46983536733887576,17.07,24,10,1
P0025,Energy Drinks Plus,Beverages,Premium Customers,Chennai,185.23,159.51,25.72,13.89,212,120,0.5717496187272223,0.45109260631217457,13.51,67,15,0
P0025,Energy Drinks Plus,Beverages,Premium Customers,Pune,185.23,159.51,25.72,13.89,172,146,0.52144570180449,0.8287896568911239,47.52,61,5,2
P0025,Energy Drinks Plus,Beverages,Premium Customers,Kolkata,185.23,159.51,25.72,13.89,499,381,0.8396727447651724,0.9880844653711587,15.69,220,20,0
P0025,Energy Drinks Plus,Beverages,Premium Customers,Ahmedabad,185.23,159.51,25.72,13.89,116,139,0.3696724309927112,0.5274051561592183,21.62,33,10,1
P0026,Power Bank Pro,Electronics,Students,Hyderabad,571.26,489.46,81.8,14.32,363,382,0.27073919892365034,0.7813335792404159,55.97,109,15,2
P0026,Power Bank Pro,Electronics,Students,Bengaluru,571.26,489.46,81.8,14.32,399,429,0.7092643516796481,0.9272063546904177,5.12,162,20,0
P0026,Power Bank Pro,Electronics,Students,Mumbai,571.26,489.46,81.8,14.32,64,72,0.2052152234042757,0.24916073994618806,5.29,14,20,0
P0026,Power Bank Pro,Electronics,Students,Delhi,571.26,489.46,81.8,14.32,111,144,0.3668312602486451,0.7670894132760071,20.84,35,5,0
P0026,Power Bank Pro,Electronics,Students,Chennai,571.26,489.46,81.8,14.32,69,69,0.3487938818005261,0.7094304183298379,22.05,21,15,0
P0026,Power Bank Pro,Electronics,Students,Pune,571.26,489.46,81.8,14.32,121,110,0.435941764864305,0.3358946197651478,29.63,33,20,1
P0026,Power Bank Pro,Electronics,Students,Kolkata,571.26,489.46,81.8,14.32,384,312,0.7665054137652328,0.9132075666302502,8.4,160,5,0
P0026,Power Bank Pro,Electronics,Students,Ahmedabad,571.26,489.46,81.8,14.32,196,282,0.5817654735685145,0.4489720440876952,82.35,63,20,1
P0026,Power Bank Pro,Electronics,Professionals,Hyderabad,571.26,489.46,81.8,14.32,363,382,0.3932204292131708,0.7611842515539917,5.26,117,10,0
P0026,Power Bank Pro,Electronics,Professionals,Bengaluru,571.26,489.46,81.8,14.32,399,429,0.5610386592657514,0.6637719384262342,1.2,137,5,1
P0026,Power Bank Pro,Electronics,Professionals,Mumbai,571.26,489.46,81.8,14.32,64,72,0.6996612728256016,0.6182914254200655,73.78,23,20,1
P0026,Power Bank Pro,Electronics,Professionals,Delhi,571.26,489.46,81.8,14.32,111,144,0.8927203195359299,0.8194721441117911,12.89,47,20,0
P0026,Power Bank Pro,Electronics,Professionals,Chennai,571.26,489.46,81.8,14.32,69,69,0.4640329608683472,0.9911732142026448,10.19,25,5,0
P0026,Power Bank Pro,Electronics,Professionals,Pune,571.26,489.46,81.8,14.32,121,110,0.7837977844683788,0.7807377582754917,19.39,48,20,0
P0026,Power Bank Pro,Electronics,Professionals,Kolkata,571.26,489.46,81.8,14.32,384,312,0.25229830660074404,0.5516278910873673,19.89,103,10,0
P0026,Power Bank Pro,Electronics,Professionals,Ahmedabad,571.26,489.46,81.8,14.32,196,282,0.43522624709074453,0.5001793625582909,51.19,58,15,3
P0026,Power Bank Pro,Electronics,Families,Hyderabad,571.26,489.46,81.8,14.32,363,382,0.8576873353748523,0.93710611686543,15.07,159,5,1
P0026,Power Bank Pro,Electronics,Families,Bengaluru,571.26,489.46,81.8,14.32,399,429,0.2546711073471972,0.266049346881574,16.69,93,10,0
P0026,Power Bank Pro,Electronics,Families,Mumbai,571.26,489.46,81.8,14.32,64,72,0.346112638128091,0.806876653155852,11.89,20,15,0
P0026,Power Bank Pro,Electronics,Families,Delhi,571.26,489.46,81.8,14.32,111,144,0.21050686821753944,0.42741105681891844,64.9,27,10,1
P0026,Power Bank Pro,Electronics,Families,Chennai,571.26,489.46,81.8,14.32,69,69,0.5988506440440604,0.6295473928348573,1.49,24,10,1
P0026,Power Bank Pro,Electronics,Families,Pune,571.26,489.46,81.8,14.32,121,110,0.8658288460432586,0.5126137292824835,63.49,46,5,1
P0026,Power Bank Pro,Electronics,Families,Kolkata,571.26,489.46,81.8,14.32,384,312,0.6932198975285627,0.511566015684793,24.09,135,5,0
P0026,Power Bank Pro,Electronics,Families,Ahmedabad,571.26,489.46,81.8,14.32,196,282,0.48764445203023543,0.4335097814535483,6.17,59,10,0
P0026,Power Bank Pro,Electronics,Premium Customers,Hyderabad,571.26,489.46,81.8,14.32,363,382,0.5858402581857253,0.20720792306436123,11.94,106,10,1
P0026,Power Bank Pro,Electronics,Premium Customers,Bengaluru,571.26,489.46,81.8,14.32,399,429,0.5287028151448044,0.8635293615005037,23.96,145,20,0
P0026,Power Bank Pro,Electronics,Premium Customers,Mumbai,571.26,489.46,81.8,14.32,64,72,0.8336391694528726,0.7243157473877986,44.54,26,10,1
P0026,Power Bank Pro,Electronics,Premium Customers,Delhi,571.26,489.46,81.8,14.32,111,144,0.8353677838973584,0.5933136041860051,20.65,43,10,0
P0026,Power Bank Pro,Electronics,Premium Customers,Chennai,571.26,489.46,81.8,14.32,69,69,0.526436985491781,0.9530861278145808,5.12,25,10,0
P0026,Power Bank Pro,Electronics,Premium Customers,Pune,571.26,489.46,81.8,14.32,121,110,0.2773423570344531,0.5382317654245594,5.16,33,5,0
P0026,Power Bank Pro,Electronics,Premium Customers,Kolkata,571.26,489.46,81.8,14.32,384,312,0.9423212545253099,0.8148870559350563,8.54,169,20,0
P0026,Power Bank Pro,Electronics,Premium Customers,Ahmedabad,571.26,489.46,81.8,14.32,196,282,0.4584461684404001,0.879972518163427,17.99,68,20,0
P0027,Chips Value,Snacks,Students,Hyderabad,598.6,366.08,232.52,38.84,118,166,0.43813953853968535,0.20516744436095966,4.59,31,20,0
P0027,Chips Value,Snacks,Students,Bengaluru,598.6,366.08,232.52,38.84,112,145,0.9320665894905713,0.7902619534455062,44.35,48,5,2
P0027,Chips Value,Snacks,Students,Mumbai,598.6,366.08,232.52,38.84,304,196,0.5032293054722685,0.9691280828468318,69.34,113,20,1
P0027,Chips Value,Snacks,Students,Delhi,598.6,366.08,232.52,38.84,555,537,0.1946145660501484,0.27922601306999617,2.58,124,15,0
P0027,Chips Value,Snacks,Students,Chennai,598.6,366.08,232.52,38.84,95,74,0.6507564790210391,0.47199896850021467,53.66,32,20,1
P0027,Chips Value,Snacks,Students,Pune,598.6,366.08,232.52,38.84,184,188,0.3797595824547757,0.23647164135902277,9.68,47,15,1
P0027,Chips Value,Snacks,Students,Kolkata,598.6,366.08,232.52,38.84,73,94,0.3109021042500541,0.2153882704390899,7.86,17,15,0
P0027,Chips Value,Snacks,Students,Ahmedabad,598.6,366.08,232.52,38.84,109,130,0.4623644721109783,0.615918567943909,67.12,34,5,2
P0027,Chips Value,Snacks,Professionals,Hyderabad,598.6,366.08,232.52,38.84,118,166,0.7112829750375479,0.638945933919181,2.35,43,20,0
P0027,Chips Value,Snacks,Professionals,Bengaluru,598.6,366.08,232.52,38.84,112,145,0.8059976365663438,0.5516307135984501,56.59,42,10,2
P0027,Chips Value,Snacks,Professionals,Mumbai,598.6,366.08,232.52,38.84,304,196,0.5870110204390184,0.6105229450189175,31.03,104,10,1
P0027,Chips Value,Snacks,Professionals,Delhi,598.6,366.08,232.52,38.84,555,537,0.5154160902021767,0.4363711843559963,14.66,170,5,0
P0027,Chips Value,Snacks,Professionals,Chennai,598.6,366.08,232.52,38.84,95,74,0.7550417604162055,0.7578098291419852,18.3,37,15,1
P0027,Chips Value,Snacks,Professionals,Pune,598.6,366.08,232.52,38.84,184,188,0.5658085929687047,0.9319697422609203,4.72,69,10,0
P0027,Chips Value,Snacks,Professionals,Kolkata,598.6,366.08,232.52,38.84,73,94,0.8664107038169149,0.31356761728000015,7.46,26,10,1
P0027,Chips Value,Snacks,Professionals,Ahmedabad,598.6,366.08,232.52,38.84,109,130,0.8540016752350906,0.7203295282898989,3.27,44,15,0
P0027,Chips Value,Snacks,Families,Hyderabad,598.6,366.08,232.52,38.84,118,166,0.598993919630376,0.20947179986468767,10.53,34,15,0
P0027,Chips Value,Snacks,Families,Bengaluru,598.6,366.08,232.52,38.84,112,145,0.719144563928073,0.9719880883334677,9.66,46,20,0
P0027,Chips Value,Snacks,Families,Mumbai,598.6,366.08,232.52,38.84,304,196,0.5041616305554104,0.5259112032812967,54.23,96,20,2
P0027,Chips Value,Snacks,Families,Delhi,598.6,366.08,232.52,38.84,555,537,0.8006916419466983,0.6288930831801562,16.37,215,5,0
P0027,Chips Value,Snacks,Families,Chennai,598.6,366.08,232.52,38.84,95,74,0.22028246209779717,0.23979745792123933,2.96,21,15,0
P0027,Chips Value,Snacks,Families,Pune,598.6,366.08,232.52,38.84,184,188,0.7933556846715054,0.30174890657017583,64.14,63,20,2
P0027,Chips Value,Snacks,Families,Kolkata,598.6,366.08,232.52,38.84,73,94,0.44430911716675214,0.8195388678969935,60.9,24,20,1
P0027,Chips Value,Snacks,Families,Ahmedabad,598.6,366.08,232.52,38.84,109,130,0.7837404637515273,0.3161145472788075,6.91,37,10,0
P0027,Chips Value,Snacks,Premium Customers,Hyderabad,598.6,366.08,232.52,38.84,118,166,0.37301678994013493,0.4709563488989845,36.36,33,15,1
P0027,Chips Value,Snacks,Premium Customers,Bengaluru,598.6,366.08,232.52,38.84,112,145,0.9134676250991401,0.4511692714745672,9.46,43,5,0
P0027,Chips Value,Snacks,Premium Customers,Mumbai,598.6,366.08,232.52,38.84,304,196,0.5473310620642695,0.7330532811760166,20.83,106,5,0
P0027,Chips Value,Snacks,Premium Customers,Delhi,598.6,366.08,232.52,38.84,555,537,0.46596422090623213,0.2493613448610743,41.82,152,15,1
P0027,Chips Value,Snacks,Premium Customers,Chennai,598.6,366.08,232.52,38.84,95,74,0.8425260062747779,0.555686600779437,5.87,36,10,0
P0027,Chips Value,Snacks,Premium Customers,Pune,598.6,366.08,232.52,38.84,184,188,0.2208167692424361,0.49081909294233816,15.25,47,20,0
P0027,Chips Value,Snacks,Premium Customers,Kolkata,598.6,366.08,232.52,38.84,73,94,0.6755332134791606,0.3799212155058454,9.27,24,15,0
P0027,Chips Value,Snacks,Premium Customers,Ahmedabad,598.6,366.08,232.52,38.84,109,130,0.6461836521871593,0.8666782420197976,19.74,42,10,0
P0028,Backpack Daily,Fashion,Students,Hyderabad,623.14,508.77,114.37,18.35,222,200,0.830568909997479,0.5212701259470093,28.14,84,20,1
P0028,Backpack Daily,Fashion,Students,Bengaluru,623.14,508.77,114.37,18.35,281,192,0.7317155699003958,0.9634727451445508,24.52,117,20,0
P0028,Backpack Daily,Fashion,Students,Mumbai,623.14,508.77,114.37,18.35,44,36,0.8117288323842426,0.5626312597362118,5.5,16,15,0
P0028,Backpack Daily,Fashion,Students,Delhi,623.14,508.77,114.37,18.35,805,974,0.9267579742278723,0.979564821529618,25.35,368,20,1
P0028,Backpack Daily,Fashion,Students,Chennai,623.14,508.77,114.37,18.35,157,142,0.5034478466539271,0.7825778135474484,12.4,54,10,0
P0028,Backpack Daily,Fashion,Students,Pune,623.14,508.77,114.37,18.35,390,386,0.27760086511441484,0.9125442522129834,24.52,124,10,0
P0028,Backpack Daily,Fashion,Students,Kolkata,623.14,508.77,114.37,18.35,349,323,0.3558981747171824,0.392886622337888,59.48,94,15,1
P0028,Backpack Daily,Fashion,Students,Ahmedabad,623.14,508.77,114.37,18.35,231,219,0.526027433969017,0.4350197530605379,3.51,71,10,0
P0028,Backpack Daily,Fashion,Professionals,Hyderabad,623.14,508.77,114.37,18.35,222,200,0.737091757086335,0.6638168010073284,16.34,84,10,0
P0028,Backpack Daily,Fashion,Professionals,Bengaluru,623.14,508.77,114.37,18.35,281,192,0.4742457124958136,0.36291197760038796,6.41,81,15,0
P0028,Backpack Daily,Fashion,Professionals,Mumbai,623.14,508.77,114.37,18.35,44,36,0.8255442243956628,0.7424213782139188,17.42,17,20,0
P0028,Backpack Daily,Fashion,Professionals,Delhi,623.14,508.77,114.37,18.35,805,974,0.7476457337355408,0.4363027705671228,5.66,285,20,0
P0028,Backpack Daily,Fashion,Professionals,Chennai,623.14,508.77,114.37,18.35,157,142,0.4168243876967288,0.32601102938844423,27.45,43,15,1
P0028,Backpack Daily,Fashion,Professionals,Pune,623.14,508.77,114.37,18.35,390,386,0.1587793237248082,0.8290373311149348,24.18,111,10,0
P0028,Backpack Daily,Fashion,Professionals,Kolkata,623.14,508.77,114.37,18.35,349,323,0.6977757144518517,0.28830847572681445,31.98,113,20,1
P0028,Backpack Daily,Fashion,Professionals,Ahmedabad,623.14,508.77,114.37,18.35,231,219,0.4679969202756624,0.7072569600735996,5.65,76,10,0
P0028,Backpack Daily,Fashion,Families,Hyderabad,623.14,508.77,114.37,18.35,222,200,0.16234107960010488,0.7025290017520407,60.48,60,10,1
P0028,Backpack Daily,Fashion,Families,Bengaluru,623.14,508.77,114.37,18.35,281,192,0.844590835927363,0.30268949528422456,12.08,100,15,0
P0028,Backpack Daily,Fashion,Families,Mumbai,623.14,508.77,114.37,18.35,44,36,0.5132745721705056,0.8878832145801501,15.5,16,10,0
P0028,Backpack Daily,Fashion,Families,Delhi,623.14,508.77,114.37,18.35,805,974,0.3520831747079544,0.49303782545039365,10.89,227,15,0
P0028,Backpack Daily,Fashion,Families,Chennai,623.14,508.77,114.37,18.35,157,142,0.8918274093145551,0.4746439521474159,64.86,60,10,1
P0028,Backpack Daily,Fashion,Families,Pune,623.14,508.77,114.37,18.35,390,386,0.420835669060883,0.3523071697819298,17.28,108,20,0
P0028,Backpack Daily,Fashion,Families,Kolkata,623.14,508.77,114.37,18.35,349,323,0.6703292891173633,0.2503539071948436,9.32,110,20,0
P0028,Backpack Daily,Fashion,Families,Ahmedabad,623.14,508.77,114.37,18.35,231,219,0.7411688342605159,0.25002443566357446,13.14,76,20,0
P0028,Backpack Daily,Fashion,Premium Customers,Hyderabad,623.14,508.77,114.37,18.35,222,200,0.3601378992482107,0.9474704246674073,7.9,75,15,0
P0028,Backpack Daily,Fashion,Premium Customers,Bengaluru,623.14,508.77,114.37,18.35,281,192,0.8523724349792713,0.35368306095497615,8.31,102,10,0
P0028,Backpack Daily,Fashion,Premium Customers,Mumbai,623.14,508.77,114.37,18.35,44,36,0.7831456353742814,0.8647796240760011,16.68,18,10,0
P0028,Backpack Daily,Fashion,Premium Customers,Delhi,623.14,508.77,114.37,18.35,805,974,0.6096916372004626,0.4095580466252467,2.46,260,10,0
P0028,Backpack Daily,Fashion,Premium Customers,Chennai,623.14,508.77,114.37,18.35,157,142,0.2500605111885317,0.8960573141482053,14.95,48,10,0
P0028,Backpack Daily,Fashion,Premium Customers,Pune,623.14,508.77,114.37,18.35,390,386,0.1753197916848186,0.8742080655421229,71.43,114,10,1
P0028,Backpack Daily,Fashion,Premium Customers,Kolkata,623.14,508.77,114.37,18.35,349,323,0.8025872447284779,0.8441413756492797,21.58,145,5,0
P0028,Backpack Daily,Fashion,Premium Customers,Ahmedabad,623.14,508.77,114.37,18.35,231,219,0.21079632080566765,0.8823884470472747,17.34,69,10,0
P0029,Biscuits Daily,Snacks,Students,Hyderabad,417.79,288.67,129.12,30.91,384,501,0.7311297705969856,0.5874261917072461,74.0,141,5,1
P0029,Biscuits Daily,Snacks,Students,Bengaluru,417.79,288.67,129.12,30.91,193,171,0.8200350649722495,0.6961527341915681,8.01,77,5,0
P0029,Biscuits Daily,Snacks,Students,Mumbai,417.79,288.67,129.12,30.91,196,283,0.6158992738802741,0.3657250131503127,37.5,62,15,2
P0029,Biscuits Daily,Snacks,Students,Delhi,417.79,288.67,129.12,30.91,100,125,0.8400382153426253,0.8303323400592766,15.56,42,15,0
P0029,Biscuits Daily,Snacks,Students,Chennai,417.79,288.67,129.12,30.91,126,171,0.35839928821399214,0.6597288703538324,13.98,38,20,0
P0029,Biscuits Daily,Snacks,Students,Pune,417.79,288.67,129.12,30.91,209,260,0.7594456058261931,0.8653764182778598,19.81,85,15,0
P0029,Biscuits Daily,Snacks,Students,Kolkata,417.79,288.67,129.12,30.91,208,177,0.6883630603700909,0.669107672734747,49.15,77,15,1
P0029,Biscuits Daily,Snacks,Students,Ahmedabad,417.79,288.67,129.12,30.91,64,86,0.8974835551847851,0.9404831004733378,2.91,28,20,1
P0029,Biscuits Daily,Snacks,Professionals,Hyderabad,417.79,288.67,129.12,30.91,384,501,0.8171638667535616,0.21776966921502341,15.04,130,10,0
P0029,Biscuits Daily,Snacks,Professionals,Bengaluru,417.79,288.67,129.12,30.91,193,171,0.7446260027966541,0.5013200730047599,23.53,69,10,0
P0029,Biscuits Daily,Snacks,Professionals,Mumbai,417.79,288.67,129.12,30.91,196,283,0.8890562758809226,0.4674796411709441,57.57,75,5,2
P0029,Biscuits Daily,Snacks,Professionals,Delhi,417.79,288.67,129.12,30.91,100,125,0.8318540854828292,0.6963550991307162,20.57,40,20,0
P0029,Biscuits Daily,Snacks,Professionals,Chennai,417.79,288.67,129.12,30.91,126,171,0.8038763126511277,0.5746528716839674,13.39,48,10,0
P0029,Biscuits Daily,Snacks,Professionals,Pune,417.79,288.67,129.12,30.91,209,260,0.5613181168067654,0.5445172614616511,6.52,69,20,0
P0029,Biscuits Daily,Snacks,Professionals,Kolkata,417.79,288.67,129.12,30.91,208,177,0.8661814154153187,0.8558834786751712,18.58,89,20,0
P0029,Biscuits Daily,Snacks,Professionals,Ahmedabad,417.79,288.67,129.12,30.91,64,86,0.48672275913473695,0.4576776062360489,5.79,19,5,0
P0029,Biscuits Daily,Snacks,Families,Hyderabad,417.79,288.67,129.12,30.91,384,501,0.7690870317871489,0.44958158794299785,54.78,138,20,1
P0029,Biscuits Daily,Snacks,Families,Bengaluru,417.79,288.67,129.12,30.91,193,171,0.5311770877947537,0.851768303420515,45.53,70,20,2
P0029,Biscuits Daily,Snacks,Families,Mumbai,417.79,288.67,129.12,30.91,196,283,0.5698359139711373,0.445314508444524,3.64,62,15,0
P0029,Biscuits Daily,Snacks,Families,Delhi,417.79,288.67,129.12,30.91,100,125,0.7145524777105794,0.44039728701938385,16.2,34,20,0
P0029,Biscuits Daily,Snacks,Families,Chennai,417.79,288.67,129.12,30.91,126,171,0.9052172552246808,0.2860187032971319,60.0,46,15,1
P0029,Biscuits Daily,Snacks,Families,Pune,417.79,288.67,129.12,30.91,209,260,0.41080486257917215,0.6889203962044066,53.92,66,20,1
P0029,Biscuits Daily,Snacks,Families,Kolkata,417.79,288.67,129.12,30.91,208,177,0.5349291196027545,0.28889539369101613,35.9,60,20,1
P0029,Biscuits Daily,Snacks,Families,Ahmedabad,417.79,288.67,129.12,30.91,64,86,0.27112986910812004,0.8839184814763037,32.97,20,20,2
P0029,Biscuits Daily,Snacks,Premium Customers,Hyderabad,417.79,288.67,129.12,30.91,384,501,0.7145243095269387,0.24377301907284663,14.66,124,10,0
P0029,Biscuits Daily,Snacks,Premium Customers,Bengaluru,417.79,288.67,129.12,30.91,193,171,0.3905437216078105,0.8353834664280952,23.41,64,15,0
P0029,Biscuits Daily,Snacks,Premium Customers,Mumbai,417.79,288.67,129.12,30.91,196,283,0.2943551342984718,0.5496567951475626,11.94,54,10,0
P0029,Biscuits Daily,Snacks,Premium Customers,Delhi,417.79,288.67,129.12,30.91,100,125,0.6238145412153611,0.7065322984221156,16.64,36,5,0
P0029,Biscuits Daily,Snacks,Premium Customers,Chennai,417.79,288.67,129.12,30.91,126,171,0.21430244458727907,0.4625411945205544,18.12,31,15,0
P0029,Biscuits Daily,Snacks,Premium Customers,Pune,417.79,288.67,129.12,30.91,209,260,0.2656990446322002,0.6076691554459994,9.3,58,5,1
P0029,Biscuits Daily,Snacks,Premium Customers,Kolkata,417.79,288.67,129.12,30.91,208,177,0.3359024425597874,0.707075555877827,77.33,63,5,1
P0029,Biscuits Daily,Snacks,Premium Customers,Ahmedabad,417.79,288.67,129.12,30.91,64,86,0.7676251629253358,0.901660112109504,8.86,26,20,0
P0030,Namkeen Plus,Snacks,Students,Hyderabad,386.5,213.46,173.04,44.77,301,293,0.8814391184763509,0.9808037028259018,17.85,135,5,0
P0030,Namkeen Plus,Snacks,Students,Bengaluru,386.5,213.46,173.04,44.77,132,182,0.7162859531473563,0.43774313991291236,23.54,45,15,0
P0030,Namkeen Plus,Snacks,Students,Mumbai,386.5,213.46,173.04,44.77,197,186,0.9309074831720098,0.6381778100857227,14.89,81,5,0
P0030,Namkeen Plus,Snacks,Students,Delhi,386.5,213.46,173.04,44.77,212,182,0.6121082179925095,0.43127804141471615,4.42,69,15,0
P0030,Namkeen Plus,Snacks,Students,Chennai,386.5,213.46,173.04,44.77,134,152,0.24354513218580143,0.8909211405558033,23.16,41,10,0
P0030,Namkeen Plus,Snacks,Students,Pune,386.5,213.46,173.04,44.77,149,97,0.2522508328828129,0.7935021973027272,48.51,44,10,1
P0030,Namkeen Plus,Snacks,Students,Kolkata,386.5,213.46,173.04,44.77,89,88,0.44396911915349957,0.3262885285179098,63.94,24,15,2
P0030,Namkeen Plus,Snacks,Students,Ahmedabad,386.5,213.46,173.04,44.77,346,451,0.5208443655934872,0.7900776369044871,49.59,122,5,1
P0030,Namkeen Plus,Snacks,Professionals,Hyderabad,386.5,213.46,173.04,44.77,301,293,0.49350228744214486,0.8623366938306145,18.12,107,10,0
P0030,Namkeen Plus,Snacks,Professionals,Bengaluru,386.5,213.46,173.04,44.77,132,182,0.4346523967362149,0.6062113002526077,39.19,41,10,1
P0030,Namkeen Plus,Snacks,Professionals,Mumbai,386.5,213.46,173.04,44.77,197,186,0.7208675772091279,0.6357510613818693,15.26,73,15,2
P0030,Namkeen Plus,Snacks,Professionals,Delhi,386.5,213.46,173.04,44.77,212,182,0.2756594677535304,0.5169502622752606,3.53,57,15,0
P0030,Namkeen Plus,Snacks,Professionals,Chennai,386.5,213.46,173.04,44.77,134,152,0.7207729980768679,0.6879235843860225,57.32,50,10,1
P0030,Namkeen Plus,Snacks,Professionals,Pune,386.5,213.46,173.04,44.77,149,97,0.9141241540677285,0.9457144170070462,8.22,67,15,0
P0030,Namkeen Plus,Snacks,Professionals,Kolkata,386.5,213.46,173.04,44.77,89,88,0.7749441207964607,0.8783991605196486,21.54,36,20,0
P0030,Namkeen Plus,Snacks,Professionals,Ahmedabad,386.5,213.46,173.04,44.77,346,451,0.2760054096545189,0.6747043834740352,73.73,100,15,2
P0030,Namkeen Plus,Snacks,Families,Hyderabad,386.5,213.46,173.04,44.77,301,293,0.28532752017788143,0.44019586266842214,4.4,78,15,0
P0030,Namkeen Plus,Snacks,Families,Bengaluru,386.5,213.46,173.04,44.77,132,182,0.15840778218678978,0.7881824609465029,15.8,36,15,0
P0030,Namkeen Plus,Snacks,Families,Mumbai,386.5,213.46,173.04,44.77,197,186,0.8588381656325205,0.45438134555280413,21.45,74,15,0
P0030,Namkeen Plus,Snacks,Families,Delhi,386.5,213.46,173.04,44.77,212,182,0.6179054969201488,0.416707663524424,16.9,69,5,1
P0030,Namkeen Plus,Snacks,Families,Chennai,386.5,213.46,173.04,44.77,134,152,0.936877748362662,0.8618181691010596,11.16,59,5,0
P0030,Namkeen Plus,Snacks,Families,Pune,386.5,213.46,173.04,44.77,149,97,0.9408497564451282,0.29524874431604725,45.63,55,5,1
P0030,Namkeen Plus,Snacks,Families,Kolkata,386.5,213.46,173.04,44.77,89,88,0.8365132394759073,0.5097031316605372,2.67,33,20,0
P0030,Namkeen Plus,Snacks,Families,Ahmedabad,386.5,213.46,173.04,44.77,346,451,0.3549707095056681,0.6259221381811058,68.83,103,20,2
P0030,Namkeen Plus,Snacks,Premium Customers,Hyderabad,386.5,213.46,173.04,44.77,301,293,0.7463695965264561,0.535554086324546,14.95,110,20,0
P0030,Namkeen Plus,Snacks,Premium Customers,Bengaluru,386.5,213.46,173.04,44.77,132,182,0.938767482358643,0.42083479412139974,22.77,51,5,0
P0030,Namkeen Plus,Snacks,Premium Customers,Mumbai,386.5,213.46,173.04,44.77,197,186,0.8847422057838941,0.43223980919595295,16.32,75,15,0
P0030,Namkeen Plus,Snacks,Premium Customers,Delhi,386.5,213.46,173.04,44.77,212,182,0.46999808340580573,0.6967229359912223,3.18,70,20,0
P0030,Namkeen Plus,Snacks,Premium Customers,Chennai,386.5,213.46,173.04,44.77,134,152,0.8934740979430064,0.8067816674488024,8.43,57,10,1
P0030,Namkeen Plus,Snacks,Premium Customers,Pune,386.5,213.46,173.04,44.77,149,97,0.798497677426057,0.2636590553683409,6.56,51,15,0
P0030,Namkeen Plus,Snacks,Premium Customers,Kolkata,386.5,213.46,173.04,44.77,89,88,0.176607658269572,0.2815387023264376,8.78,19,5,0
P0030,Namkeen Plus,Snacks,Premium Customers,Ahmedabad,386.5,213.46,173.04,44.77,346,451,0.234964866456598,0.6435778919125652,8.51,95,5,0
P0031,Shampoo Plus,Personal Care,Students,Hyderabad,232.11,146.36,85.75,36.94,188,110,0.8070618333384549,0.8497950753625745,22.81,78,15,0
P0031,Shampoo Plus,Personal Care,Students,Bengaluru,232.11,146.36,85.75,36.94,332,473,0.3381309702661154,0.24588185371392904,65.28,82,20,1
P0031,Shampoo Plus,Personal Care,Students,Mumbai,232.11,146.36,85.75,36.94,196,185,0.753057516570826,0.6344860331528837,20.56,74,5,0
P0031,Shampoo Plus,Personal Care,Students,Delhi,232.11,146.36,85.75,36.94,249,252,0.5297159528421198,0.226339700698217,5.57,70,10,0
P0031,Shampoo Plus,Personal Care,Students,Chennai,232.11,146.36,85.75,36.94,100,98,0.25236847650869637,0.37009918131319247,14.85,24,15,0
P0031,Shampoo Plus,Personal Care,Students,Pune,232.11,146.36,85.75,36.94,113,77,0.35975326945304803,0.8693236812554421,6.81,37,15,0
P0031,Shampoo Plus,Personal Care,Students,Kolkata,232.11,146.36,85.75,36.94,198,210,0.23435909446790715,0.5158128910748335,37.28,51,20,1
P0031,Shampoo Plus,Personal Care,Students,Ahmedabad,232.11,146.36,85.75,36.94,128,83,0.5725500215710277,0.26348638912851724,6.29,38,15,0
P0031,Shampoo Plus,Personal Care,Professionals,Hyderabad,232.11,146.36,85.75,36.94,188,110,0.37853389308904317,0.4340424346652834,19.72,52,20,0
P0031,Shampoo Plus,Personal Care,Professionals,Bengaluru,232.11,146.36,85.75,36.94,332,473,0.501320649066411,0.414578406332352,14.6,100,5,0
P0031,Shampoo Plus,Personal Care,Professionals,Mumbai,232.11,146.36,85.75,36.94,196,185,0.24618736266645375,0.6875408662888827,7.5,55,5,0
P0031,Shampoo Plus,Personal Care,Professionals,Delhi,232.11,146.36,85.75,36.94,249,252,0.4623470892445304,0.9079139799392497,11.14,88,5,0
P0031,Shampoo Plus,Personal Care,Professionals,Chennai,232.11,146.36,85.75,36.94,100,98,0.8663626416799669,0.6285481925018976,18.95,40,15,0
P0031,Shampoo Plus,Personal Care,Professionals,Pune,232.11,146.36,85.75,36.94,113,77,0.5839865099482731,0.8460949269865352,83.74,42,15,1
P0031,Shampoo Plus,Personal Care,Professionals,Kolkata,232.11,146.36,85.75,36.94,198,210,0.3801378803621224,0.4373883510295462,16.81,55,10,0
P0031,Shampoo Plus,Personal Care,Professionals,Ahmedabad,232.11,146.36,85.75,36.94,128,83,0.5920266234696777,0.5890843006768548,20.87,43,20,0
P0031,Shampoo Plus,Personal Care,Families,Hyderabad,232.11,146.36,85.75,36.94,188,110,0.6563194101164425,0.9089972565684425,24.82,74,20,0
P0031,Shampoo Plus,Personal Care,Families,Bengaluru,232.11,146.36,85.75,36.94,332,473,0.2661957071074984,0.4582607310176805,22.23,86,10,0
P0031,Shampoo Plus,Personal Care,Families,Mumbai,232.11,146.36,85.75,36.94,196,185,0.5767990501414179,0.7309735209109838,11.5,69,10,0
P0031,Shampoo Plus,Personal Care,Families,Delhi,232.11,146.36,85.75,36.94,249,252,0.24233190740660707,0.9603139394917484,19.44,79,10,1
P0031,Shampoo Plus,Personal Care,Families,Chennai,232.11,146.36,85.75,36.94,100,98,0.3587426952997349,0.5192438568583754,17.02,28,20,0
P0031,Shampoo Plus,Personal Care,Families,Pune,232.11,146.36,85.75,36.94,113,77,0.8093213548356507,0.7409156540993882,22.59,45,15,0
P0031,Shampoo Plus,Personal Care,Families,Kolkata,232.11,146.36,85.75,36.94,198,210,0.7277336038598434,0.4234772298755573,19.81,68,10,0
P0031,Shampoo Plus,Personal Care,Families,Ahmedabad,232.11,146.36,85.75,36.94,128,83,0.8524617220565794,0.33215276754879264,3.35,46,10,0
P0031,Shampoo Plus,Personal Care,Premium Customers,Hyderabad,232.11,146.36,85.75,36.94,188,110,0.7521976503462547,0.8734891044489512,78.71,77,20,1
P0031,Shampoo Plus,Personal Care,Premium Customers,Bengaluru,232.11,146.36,85.75,36.94,332,473,0.27778166410519123,0.9359420087265269,15.15,107,20,0
P0031,Shampoo Plus,Personal Care,Premium Customers,Mumbai,232.11,146.36,85.75,36.94,196,185,0.1748941352157405,0.9045796868316203,17.75,58,20,0
P0031,Shampoo Plus,Personal Care,Premium Customers,Delhi,232.11,146.36,85.75,36.94,249,252,0.7770600782087973,0.8564217942141097,52.02,102,15,1
P0031,Shampoo Plus,Personal Care,Premium Customers,Chennai,232.11,146.36,85.75,36.94,100,98,0.36830418367552675,0.8397110220588171,6.25,32,5,0
P0031,Shampoo Plus,Personal Care,Premium Customers,Pune,232.11,146.36,85.75,36.94,113,77,0.912355357498182,0.6627865332271341,40.0,46,10,1
P0031,Shampoo Plus,Personal Care,Premium Customers,Kolkata,232.11,146.36,85.75,36.94,198,210,0.22941204045535768,0.8413492240774121,17.24,59,5,1
P0031,Shampoo Plus,Personal Care,Premium Customers,Ahmedabad,232.11,146.36,85.75,36.94,128,83,0.23862917573759085,0.7359396314745363,22.76,37,15,0
P0032,Chocolate Daily,Snacks,Students,Hyderabad,948.64,696.47,252.17,26.58,251,245,0.7308970010268011,0.6011144359531692,2.15,93,5,0
P0032,Chocolate Daily,Snacks,Students,Bengaluru,948.64,696.47,252.17,26.58,243,317,0.15227807015295242,0.9353912603146741,18.58,72,20,1
P0032,Chocolate Daily,Snacks,Students,Mumbai,948.64,696.47,252.17,26.58,286,286,0.9195018062975375,0.9173033154569079,19.9,128,5,0
P0032,Chocolate Daily,Snacks,Students,Delhi,948.64,696.47,252.17,26.58,169,203,0.3228334447970229,0.3360096233975729,11.76,43,20,1
P0032,Chocolate Daily,Snacks,Students,Chennai,948.64,696.47,252.17,26.58,183,244,0.26010025472701526,0.9996951160694749,5.39,59,5,0
P0032,Chocolate Daily,Snacks,Students,Pune,948.64,696.47,252.17,26.58,118,99,0.8482525818356361,0.2658058473133168,56.8,41,5,1
P0032,Chocolate Daily,Snacks,Students,Kolkata,948.64,696.47,252.17,26.58,253,363,0.5256223775629846,0.9805521045595758,12.82,95,20,1
P0032,Chocolate Daily,Snacks,Students,Ahmedabad,948.64,696.47,252.17,26.58,489,693,0.42538257660304435,0.6267107908728101,66.18,153,15,1
P0032,Chocolate Daily,Snacks,Professionals,Hyderabad,948.64,696.47,252.17,26.58,251,245,0.6306975529986304,0.4712396264790588,18.09,84,5,0
P0032,Chocolate Daily,Snacks,Professionals,Bengaluru,948.64,696.47,252.17,26.58,243,317,0.1527444261252799,0.21251325932745857,66.67,50,5,1
P0032,Chocolate Daily,Snacks,Professionals,Mumbai,948.64,696.47,252.17,26.58,286,286,0.2617495303365759,0.8515455765188111,19.27,88,5,0
P0032,Chocolate Daily,Snacks,Professionals,Delhi,948.64,696.47,252.17,26.58,169,203,0.8067275903645056,0.2531166369630465,22.56,57,20,0
P0032,Chocolate Daily,Snacks,Professionals,Chennai,948.64,696.47,252.17,26.58,183,244,0.3778401059292134,0.8453668869513915,66.67,60,10,1
P0032,Chocolate Daily,Snacks,Professionals,Pune,948.64,696.47,252.17,26.58,118,99,0.6314365573347366,0.8562018520488337,14.73,45,20,0
P0032,Chocolate Daily,Snacks,Professionals,Kolkata,948.64,696.47,252.17,26.58,253,363,0.38032958489915547,0.7307860794571528,27.54,80,10,1
P0032,Chocolate Daily,Snacks,Professionals,Ahmedabad,948.64,696.47,252.17,26.58,489,693,0.6822785887509699,0.6685013784833469,51.14,180,10,1
P0032,Chocolate Daily,Snacks,Families,Hyderabad,948.64,696.47,252.17,26.58,251,245,0.2617010154855653,0.8188025005074091,32.65,76,15,1
P0032,Chocolate Daily,Snacks,Families,Bengaluru,948.64,696.47,252.17,26.58,243,317,0.2568091256333126,0.25389778620712067,23.58,56,20,0
P0032,Chocolate Daily,Snacks,Families,Mumbai,948.64,696.47,252.17,26.58,286,286,0.4387690131491977,0.7526801790813054,19.38,94,5,0
P0032,Chocolate Daily,Snacks,Families,Delhi,948.64,696.47,252.17,26.58,169,203,0.26856290572338304,0.8576144124704592,19.84,52,10,0
P0032,Chocolate Daily,Snacks,Families,Chennai,948.64,696.47,252.17,26.58,183,244,0.20140014006178236,0.54173059723634,11.95,47,20,0
P0032,Chocolate Daily,Snacks,Families,Pune,948.64,696.47,252.17,26.58,118,99,0.736050727235653,0.9007762744334638,15.62,48,5,0
P0032,Chocolate Daily,Snacks,Families,Kolkata,948.64,696.47,252.17,26.58,253,363,0.2570983157876456,0.7608181200759343,16.32,75,15,0
P0032,Chocolate Daily,Snacks,Families,Ahmedabad,948.64,696.47,252.17,26.58,489,693,0.308871236628411,0.330727406546697,13.85,123,5,1
P0032,Chocolate Daily,Snacks,Premium Customers,Hyderabad,948.64,696.47,252.17,26.58,251,245,0.7649734933045842,0.937619332058095,12.12,105,10,0
P0032,Chocolate Daily,Snacks,Premium Customers,Bengaluru,948.64,696.47,252.17,26.58,243,317,0.342703581826255,0.9958925048751164,24.97,83,15,0
P0032,Chocolate Daily,Snacks,Premium Customers,Mumbai,948.64,696.47,252.17,26.58,286,286,0.9403983969902464,0.6674585334159664,21.07,120,5,2
P0032,Chocolate Daily,Snacks,Premium Customers,Delhi,948.64,696.47,252.17,26.58,169,203,0.7394320283111373,0.6927506207507564,48.33,64,5,1
P0032,Chocolate Daily,Snacks,Premium Customers,Chennai,948.64,696.47,252.17,26.58,183,244,0.7286681440193198,0.302861847015955,9.89,61,10,0
P0032,Chocolate Daily,Snacks,Premium Customers,Pune,948.64,696.47,252.17,26.58,118,99,0.8381954959441648,0.9296521282861403,40.25,51,10,2
P0032,Chocolate Daily,Snacks,Premium Customers,Kolkata,948.64,696.47,252.17,26.58,253,363,0.7980815969861325,0.3409968427467821,28.17,89,15,1
P0032,Chocolate Daily,Snacks,Premium Customers,Ahmedabad,948.64,696.47,252.17,26.58,489,693,0.8614235345024525,0.6380690358569454,16.38,196,15,0
P0033,Chips Plus,Snacks,Students,Hyderabad,276.55,215.65,60.9,22.02,245,193,0.29742359528557927,0.969780692669945,3.81,81,5,0
P0033,Chips Plus,Snacks,Students,Bengaluru,276.55,215.65,60.9,22.02,218,228,0.5108590598395408,0.2365488571535025,54.4,61,20,1
P0033,Chips Plus,Snacks,Students,Mumbai,276.55,215.65,60.9,22.02,81,51,0.4755715269133385,0.25501265391066746,20.06,22,15,0
P0033,Chips Plus,Snacks,Students,Delhi,276.55,215.65,60.9,22.02,108,119,0.5596759100140145,0.9229487500235465,13.09,40,5,0
P0033,Chips Plus,Snacks,Students,Chennai,276.55,215.65,60.9,22.02,127,134,0.5909862584625328,0.8544790166963465,45.13,47,15,1
P0033,Chips Plus,Snacks,Students,Pune,276.55,215.65,60.9,22.02,144,156,0.3623016045514267,0.8547962232190252,19.45,47,15,0
P0033,Chips Plus,Snacks,Students,Kolkata,276.55,215.65,60.9,22.02,254,168,0.6920812201559509,0.8944187787105171,14.82,101,20,0
P0033,Chips Plus,Snacks,Students,Ahmedabad,276.55,215.65,60.9,22.02,546,469,0.28297421754178986,0.9267562101245284,14.45,176,10,0
P0033,Chips Plus,Snacks,Professionals,Hyderabad,276.55,215.65,60.9,22.02,245,193,0.898924674573831,0.43700797185176443,24.57,94,15,2
P0033,Chips Plus,Snacks,Professionals,Bengaluru,276.55,215.65,60.9,22.02,218,228,0.8366819562472254,0.7257446930755547,17.6,88,10,0
P0033,Chips Plus,Snacks,Professionals,Mumbai,276.55,215.65,60.9,22.02,81,51,0.6889234277077562,0.31439417595344354,20.62,26,20,0
P0033,Chips Plus,Snacks,Professionals,Delhi,276.55,215.65,60.9,22.02,108,119,0.7187226395892631,0.7425259625502931,3.94,41,20,0
P0033,Chips Plus,Snacks,Professionals,Chennai,276.55,215.65,60.9,22.02,127,134,0.1901898294449264,0.7934804561849786,20.29,36,20,0
P0033,Chips Plus,Snacks,Professionals,Pune,276.55,215.65,60.9,22.02,144,156,0.15157310610330724,0.5401671728047412,55.38,35,10,2
P0033,Chips Plus,Snacks,Professionals,Kolkata,276.55,215.65,60.9,22.02,254,168,0.8923055251858161,0.8040546034732281,18.07,108,15,0
P0033,Chips Plus,Snacks,Professionals,Ahmedabad,276.55,215.65,60.9,22.02,546,469,0.29318524210911523,0.7840151168712264,6.71,167,15,0
P0033,Chips Plus,Snacks,Families,Hyderabad,276.55,215.65,60.9,22.02,245,193,0.9469820346542006,0.5417488915257246,11.2,99,5,0
P0033,Chips Plus,Snacks,Families,Bengaluru,276.55,215.65,60.9,22.02,218,228,0.34552384673626707,0.8542033106791918,4.23,71,20,0
P0033,Chips Plus,Snacks,Families,Mumbai,276.55,215.65,60.9,22.02,81,51,0.2083446658055661,0.9719144040281893,60.07,25,20,2
P0033,Chips Plus,Snacks,Families,Delhi,276.55,215.65,60.9,22.02,108,119,0.5715413172559545,0.8551873552195395,65.81,40,5,1
P0033,Chips Plus,Snacks,Families,Chennai,276.55,215.65,60.9,22.02,127,134,0.8480392428953365,0.5717976542271925,7.15,49,20,0
P0033,Chips Plus,Snacks,Families,Pune,276.55,215.65,60.9,22.02,144,156,0.1540692158986471,0.7953996228988955,20.0,40,10,1
P0033,Chips Plus,Snacks,Families,Kolkata,276.55,215.65,60.9,22.02,254,168,0.45753265202101023,0.754806120360439,37.33,85,10,1
P0033,Chips Plus,Snacks,Families,Ahmedabad,276.55,215.65,60.9,22.02,546,469,0.831374111143758,0.46710068061241944,6.69,204,20,0
P0033,Chips Plus,Snacks,Premium Customers,Hyderabad,276.55,215.65,60.9,22.02,245,193,0.8221391366830457,0.8491183495668415,2.65,103,5,0
P0033,Chips Plus,Snacks,Premium Customers,Bengaluru,276.55,215.65,60.9,22.02,218,228,0.9154152438396287,0.9218978782637888,82.73,97,15,1
P0033,Chips Plus,Snacks,Premium Customers,Mumbai,276.55,215.65,60.9,22.02,81,51,0.66487285356683,0.6501405911952399,17.0,29,20,0
P0033,Chips Plus,Snacks,Premium Customers,Delhi,276.55,215.65,60.9,22.02,108,119,0.20319532114934447,0.41074565661531415,47.87,26,20,1
P0033,Chips Plus,Snacks,Premium Customers,Chennai,276.55,215.65,60.9,22.02,127,134,0.15642599678779626,0.3809224019111179,24.85,29,15,0
P0033,Chips Plus,Snacks,Premium Customers,Pune,276.55,215.65,60.9,22.02,144,156,0.6126965753704319,0.5930581757968012,50.0,49,15,1
P0033,Chips Plus,Snacks,Premium Customers,Kolkata,276.55,215.65,60.9,22.02,254,168,0.23728263455215265,0.8231763180952754,21.47,76,15,0
P0033,Chips Plus,Snacks,Premium Customers,Ahmedabad,276.55,215.65,60.9,22.02,546,469,0.5095782175125412,0.6375729494085474,56.41,181,5,1
P0034,Chips Plus,Snacks,Students,Hyderabad,281.14,247.19,33.95,12.08,109,129,0.20750834575211063,0.4735819705912476,12.65,27,5,0
P0034,Chips Plus,Snacks,Students,Bengaluru,281.14,247.19,33.95,12.08,290,252,0.3584460054626659,0.5542931232415618,71.76,84,5,1
P0034,Chips Plus,Snacks,Students,Mumbai,281.14,247.19,33.95,12.08,413,522,0.9437460599265468,0.6973312022303642,11.14,175,5,0
P0034,Chips Plus,Snacks,Students,Delhi,281.14,247.19,33.95,12.08,492,508,0.8988993187842786,0.4041174026302615,35.82,187,5,1
P0034,Chips Plus,Snacks,Students,Chennai,281.14,247.19,33.95,12.08,221,139,0.19437568543457662,0.4581326195728358,12.5,54,15,1
P0034,Chips Plus,Snacks,Students,Pune,281.14,247.19,33.95,12.08,77,73,0.8530972522634976,0.7785376197042035,4.78,32,15,0
P0034,Chips Plus,Snacks,Students,Kolkata,281.14,247.19,33.95,12.08,117,164,0.8701271893210115,0.42482973244887534,57.09,44,15,2
P0034,Chips Plus,Snacks,Students,Ahmedabad,281.14,247.19,33.95,12.08,107,120,0.3143502007743626,0.7854531855786793,21.24,33,15,1
P0034,Chips Plus,Snacks,Professionals,Hyderabad,281.14,247.19,33.95,12.08,109,129,0.7881082920576595,0.5091933484627671,89.9,40,20,1
P0034,Chips Plus,Snacks,Professionals,Bengaluru,281.14,247.19,33.95,12.08,290,252,0.20958233797530754,0.43629712965905587,20.0,71,15,0
P0034,Chips Plus,Snacks,Professionals,Mumbai,281.14,247.19,33.95,12.08,413,522,0.17371312171400877,0.847232620787669,22.78,120,5,1
P0034,Chips Plus,Snacks,Professionals,Delhi,281.14,247.19,33.95,12.08,492,508,0.7772405050059777,0.5162988608299615,11.9,182,10,0
P0034,Chips Plus,Snacks,Professionals,Chennai,281.14,247.19,33.95,12.08,221,139,0.6416346855328052,0.6417837194771943,8.73,79,5,0
P0034,Chips Plus,Snacks,Professionals,Pune,281.14,247.19,33.95,12.08,77,73,0.29785168402312845,0.9558401983681495,58.9,25,20,1
P0034,Chips Plus,Snacks,Professionals,Kolkata,281.14,247.19,33.95,12.08,117,164,0.8396712198508698,0.8120819355568134,2.1,49,5,0
P0034,Chips Plus,Snacks,Professionals,Ahmedabad,281.14,247.19,33.95,12.08,107,120,0.4429782475791977,0.8997797957169942,5.44,37,10,0
P0034,Chips Plus,Snacks,Families,Hyderabad,281.14,247.19,33.95,12.08,109,129,0.8531616692388069,0.28801092683290536,3.67,38,15,0
P0034,Chips Plus,Snacks,Families,Bengaluru,281.14,247.19,33.95,12.08,290,252,0.5190641770480687,0.9965600577817892,21.98,109,15,0
P0034,Chips Plus,Snacks,Families,Mumbai,281.14,247.19,33.95,12.08,413,522,0.2681091477318932,0.7056888119680294,24.16,120,15,0
P0034,Chips Plus,Snacks,Families,Delhi,281.14,247.19,33.95,12.08,492,508,0.735688551388375,0.6791728240954695,6.74,187,15,0
P0034,Chips Plus,Snacks,Families,Chennai,281.14,247.19,33.95,12.08,221,139,0.6140130485547282,0.5755659569169584,10.28,76,10,0
P0034,Chips Plus,Snacks,Families,Pune,281.14,247.19,33.95,12.08,77,73,0.17813302349142512,0.5646444114016919,4.75,19,20,0
P0034,Chips Plus,Snacks,Families,Kolkata,281.14,247.19,33.95,12.08,117,164,0.31136812455666574,0.41163299354359106,44.68,30,15,1
P0034,Chips Plus,Snacks,Families,Ahmedabad,281.14,247.19,33.95,12.08,107,120,0.9336122856890378,0.39061906506619215,17.62,41,15,0
P0034,Chips Plus,Snacks,Premium Customers,Hyderabad,281.14,247.19,33.95,12.08,109,129,0.7419299863115849,0.4282589321096267,22.03,38,10,1
P0034,Chips Plus,Snacks,Premium Customers,Bengaluru,281.14,247.19,33.95,12.08,290,252,0.44389900063773835,0.5044786656577018,17.31,87,20,1
P0034,Chips Plus,Snacks,Premium Customers,Mumbai,281.14,247.19,33.95,12.08,413,522,0.7009417677785853,0.5679236448815664,2.08,149,20,1
P0034,Chips Plus,Snacks,Premium Customers,Delhi,281.14,247.19,33.95,12.08,492,508,0.30154106263148994,0.3875172274609523,68.75,127,10,1
P0034,Chips Plus,Snacks,Premium Customers,Chennai,281.14,247.19,33.95,12.08,221,139,0.2310257462634875,0.20731040931892092,3.05,49,20,0
P0034,Chips Plus,Snacks,Premium Customers,Pune,281.14,247.19,33.95,12.08,77,73,0.8947049722064686,0.5722682174428804,16.12,30,15,0
P0034,Chips Plus,Snacks,Premium Customers,Kolkata,281.14,247.19,33.95,12.08,117,164,0.6064077732786658,0.26663085203855447,2.62,35,20,0
P0034,Chips Plus,Snacks,Premium Customers,Ahmedabad,281.14,247.19,33.95,12.08,107,120,0.8028089502235862,0.5406226638767859,17.4,40,15,0
P0035,Dishwash Classic,Home Care,Students,Hyderabad,367.0,243.64,123.36,33.61,238,249,0.22213360125960085,0.48968291352012505,12.85,60,5,0
P0035,Dishwash Classic,Home Care,Students,Bengaluru,367.0,243.64,123.36,33.61,292,174,0.6835312222018779,0.8430861686741713,6.25,114,15,0
P0035,Dishwash Classic,Home Care,Students,Mumbai,367.0,243.64,123.36,33.61,194,180,0.46167873286220995,0.5528524943298081,57.69,60,15,1
P0035,Dishwash Classic,Home Care,Students,Delhi,367.0,243.64,123.36,33.61,440,313,0.4094682083168486,0.8468512066599578,2.65,148,15,0
P0035,Dishwash Classic,Home Care,Students,Chennai,367.0,243.64,123.36,33.61,161,88,0.41500081393480814,0.7791686833918676,40.62,53,5,1
P0035,Dishwash Classic,Home Care,Students,Pune,367.0,243.64,123.36,33.61,310,327,0.37260617546708996,0.46061773569801484,23.25,87,20,0
P0035,Dishwash Classic,Home Care,Students,Kolkata,367.0,243.64,123.36,33.61,143,105,0.6346083430057089,0.3471704084727577,20.18,45,5,0
P0035,Dishwash Classic,Home Care,Students,Ahmedabad,367.0,243.64,123.36,33.61,83,96,0.30064045665049854,0.5814566757277102,11.62,23,15,0
P0035,Dishwash Classic,Home Care,Professionals,Hyderabad,367.0,243.64,123.36,33.61,238,249,0.23218130919820357,0.7501164940796887,68.02,69,15,1
P0035,Dishwash Classic,Home Care,Professionals,Bengaluru,367.0,243.64,123.36,33.61,292,174,0.6356423169925111,0.9260173609673508,21.12,114,20,0
P0035,Dishwash Classic,Home Care,Professionals,Mumbai,367.0,243.64,123.36,33.61,194,180,0.5781540329177288,0.4840850614326415,12.27,63,15,0
P0035,Dishwash Classic,Home Care,Professionals,Delhi,367.0,243.64,123.36,33.61,440,313,0.16289209217790016,0.6663790204869269,5.15,116,5,0
P0035,Dishwash Classic,Home Care,Professionals,Chennai,367.0,243.64,123.36,33.61,161,88,0.9269680276305157,0.564563580636281,24.94,65,10,0
P0035,Dishwash Classic,Home Care,Professionals,Pune,367.0,243.64,123.36,33.61,310,327,0.1968838492431094,0.6299211561368027,39.02,83,20,1
P0035,Dishwash Classic,Home Care,Professionals,Kolkata,367.0,243.64,123.36,33.61,143,105,0.6622599755122726,0.5618959166621755,59.72,50,20,1
P0035,Dishwash Classic,Home Care,Professionals,Ahmedabad,367.0,243.64,123.36,33.61,83,96,0.2956687500805326,0.20477336608833366,22.64,19,20,1
P0035,Dishwash Classic,Home Care,Families,Hyderabad,367.0,243.64,123.36,33.61,238,249,0.5131412249184422,0.8178960226780105,81.54,84,5,1
P0035,Dishwash Classic,Home Care,Families,Bengaluru,367.0,243.64,123.36,33.61,292,174,0.44831599761319496,0.7535123556444681,27.94,97,15,2
P0035,Dishwash Classic,Home Care,Families,Mumbai,367.0,243.64,123.36,33.61,194,180,0.9463340439622712,0.48278285216885125,16.25,77,10,0
P0035,Dishwash Classic,Home Care,Families,Delhi,367.0,243.64,123.36,33.61,440,313,0.6604281255850101,0.7117707002557339,14.3,163,20,0
P0035,Dishwash Classic,Home Care,Families,Chennai,367.0,243.64,123.36,33.61,161,88,0.550258730854662,0.7142739761342474,11.44,56,5,0
P0035,Dishwash Classic,Home Care,Families,Pune,367.0,243.64,123.36,33.61,310,327,0.9114298555042191,0.8777606209920938,27.19,137,10,1
P0035,Dishwash Classic,Home Care,Families,Kolkata,367.0,243.64,123.36,33.61,143,105,0.49730377908992396,0.28672600708251184,29.92,40,20,2
P0035,Dishwash Classic,Home Care,Families,Ahmedabad,367.0,243.64,123.36,33.61,83,96,0.501914855311556,0.5015659694837571,11.35,25,5,0
P0035,Dishwash Classic,Home Care,Premium Customers,Hyderabad,367.0,243.64,123.36,33.61,238,249,0.1657002490666265,0.6794769604489201,18.16,63,10,0
P0035,Dishwash Classic,Home Care,Premium Customers,Bengaluru,367.0,243.64,123.36,33.61,292,174,0.5248170026019777,0.4935440010659875,37.67,92,10,2
P0035,Dishwash Classic,Home Care,Premium Customers,Mumbai,367.0,243.64,123.36,33.61,194,180,0.9446639921387852,0.8040694599123379,9.19,85,10,0
P0035,Dishwash Classic,Home Care,Premium Customers,Delhi,367.0,243.64,123.36,33.61,440,313,0.8098959305800483,0.913536694393587,12.26,187,20,0
P0035,Dishwash Classic,Home Care,Premium Customers,Chennai,367.0,243.64,123.36,33.61,161,88,0.195677285253963,0.8270829159906927,22.43,47,5,0
P0035,Dishwash Classic,Home Care,Premium Customers,Pune,367.0,243.64,123.36,33.61,310,327,0.5005857829058474,0.49896852444783146,21.77,96,5,0
P0035,Dishwash Classic,Home Care,Premium Customers,Kolkata,367.0,243.64,123.36,33.61,143,105,0.38947859778043936,0.2587662527374255,23.84,37,20,1
P0035,Dishwash Classic,Home Care,Premium Customers,Ahmedabad,367.0,243.64,123.36,33.61,83,96,0.4275345635647707,0.8730066065010345,6.91,28,5,0
P0036,Juice Premium,Beverages,Students,Hyderabad,471.39,341.86,129.53,27.48,215,274,0.6080050339214575,0.8611183182454978,8.95,81,15,0
P0036,Juice Premium,Beverages,Students,Bengaluru,471.39,341.86,129.53,27.48,822,578,0.28564455127811883,0.3937616215867224,7.47,210,20,0
P0036,Juice Premium,Beverages,Students,Mumbai,471.39,341.86,129.53,27.48,102,57,0.354000679941783,0.3180677472178146,24.69,26,5,0
P0036,Juice Premium,Beverages,Students,Delhi,471.39,341.86,129.53,27.48,96,112,0.1630230346802004,0.9346480859209185,34.38,28,5,1
P0036,Juice Premium,Beverages,Students,Chennai,471.39,341.86,129.53,27.48,241,325,0.7632450700232631,0.6671467436797764,19.24,93,20,0
P0036,Juice Premium,Beverages,Students,Pune,471.39,341.86,129.53,27.48,307,241,0.7308374721913001,0.20131326266347607,25.44,98,15,1
P0036,Juice Premium,Beverages,Students,Kolkata,471.39,341.86,129.53,27.48,104,113,0.8688466637846952,0.6377044009220763,38.3,41,20,1
P0036,Juice Premium,Beverages,Students,Ahmedabad,471.39,341.86,129.53,27.48,243,152,0.5678915107908002,0.2997900286621018,11.81,73,10,0
P0036,Juice Premium,Beverages,Professionals,Hyderabad,471.39,341.86,129.53,27.48,215,274,0.4082559122848767,0.45827084958236414,16.99,62,15,0
P0036,Juice Premium,Beverages,Professionals,Bengaluru,471.39,341.86,129.53,27.48,822,578,0.778771818885495,0.43641337986312295,54.61,296,10,1
P0036,Juice Premium,Beverages,Professionals,Mumbai,471.39,341.86,129.53,27.48,102,57,0.7945673530406687,0.29840917910929926,24.87,35,20,0
P0036,Juice Premium,Beverages,Professionals,Delhi,471.39,341.86,129.53,27.48,96,112,0.8240138644623783,0.3622762730005595,14.26,34,20,0
P0036,Juice Premium,Beverages,Professionals,Chennai,471.39,341.86,129.53,27.48,241,325,0.17632084823164698,0.5251968924705556,6.64,60,5,0
P0036,Juice Premium,Beverages,Professionals,Pune,471.39,341.86,129.53,27.48,307,241,0.6008115510957613,0.2954317218486864,16.77,94,10,0
P0036,Juice Premium,Beverages,Professionals,Kolkata,471.39,341.86,129.53,27.48,104,113,0.20544653538743887,0.7919973026463185,11.62,30,20,0
P0036,Juice Premium,Beverages,Professionals,Ahmedabad,471.39,341.86,129.53,27.48,243,152,0.3605283589225446,0.5545373323085572,13.8,70,15,0
P0036,Juice Premium,Beverages,Families,Hyderabad,471.39,341.86,129.53,27.48,215,274,0.2902433715694469,0.944514928282141,40.19,70,20,1
P0036,Juice Premium,Beverages,Families,Bengaluru,471.39,341.86,129.53,27.48,822,578,0.34866962185187905,0.7022452205594893,24.0,252,15,0
P0036,Juice Premium,Beverages,Families,Mumbai,471.39,341.86,129.53,27.48,102,57,0.37329282469271186,0.2966236634747905,41.18,26,5,1
P0036,Juice Premium,Beverages,Families,Delhi,471.39,341.86,129.53,27.48,96,112,0.5559166323745068,0.31512600471275776,16.05,28,10,0
P0036,Juice Premium,Beverages,Families,Chennai,471.39,341.86,129.53,27.48,241,325,0.49720166296646917,0.2234420424282756,16.43,66,10,0
P0036,Juice Premium,Beverages,Families,Pune,471.39,341.86,129.53,27.48,307,241,0.6435447457289095,0.6959153963210569,3.37,112,10,0
P0036,Juice Premium,Beverages,Families,Kolkata,471.39,341.86,129.53,27.48,104,113,0.3797924593838631,0.23230812358848427,4.45,26,10,0
P0036,Juice Premium,Beverages,Families,Ahmedabad,471.39,341.86,129.53,27.48,243,152,0.31741551584817046,0.8608643171694164,13.16,78,5,0
P0036,Juice Premium,Beverages,Premium Customers,Hyderabad,471.39,341.86,129.53,27.48,215,274,0.8532265084967197,0.8532313660594062,70.87,91,5,1
P0036,Juice Premium,Beverages,Premium Customers,Bengaluru,471.39,341.86,129.53,27.48,822,578,0.6335534336516508,0.6216526785642842,23.59,291,15,0
P0036,Juice Premium,Beverages,Premium Customers,Mumbai,471.39,341.86,129.53,27.48,102,57,0.5861726064632973,0.6035071730999788,20.31,34,5,0
P0036,Juice Premium,Beverages,Premium Customers,Delhi,471.39,341.86,129.53,27.48,96,112,0.35070402520250576,0.5215965918922147,13.4,27,20,0
P0036,Juice Premium,Beverages,Premium Customers,Chennai,471.39,341.86,129.53,27.48,241,325,0.7024874162190468,0.5324514660621813,6.25,86,20,1
P0036,Juice Premium,Beverages,Premium Customers,Pune,471.39,341.86,129.53,27.48,307,241,0.7329142921881758,0.39294568839795146,29.76,106,15,1
P0036,Juice Premium,Beverages,Premium Customers,Kolkata,471.39,341.86,129.53,27.48,104,113,0.695776153833381,0.8702737516822341,64.21,41,10,2
P0036,Juice Premium,Beverages,Premium Customers,Ahmedabad,471.39,341.86,129.53,27.48,243,152,0.7549632515535392,0.39205087912688424,30.56,85,5,1
P0037,Backpack Classic,Fashion,Students,Hyderabad,293.17,197.01,96.16,32.8,80,111,0.468440224216502,0.2319740953673402,44.86,21,5,1
P0037,Backpack Classic,Fashion,Students,Bengaluru,293.17,197.01,96.16,32.8,385,309,0.7331922554864305,0.7146639535107386,12.95,148,5,0
P0037,Backpack Classic,Fashion,Students,Mumbai,293.17,197.01,96.16,32.8,476,621,0.8975376120001071,0.8868264831212909,33.09,209,5,1
P0037,Backpack Classic,Fashion,Students,Delhi,293.17,197.01,96.16,32.8,183,217,0.8754281801574799,0.3611961552610991,22.32,67,15,0
P0037,Backpack Classic,Fashion,Students,Chennai,293.17,197.01,96.16,32.8,586,479,0.5306278159715279,0.7780545696247192,74.19,207,20,1
P0037,Backpack Classic,Fashion,Students,Pune,293.17,197.01,96.16,32.8,365,495,0.19611188908079027,0.8702366103809569,9.76,108,15,0
P0037,Backpack Classic,Fashion,Students,Kolkata,293.17,197.01,96.16,32.8,124,172,0.7773579300110014,0.2751890764160247,16.15,42,10,0
P0037,Backpack Classic,Fashion,Students,Ahmedabad,293.17,197.01,96.16,32.8,44,60,0.9016946486288032,0.4247983571857569,13.41,16,10,0
P0037,Backpack Classic,Fashion,Professionals,Hyderabad,293.17,197.01,96.16,32.8,80,111,0.7294263171679378,0.2823822530248376,21.72,26,15,0
P0037,Backpack Classic,Fashion,Professionals,Bengaluru,293.17,197.01,96.16,32.8,385,309,0.9074558031261376,0.5023546531893024,4.88,151,10,1
P0037,Backpack Classic,Fashion,Professionals,Mumbai,293.17,197.01,96.16,32.8,476,621,0.7322661492475321,0.4340275648466637,15.71,166,15,0
P0037,Backpack Classic,Fashion,Professionals,Delhi,293.17,197.01,96.16,32.8,183,217,0.4186399901048041,0.7201974483697984,16.8,59,10,0
P0037,Backpack Classic,Fashion,Professionals,Chennai,293.17,197.01,96.16,32.8,586,479,0.8509394013831035,0.36566131177418,22.25,214,15,0
P0037,Backpack Classic,Fashion,Professionals,Pune,293.17,197.01,96.16,32.8,365,495,0.5917492128249163,0.21988020096598282,14.59,107,10,0
P0037,Backpack Classic,Fashion,Professionals,Kolkata,293.17,197.01,96.16,32.8,124,172,0.5425623743442142,0.41388751449189326,11.73,38,15,0
P0037,Backpack Classic,Fashion,Professionals,Ahmedabad,293.17,197.01,96.16,32.8,44,60,0.8554725365097362,0.8302792387707829,16.17,18,15,0
P0037,Backpack Classic,Fashion,Families,Hyderabad,293.17,197.01,96.16,32.8,80,111,0.6199641996347329,0.8654996960145007,3.05,30,20,0
P0037,Backpack Classic,Fashion,Families,Bengaluru,293.17,197.01,96.16,32.8,385,309,0.8381428511089228,0.8037738074469882,72.09,160,10,1
P0037,Backpack Classic,Fashion,Families,Mumbai,293.17,197.01,96.16,32.8,476,621,0.638735069663896,0.6950637490619342,5.21,173,20,0
P0037,Backpack Classic,Fashion,Families,Delhi,293.17,197.01,96.16,32.8,183,217,0.6943505914789475,0.5715582317268957,81.63,65,10,1
P0037,Backpack Classic,Fashion,Families,Chennai,293.17,197.01,96.16,32.8,586,479,0.4813578358066012,0.25757694456768343,11.62,163,20,0
P0037,Backpack Classic,Fashion,Families,Pune,293.17,197.01,96.16,32.8,365,495,0.5945524413795837,0.4241398830002681,8.32,117,20,0
P0037,Backpack Classic,Fashion,Families,Kolkata,293.17,197.01,96.16,32.8,124,172,0.5487887576649375,0.573714148170962,52.27,41,5,1
P0037,Backpack Classic,Fashion,Families,Ahmedabad,293.17,197.01,96.16,32.8,44,60,0.9459001305577703,0.3686817435876531,15.23,16,15,0
P0037,Backpack Classic,Fashion,Premium Customers,Hyderabad,293.17,197.01,96.16,32.8,80,111,0.7614684533212858,0.43005534867029777,17.59,28,20,0
P0037,Backpack Classic,Fashion,Premium Customers,Bengaluru,293.17,197.01,96.16,32.8,385,309,0.7492009412736542,0.523222975573252,13.03,140,10,0
P0037,Backpack Classic,Fashion,Premium Customers,Mumbai,293.17,197.01,96.16,32.8,476,621,0.8369007739363985,0.5043276925775702,64.07,181,5,2
P0037,Backpack Classic,Fashion,Premium Customers,Delhi,293.17,197.01,96.16,32.8,183,217,0.2896529153561384,0.31125844510039813,24.99,45,5,0
P0037,Backpack Classic,Fashion,Premium Customers,Chennai,293.17,197.01,96.16,32.8,586,479,0.1674675810630603,0.8516833325707025,21.69,169,20,0
P0037,Backpack Classic,Fashion,Premium Customers,Pune,293.17,197.01,96.16,32.8,365,495,0.8229299785870164,0.7568272516782393,3.59,149,10,0
P0037,Backpack Classic,Fashion,Premium Customers,Kolkata,293.17,197.01,96.16,32.8,124,172,0.39935850425710384,0.5763610391093682,11.38,37,15,0
P0037,Backpack Classic,Fashion,Premium Customers,Ahmedabad,293.17,197.01,96.16,32.8,44,60,0.16956226138296238,0.5898533190361783,11.91,11,10,0
P0038,Power Bank Premium,Electronics,Students,Hyderabad,562.66,396.79,165.87,29.48,163,189,0.254306550469681,0.7398714527123624,3.94,47,10,0
P0038,Power Bank Premium,Electronics,Students,Bengaluru,562.66,396.79,165.87,29.48,68,63,0.5577693562601761,0.5005207341569002,8.95,22,15,0
P0038,Power Bank Premium,Electronics,Students,Mumbai,562.66,396.79,165.87,29.48,212,294,0.9157477115203374,0.8302512016781096,55.04,92,5,1
P0038,Power Bank Premium,Electronics,Students,Delhi,562.66,396.79,165.87,29.48,130,102,0.4064595744272921,0.9039203131907403,9.13,44,10,0
P0038,Power Bank Premium,Electronics,Students,Chennai,562.66,396.79,165.87,29.48,120,79,0.846171903042945,0.22033521322518412,20.46,41,5,0
P0038,Power Bank Premium,Electronics,Students,Pune,562.66,396.79,165.87,29.48,81,72,0.3877663103578595,0.8827213962417819,50.98,27,5,1
P0038,Power Bank Premium,Electronics,Students,Kolkata,562.66,396.79,165.87,29.48,378,452,0.6356576299272056,0.74053868410766,5.7,139,15,0
P0038,Power Bank Premium,Electronics,Students,Ahmedabad,562.66,396.79,165.87,29.48,397,303,0.8950610605771055,0.9448273407334606,2.93,177,10,0
P0038,Power Bank Premium,Electronics,Professionals,Hyderabad,562.66,396.79,165.87,29.48,163,189,0.49365856984596057,0.6231448467109112,75.16,53,10,1
P0038,Power Bank Premium,Electronics,Professionals,Bengaluru,562.66,396.79,165.87,29.48,68,63,0.20572612843023447,0.8312596160881982,28.21,20,20,1
P0038,Power Bank Premium,Electronics,Professionals,Mumbai,562.66,396.79,165.87,29.48,212,294,0.1798791631013108,0.7295974033576569,15.89,58,5,0
P0038,Power Bank Premium,Electronics,Professionals,Delhi,562.66,396.79,165.87,29.48,130,102,0.37613782952711944,0.7405340583482123,15.57,41,5,1
P0038,Power Bank Premium,Electronics,Professionals,Chennai,562.66,396.79,165.87,29.48,120,79,0.27061684002463005,0.5645671757720279,20.39,32,5,0
P0038,Power Bank Premium,Electronics,Professionals,Pune,562.66,396.79,165.87,29.48,81,72,0.3448432256809494,0.22679622499588029,73.53,20,5,1
P0038,Power Bank Premium,Electronics,Professionals,Kolkata,562.66,396.79,165.87,29.48,378,452,0.6571680987984874,0.6412516301568544,14.91,136,15,0
P0038,Power Bank Premium,Electronics,Professionals,Ahmedabad,562.66,396.79,165.87,29.48,397,303,0.3057610643462711,0.585045960180556,15.61,112,15,0
P0038,Power Bank Premium,Electronics,Families,Hyderabad,562.66,396.79,165.87,29.48,163,189,0.7622817187680005,0.8095117787405051,4.7,65,15,0
P0038,Power Bank Premium,Electronics,Families,Bengaluru,562.66,396.79,165.87,29.48,68,63,0.449330418774594,0.7505911490769344,17.15,22,10,0
P0038,Power Bank Premium,Electronics,Families,Mumbai,562.66,396.79,165.87,29.48,212,294,0.3098376547306534,0.9756416781315673,9.12,70,5,0
P0038,Power Bank Premium,Electronics,Families,Delhi,562.66,396.79,165.87,29.48,130,102,0.4637035830417269,0.7238105574046543,7.72,43,5,0
P0038,Power Bank Premium,Electronics,Families,Chennai,562.66,396.79,165.87,29.48,120,79,0.4943320922875005,0.8703882501213109,17.24,42,10,0
P0038,Power Bank Premium,Electronics,Families,Pune,562.66,396.79,165.87,29.48,81,72,0.2567500543800448,0.8984824674504872,20.74,25,15,0
P0038,Power Bank Premium,Electronics,Families,Kolkata,562.66,396.79,165.87,29.48,378,452,0.6115149787156872,0.4932084770979094,9.82,126,5,1
P0038,Power Bank Premium,Electronics,Families,Ahmedabad,562.66,396.79,165.87,29.48,397,303,0.9426258949866031,0.8696581810842678,5.76,177,10,0
P0038,Power Bank Premium,Electronics,Premium Customers,Hyderabad,562.66,396.79,165.87,29.48,163,189,0.3983730803140105,0.7798400951877875,29.52,53,20,1
P0038,Power Bank Premium,Electronics,Premium Customers,Bengaluru,562.66,396.79,165.87,29.48,68,63,0.5507779758542168,0.48911944943491303,42.14,21,15,1
P0038,Power Bank Premium,Electronics,Premium Customers,Mumbai,562.66,396.79,165.87,29.48,212,294,0.23181058764526927,0.21437379723999106,7.51,47,15,1
P0038,Power Bank Premium,Electronics,Premium Customers,Delhi,562.66,396.79,165.87,29.48,130,102,0.8862934753955655,0.3912145935571048,83.33,48,15,1
P0038,Power Bank Premium,Electronics,Premium Customers,Chennai,562.66,396.79,165.87,29.48,120,79,0.7939012076712622,0.6015246522167238,61.17,46,15,1
P0038,Power Bank Premium,Electronics,Premium Customers,Pune,562.66,396.79,165.87,29.48,81,72,0.19266391900836444,0.6243759032265153,5.22,21,15,0
P0038,Power Bank Premium,Electronics,Premium Customers,Kolkata,562.66,396.79,165.87,29.48,378,452,0.3166805344948915,0.7724423362115462,76.32,117,10,1
P0038,Power Bank Premium,Electronics,Premium Customers,Ahmedabad,562.66,396.79,165.87,29.48,397,303,0.7418055109757407,0.8789186781582108,4.14,162,20,0
P0039,Floor Cleaner Plus,Home Care,Students,Hyderabad,715.73,429.25,286.48,40.03,182,109,0.6821629612120993,0.704665670336609,15.07,68,5,0
P0039,Floor Cleaner Plus,Home Care,Students,Bengaluru,715.73,429.25,286.48,40.03,28,24,0.4500090936929354,0.918081490567036,31.29,9,10,1
P0039,Floor Cleaner Plus,Home Care,Students,Mumbai,715.73,429.25,286.48,40.03,76,59,0.6106129605247066,0.5977244211878183,7.04,26,5,0
P0039,Floor Cleaner Plus,Home Care,Students,Delhi,715.73,429.25,286.48,40.03,124,138,0.2268994219794897,0.3866965000195264,5.84,30,10,0
P0039,Floor Cleaner Plus,Home Care,Students,Chennai,715.73,429.25,286.48,40.03,205,183,0.6910181058336148,0.7192257680146941,23.35,77,10,0
P0039,Floor Cleaner Plus,Home Care,Students,Pune,715.73,429.25,286.48,40.03,242,319,0.8398342871649981,0.7884933019503766,65.47,100,20,1
P0039,Floor Cleaner Plus,Home Care,Students,Kolkata,715.73,429.25,286.48,40.03,557,779,0.5222264725412155,0.6102743913648269,31.43,184,15,1
P0039,Floor Cleaner Plus,Home Care,Students,Ahmedabad,715.73,429.25,286.48,40.03,48,43,0.2136293245417076,0.74479992052367,4.6,13,10,0
P0039,Floor Cleaner Plus,Home Care,Professionals,Hyderabad,715.73,429.25,286.48,40.03,182,109,0.2852941387987994,0.7615541770343028,3.29,55,15,0
P0039,Floor Cleaner Plus,Home Care,Professionals,Bengaluru,715.73,429.25,286.48,40.03,28,24,0.4215991628297695,0.5826058865098254,18.67,8,20,0
P0039,Floor Cleaner Plus,Home Care,Professionals,Mumbai,715.73,429.25,286.48,40.03,76,59,0.4933125444107226,0.8538409436388854,11.38,27,5,0
P0039,Floor Cleaner Plus,Home Care,Professionals,Delhi,715.73,429.25,286.48,40.03,124,138,0.9147124519499468,0.6087910425230121,10.67,50,15,0
P0039,Floor Cleaner Plus,Home Care,Professionals,Chennai,715.73,429.25,286.48,40.03,205,183,0.3450736203556943,0.48774551460637383,15.42,57,10,0
P0039,Floor Cleaner Plus,Home Care,Professionals,Pune,715.73,429.25,286.48,40.03,242,319,0.3524629088165836,0.4898138676927878,79.17,68,10,1
P0039,Floor Cleaner Plus,Home Care,Professionals,Kolkata,715.73,429.25,286.48,40.03,557,779,0.6787121940613086,0.6400736402992879,20.98,203,15,0
P0039,Floor Cleaner Plus,Home Care,Professionals,Ahmedabad,715.73,429.25,286.48,40.03,48,43,0.4147505874905082,0.3602363270576245,6.48,13,15,0
P0039,Floor Cleaner Plus,Home Care,Families,Hyderabad,715.73,429.25,286.48,40.03,182,109,0.31774766306358887,0.2084165666742056,49.17,43,5,1
P0039,Floor Cleaner Plus,Home Care,Families,Bengaluru,715.73,429.25,286.48,40.03,28,24,0.5217175852637036,0.21441309581065982,70.37,7,5,1
P0039,Floor Cleaner Plus,Home Care,Families,Mumbai,715.73,429.25,286.48,40.03,76,59,0.7436352650803685,0.5088446384553387,10.0,27,5,1
P0039,Floor Cleaner Plus,Home Care,Families,Delhi,715.73,429.25,286.48,40.03,124,138,0.9149416867039654,0.27323314272559013,17.89,45,20,0
P0039,Floor Cleaner Plus,Home Care,Families,Chennai,715.73,429.25,286.48,40.03,205,183,0.8522859328042812,0.6022736454850068,-2.17,81,20,1
P0039,Floor Cleaner Plus,Home Care,Families,Pune,715.73,429.25,286.48,40.03,242,319,0.5568345252590104,0.6423389212549051,5.56,82,5,1
P0039,Floor Cleaner Plus,Home Care,Families,Kolkata,715.73,429.25,286.48,40.03,557,779,0.2613484668710671,0.8164699273115976,11.59,169,5,1
P0039,Floor Cleaner Plus,Home Care,Families,Ahmedabad,715.73,429.25,286.48,40.03,48,43,0.9142046639965979,0.8024562398599826,2.28,20,15,0
P0039,Floor Cleaner Plus,Home Care,Premium Customers,Hyderabad,715.73,429.25,286.48,40.03,182,109,0.9252647927749522,0.8905501582972011,58.1,81,15,1
P0039,Floor Cleaner Plus,Home Care,Premium Customers,Bengaluru,715.73,429.25,286.48,40.03,28,24,0.3565032025762585,0.3371377173470257,58.41,7,20,1
P0039,Floor Cleaner Plus,Home Care,Premium Customers,Mumbai,715.73,429.25,286.48,40.03,76,59,0.419120766628417,0.5013838881166579,4.93,22,15,0
P0039,Floor Cleaner Plus,Home Care,Premium Customers,Delhi,715.73,429.25,286.48,40.03,124,138,0.678560451675107,0.2892525209927703,14.22,39,10,0
P0039,Floor Cleaner Plus,Home Care,Premium Customers,Chennai,715.73,429.25,286.48,40.03,205,183,0.5886410782368243,0.9211710798607988,26.53,78,10,1
P0039,Floor Cleaner Plus,Home Care,Premium Customers,Pune,715.73,429.25,286.48,40.03,242,319,0.8024316319905044,0.4450168824801537,17.04,88,10,0
P0039,Floor Cleaner Plus,Home Care,Premium Customers,Kolkata,715.73,429.25,286.48,40.03,557,779,0.8396435978679428,0.7127654101120087,5.24,226,15,0
P0039,Floor Cleaner Plus,Home Care,Premium Customers,Ahmedabad,715.73,429.25,286.48,40.03,48,43,0.38922939680575697,0.9591165716167829,26.67,16,20,1
P0040,Energy Drinks Daily,Beverages,Students,Hyderabad,731.47,609.5,121.97,16.67,82,75,0.8632231734482629,0.4873489125670199,89.66,31,10,1
P0040,Energy Drinks Daily,Beverages,Students,Bengaluru,731.47,609.5,121.97,16.67,183,209,0.42273619479708613,0.21976492681707605,33.14,47,15,2
P0040,Energy Drinks Daily,Beverages,Students,Mumbai,731.47,609.5,121.97,16.67,126,137,0.4307097095368482,0.7425622353314403,15.79,41,10,0
P0040,Energy Drinks Daily,Beverages,Students,Delhi,731.47,609.5,121.97,16.67,168,154,0.7657285258939158,0.44724044429865767,14.87,60,5,0
P0040,Energy Drinks Daily,Beverages,Students,Chennai,731.47,609.5,121.97,16.67,402,380,0.46390632807190924,0.2935013327703366,34.02,112,10,1
P0040,Energy Drinks Daily,Beverages,Students,Pune,731.47,609.5,121.97,16.67,232,303,0.8436445871397189,0.464515148468157,17.69,87,5,1
P0040,Energy Drinks Daily,Beverages,Students,Kolkata,731.47,609.5,121.97,16.67,106,140,0.5247703715990155,0.46046975290056386,9.74,33,20,0
P0040,Energy Drinks Daily,Beverages,Students,Ahmedabad,731.47,609.5,121.97,16.67,363,457,0.37966119925790687,0.9770600020929499,20.0,126,10,1
P0040,Energy Drinks Daily,Beverages,Professionals,Hyderabad,731.47,609.5,121.97,16.67,82,75,0.7671775797809907,0.3138543502598083,62.35,28,5,1
P0040,Energy Drinks Daily,Beverages,Professionals,Bengaluru,731.47,609.5,121.97,16.67,183,209,0.9365380486501091,0.3443133627057229,22.85,69,10,0
P0040,Energy Drinks Daily,Beverages,Professionals,Mumbai,731.47,609.5,121.97,16.67,126,137,0.27341807739302837,0.8221081656294895,2.88,38,20,0
P0040,Energy Drinks Daily,Beverages,Professionals,Delhi,731.47,609.5,121.97,16.67,168,154,0.5873538148497732,0.37597652551182326,5.61,52,5,0
P0040,Energy Drinks Daily,Beverages,Professionals,Chennai,731.47,609.5,121.97,16.67,402,380,0.41163873670868145,0.7068379162025265,61.27,128,5,1
P0040,Energy Drinks Daily,Beverages,Professionals,Pune,731.47,609.5,121.97,16.67,232,303,0.8069290560412977,0.9359765073708239,23.26,99,10,0
P0040,Energy Drinks Daily,Beverages,Professionals,Kolkata,731.47,609.5,121.97,16.67,106,140,0.49280114821015863,0.6527359373973942,14.59,34,5,0
P0040,Energy Drinks Daily,Beverages,Professionals,Ahmedabad,731.47,609.5,121.97,16.67,363,457,0.8079575887119665,0.953019886417038,10.09,156,10,0
P0040,Energy Drinks Daily,Beverages,Families,Hyderabad,731.47,609.5,121.97,16.67,82,75,0.48322678987670054,0.5719006163247737,14.63,26,5,0
P0040,Energy Drinks Daily,Beverages,Families,Bengaluru,731.47,609.5,121.97,16.67,183,209,0.5097551987100548,0.4688538245079416,17.02,56,10,0
P0040,Energy Drinks Daily,Beverages,Families,Mumbai,731.47,609.5,121.97,16.67,126,137,0.8673031614173292,0.8807297731282322,14.47,54,5,0
P0040,Energy Drinks Daily,Beverages,Families,Delhi,731.47,609.5,121.97,16.67,168,154,0.897295035168467,0.7322950213499393,16.9,70,10,0
P0040,Energy Drinks Daily,Beverages,Families,Chennai,731.47,609.5,121.97,16.67,402,380,0.6714946763571816,0.8413099638338646,74.07,156,20,1
P0040,Energy Drinks Daily,Beverages,Families,Pune,731.47,609.5,121.97,16.67,232,303,0.44038716433215674,0.5393008226695377,21.32,70,5,0
P0040,Energy Drinks Daily,Beverages,Families,Kolkata,731.47,609.5,121.97,16.67,106,140,0.18110767513520515,0.2414641444052995,53.32,22,10,2
P0040,Energy Drinks Daily,Beverages,Families,Ahmedabad,731.47,609.5,121.97,16.67,363,457,0.7028602040647638,0.25040744146838273,84.76,116,15,1
P0040,Energy Drinks Daily,Beverages,Premium Customers,Hyderabad,731.47,609.5,121.97,16.67,82,75,0.2829149636758448,0.8803960773698838,24.65,25,15,0
P0040,Energy Drinks Daily,Beverages,Premium Customers,Bengaluru,731.47,609.5,121.97,16.67,183,209,0.8726690476502423,0.6072759598454163,7.99,73,15,0
P0040,Energy Drinks Daily,Beverages,Premium Customers,Mumbai,731.47,609.5,121.97,16.67,126,137,0.7757209715135897,0.7234417631762693,11.25,49,20,1
P0040,Energy Drinks Daily,Beverages,Premium Customers,Delhi,731.47,609.5,121.97,16.67,168,154,0.6342115553908538,0.6708574315102848,48.33,60,20,2
P0040,Energy Drinks Daily,Beverages,Premium Customers,Chennai,731.47,609.5,121.97,16.67,402,380,0.9220900986446962,0.5802232390652735,23.34,163,5,0
P0040,Energy Drinks Daily,Beverages,Premium Customers,Pune,731.47,609.5,121.97,16.67,232,303,0.9385725385145822,0.27056297294061804,16.13,86,10,1
P0040,Energy Drinks Daily,Beverages,Premium Customers,Kolkata,731.47,609.5,121.97,16.67,106,140,0.8595653646844583,0.6356832635441882,20.96,42,20,0
P0040,Energy Drinks Daily,Beverages,Premium Customers,Ahmedabad,731.47,609.5,121.97,16.67,363,457,0.3434197551697153,0.2243031337621141,13.99,89,10,0
P0041,Smart Watch Daily,Electronics,Students,Hyderabad,930.63,618.92,311.71,33.49,89,88,0.8471336793717201,0.5639994625474796,6.45,34,15,0
P0041,Smart Watch Daily,Electronics,Students,Bengaluru,930.63,618.92,311.71,33.49,51,58,0.26817713497241713,0.34745217305593307,18.18,12,5,0
P0041,Smart Watch Daily,Electronics,Students,Mumbai,930.63,618.92,311.71,33.49,469,340,0.7989080545125781,0.8441333253587235,14.45,194,10,0
P0041,Smart Watch Daily,Electronics,Students,Delhi,930.63,618.92,311.71,33.49,53,47,0.6745918588649357,0.9775980063574603,14.73,21,5,0
P0041,Smart Watch Daily,Electronics,Students,Chennai,930.63,618.92,311.71,33.49,458,331,0.23138744181674564,0.8957812047624341,21.55,141,10,0
P0041,Smart Watch Daily,Electronics,Students,Pune,930.63,618.92,311.71,33.49,438,536,0.9096924227171422,0.4184083145648437,22.67,168,5,0
P0041,Smart Watch Daily,Electronics,Students,Kolkata,930.63,618.92,311.71,33.49,248,272,0.2723992735305272,0.3056861778054664,19.01,60,15,0
P0041,Smart Watch Daily,Electronics,Students,Ahmedabad,930.63,618.92,311.71,33.49,684,614,0.34585000636252017,0.4648068420045472,8.64,189,10,0
P0041,Smart Watch Daily,Electronics,Professionals,Hyderabad,930.63,618.92,311.71,33.49,89,88,0.9291698728786794,0.7164015142630316,9.24,37,15,0
P0041,Smart Watch Daily,Electronics,Professionals,Bengaluru,930.63,618.92,311.71,33.49,51,58,0.52108316606827,0.26317164284926875,23.43,14,15,0
P0041,Smart Watch Daily,Electronics,Professionals,Mumbai,930.63,618.92,311.71,33.49,469,340,0.9125976546098252,0.3468785896971779,2.26,176,20,0
P0041,Smart Watch Daily,Electronics,Professionals,Delhi,930.63,618.92,311.71,33.49,53,47,0.8966130024097464,0.897349707686639,36.84,23,10,1
P0041,Smart Watch Daily,Electronics,Professionals,Chennai,930.63,618.92,311.71,33.49,458,331,0.36163652414197434,0.7115793515650157,17.38,142,15,0
P0041,Smart Watch Daily,Electronics,Professionals,Pune,930.63,618.92,311.71,33.49,438,536,0.8674845208681113,0.4801882156668058,14.1,167,10,0
P0041,Smart Watch Daily,Electronics,Professionals,Kolkata,930.63,618.92,311.71,33.49,248,272,0.17376410483000207,0.28303200306453213,9.09,54,20,1
P0041,Smart Watch Daily,Electronics,Professionals,Ahmedabad,930.63,618.92,311.71,33.49,684,614,0.24926347713098485,0.6893125435902184,4.25,195,5,0
P0041,Smart Watch Daily,Electronics,Families,Hyderabad,930.63,618.92,311.71,33.49,89,88,0.801517376075068,0.9348784155356344,24.44,38,20,1
P0041,Smart Watch Daily,Electronics,Families,Bengaluru,930.63,618.92,311.71,33.49,51,58,0.5014686037686539,0.7422454506308798,18.49,17,5,1
P0041,Smart Watch Daily,Electronics,Families,Mumbai,930.63,618.92,311.71,33.49,469,340,0.33358115826873225,0.6786935649212902,6.53,141,15,0
P0041,Smart Watch Daily,Electronics,Families,Delhi,930.63,618.92,311.71,33.49,53,47,0.9147180314025517,0.522166183500232,11.58,21,5,0
P0041,Smart Watch Daily,Electronics,Families,Chennai,930.63,618.92,311.71,33.49,458,331,0.6373752208511125,0.5611268459512054,12.22,159,5,0
P0041,Smart Watch Daily,Electronics,Families,Pune,930.63,618.92,311.71,33.49,438,536,0.40066897759763076,0.3889716101443302,23.03,122,5,1
P0041,Smart Watch Daily,Electronics,Families,Kolkata,930.63,618.92,311.71,33.49,248,272,0.38342210337644766,0.728498112103483,15.14,78,10,0
P0041,Smart Watch Daily,Electronics,Families,Ahmedabad,930.63,618.92,311.71,33.49,684,614,0.7492717369057692,0.4088353378090096,2.81,240,15,0
P0041,Smart Watch Daily,Electronics,Premium Customers,Hyderabad,930.63,618.92,311.71,33.49,89,88,0.7632424753722528,0.39427791083186947,22.08,31,5,0
P0041,Smart Watch Daily,Electronics,Premium Customers,Bengaluru,930.63,618.92,311.71,33.49,51,58,0.34517543262776423,0.32242880954903336,66.27,13,5,1
P0041,Smart Watch Daily,Electronics,Premium Customers,Mumbai,930.63,618.92,311.71,33.49,469,340,0.2092683116448616,0.8170244916794467,13.5,137,5,0
P0041,Smart Watch Daily,Electronics,Premium Customers,Delhi,930.63,618.92,311.71,33.49,53,47,0.47996706639777975,0.25064631740455473,17.13,14,5,0
P0041,Smart Watch Daily,Electronics,Premium Customers,Chennai,930.63,618.92,311.71,33.49,458,331,0.4941675391880507,0.6735341423923213,5.5,152,15,0
P0041,Smart Watch Daily,Electronics,Premium Customers,Pune,930.63,618.92,311.71,33.49,438,536,0.9214025824276971,0.23701548478998272,16.16,159,5,0
P0041,Smart Watch Daily,Electronics,Premium Customers,Kolkata,930.63,618.92,311.71,33.49,248,272,0.5096139551791139,0.5108901309197011,59.72,78,20,1
P0041,Smart Watch Daily,Electronics,Premium Customers,Ahmedabad,930.63,618.92,311.71,33.49,684,614,0.2728919079076586,0.7610176245905407,2.87,204,15,0
P0042,Backpack Premium,Fashion,Students,Hyderabad,763.91,517.64,246.27,32.24,262,235,0.6602637560414123,0.4577951698498544,5.31,88,5,0
P0042,Backpack Premium,Fashion,Students,Bengaluru,763.91,517.64,246.27,32.24,172,179,0.48619035150819745,0.5815154221014078,8.85,55,5,0
P0042,Backpack Premium,Fashion,Students,Mumbai,763.91,517.64,246.27,32.24,117,123,0.8990762887299154,0.5111675220722127,71.08,46,5,1
P0042,Backpack Premium,Fashion,Students,Delhi,763.91,517.64,246.27,32.24,129,116,0.7729533912742923,0.801295053982453,22.14,52,15,0
P0042,Backpack Premium,Fashion,Students,Chennai,763.91,517.64,246.27,32.24,259,254,0.9465066810734152,0.24110726204507238,10.24,95,20,0
P0042,Backpack Premium,Fashion,Students,Pune,763.91,517.64,246.27,32.24,181,230,0.6105024825271689,0.927079132762177,21.31,70,5,0
P0042,Backpack Premium,Fashion,Students,Kolkata,763.91,517.64,246.27,32.24,82,97,0.8364691437691576,0.7651365417295315,23.81,33,5,1
P0042,Backpack Premium,Fashion,Students,Ahmedabad,763.91,517.64,246.27,32.24,243,240,0.23528806774852143,0.720506453319447,17.99,69,20,0
P0042,Backpack Premium,Fashion,Professionals,Hyderabad,763.91,517.64,246.27,32.24,262,235,0.5131408588571367,0.4673415477246565,6.73,81,15,0
P0042,Backpack Premium,Fashion,Professionals,Bengaluru,763.91,517.64,246.27,32.24,172,179,0.6277989398808399,0.8524458520248732,3.59,65,5,0
P0042,Backpack Premium,Fashion,Professionals,Mumbai,763.91,517.64,246.27,32.24,117,123,0.6488353347157325,0.9538524902488756,23.91,46,10,0
P0042,Backpack Premium,Fashion,Professionals,Delhi,763.91,517.64,246.27,32.24,129,116,0.7739507333689685,0.4764987602704633,2.26,47,5,0
P0042,Backpack Premium,Fashion,Professionals,Chennai,763.91,517.64,246.27,32.24,259,254,0.9345658598296669,0.2620759831609464,25.84,95,5,1
P0042,Backpack Premium,Fashion,Professionals,Pune,763.91,517.64,246.27,32.24,181,230,0.404601228970202,0.3779595035206398,20.64,50,20,0
P0042,Backpack Premium,Fashion,Professionals,Kolkata,763.91,517.64,246.27,32.24,82,97,0.3877797578585044,0.7202089399573834,11.6,26,5,0
P0042,Backpack Premium,Fashion,Professionals,Ahmedabad,763.91,517.64,246.27,32.24,243,240,0.49076909143287384,0.7618886531830416,4.37,83,15,0
P0042,Backpack Premium,Fashion,Families,Hyderabad,763.91,517.64,246.27,32.24,262,235,0.5678310928844291,0.9573602543959585,51.85,100,10,1
P0042,Backpack Premium,Fashion,Families,Bengaluru,763.91,517.64,246.27,32.24,172,179,0.1668264551895394,0.5576451319512749,4.7,43,15,0
P0042,Backpack Premium,Fashion,Families,Mumbai,763.91,517.64,246.27,32.24,117,123,0.42878937782992765,0.48641753428706186,11.91,34,15,0
P0042,Backpack Premium,Fashion,Families,Delhi,763.91,517.64,246.27,32.24,129,116,0.44384696392272327,0.6628607623684164,24.66,41,5,0
P0042,Backpack Premium,Fashion,Families,Chennai,763.91,517.64,246.27,32.24,259,254,0.7708025548726792,0.2578180877645313,40.0,87,10,1
P0042,Backpack Premium,Fashion,Families,Pune,763.91,517.64,246.27,32.24,181,230,0.7974114991008503,0.45190574709387277,16.67,66,5,0
P0042,Backpack Premium,Fashion,Families,Kolkata,763.91,517.64,246.27,32.24,82,97,0.5553168831804992,0.708603859849362,61.02,28,15,1
P0042,Backpack Premium,Fashion,Families,Ahmedabad,763.91,517.64,246.27,32.24,243,240,0.9486325965695057,0.7769677343682619,12.5,106,10,0
P0042,Backpack Premium,Fashion,Premium Customers,Hyderabad,763.91,517.64,246.27,32.24,262,235,0.5974293984693404,0.6705944248544752,37.5,92,15,1
P0042,Backpack Premium,Fashion,Premium Customers,Bengaluru,763.91,517.64,246.27,32.24,172,179,0.907422411886034,0.34754011047469746,19.81,64,15,0
P0042,Backpack Premium,Fashion,Premium Customers,Mumbai,763.91,517.64,246.27,32.24,117,123,0.4143097413530682,0.6542463946858956,12.34,36,10,0
P0042,Backpack Premium,Fashion,Premium Customers,Delhi,763.91,517.64,246.27,32.24,129,116,0.15449689533305513,0.9793211973995932,11.7,39,5,0
P0042,Backpack Premium,Fashion,Premium Customers,Chennai,763.91,517.64,246.27,32.24,259,254,0.45546110542562757,0.8214754528913979,18.87,89,20,1
P0042,Backpack Premium,Fashion,Premium Customers,Pune,763.91,517.64,246.27,32.24,181,230,0.3570251846432729,0.6460084977577562,10.26,54,15,0
P0042,Backpack Premium,Fashion,Premium Customers,Kolkata,763.91,517.64,246.27,32.24,82,97,0.215220684984222,0.5531489052569226,18.04,21,5,0
P0042,Backpack Premium,Fashion,Premium Customers,Ahmedabad,763.91,517.64,246.27,32.24,243,240,0.19514007584220802,0.3953801972103619,17.3,57,10,0
P0043,Coffee Maker Value,Kitchen,Students,Hyderabad,288.97,247.11,41.86,14.49,300,277,0.7281397502502768,0.205883699969195,87.23,96,10,1
P0043,Coffee Maker Value,Kitchen,Students,Bengaluru,288.97,247.11,41.86,14.49,71,56,0.2930907107664986,0.47813331407994486,5.62,19,15,0
P0043,Coffee Maker Value,Kitchen,Students,Mumbai,288.97,247.11,41.86,14.49,232,227,0.5096957759478937,0.7748118422792911,14.36,80,10,0
P0043,Coffee Maker Value,Kitchen,Students,Delhi,288.97,247.11,41.86,14.49,133,132,0.5495017038110824,0.9425886569967996,24.85,50,10,0
P0043,Coffee Maker Value,Kitchen,Students,Chennai,288.97,247.11,41.86,14.49,414,477,0.4225639253483323,0.35390144438791665,16.51,115,20,0
P0043,Coffee Maker Value,Kitchen,Students,Pune,288.97,247.11,41.86,14.49,119,65,0.9029507112730185,0.9501689578387296,6.79,53,10,0
P0043,Coffee Maker Value,Kitchen,Students,Kolkata,288.97,247.11,41.86,14.49,186,216,0.6771625613061539,0.282117587530017,23.18,59,10,0
P0043,Coffee Maker Value,Kitchen,Students,Ahmedabad,288.97,247.11,41.86,14.49,742,480,0.3607007025059604,0.9037745673437465,22.64,248,10,0
P0043,Coffee Maker Value,Kitchen,Professionals,Hyderabad,288.97,247.11,41.86,14.49,300,277,0.5068207963789206,0.7559666879168347,46.22,103,15,2
P0043,Coffee Maker Value,Kitchen,Professionals,Bengaluru,288.97,247.11,41.86,14.49,71,56,0.7827390685974643,0.8764883933161061,59.88,29,15,2
P0043,Coffee Maker Value,Kitchen,Professionals,Mumbai,288.97,247.11,41.86,14.49,232,227,0.851473714865806,0.3699133478384874,15.18,85,15,0
P0043,Coffee Maker Value,Kitchen,Professionals,Delhi,288.97,247.11,41.86,14.49,133,132,0.4467351230982617,0.4047975085125762,16.25,38,20,0
P0043,Coffee Maker Value,Kitchen,Professionals,Chennai,288.97,247.11,41.86,14.49,414,477,0.6580558814113461,0.4014726785336408,11.3,137,20,0
P0043,Coffee Maker Value,Kitchen,Professionals,Pune,288.97,247.11,41.86,14.49,119,65,0.6130562648496913,0.3412659787135329,64.12,37,10,1
P0043,Coffee Maker Value,Kitchen,Professionals,Kolkata,288.97,247.11,41.86,14.49,186,216,0.3342094924973305,0.7272093042407148,20.58,57,20,0
P0043,Coffee Maker Value,Kitchen,Professionals,Ahmedabad,288.97,247.11,41.86,14.49,742,480,0.8422171805160121,0.4696202845382682,53.5,279,20,1
P0043,Coffee Maker Value,Kitchen,Families,Hyderabad,288.97,247.11,41.86,14.49,300,277,0.7257139210664406,0.34061346696460204,21.6,101,20,0
P0043,Coffee Maker Value,Kitchen,Families,Bengaluru,288.97,247.11,41.86,14.49,71,56,0.8047017014206462,0.48743471258696025,17.55,26,5,0
P0043,Coffee Maker Value,Kitchen,Families,Mumbai,288.97,247.11,41.86,14.49,232,227,0.17837028589161744,0.7742838977857633,2.56,65,5,0
P0043,Coffee Maker Value,Kitchen,Families,Delhi,288.97,247.11,41.86,14.49,133,132,0.7027327808394243,0.6345829006432475,22.58,49,15,0
P0043,Coffee Maker Value,Kitchen,Families,Chennai,288.97,247.11,41.86,14.49,414,477,0.6130295490307582,0.46311442787402224,17.4,136,20,0
P0043,Coffee Maker Value,Kitchen,Families,Pune,288.97,247.11,41.86,14.49,119,65,0.34549961250180183,0.9440898713822781,3.54,40,5,0
P0043,Coffee Maker Value,Kitchen,Families,Kolkata,288.97,247.11,41.86,14.49,186,216,0.6356447326656707,0.8065893376707838,18.11,70,15,1
P0043,Coffee Maker Value,Kitchen,Families,Ahmedabad,288.97,247.11,41.86,14.49,742,480,0.8830045926777639,0.440551765720294,74.32,283,20,1
P0043,Coffee Maker Value,Kitchen,Premium Customers,Hyderabad,288.97,247.11,41.86,14.49,300,277,0.8000832614732795,0.45081507297615864,45.01,109,10,2
P0043,Coffee Maker Value,Kitchen,Premium Customers,Bengaluru,288.97,247.11,41.86,14.49,71,56,0.6409669712511661,0.9184618924394898,10.76,27,5,0
P0043,Coffee Maker Value,Kitchen,Premium Customers,Mumbai,288.97,247.11,41.86,14.49,232,227,0.4906329844657905,0.8263779962660178,23.28,81,15,0
P0043,Coffee Maker Value,Kitchen,Premium Customers,Delhi,288.97,247.11,41.86,14.49,133,132,0.24488084336187033,0.7803669907243038,2.79,39,15,0
P0043,Coffee Maker Value,Kitchen,Premium Customers,Chennai,288.97,247.11,41.86,14.49,414,477,0.4230435629466087,0.828370381301099,21.0,139,10,0
P0043,Coffee Maker Value,Kitchen,Premium Customers,Pune,288.97,247.11,41.86,14.49,119,65,0.7424329142705947,0.81847908283487,12.03,47,20,0
P0043,Coffee Maker Value,Kitchen,Premium Customers,Kolkata,288.97,247.11,41.86,14.49,186,216,0.9253186052473974,0.47712180101440205,16.27,73,15,0
P0043,Coffee Maker Value,Kitchen,Premium Customers,Ahmedabad,288.97,247.11,41.86,14.49,742,480,0.5162208379020274,0.27505504543565806,32.3,213,5,1
P0044,Smart Watch Premium,Electronics,Students,Hyderabad,399.08,306.41,92.67,23.22,137,163,0.33585306548954574,0.8497345493707538,12.17,44,5,0
P0044,Smart Watch Premium,Electronics,Students,Bengaluru,399.08,306.41,92.67,23.22,276,366,0.8428627785674129,0.786063332241915,14.56,115,20,0
P0044,Smart Watch Premium,Electronics,Students,Mumbai,399.08,306.41,92.67,23.22,134,85,0.4533888063703766,0.46998400189033873,79.51,40,15,1
P0044,Smart Watch Premium,Electronics,Students,Delhi,399.08,306.41,92.67,23.22,255,277,0.1572890931286725,0.6388441762240882,8.71,66,10,0
P0044,Smart Watch Premium,Electronics,Students,Chennai,399.08,306.41,92.67,23.22,273,214,0.16539366762047836,0.6984812898943888,65.15,73,10,1
P0044,Smart Watch Premium,Electronics,Students,Pune,399.08,306.41,92.67,23.22,147,212,0.9421404394868642,0.7292517598737633,22.59,63,20,0
P0044,Smart Watch Premium,Electronics,Students,Kolkata,399.08,306.41,92.67,23.22,106,103,0.42364870144583466,0.565091401852515,20.22,32,15,0
P0044,Smart Watch Premium,Electronics,Students,Ahmedabad,399.08,306.41,92.67,23.22,642,474,0.8362683857558297,0.4880682131590044,20.0,242,10,1
P0044,Smart Watch Premium,Electronics,Professionals,Hyderabad,399.08,306.41,92.67,23.22,137,163,0.8064932238089028,0.5014955907162577,11.32,51,10,0
P0044,Smart Watch Premium,Electronics,Professionals,Bengaluru,399.08,306.41,92.67,23.22,276,366,0.5802780481752701,0.728350456514645,17.06,98,20,0
P0044,Smart Watch Premium,Electronics,Professionals,Mumbai,399.08,306.41,92.67,23.22,134,85,0.5085672539713251,0.7985091702108622,8.39,47,15,0
P0044,Smart Watch Premium,Electronics,Professionals,Delhi,399.08,306.41,92.67,23.22,255,277,0.15009208740568009,0.9732520901210737,11.97,76,10,0
P0044,Smart Watch Premium,Electronics,Professionals,Chennai,399.08,306.41,92.67,23.22,273,214,0.9028549887209079,0.587274955982549,5.51,110,20,0
P0044,Smart Watch Premium,Electronics,Professionals,Pune,399.08,306.41,92.67,23.22,147,212,0.2060340313823877,0.4830668256639148,25.0,36,10,1
P0044,Smart Watch Premium,Electronics,Professionals,Kolkata,399.08,306.41,92.67,23.22,106,103,0.3061506043973097,0.47752141387467123,3.15,28,20,0
P0044,Smart Watch Premium,Electronics,Professionals,Ahmedabad,399.08,306.41,92.67,23.22,642,474,0.19779933538396557,0.9871408668589077,19.98,200,10,0
P0044,Smart Watch Premium,Electronics,Families,Hyderabad,399.08,306.41,92.67,23.22,137,163,0.7498510705853821,0.4146411443791497,15.96,48,5,0
P0044,Smart Watch Premium,Electronics,Families,Bengaluru,399.08,306.41,92.67,23.22,276,366,0.8072128931162822,0.747521991003216,67.53,111,5,1
P0044,Smart Watch Premium,Electronics,Families,Mumbai,399.08,306.41,92.67,23.22,134,85,0.3822080555169914,0.6153012846106585,3.67,40,5,0
P0044,Smart Watch Premium,Electronics,Families,Delhi,399.08,306.41,92.67,23.22,255,277,0.9372744241607915,0.21303535626127534,19.22,92,10,0
P0044,Smart Watch Premium,Electronics,Families,Chennai,399.08,306.41,92.67,23.22,273,214,0.7037108398131877,0.3456145669224481,2.07,91,5,0
P0044,Smart Watch Premium,Electronics,Families,Pune,399.08,306.41,92.67,23.22,147,212,0.7595667127502834,0.2265603329403282,24.3,48,15,1
P0044,Smart Watch Premium,Electronics,Families,Kolkata,399.08,306.41,92.67,23.22,106,103,0.5246426698108897,0.7155781580077603,5.24,36,5,0
P0044,Smart Watch Premium,Electronics,Families,Ahmedabad,399.08,306.41,92.67,23.22,642,474,0.7667720067401299,0.7931534324677139,10.97,258,10,0
P0044,Smart Watch Premium,Electronics,Premium Customers,Hyderabad,399.08,306.41,92.67,23.22,137,163,0.8287237378591363,0.703844478579523,6.29,55,5,0
P0044,Smart Watch Premium,Electronics,Premium Customers,Bengaluru,399.08,306.41,92.67,23.22,276,366,0.22851193877188808,0.37911988831043947,12.22,67,15,0
P0044,Smart Watch Premium,Electronics,Premium Customers,Mumbai,399.08,306.41,92.67,23.22,134,85,0.43686611053867097,0.6394425172420204,15.4,42,10,0
P0044,Smart Watch Premium,Electronics,Premium Customers,Delhi,399.08,306.41,92.67,23.22,255,277,0.5295612875992407,0.9396148467734629,82.4,95,20,1
P0044,Smart Watch Premium,Electronics,Premium Customers,Chennai,399.08,306.41,92.67,23.22,273,214,0.42110729703143,0.9942221745914137,12.71,97,10,0
P0044,Smart Watch Premium,Electronics,Premium Customers,Pune,399.08,306.41,92.67,23.22,147,212,0.6599612324457619,0.38166803073455435,14.46,48,20,0
P0044,Smart Watch Premium,Electronics,Premium Customers,Kolkata,399.08,306.41,92.67,23.22,106,103,0.4613147099904421,0.9300619172405478,23.39,38,10,0
P0044,Smart Watch Premium,Electronics,Premium Customers,Ahmedabad,399.08,306.41,92.67,23.22,642,474,0.646691330631948,0.7543890712646166,48.07,239,15,2
P0045,Backpack Daily,Fashion,Students,Hyderabad,162.29,94.25,68.04,41.92,310,276,0.5828389510897756,0.5453960621525199,6.49,103,15,0
P0045,Backpack Daily,Fashion,Students,Bengaluru,162.29,94.25,68.04,41.92,270,232,0.6503829993679209,0.6694006743353673,3.7,98,5,0
P0045,Backpack Daily,Fashion,Students,Mumbai,162.29,94.25,68.04,41.92,370,224,0.15430112401900828,0.3751418676188644,53.45,84,20,1
P0045,Backpack Daily,Fashion,Students,Delhi,162.29,94.25,68.04,41.92,347,448,0.7133264055896262,0.9229903053357484,14.29,141,5,0
P0045,Backpack Daily,Fashion,Students,Chennai,162.29,94.25,68.04,41.92,281,377,0.24468730720430099,0.6748478162151825,37.42,79,20,2
P0045,Backpack Daily,Fashion,Students,Pune,162.29,94.25,68.04,41.92,142,94,0.176162507585693,0.9991339853797072,4.93,44,15,0
P0045,Backpack Daily,Fashion,Students,Kolkata,162.29,94.25,68.04,41.92,291,395,0.626174526618222,0.8574912447120462,18.42,111,15,0
P0045,Backpack Daily,Fashion,Students,Ahmedabad,162.29,94.25,68.04,41.92,171,231,0.9119003713256469,0.9641239218971689,58.33,77,5,1
P0045,Backpack Daily,Fashion,Professionals,Hyderabad,162.29,94.25,68.04,41.92,310,276,0.6407610850030582,0.20198762452330188,18.97,94,10,1
P0045,Backpack Daily,Fashion,Professionals,Bengaluru,162.29,94.25,68.04,41.92,270,232,0.23223201493881562,0.3135013233575028,17.45,63,20,0
P0045,Backpack Daily,Fashion,Professionals,Mumbai,162.29,94.25,68.04,41.92,370,224,0.2617347362656933,0.8427619510317166,24.56,113,20,1
P0045,Backpack Daily,Fashion,Professionals,Delhi,162.29,94.25,68.04,41.92,347,448,0.747842961751739,0.6242286210708362,24.77,131,20,0
P0045,Backpack Daily,Fashion,Professionals,Chennai,162.29,94.25,68.04,41.92,281,377,0.1764011336446275,0.4388340791154078,15.04,67,15,0
P0045,Backpack Daily,Fashion,Professionals,Pune,162.29,94.25,68.04,41.92,142,94,0.45946978464264954,0.8636008785726668,22.57,49,20,0
P0045,Backpack Daily,Fashion,Professionals,Kolkata,162.29,94.25,68.04,41.92,291,395,0.18086635958106,0.776897440005019,23.95,82,20,0
P0045,Backpack Daily,Fashion,Professionals,Ahmedabad,162.29,94.25,68.04,41.92,171,231,0.2991931471142889,0.41056980743934957,24.94,44,20,0
P0045,Backpack Daily,Fashion,Families,Hyderabad,162.29,94.25,68.04,41.92,310,276,0.7629803506545635,0.6565257929880026,22.24,119,15,0
P0045,Backpack Daily,Fashion,Families,Bengaluru,162.29,94.25,68.04,41.92,270,232,0.4183973370403329,0.7463599673407701,43.02,88,15,1
P0045,Backpack Daily,Fashion,Families,Mumbai,162.29,94.25,68.04,41.92,370,224,0.5903561845564047,0.9382689676921194,10.45,142,10,1
P0045,Backpack Daily,Fashion,Families,Delhi,162.29,94.25,68.04,41.92,347,448,0.4237401050384463,0.4402858207897878,44.14,100,10,2
P0045,Backpack Daily,Fashion,Families,Chennai,162.29,94.25,68.04,41.92,281,377,0.8662919320466678,0.3984401199108952,23.83,104,5,0
P0045,Backpack Daily,Fashion,Families,Pune,162.29,94.25,68.04,41.92,142,94,0.7904699843039327,0.3172241756323348,5.9,49,5,0
P0045,Backpack Daily,Fashion,Families,Kolkata,162.29,94.25,68.04,41.92,291,395,0.5435247442348429,0.9277202020513349,43.14,109,10,1
P0045,Backpack Daily,Fashion,Families,Ahmedabad,162.29,94.25,68.04,41.92,171,231,0.7025061295525191,0.5968600280313454,6.65,62,15,0
P0045,Backpack Daily,Fashion,Premium Customers,Hyderabad,162.29,94.25,68.04,41.92,310,276,0.8304461641493597,0.380619074866016,11.11,112,10,1
P0045,Backpack Daily,Fashion,Premium Customers,Bengaluru,162.29,94.25,68.04,41.92,270,232,0.3136147924812921,0.9724808472898678,51.58,90,20,2
P0045,Backpack Daily,Fashion,Premium Customers,Mumbai,162.29,94.25,68.04,41.92,370,224,0.892990983408177,0.8717742664651784,3.25,161,10,0
P0045,Backpack Daily,Fashion,Premium Customers,Delhi,162.29,94.25,68.04,41.92,347,448,0.7523450428835621,0.64222245225166,2.92,132,20,0
P0045,Backpack Daily,Fashion,Premium Customers,Chennai,162.29,94.25,68.04,41.92,281,377,0.6661567080364428,0.2839867863218478,12.32,89,10,0
P0045,Backpack Daily,Fashion,Premium Customers,Pune,162.29,94.25,68.04,41.92,142,94,0.16241747653635769,0.9253459391438414,18.26,42,5,0
P0045,Backpack Daily,Fashion,Premium Customers,Kolkata,162.29,94.25,68.04,41.92,291,395,0.5582882573639858,0.7814362707916567,6.43,104,20,0
P0045,Backpack Daily,Fashion,Premium Customers,Ahmedabad,162.29,94.25,68.04,41.92,171,231,0.7052537500929767,0.9329184889900319,5.8,69,15,0
P0046,Air Freshener Classic,Home Care,Students,Hyderabad,568.98,431.81,137.17,24.11,133,83,0.4231877538246146,0.5184921922384453,7.09,39,10,0
P0046,Air Freshener Classic,Home Care,Students,Bengaluru,568.98,431.81,137.17,24.11,82,113,0.3532234777687975,0.46599325358420285,7.55,22,20,0
P0046,Air Freshener Classic,Home Care,Students,Mumbai,568.98,431.81,137.17,24.11,186,105,0.1953438709177263,0.6049542379814865,18.79,49,15,0
P0046,Air Freshener Classic,Home Care,Students,Delhi,568.98,431.81,137.17,24.11,99,73,0.25796502151557615,0.9365711160496748,42.77,31,10,2
P0046,Air Freshener Classic,Home Care,Students,Chennai,568.98,431.81,137.17,24.11,273,260,0.634602109502224,0.8128116378640022,31.62,103,15,2
P0046,Air Freshener Classic,Home Care,Students,Pune,568.98,431.81,137.17,24.11,48,62,0.7861061579041662,0.25721017861152795,18.96,16,20,0
P0046,Air Freshener Classic,Home Care,Students,Kolkata,568.98,431.81,137.17,24.11,158,199,0.5826003400416332,0.5268897555251072,21.81,52,10,0
P0046,Air Freshener Classic,Home Care,Students,Ahmedabad,568.98,431.81,137.17,24.11,235,322,0.15426016491698416,0.22091947614956275,20.26,48,10,0
P0046,Air Freshener Classic,Home Care,Professionals,Hyderabad,568.98,431.81,137.17,24.11,133,83,0.8683641231494984,0.3136788347561682,24.98,48,15,2
P0046,Air Freshener Classic,Home Care,Professionals,Bengaluru,568.98,431.81,137.17,24.11,82,113,0.7083849515184771,0.6778733633872085,16.46,30,15,0
P0046,Air Freshener Classic,Home Care,Professionals,Mumbai,568.98,431.81,137.17,24.11,186,105,0.46548514919387485,0.38775488534322505,16.47,54,10,0
P0046,Air Freshener Classic,Home Care,Professionals,Delhi,568.98,431.81,137.17,24.11,99,73,0.4353091057856179,0.26368541365336534,38.21,26,20,1
P0046,Air Freshener Classic,Home Care,Professionals,Chennai,568.98,431.81,137.17,24.11,273,260,0.7146183484242297,0.8668828132335478,12.7,109,10,1
P0046,Air Freshener Classic,Home Care,Professionals,Pune,568.98,431.81,137.17,24.11,48,62,0.8394231619493373,0.31073931071580835,7.5,17,10,0
P0046,Air Freshener Classic,Home Care,Professionals,Kolkata,568.98,431.81,137.17,24.11,158,199,0.5972639365805056,0.8920723408803328,20.74,60,10,0
P0046,Air Freshener Classic,Home Care,Professionals,Ahmedabad,568.98,431.81,137.17,24.11,235,322,0.5416919848432302,0.40668822554546386,2.21,72,10,0
P0046,Air Freshener Classic,Home Care,Families,Hyderabad,568.98,431.81,137.17,24.11,133,83,0.6865530872065398,0.30707423557363545,4.88,43,5,0
P0046,Air Freshener Classic,Home Care,Families,Bengaluru,568.98,431.81,137.17,24.11,82,113,0.1848533755215097,0.8572591622458943,8.65,24,15,0
P0046,Air Freshener Classic,Home Care,Families,Mumbai,568.98,431.81,137.17,24.11,186,105,0.16596088702781156,0.8644342457746921,24.85,54,5,0
P0046,Air Freshener Classic,Home Care,Families,Delhi,568.98,431.81,137.17,24.11,99,73,0.45343117679986567,0.9767153874703935,88.46,35,20,1
P0046,Air Freshener Classic,Home Care,Families,Chennai,568.98,431.81,137.17,24.11,273,260,0.9358378409993726,0.8892410487545468,49.45,122,5,1
P0046,Air Freshener Classic,Home Care,Families,Pune,568.98,431.81,137.17,24.11,48,62,0.8046193905496498,0.5640392355326558,23.65,18,20,0
P0046,Air Freshener Classic,Home Care,Families,Kolkata,568.98,431.81,137.17,24.11,158,199,0.8052383832799963,0.27309121859767,3.95,54,15,0
P0046,Air Freshener Classic,Home Care,Families,Ahmedabad,568.98,431.81,137.17,24.11,235,322,0.9369941753442624,0.5800632537153532,8.99,96,15,0
P0046,Air Freshener Classic,Home Care,Premium Customers,Hyderabad,568.98,431.81,137.17,24.11,133,83,0.5703594128907467,0.48669795414684797,14.91,43,10,0
P0046,Air Freshener Classic,Home Care,Premium Customers,Bengaluru,568.98,431.81,137.17,24.11,82,113,0.1910563485221808,0.41229755455925254,61.9,19,20,1
P0046,Air Freshener Classic,Home Care,Premium Customers,Mumbai,568.98,431.81,137.17,24.11,186,105,0.5245414799298818,0.7359445812481502,18.25,64,5,0
P0046,Air Freshener Classic,Home Care,Premium Customers,Delhi,568.98,431.81,137.17,24.11,99,73,0.8594049890189859,0.5266515403217598,6.61,38,15,0
P0046,Air Freshener Classic,Home Care,Premium Customers,Chennai,568.98,431.81,137.17,24.11,273,260,0.6695313079514174,0.6941677453599133,10.57,101,15,0
P0046,Air Freshener Classic,Home Care,Premium Customers,Pune,568.98,431.81,137.17,24.11,48,62,0.5202255684609484,0.7413553872430387,16.12,16,15,0
P0046,Air Freshener Classic,Home Care,Premium Customers,Kolkata,568.98,431.81,137.17,24.11,158,199,0.2574794898373956,0.20473844730100216,39.13,35,5,1
P0046,Air Freshener Classic,Home Care,Premium Customers,Ahmedabad,568.98,431.81,137.17,24.11,235,322,0.45233818809697823,0.2883962956537438,4.95,64,15,0
P0047,Tea Classic,Beverages,Students,Hyderabad,720.52,607.21,113.31,15.73,106,88,0.8932299969030656,0.30102388326108304,12.3,38,15,0
P0047,Tea Classic,Beverages,Students,Bengaluru,720.52,607.21,113.31,15.73,193,151,0.34834114218673046,0.4252865850551034,7.16,52,5,0
P0047,Tea Classic,Beverages,Students,Mumbai,720.52,607.21,113.31,15.73,234,320,0.6634672823948441,0.9362500234991156,17.76,93,5,1
P0047,Tea Classic,Beverages,Students,Delhi,720.52,607.21,113.31,15.73,100,86,0.6353839627805004,0.5078647852105244,7.01,34,20,0
P0047,Tea Classic,Beverages,Students,Chennai,720.52,607.21,113.31,15.73,361,498,0.7761828539082573,0.3451656979805596,19.28,125,15,0
P0047,Tea Classic,Beverages,Students,Pune,720.52,607.21,113.31,15.73,118,152,0.7443342719982069,0.6032327225883491,63.64,44,15,1
P0047,Tea Classic,Beverages,Students,Kolkata,720.52,607.21,113.31,15.73,164,192,0.495078686580277,0.7915620221727768,14.2,57,20,0
P0047,Tea Classic,Beverages,Students,Ahmedabad,720.52,607.21,113.31,15.73,199,260,0.532774075965094,0.8394463031043813,15.34,71,15,0
P0047,Tea Classic,Beverages,Professionals,Hyderabad,720.52,607.21,113.31,15.73,106,88,0.22419454847126355,0.6677210282808248,4.64,29,20,0
P0047,Tea Classic,Beverages,Professionals,Bengaluru,720.52,607.21,113.31,15.73,193,151,0.3111442325329544,0.6468254629200572,6.72,56,5,0
P0047,Tea Classic,Beverages,Professionals,Mumbai,720.52,607.21,113.31,15.73,234,320,0.7915769602208642,0.49575325469624715,13.97,86,15,0
P0047,Tea Classic,Beverages,Professionals,Delhi,720.52,607.21,113.31,15.73,100,86,0.3287925971929626,0.34411986879363776,13.9,25,15,0
P0047,Tea Classic,Beverages,Professionals,Chennai,720.52,607.21,113.31,15.73,361,498,0.6671650797327089,0.8695367035828501,81.82,141,5,1
P0047,Tea Classic,Beverages,Professionals,Pune,720.52,607.21,113.31,15.73,118,152,0.30228432303791164,0.2082051037722039,8.97,27,20,0
P0047,Tea Classic,Beverages,Professionals,Kolkata,720.52,607.21,113.31,15.73,164,192,0.5337197041037678,0.351914133082178,12.7,49,5,0
P0047,Tea Classic,Beverages,Professionals,Ahmedabad,720.52,607.21,113.31,15.73,199,260,0.8141978539342956,0.749757095809567,18.74,80,20,0
P0047,Tea Classic,Beverages,Families,Hyderabad,720.52,607.21,113.31,15.73,106,88,0.18453463631396472,0.22783482696238347,6.03,22,15,0
P0047,Tea Classic,Beverages,Families,Bengaluru,720.52,607.21,113.31,15.73,193,151,0.8025782013983489,0.8320876728933781,23.64,80,20,0
P0047,Tea Classic,Beverages,Families,Mumbai,720.52,607.21,113.31,15.73,234,320,0.6967945693294555,0.4745319852672893,79.27,81,15,1
P0047,Tea Classic,Beverages,Families,Delhi,720.52,607.21,113.31,15.73,100,86,0.2465068756893032,0.9000658169093276,10.81,31,20,0
P0047,Tea Classic,Beverages,Families,Chennai,720.52,607.21,113.31,15.73,361,498,0.9443186016897692,0.3103060570443419,24.78,136,15,2
P0047,Tea Classic,Beverages,Families,Pune,720.52,607.21,113.31,15.73,118,152,0.32843239617938486,0.8756899384762591,22.91,38,20,0
P0047,Tea Classic,Beverages,Families,Kolkata,720.52,607.21,113.31,15.73,164,192,0.3820288184170253,0.5351493306035788,20.91,48,15,0
P0047,Tea Classic,Beverages,Families,Ahmedabad,720.52,607.21,113.31,15.73,199,260,0.595368205991546,0.6876116712838407,16.28,70,5,1
P0047,Tea Classic,Beverages,Premium Customers,Hyderabad,720.52,607.21,113.31,15.73,106,88,0.39750273800040026,0.5705453606222295,2.17,31,20,0
P0047,Tea Classic,Beverages,Premium Customers,Bengaluru,720.52,607.21,113.31,15.73,193,151,0.3028942716805404,0.9606747869318129,34.86,63,5,1
P0047,Tea Classic,Beverages,Premium Customers,Mumbai,720.52,607.21,113.31,15.73,234,320,0.514104551778945,0.9244161642453963,2.09,86,15,0
P0047,Tea Classic,Beverages,Premium Customers,Delhi,720.52,607.21,113.31,15.73,100,86,0.7963970951994223,0.6363725728244847,4.43,38,5,0
P0047,Tea Classic,Beverages,Premium Customers,Chennai,720.52,607.21,113.31,15.73,361,498,0.8048173147718108,0.3716570759310961,22.82,129,5,0
P0047,Tea Classic,Beverages,Premium Customers,Pune,720.52,607.21,113.31,15.73,118,152,0.2351625508748834,0.9822233487999406,45.86,37,5,1
P0047,Tea Classic,Beverages,Premium Customers,Kolkata,720.52,607.21,113.31,15.73,164,192,0.5837463509595021,0.8527679268009973,84.62,61,20,1
P0047,Tea Classic,Beverages,Premium Customers,Ahmedabad,720.52,607.21,113.31,15.73,199,260,0.5856284045687734,0.5034063613482742,2.68,65,10,0
P0048,Smart Watch Daily,Electronics,Students,Hyderabad,615.54,528.6,86.94,14.12,137,102,0.7629649180695317,0.8645454068302072,17.25,56,15,0
P0048,Smart Watch Daily,Electronics,Students,Bengaluru,615.54,528.6,86.94,14.12,63,80,0.26230260597795807,0.31547361559131737,22.38,15,15,0
P0048,Smart Watch Daily,Electronics,Students,Mumbai,615.54,528.6,86.94,14.12,107,102,0.40298194569007173,0.4898680609730945,56.92,31,10,1
P0048,Smart Watch Daily,Electronics,Students,Delhi,615.54,528.6,86.94,14.12,117,99,0.40581418252825807,0.8577795688720418,6.54,39,15,0
P0048,Smart Watch Daily,Electronics,Students,Chennai,615.54,528.6,86.94,14.12,108,99,0.2789284173014598,0.8487146923353639,2.72,33,20,0
P0048,Smart Watch Daily,Electronics,Students,Pune,615.54,528.6,86.94,14.12,106,59,0.23720669981682901,0.39644591267216794,2.98,26,10,0
P0048,Smart Watch Daily,Electronics,Students,Kolkata,615.54,528.6,86.94,14.12,282,288,0.7972243984205172,0.30997972269944285,33.69,98,5,3
P0048,Smart Watch Daily,Electronics,Students,Ahmedabad,615.54,528.6,86.94,14.12,198,176,0.2186244491246601,0.5160842972344325,10.55,51,5,0
P0048,Smart Watch Daily,Electronics,Professionals,Hyderabad,615.54,528.6,86.94,14.12,137,102,0.4360170262755939,0.5842827915236699,6.29,42,15,0
P0048,Smart Watch Daily,Electronics,Professionals,Bengaluru,615.54,528.6,86.94,14.12,63,80,0.7070969830724096,0.4930402746720975,14.27,22,10,0
P0048,Smart Watch Daily,Electronics,Professionals,Mumbai,615.54,528.6,86.94,14.12,107,102,0.5885254631804895,0.946809273793648,19.78,41,10,0
P0048,Smart Watch Daily,Electronics,Professionals,Delhi,615.54,528.6,86.94,14.12,117,99,0.5186492255809316,0.7132586544264392,69.68,40,10,1
P0048,Smart Watch Daily,Electronics,Professionals,Chennai,615.54,528.6,86.94,14.12,108,99,0.7308354903577134,0.3865663304819815,8.46,37,10,0
P0048,Smart Watch Daily,Electronics,Professionals,Pune,615.54,528.6,86.94,14.12,106,59,0.2517443412168089,0.6596527918524321,53.85,29,20,1
P0048,Smart Watch Daily,Electronics,Professionals,Kolkata,615.54,528.6,86.94,14.12,282,288,0.2614297049084106,0.4623385626526231,13.04,73,10,0
P0048,Smart Watch Daily,Electronics,Professionals,Ahmedabad,615.54,528.6,86.94,14.12,198,176,0.1718533014992114,0.6806860177051051,33.34,53,5,2
P0048,Smart Watch Daily,Electronics,Families,Hyderabad,615.54,528.6,86.94,14.12,137,102,0.6689162525349968,0.9070966367835476,11.16,54,10,0
P0048,Smart Watch Daily,Electronics,Families,Bengaluru,615.54,528.6,86.94,14.12,63,80,0.7207457317090643,0.38989981485236475,10.26,21,5,1
P0048,Smart Watch Daily,Electronics,Families,Mumbai,615.54,528.6,86.94,14.12,107,102,0.34152103728924804,0.3652741240226536,24.66,28,10,0
P0048,Smart Watch Daily,Electronics,Families,Delhi,615.54,528.6,86.94,14.12,117,99,0.47749476821108616,0.20731705246003057,17.01,31,5,0
P0048,Smart Watch Daily,Electronics,Families,Chennai,615.54,528.6,86.94,14.12,108,99,0.32885738783059776,0.5504784107909719,57.84,30,10,2
P0048,Smart Watch Daily,Electronics,Families,Pune,615.54,528.6,86.94,14.12,106,59,0.7702532407880287,0.7085316870726568,19.87,41,20,0
P0048,Smart Watch Daily,Electronics,Families,Kolkata,615.54,528.6,86.94,14.12,282,288,0.6113701192196919,0.31599841248607197,10.84,87,5,0
P0048,Smart Watch Daily,Electronics,Families,Ahmedabad,615.54,528.6,86.94,14.12,198,176,0.5271565045215025,0.8947181051953665,80.26,72,5,1
P0048,Smart Watch Daily,Electronics,Premium Customers,Hyderabad,615.54,528.6,86.94,14.12,137,102,0.22686092847046221,0.38965180484647627,14.99,33,5,0
P0048,Smart Watch Daily,Electronics,Premium Customers,Bengaluru,615.54,528.6,86.94,14.12,63,80,0.8813686343056722,0.6428223415975594,11.31,25,5,0
P0048,Smart Watch Daily,Electronics,Premium Customers,Mumbai,615.54,528.6,86.94,14.12,107,102,0.5692793481144661,0.37184634183359616,91.87,33,15,1
P0048,Smart Watch Daily,Electronics,Premium Customers,Delhi,615.54,528.6,86.94,14.12,117,99,0.8204699175102436,0.3437453583050962,15.61,41,5,0
P0048,Smart Watch Daily,Electronics,Premium Customers,Chennai,615.54,528.6,86.94,14.12,108,99,0.22654835868635564,0.5989232327237035,30.18,29,10,1
P0048,Smart Watch Daily,Electronics,Premium Customers,Pune,615.54,528.6,86.94,14.12,106,59,0.20404566837514623,0.8767213848418913,24.5,31,20,0
P0048,Smart Watch Daily,Electronics,Premium Customers,Kolkata,615.54,528.6,86.94,14.12,282,288,0.3881226815101837,0.8521104904208763,14.29,94,15,0
P0048,Smart Watch Daily,Electronics,Premium Customers,Ahmedabad,615.54,528.6,86.94,14.12,198,176,0.7132814103472452,0.7997294968930191,23.89,77,10,0
P0049,Backpack Classic,Fashion,Students,Hyderabad,136.97,117.83,19.14,13.97,121,78,0.6927587238166187,0.2582871380561952,22.73,38,15,0
P0049,Backpack Classic,Fashion,Students,Bengaluru,136.97,117.83,19.14,13.97,235,186,0.6217818900400102,0.7458531038582419,13.62,86,20,0
P0049,Backpack Classic,Fashion,Students,Mumbai,136.97,117.83,19.14,13.97,253,218,0.9278668910496679,0.6886211278945443,75.0,106,15,1
P0049,Backpack Classic,Fashion,Students,Delhi,136.97,117.83,19.14,13.97,172,240,0.7883299199245998,0.32637651965642656,9.65,59,5,0
P0049,Backpack Classic,Fashion,Students,Chennai,136.97,117.83,19.14,13.97,117,138,0.8785988498922963,0.893968589117192,5.38,51,10,0
P0049,Backpack Classic,Fashion,Students,Pune,136.97,117.83,19.14,13.97,297,235,0.482381969347089,0.45314101169650683,21.78,90,15,0
P0049,Backpack Classic,Fashion,Students,Kolkata,136.97,117.83,19.14,13.97,268,357,0.15767099704550355,0.2925259484357657,24.1,58,5,0
P0049,Backpack Classic,Fashion,Students,Ahmedabad,136.97,117.83,19.14,13.97,95,112,0.34727524153793765,0.5089298025767739,13.01,26,15,0
P0049,Backpack Classic,Fashion,Professionals,Hyderabad,136.97,117.83,19.14,13.97,121,78,0.5570321527586106,0.7785501252673954,14.67,43,10,0
P0049,Backpack Classic,Fashion,Professionals,Bengaluru,136.97,117.83,19.14,13.97,235,186,0.35859430911224854,0.7816953118538508,41.89,75,20,2
P0049,Backpack Classic,Fashion,Professionals,Mumbai,136.97,117.83,19.14,13.97,253,218,0.5023013926459368,0.49317164223972854,70.59,78,15,1
P0049,Backpack Classic,Fashion,Professionals,Delhi,136.97,117.83,19.14,13.97,172,240,0.20481131256741456,0.8358707883623093,5.03,50,10,1
P0049,Backpack Classic,Fashion,Professionals,Chennai,136.97,117.83,19.14,13.97,117,138,0.7661169022902995,0.46577258907787167,9.81,42,10,0
P0049,Backpack Classic,Fashion,Professionals,Pune,136.97,117.83,19.14,13.97,297,235,0.33260510665299153,0.971012121005107,11.2,100,20,0
P0049,Backpack Classic,Fashion,Professionals,Kolkata,136.97,117.83,19.14,13.97,268,357,0.49686674261956076,0.29781800951115533,21.52,76,20,0
P0049,Backpack Classic,Fashion,Professionals,Ahmedabad,136.97,117.83,19.14,13.97,95,112,0.45703588007022666,0.34367467184897715,13.95,27,20,0
P0049,Backpack Classic,Fashion,Families,Hyderabad,136.97,117.83,19.14,13.97,121,78,0.6476763013531233,0.5903386569821352,8.79,42,5,0
P0049,Backpack Classic,Fashion,Families,Bengaluru,136.97,117.83,19.14,13.97,235,186,0.5548838514197666,0.45495515312158696,79.34,74,15,1
P0049,Backpack Classic,Fashion,Families,Mumbai,136.97,117.83,19.14,13.97,253,218,0.2969658804010444,0.675050566113766,11.74,74,15,0
P0049,Backpack Classic,Fashion,Families,Delhi,136.97,117.83,19.14,13.97,172,240,0.8172569465733678,0.2229024068718527,8.42,58,5,0
P0049,Backpack Classic,Fashion,Families,Chennai,136.97,117.83,19.14,13.97,117,138,0.28326048696485095,0.5689558177157954,11.57,32,20,0
P0049,Backpack Classic,Fashion,Families,Pune,136.97,117.83,19.14,13.97,297,235,0.37320036646046456,0.8407659117547395,79.69,97,15,1
P0049,Backpack Classic,Fashion,Families,Kolkata,136.97,117.83,19.14,13.97,268,357,0.5179533180136269,0.9028012245945243,21.94,98,10,0
P0049,Backpack Classic,Fashion,Families,Ahmedabad,136.97,117.83,19.14,13.97,95,112,0.4616917842282704,0.40521004901110946,10.84,27,15,0
P0049,Backpack Classic,Fashion,Premium Customers,Hyderabad,136.97,117.83,19.14,13.97,121,78,0.6430021513888946,0.7619554934719599,5.02,45,20,0
P0049,Backpack Classic,Fashion,Premium Customers,Bengaluru,136.97,117.83,19.14,13.97,235,186,0.796864712018231,0.3824635204305247,3.44,83,15,0
P0049,Backpack Classic,Fashion,Premium Customers,Mumbai,136.97,117.83,19.14,13.97,253,218,0.347606723413342,0.9136909296175408,48.31,84,15,1
P0049,Backpack Classic,Fashion,Premium Customers,Delhi,136.97,117.83,19.14,13.97,172,240,0.5762107956294573,0.6976805770157934,10.47,60,15,0
P0049,Backpack Classic,Fashion,Premium Customers,Chennai,136.97,117.83,19.14,13.97,117,138,0.46746064244273644,0.9193432759396498,9.49,41,10,0
P0049,Backpack Classic,Fashion,Premium Customers,Pune,136.97,117.83,19.14,13.97,297,235,0.2714848728284591,0.6045790889791929,48.75,83,5,1
P0049,Backpack Classic,Fashion,Premium Customers,Kolkata,136.97,117.83,19.14,13.97,268,357,0.39536003565053945,0.7141284058119866,5.24,85,10,0
P0049,Backpack Classic,Fashion,Premium Customers,Ahmedabad,136.97,117.83,19.14,13.97,95,112,0.797223390008053,0.9506330361383852,24.9,40,15,0
P0050,Spices Value,Grocery,Students,Hyderabad,1133.03,828.34,304.69,26.89,162,190,0.4228536580139778,0.4619465903427841,24.22,47,10,0
P0050,Spices Value,Grocery,Students,Bengaluru,1133.03,828.34,304.69,26.89,118,84,0.9374627752480432,0.9472852181415694,2.33,53,10,0
P0050,Spices Value,Grocery,Students,Mumbai,1133.03,828.34,304.69,26.89,401,394,0.7435512039211426,0.9461637508111496,22.22,167,15,0
P0050,Spices Value,Grocery,Students,Delhi,1133.03,828.34,304.69,26.89,49,68,0.7097900936140364,0.3472661806431979,20.82,16,5,0
P0050,Spices Value,Grocery,Students,Chennai,1133.03,828.34,304.69,26.89,78,43,0.32651155417985733,0.5811313160647673,21.96,22,20,0
P0050,Spices Value,Grocery,Students,Pune,1133.03,828.34,304.69,26.89,121,128,0.7710704460053468,0.4764698004532038,6.3,44,10,0
P0050,Spices Value,Grocery,Students,Kolkata,1133.03,828.34,304.69,26.89,50,33,0.3879843094591545,0.5060217273494458,10.59,14,5,0
P0050,Spices Value,Grocery,Students,Ahmedabad,1133.03,828.34,304.69,26.89,322,418,0.28316092311598434,0.4204218367088719,21.59,83,15,1
P0050,Spices Value,Grocery,Professionals,Hyderabad,1133.03,828.34,304.69,26.89,162,190,0.8246200080080722,0.9340619041353657,23.58,69,20,1
P0050,Spices Value,Grocery,Professionals,Bengaluru,1133.03,828.34,304.69,26.89,118,84,0.7411353679904987,0.5317260097604839,13.55,43,15,0
P0050,Spices Value,Grocery,Professionals,Mumbai,1133.03,828.34,304.69,26.89,401,394,0.6222030387687432,0.9347185479874196,40.12,156,5,1
P0050,Spices Value,Grocery,Professionals,Delhi,1133.03,828.34,304.69,26.89,49,68,0.26301835141020136,0.44267475165277725,15.18,12,15,0
P0050,Spices Value,Grocery,Professionals,Chennai,1133.03,828.34,304.69,26.89,78,43,0.7870323248672443,0.9035068655516758,12.31,32,15,0
P0050,Spices Value,Grocery,Professionals,Pune,1133.03,828.34,304.69,26.89,121,128,0.26477908517317345,0.44322266615961736,8.89,31,10,0
P0050,Spices Value,Grocery,Professionals,Kolkata,1133.03,828.34,304.69,26.89,50,33,0.3378519927508681,0.5695385892054065,40.97,14,20,2
P0050,Spices Value,Grocery,Professionals,Ahmedabad,1133.03,828.34,304.69,26.89,322,418,0.288629713404732,0.8548777140374326,2.06,101,20,0
P0050,Spices Value,Grocery,Families,Hyderabad,1133.03,828.34,304.69,26.89,162,190,0.46675631663171047,0.4696253697344613,56.39,48,15,1
P0050,Spices Value,Grocery,Families,Bengaluru,1133.03,828.34,304.69,26.89,118,84,0.4615199272047371,0.6101730246641084,22.89,37,5,0
P0050,Spices Value,Grocery,Families,Mumbai,1133.03,828.34,304.69,26.89,401,394,0.3826721376508933,0.7715176805660624,24.74,129,5,0
P0050,Spices Value,Grocery,Families,Delhi,1133.03,828.34,304.69,26.89,49,68,0.8857164074279386,0.986525653226358,52.88,22,20,1
P0050,Spices Value,Grocery,Families,Chennai,1133.03,828.34,304.69,26.89,78,43,0.9059501193608474,0.8016334766427136,12.83,33,10,0
P0050,Spices Value,Grocery,Families,Pune,1133.03,828.34,304.69,26.89,121,128,0.45035256925693135,0.2610371768671771,15.37,32,20,0
P0050,Spices Value,Grocery,Families,Kolkata,1133.03,828.34,304.69,26.89,50,33,0.47386388128158363,0.786473726070626,21.76,17,15,0
P0050,Spices Value,Grocery,Families,Ahmedabad,1133.03,828.34,304.69,26.89,322,418,0.21473120064611279,0.8916902599179561,72.34,98,20,1
P0050,Spices Value,Grocery,Premium Customers,Hyderabad,1133.03,828.34,304.69,26.89,162,190,0.7895084453548575,0.22467550218857602,79.17,54,10,1
P0050,Spices Value,Grocery,Premium Customers,Bengaluru,1133.03,828.34,304.69,26.89,118,84,0.5153081021645175,0.7021151961923313,74.36,40,10,1
P0050,Spices Value,Grocery,Premium Customers,Mumbai,1133.03,828.34,304.69,26.89,401,394,0.5752024662914434,0.6678536647090954,7.8,139,20,0
P0050,Spices Value,Grocery,Premium Customers,Delhi,1133.03,828.34,304.69,26.89,49,68,0.7634214676049603,0.8087125848291137,19.62,19,20,0
P0050,Spices Value,Grocery,Premium Customers,Chennai,1133.03,828.34,304.69,26.89,78,43,0.5493116429073833,0.5785872363363158,21.19,25,10,0
P0050,Spices Value,Grocery,Premium Customers,Pune,1133.03,828.34,304.69,26.89,121,128,0.6336506157576247,0.5804797636316004,8.83,42,10,0
P0050,Spices Value,Grocery,Premium Customers,Kolkata,1133.03,828.34,304.69,26.89,50,33,0.1543309259620262,0.8299604737154209,23.73,14,15,0
P0050,Spices Value,Grocery,Premium Customers,Ahmedabad,1133.03,828.34,304.69,26.89,322,418,0.1538956515544708,0.2739569029856426,26.28,69,5,1
P0051,Shampoo Pro,Personal Care,Students,Hyderabad,836.11,525.32,310.79,37.17,373,391,0.4304825166332177,0.45669162404305985,18.9,109,15,0
P0051,Shampoo Pro,Personal Care,Students,Bengaluru,836.11,525.32,310.79,37.17,55,54,0.41265799334884135,0.9160421320808763,-1.94,19,10,1
P0051,Shampoo Pro,Personal Care,Students,Mumbai,836.11,525.32,310.79,37.17,388,339,0.6508861879876272,0.9967666236218624,8.79,157,5,0
P0051,Shampoo Pro,Personal Care,Students,Delhi,836.11,525.32,310.79,37.17,152,177,0.6999285453952778,0.7137267523977049,15.62,57,20,0
P0051,Shampoo Pro,Personal Care,Students,Chennai,836.11,525.32,310.79,37.17,159,223,0.22513993194554852,0.716807167256714,23.78,45,15,0
P0051,Shampoo Pro,Personal Care,Students,Pune,836.11,525.32,310.79,37.17,136,104,0.8013780084711754,0.6773733488556648,2.07,53,15,1
P0051,Shampoo Pro,Personal Care,Students,Kolkata,836.11,525.32,310.79,37.17,257,243,0.4896773432593968,0.7447429634663469,81.58,87,20,1
P0051,Shampoo Pro,Personal Care,Students,Ahmedabad,836.11,525.32,310.79,37.17,89,74,0.35815156326971936,0.5496517371404621,18.59,25,20,0
P0051,Shampoo Pro,Personal Care,Professionals,Hyderabad,836.11,525.32,310.79,37.17,373,391,0.8581285407312234,0.3449758593888671,63.16,136,5,1
P0051,Shampoo Pro,Personal Care,Professionals,Bengaluru,836.11,525.32,310.79,37.17,55,54,0.6149742220777755,0.5037494274735257,84.71,18,20,1
P0051,Shampoo Pro,Personal Care,Professionals,Mumbai,836.11,525.32,310.79,37.17,388,339,0.6042053626447133,0.574483910480391,5.26,132,15,0
P0051,Shampoo Pro,Personal Care,Professionals,Delhi,836.11,525.32,310.79,37.17,152,177,0.4540985527420873,0.8876962896773049,3.93,53,20,0
P0051,Shampoo Pro,Personal Care,Professionals,Chennai,836.11,525.32,310.79,37.17,159,223,0.4697767483866402,0.5286654529254392,17.0,49,5,0
P0051,Shampoo Pro,Personal Care,Professionals,Pune,836.11,525.32,310.79,37.17,136,104,0.3346883165625278,0.4788308278318817,19.61,37,10,0
P0051,Shampoo Pro,Personal Care,Professionals,Kolkata,836.11,525.32,310.79,37.17,257,243,0.8979974525526004,0.4082269393583661,30.43,97,15,1
P0051,Shampoo Pro,Personal Care,Professionals,Ahmedabad,836.11,525.32,310.79,37.17,89,74,0.168298002270265,0.6035214929055996,4.03,23,15,0
P0051,Shampoo Pro,Personal Care,Families,Hyderabad,836.11,525.32,310.79,37.17,373,391,0.28378711200544915,0.28153022732686933,21.43,90,10,0
P0051,Shampoo Pro,Personal Care,Families,Bengaluru,836.11,525.32,310.79,37.17,55,54,0.7228668574570096,0.43580979154614075,17.68,19,10,0
P0051,Shampoo Pro,Personal Care,Families,Mumbai,836.11,525.32,310.79,37.17,388,339,0.5532279398205109,0.7204577062235575,18.95,136,10,0
P0051,Shampoo Pro,Personal Care,Families,Delhi,836.11,525.32,310.79,37.17,152,177,0.47176696150948627,0.6632394792904599,16.16,49,5,0
P0051,Shampoo Pro,Personal Care,Families,Chennai,836.11,525.32,310.79,37.17,159,223,0.5256327149710248,0.9769954612167917,14.25,59,20,0
P0051,Shampoo Pro,Personal Care,Families,Pune,836.11,525.32,310.79,37.17,136,104,0.5960096217571458,0.31533880335178366,18.06,41,10,1
P0051,Shampoo Pro,Personal Care,Families,Kolkata,836.11,525.32,310.79,37.17,257,243,0.35323240403090894,0.9246451677789735,6.88,86,15,0
P0051,Shampoo Pro,Personal Care,Families,Ahmedabad,836.11,525.32,310.79,37.17,89,74,0.7572595090269097,0.7048041501113853,24.5,34,10,0
P0051,Shampoo Pro,Personal Care,Premium Customers,Hyderabad,836.11,525.32,310.79,37.17,373,391,0.5154249524728023,0.5192105004485932,71.74,118,5,1
P0051,Shampoo Pro,Personal Care,Premium Customers,Bengaluru,836.11,525.32,310.79,37.17,55,54,0.4190766205769626,0.38640855494691995,12.82,15,20,0
P0051,Shampoo Pro,Personal Care,Premium Customers,Mumbai,836.11,525.32,310.79,37.17,388,339,0.7793690909257435,0.887203968632613,6.02,161,20,0
P0051,Shampoo Pro,Personal Care,Premium Customers,Delhi,836.11,525.32,310.79,37.17,152,177,0.6913861136652131,0.5173052902408299,22.83,53,20,0
P0051,Shampoo Pro,Personal Care,Premium Customers,Chennai,836.11,525.32,310.79,37.17,159,223,0.31635912352880713,0.9557320510556448,34.38,52,10,2
P0051,Shampoo Pro,Personal Care,Premium Customers,Pune,836.11,525.32,310.79,37.17,136,104,0.49188201258506625,0.9709080979973472,64.29,50,5,1
P0051,Shampoo Pro,Personal Care,Premium Customers,Kolkata,836.11,525.32,310.79,37.17,257,243,0.6773157526796076,0.21769006700891405,16.67,80,15,1
P0051,Shampoo Pro,Personal Care,Premium Customers,Ahmedabad,836.11,525.32,310.79,37.17,89,74,0.6204853889737834,0.22253127866151498,19.59,26,5,0
P0052,Atta Classic,Grocery,Students,Hyderabad,256.33,196.61,59.72,23.3,202,126,0.48958717632730375,0.9260221726809843,20.83,73,10,1
P0052,Atta Classic,Grocery,Students,Bengaluru,256.33,196.61,59.72,23.3,130,100,0.5349545814507364,0.8822707667328427,14.74,47,20,0
P0052,Atta Classic,Grocery,Students,Mumbai,256.33,196.61,59.72,23.3,220,316,0.7552450347879683,0.25411463159789816,18.6,73,5,0
P0052,Atta Classic,Grocery,Students,Delhi,256.33,196.61,59.72,23.3,248,339,0.8321869958640558,0.7273546350346392,51.81,101,15,2
P0052,Atta Classic,Grocery,Students,Chennai,256.33,196.61,59.72,23.3,166,120,0.5832236975468597,0.6913371098805199,67.11,58,20,1
P0052,Atta Classic,Grocery,Students,Pune,256.33,196.61,59.72,23.3,249,290,0.1625909491714279,0.7732055925669041,31.58,69,10,1
P0052,Atta Classic,Grocery,Students,Kolkata,256.33,196.61,59.72,23.3,82,67,0.2531312715033426,0.509651946632407,4.26,21,10,0
P0052,Atta Classic,Grocery,Students,Ahmedabad,256.33,196.61,59.72,23.3,178,150,0.5919721332595342,0.2924472876669649,45.63,54,20,1
P0052,Atta Classic,Grocery,Professionals,Hyderabad,256.33,196.61,59.72,23.3,202,126,0.3516765421822081,0.7797192826929964,20.08,64,20,0
P0052,Atta Classic,Grocery,Professionals,Bengaluru,256.33,196.61,59.72,23.3,130,100,0.7007893863909256,0.5105022723506997,41.67,46,5,1
P0052,Atta Classic,Grocery,Professionals,Mumbai,256.33,196.61,59.72,23.3,220,316,0.4147857823115584,0.3546590939746945,4.83,61,15,0
P0052,Atta Classic,Grocery,Professionals,Delhi,256.33,196.61,59.72,23.3,248,339,0.41644777519138265,0.8525907487935886,19.98,84,5,0
P0052,Atta Classic,Grocery,Professionals,Chennai,256.33,196.61,59.72,23.3,166,120,0.5371239727953196,0.44932566178315003,31.09,52,15,2
P0052,Atta Classic,Grocery,Professionals,Pune,256.33,196.61,59.72,23.3,249,290,0.4415590734690962,0.46025791743598665,2.42,73,10,0
P0052,Atta Classic,Grocery,Professionals,Kolkata,256.33,196.61,59.72,23.3,82,67,0.6559847728852524,0.6161846186868685,9.15,29,5,0
P0052,Atta Classic,Grocery,Professionals,Ahmedabad,256.33,196.61,59.72,23.3,178,150,0.2502454002673127,0.2304312629541644,38.81,40,15,1
P0052,Atta Classic,Grocery,Families,Hyderabad,256.33,196.61,59.72,23.3,202,126,0.3394771498432971,0.4941290946493771,15.42,56,15,0
P0052,Atta Classic,Grocery,Families,Bengaluru,256.33,196.61,59.72,23.3,130,100,0.4391445080555251,0.3197184544820575,9.17,36,5,0
P0052,Atta Classic,Grocery,Families,Mumbai,256.33,196.61,59.72,23.3,220,316,0.8640611261078182,0.22394688660357964,-4.84,77,15,1
P0052,Atta Classic,Grocery,Families,Delhi,256.33,196.61,59.72,23.3,248,339,0.2844012443431664,0.5539381067248402,18.14,68,15,0
P0052,Atta Classic,Grocery,Families,Chennai,256.33,196.61,59.72,23.3,166,120,0.3093228058030967,0.5845339900589105,16.24,47,15,0
P0052,Atta Classic,Grocery,Families,Pune,256.33,196.61,59.72,23.3,249,290,0.28802302215965103,0.9761016427992961,72.48,82,15,1
P0052,Atta Classic,Grocery,Families,Kolkata,256.33,196.61,59.72,23.3,82,67,0.83817182172409,0.3910881640932166,41.36,30,5,1
P0052,Atta Classic,Grocery,Families,Ahmedabad,256.33,196.61,59.72,23.3,178,150,0.6036744688111377,0.7526711229712906,46.67,64,5,1
P0052,Atta Classic,Grocery,Premium Customers,Hyderabad,256.33,196.61,59.72,23.3,202,126,0.18966486793817747,0.839695242276193,14.53,59,5,0
P0052,Atta Classic,Grocery,Premium Customers,Bengaluru,256.33,196.61,59.72,23.3,130,100,0.5755261202828231,0.6333838101050142,30.17,44,10,1
P0052,Atta Classic,Grocery,Premium Customers,Mumbai,256.33,196.61,59.72,23.3,220,316,0.7206782258002966,0.9422179961914068,4.28,90,5,0
P0052,Atta Classic,Grocery,Premium Customers,Delhi,256.33,196.61,59.72,23.3,248,339,0.18056809686140562,0.2079607255816061,14.05,52,10,0
P0052,Atta Classic,Grocery,Premium Customers,Chennai,256.33,196.61,59.72,23.3,166,120,0.32184347775853356,0.9875671804659318,14.5,56,5,0
P0052,Atta Classic,Grocery,Premium Customers,Pune,256.33,196.61,59.72,23.3,249,290,0.5238007167845764,0.920903394577191,4.79,92,20,0
P0052,Atta Classic,Grocery,Premium Customers,Kolkata,256.33,196.61,59.72,23.3,82,67,0.9451382871875365,0.8471692659911945,82.39,36,15,1
P0052,Atta Classic,Grocery,Premium Customers,Ahmedabad,256.33,196.61,59.72,23.3,178,150,0.33014620339905815,0.6293666405113912,20.78,52,10,0
P0053,Floor Cleaner Value,Home Care,Students,Hyderabad,191.66,120.84,70.82,36.95,140,169,0.8525273377019864,0.8608302479202898,2.37,59,10,1
P0053,Floor Cleaner Value,Home Care,Students,Bengaluru,191.66,120.84,70.82,36.95,225,284,0.3957474423806432,0.9945583292022337,70.21,79,10,2
P0053,Floor Cleaner Value,Home Care,Students,Mumbai,191.66,120.84,70.82,36.95,390,435,0.29443846696818887,0.27441504740637584,24.14,94,20,1
P0053,Floor Cleaner Value,Home Care,Students,Delhi,191.66,120.84,70.82,36.95,110,86,0.8360458961218264,0.5432654445813863,53.03,42,15,1
P0053,Floor Cleaner Value,Home Care,Students,Chennai,191.66,120.84,70.82,36.95,147,195,0.6923765648048171,0.396469880192621,2.4,49,5,0
P0053,Floor Cleaner Value,Home Care,Students,Pune,191.66,120.84,70.82,36.95,1030,1086,0.4571925249101524,0.3238765419723878,60.0,290,20,1
P0053,Floor Cleaner Value,Home Care,Students,Kolkata,191.66,120.84,70.82,36.95,304,269,0.40897602466225325,0.7602821034310072,7.25,99,10,0
P0053,Floor Cleaner Value,Home Care,Students,Ahmedabad,191.66,120.84,70.82,36.95,163,231,0.5271110110734755,0.6511355878614842,8.03,54,20,0
P0053,Floor Cleaner Value,Home Care,Professionals,Hyderabad,191.66,120.84,70.82,36.95,140,169,0.45711425890896695,0.6329199128288985,7.31,44,20,0
P0053,Floor Cleaner Value,Home Care,Professionals,Bengaluru,191.66,120.84,70.82,36.95,225,284,0.1651483340901115,0.8478798818679925,74.42,65,10,1
P0053,Floor Cleaner Value,Home Care,Professionals,Mumbai,191.66,120.84,70.82,36.95,390,435,0.4246150542130801,0.6539031981662969,11.59,123,15,0
P0053,Floor Cleaner Value,Home Care,Professionals,Delhi,191.66,120.84,70.82,36.95,110,86,0.33151810438446655,0.20765697533385616,5.46,26,20,0
P0053,Floor Cleaner Value,Home Care,Professionals,Chennai,191.66,120.84,70.82,36.95,147,195,0.6385069418346037,0.5816522173373585,17.57,51,10,0
P0053,Floor Cleaner Value,Home Care,Professionals,Pune,191.66,120.84,70.82,36.95,1030,1086,0.21945677365639993,0.9930751690349062,19.18,327,20,0
P0053,Floor Cleaner Value,Home Care,Professionals,Kolkata,191.66,120.84,70.82,36.95,304,269,0.6159196306090089,0.8935562049661452,22.61,117,10,0
P0053,Floor Cleaner Value,Home Care,Professionals,Ahmedabad,191.66,120.84,70.82,36.95,163,231,0.9270417904583323,0.8409023952440191,8.03,71,10,0
P0053,Floor Cleaner Value,Home Care,Families,Hyderabad,191.66,120.84,70.82,36.95,140,169,0.6322136710423751,0.31147501143517364,6.23,44,15,0
P0053,Floor Cleaner Value,Home Care,Families,Bengaluru,191.66,120.84,70.82,36.95,225,284,0.5122094807404994,0.2501581311537904,6.65,63,5,0
P0053,Floor Cleaner Value,Home Care,Families,Mumbai,191.66,120.84,70.82,36.95,390,435,0.900410859332092,0.6205915772516235,27.0,158,20,2
P0053,Floor Cleaner Value,Home Care,Families,Delhi,191.66,120.84,70.82,36.95,110,86,0.46237083029031445,0.9070585668536018,6.18,39,15,0
P0053,Floor Cleaner Value,Home Care,Families,Chennai,191.66,120.84,70.82,36.95,147,195,0.38726085283443923,0.7129297648345625,41.03,46,5,1
P0053,Floor Cleaner Value,Home Care,Families,Pune,191.66,120.84,70.82,36.95,1030,1086,0.19821158363190133,0.2094591248531172,2.44,222,5,0
P0053,Floor Cleaner Value,Home Care,Families,Kolkata,191.66,120.84,70.82,36.95,304,269,0.6811348952203368,0.918669468429753,22.72,121,20,0
P0053,Floor Cleaner Value,Home Care,Families,Ahmedabad,191.66,120.84,70.82,36.95,163,231,0.7280468852428402,0.44767186503232265,24.81,57,15,0
P0053,Floor Cleaner Value,Home Care,Premium Customers,Hyderabad,191.66,120.84,70.82,36.95,140,169,0.518130709741634,0.4270834172932582,8.56,42,20,0
P0053,Floor Cleaner Value,Home Care,Premium Customers,Bengaluru,191.66,120.84,70.82,36.95,225,284,0.5958330960957503,0.885796590499645,11.83,85,20,0
P0053,Floor Cleaner Value,Home Care,Premium Customers,Mumbai,191.66,120.84,70.82,36.95,390,435,0.24737025502097199,0.4775990639659631,22.68,101,5,0
P0053,Floor Cleaner Value,Home Care,Premium Customers,Delhi,191.66,120.84,70.82,36.95,110,86,0.30441100333294846,0.9980306926627629,16.66,36,10,0
P0053,Floor Cleaner Value,Home Care,Premium Customers,Chennai,191.66,120.84,70.82,36.95,147,195,0.6840893927653144,0.3205721758875914,24.62,48,10,0
P0053,Floor Cleaner Value,Home Care,Premium Customers,Pune,191.66,120.84,70.82,36.95,1030,1086,0.47862759824456125,0.4029041490573703,13.06,304,20,0
P0053,Floor Cleaner Value,Home Care,Premium Customers,Kolkata,191.66,120.84,70.82,36.95,304,269,0.41298857325724325,0.7993036589294931,23.8,101,10,0
P0053,Floor Cleaner Value,Home Care,Premium Customers,Ahmedabad,191.66,120.84,70.82,36.95,163,231,0.8796261557359687,0.5596088594460755,23.73,64,5,0
P0054,Shoes Plus,Fashion,Students,Hyderabad,291.3,245.97,45.33,15.56,118,107,0.6833068840802378,0.6178521269069381,19.8,42,5,0
P0054,Shoes Plus,Fashion,Students,Bengaluru,291.3,245.97,45.33,15.56,57,33,0.8674598690839316,0.5916644883230391,16.65,22,10,0
P0054,Shoes Plus,Fashion,Students,Mumbai,291.3,245.97,45.33,15.56,66,92,0.888410673412795,0.5690589667980579,13.22,26,20,0
P0054,Shoes Plus,Fashion,Students,Delhi,291.3,245.97,45.33,15.56,143,179,0.6528710766713398,0.3574984285357484,59.2,46,10,2
P0054,Shoes Plus,Fashion,Students,Chennai,291.3,245.97,45.33,15.56,115,89,0.43582895892192,0.9322795750936108,2.21,40,5,0
P0054,Shoes Plus,Fashion,Students,Pune,291.3,245.97,45.33,15.56,91,123,0.6145014998082705,0.8256671875608192,18.04,34,20,0
P0054,Shoes Plus,Fashion,Students,Kolkata,291.3,245.97,45.33,15.56,264,188,0.5760924777658091,0.5178885637858449,17.3,87,15,0
P0054,Shoes Plus,Fashion,Students,Ahmedabad,291.3,245.97,45.33,15.56,290,284,0.4763432047630928,0.9944009339244453,6.15,107,10,0
P0054,Shoes Plus,Fashion,Professionals,Hyderabad,291.3,245.97,45.33,15.56,118,107,0.5880783318070919,0.7981997052293439,61.11,43,20,1
P0054,Shoes Plus,Fashion,Professionals,Bengaluru,291.3,245.97,45.33,15.56,57,33,0.5657911889460541,0.2542207436930727,10.18,16,15,0
P0054,Shoes Plus,Fashion,Professionals,Mumbai,291.3,245.97,45.33,15.56,66,92,0.219983962246203,0.7600167300496503,80.95,19,15,1
P0054,Shoes Plus,Fashion,Professionals,Delhi,291.3,245.97,45.33,15.56,143,179,0.5004870803974,0.9958683558010737,24.4,53,5,0
P0054,Shoes Plus,Fashion,Professionals,Chennai,291.3,245.97,45.33,15.56,115,89,0.7675360212840011,0.5205038186407676,15.11,42,10,0
P0054,Shoes Plus,Fashion,Professionals,Pune,291.3,245.97,45.33,15.56,91,123,0.6392320630596042,0.8382909939789094,12.83,34,10,0
P0054,Shoes Plus,Fashion,Professionals,Kolkata,291.3,245.97,45.33,15.56,264,188,0.9321645666842213,0.4414370462670332,15.27,103,15,0
P0054,Shoes Plus,Fashion,Professionals,Ahmedabad,291.3,245.97,45.33,15.56,290,284,0.8678971425958024,0.8856106755516595,8.33,125,5,0
P0054,Shoes Plus,Fashion,Families,Hyderabad,291.3,245.97,45.33,15.56,118,107,0.5034185791204794,0.34389864131750203,22.12,34,20,0
P0054,Shoes Plus,Fashion,Families,Bengaluru,291.3,245.97,45.33,15.56,57,33,0.3752612116023387,0.38541253232324363,10.17,15,20,0
P0054,Shoes Plus,Fashion,Families,Mumbai,291.3,245.97,45.33,15.56,66,92,0.5682220868970411,0.2333109053793102,4.14,19,20,0
P0054,Shoes Plus,Fashion,Families,Delhi,291.3,245.97,45.33,15.56,143,179,0.4030171791821794,0.6921686965216101,22.07,45,10,0
P0054,Shoes Plus,Fashion,Families,Chennai,291.3,245.97,45.33,15.56,115,89,0.20895677685974032,0.9136924482245614,9.0,35,15,0
P0054,Shoes Plus,Fashion,Families,Pune,291.3,245.97,45.33,15.56,91,123,0.18287710444154176,0.9194085001224794,19.85,27,20,0
P0054,Shoes Plus,Fashion,Families,Kolkata,291.3,245.97,45.33,15.56,264,188,0.504244438473858,0.32210225311459234,51.43,76,15,2
P0054,Shoes Plus,Fashion,Families,Ahmedabad,291.3,245.97,45.33,15.56,290,284,0.7860977762118566,0.2708382275501691,37.28,98,20,1
P0054,Shoes Plus,Fashion,Premium Customers,Hyderabad,291.3,245.97,45.33,15.56,118,107,0.7499709441243166,0.5970643845286232,22.23,44,10,0
P0054,Shoes Plus,Fashion,Premium Customers,Bengaluru,291.3,245.97,45.33,15.56,57,33,0.17187544158373924,0.43963190169421973,20.34,13,10,0
P0054,Shoes Plus,Fashion,Premium Customers,Mumbai,291.3,245.97,45.33,15.56,66,92,0.7684449692369137,0.9588120010006274,23.39,27,15,0
P0054,Shoes Plus,Fashion,Premium Customers,Delhi,291.3,245.97,45.33,15.56,143,179,0.31063068541689054,0.7847802446900705,11.37,44,20,0
P0054,Shoes Plus,Fashion,Premium Customers,Chennai,291.3,245.97,45.33,15.56,115,89,0.2909379816161476,0.7476538666967942,2.36,34,20,0
P0054,Shoes Plus,Fashion,Premium Customers,Pune,291.3,245.97,45.33,15.56,91,123,0.1718451966780755,0.7718620755782069,12.2,25,10,0
P0054,Shoes Plus,Fashion,Premium Customers,Kolkata,291.3,245.97,45.33,15.56,264,188,0.9427778965319425,0.48487318330657586,10.75,105,20,0
P0054,Shoes Plus,Fashion,Premium Customers,Ahmedabad,291.3,245.97,45.33,15.56,290,284,0.9007571349568227,0.6330338732670295,22.57,118,15,0
P0055,Shampoo Pro,Personal Care,Students,Hyderabad,3390.4,2415.76,974.64,28.75,585,543,0.7033990462555444,0.666919063811301,21.87,218,20,0
P0055,Shampoo Pro,Personal Care,Students,Bengaluru,3390.4,2415.76,974.64,28.75,487,355,0.6221290194080736,0.6593424045516456,16.84,173,10,0
P0055,Shampoo Pro,Personal Care,Students,Mumbai,3390.4,2415.76,974.64,28.75,395,323,0.6654790621660122,0.21071475832031786,6.25,122,5,1
P0055,Shampoo Pro,Personal Care,Students,Delhi,3390.4,2415.76,974.64,28.75,143,85,0.7185030622458958,0.32047784320078243,9.83,47,5,0
P0055,Shampoo Pro,Personal Care,Students,Chennai,3390.4,2415.76,974.64,28.75,148,82,0.697534248875285,0.8309981642196507,4.21,58,20,0
P0055,Shampoo Pro,Personal Care,Students,Pune,3390.4,2415.76,974.64,28.75,70,59,0.886593506019507,0.7135389870409703,10.49,29,20,0
P0055,Shampoo Pro,Personal Care,Students,Kolkata,3390.4,2415.76,974.64,28.75,193,169,0.33760341975014635,0.6303182827208076,8.46,57,20,0
P0055,Shampoo Pro,Personal Care,Students,Ahmedabad,3390.4,2415.76,974.64,28.75,235,154,0.15821514279165516,0.3009342517781652,21.57,51,10,0
P0055,Shampoo Pro,Personal Care,Professionals,Hyderabad,3390.4,2415.76,974.64,28.75,585,543,0.2687847354398578,0.4567828994661917,21.77,152,20,0
P0055,Shampoo Pro,Personal Care,Professionals,Bengaluru,3390.4,2415.76,974.64,28.75,487,355,0.4283082278679733,0.7763597756049729,52.73,162,10,1
P0055,Shampoo Pro,Personal Care,Professionals,Mumbai,3390.4,2415.76,974.64,28.75,395,323,0.6151272997240482,0.37165556470928734,53.08,126,15,2
P0055,Shampoo Pro,Personal Care,Professionals,Delhi,3390.4,2415.76,974.64,28.75,143,85,0.3397258743361992,0.4794282808229081,10.53,39,5,1
P0055,Shampoo Pro,Personal Care,Professionals,Chennai,3390.4,2415.76,974.64,28.75,148,82,0.3677171258419372,0.7187299100517461,58.02,46,10,1
P0055,Shampoo Pro,Personal Care,Professionals,Pune,3390.4,2415.76,974.64,28.75,70,59,0.6624430796820924,0.8843129264172476,22.4,27,5,0
P0055,Shampoo Pro,Personal Care,Professionals,Kolkata,3390.4,2415.76,974.64,28.75,193,169,0.7141929572233687,0.9479078907443019,59.38,79,10,1
P0055,Shampoo Pro,Personal Care,Professionals,Ahmedabad,3390.4,2415.76,974.64,28.75,235,154,0.7397814163224946,0.8347626682691163,10.82,94,10,0
P0055,Shampoo Pro,Personal Care,Families,Hyderabad,3390.4,2415.76,974.64,28.75,585,543,0.16672066527899768,0.8948063328160796,8.49,172,15,0
P0055,Shampoo Pro,Personal Care,Families,Bengaluru,3390.4,2415.76,974.64,28.75,487,355,0.3930818034823008,0.7408983344892675,4.97,156,5,0
P0055,Shampoo Pro,Personal Care,Families,Mumbai,3390.4,2415.76,974.64,28.75,395,323,0.6274339647808035,0.5626066525406057,5.3,136,10,0
P0055,Shampoo Pro,Personal Care,Families,Delhi,3390.4,2415.76,974.64,28.75,143,85,0.5474945232252096,0.8200071470670911,50.0,51,15,1
P0055,Shampoo Pro,Personal Care,Families,Chennai,3390.4,2415.76,974.64,28.75,148,82,0.9079968523525584,0.9481527529319194,47.36,66,20,2
P0055,Shampoo Pro,Personal Care,Families,Pune,3390.4,2415.76,974.64,28.75,70,59,0.6101277827322694,0.599503786487867,3.85,24,10,0
P0055,Shampoo Pro,Personal Care,Families,Kolkata,3390.4,2415.76,974.64,28.75,193,169,0.2717408909053938,0.7533529664115157,23.16,57,15,0
P0055,Shampoo Pro,Personal Care,Families,Ahmedabad,3390.4,2415.76,974.64,28.75,235,154,0.7063060746375718,0.5211556800789936,7.56,83,20,0
P0055,Shampoo Pro,Personal Care,Premium Customers,Hyderabad,3390.4,2415.76,974.64,28.75,585,543,0.20055351690585155,0.22951830094020498,16.58,127,10,0
P0055,Shampoo Pro,Personal Care,Premium Customers,Bengaluru,3390.4,2415.76,974.64,28.75,487,355,0.3170459230497547,0.36086984582501413,22.75,125,10,0
P0055,Shampoo Pro,Personal Care,Premium Customers,Mumbai,3390.4,2415.76,974.64,28.75,395,323,0.6657822541662118,0.2589060091609026,44.04,124,10,1
P0055,Shampoo Pro,Personal Care,Premium Customers,Delhi,3390.4,2415.76,974.64,28.75,143,85,0.6626409569950883,0.5527591447211146,15.77,50,10,0
P0055,Shampoo Pro,Personal Care,Premium Customers,Chennai,3390.4,2415.76,974.64,28.75,148,82,0.6113621141490286,0.9503206865490954,24.54,57,10,0
P0055,Shampoo Pro,Personal Care,Premium Customers,Pune,3390.4,2415.76,974.64,28.75,70,59,0.8827738783280954,0.25689241375385774,7.14,25,15,0
P0055,Shampoo Pro,Personal Care,Premium Customers,Kolkata,3390.4,2415.76,974.64,28.75,193,169,0.26730586874753165,0.31693553762101234,23.14,46,5,0
P0055,Shampoo Pro,Personal Care,Premium Customers,Ahmedabad,3390.4,2415.76,974.64,28.75,235,154,0.40137801345189195,0.3751301822840207,7.2,65,10,0
P0056,Tea Classic,Beverages,Students,Hyderabad,533.92,394.44,139.48,26.12,109,97,0.5778756073622716,0.4635842038176651,17.56,35,20,0
P0056,Tea Classic,Beverages,Students,Bengaluru,533.92,394.44,139.48,26.12,268,163,0.7970358056551824,0.6002849828919032,11.59,103,10,0
P0056,Tea Classic,Beverages,Students,Mumbai,533.92,394.44,139.48,26.12,60,33,0.6151575005081209,0.880060993538446,16.37,22,20,0
P0056,Tea Classic,Beverages,Students,Delhi,533.92,394.44,139.48,26.12,161,184,0.8454875488193792,0.5622001573074917,3.82,62,5,0
P0056,Tea Classic,Beverages,Students,Chennai,533.92,394.44,139.48,26.12,265,249,0.32817183154419083,0.48367465354599504,57.87,73,15,1
P0056,Tea Classic,Beverages,Students,Pune,533.92,394.44,139.48,26.12,163,112,0.5352410038215192,0.8564874233385267,3.97,59,15,0
P0056,Tea Classic,Beverages,Students,Kolkata,533.92,394.44,139.48,26.12,143,204,0.6833177954593411,0.9753182163821241,22.51,58,15,0
P0056,Tea Classic,Beverages,Students,Ahmedabad,533.92,394.44,139.48,26.12,217,191,0.34474876226740275,0.635123848222044,9.46,64,5,0
P0056,Tea Classic,Beverages,Professionals,Hyderabad,533.92,394.44,139.48,26.12,109,97,0.32881459267218643,0.5280168945274175,3.22,30,15,0
P0056,Tea Classic,Beverages,Professionals,Bengaluru,533.92,394.44,139.48,26.12,268,163,0.3575461333017368,0.461200642899638,71.07,74,20,1
P0056,Tea Classic,Beverages,Professionals,Mumbai,533.92,394.44,139.48,26.12,60,33,0.5910718526620387,0.7665321711489599,93.9,21,20,1
P0056,Tea Classic,Beverages,Professionals,Delhi,533.92,394.44,139.48,26.12,161,184,0.7958831552897535,0.304683461159285,22.55,55,10,0
P0056,Tea Classic,Beverages,Professionals,Chennai,533.92,394.44,139.48,26.12,265,249,0.6700509159653641,0.8611251751231461,18.64,103,5,1
P0056,Tea Classic,Beverages,Professionals,Pune,533.92,394.44,139.48,26.12,163,112,0.8964805845430658,0.43733359817237816,8.21,62,15,0
P0056,Tea Classic,Beverages,Professionals,Kolkata,533.92,394.44,139.48,26.12,143,204,0.35855188063865095,0.3691169087630784,9.29,38,15,0
P0056,Tea Classic,Beverages,Professionals,Ahmedabad,533.92,394.44,139.48,26.12,217,191,0.566715585337108,0.6319343185505694,68.22,74,10,1
P0056,Tea Classic,Beverages,Families,Hyderabad,533.92,394.44,139.48,26.12,109,97,0.7903796484506117,0.21178843020235893,4.56,36,10,0
P0056,Tea Classic,Beverages,Families,Bengaluru,533.92,394.44,139.48,26.12,268,163,0.34204879786908027,0.8530339234078765,8.89,87,10,0
P0056,Tea Classic,Beverages,Families,Mumbai,533.92,394.44,139.48,26.12,60,33,0.261361965267614,0.8783354827472574,11.41,18,5,0
P0056,Tea Classic,Beverages,Families,Delhi,533.92,394.44,139.48,26.12,161,184,0.5953072580577654,0.5371474812979186,20.85,54,5,0
P0056,Tea Classic,Beverages,Families,Chennai,533.92,394.44,139.48,26.12,265,249,0.4866225489152818,0.43019883053650293,22.76,79,5,0
P0056,Tea Classic,Beverages,Families,Pune,533.92,394.44,139.48,26.12,163,112,0.5233625972561223,0.6503694850236892,4.64,54,15,0
P0056,Tea Classic,Beverages,Families,Kolkata,533.92,394.44,139.48,26.12,143,204,0.21433861573556,0.3378295151308344,59.68,33,5,3
P0056,Tea Classic,Beverages,Families,Ahmedabad,533.92,394.44,139.48,26.12,217,191,0.9132958071389409,0.6571080794206798,52.36,90,5,2
P0056,Tea Classic,Beverages,Premium Customers,Hyderabad,533.92,394.44,139.48,26.12,109,97,0.3419807204802823,0.7761769587647283,6.84,34,20,0
P0056,Tea Classic,Beverages,Premium Customers,Bengaluru,533.92,394.44,139.48,26.12,268,163,0.38690917053593227,0.7965932121131929,29.88,87,10,2
P0056,Tea Classic,Beverages,Premium Customers,Mumbai,533.92,394.44,139.48,26.12,60,33,0.2158009146194243,0.47559653027021326,2.18,15,15,0
P0056,Tea Classic,Beverages,Premium Customers,Delhi,533.92,394.44,139.48,26.12,161,184,0.38531174029564724,0.4846112393401037,56.99,46,10,1
P0056,Tea Classic,Beverages,Premium Customers,Chennai,533.92,394.44,139.48,26.12,265,249,0.6115343462198863,0.5618276052871058,24.39,90,10,0
P0056,Tea Classic,Beverages,Premium Customers,Pune,533.92,394.44,139.48,26.12,163,112,0.2928081634296357,0.8492790884299557,17.01,51,20,0
P0056,Tea Classic,Beverages,Premium Customers,Kolkata,533.92,394.44,139.48,26.12,143,204,0.6553967434211139,0.4323167110737748,17.52,47,20,0
P0056,Tea Classic,Beverages,Premium Customers,Ahmedabad,533.92,394.44,139.48,26.12,217,191,0.7973995890324864,0.42292510618148454,21.02,78,5,0
P0057,Oil Pro,Grocery,Students,Hyderabad,427.6,237.36,190.24,44.49,248,262,0.3445633109917378,0.8329695469089828,2.28,80,15,0
P0057,Oil Pro,Grocery,Students,Bengaluru,427.6,237.36,190.24,44.49,130,111,0.6491073188166947,0.8868613463504831,5.58,50,10,0
P0057,Oil Pro,Grocery,Students,Mumbai,427.6,237.36,190.24,44.49,116,121,0.41724421421870816,0.34746974393342045,78.26,32,15,1
P0057,Oil Pro,Grocery,Students,Delhi,427.6,237.36,190.24,44.49,215,180,0.21755538939470165,0.3198961772583833,19.82,50,15,0
P0057,Oil Pro,Grocery,Students,Chennai,427.6,237.36,190.24,44.49,50,47,0.5064015361986391,0.6534067755836361,24.08,16,10,0
P0057,Oil Pro,Grocery,Students,Pune,427.6,237.36,190.24,44.49,335,373,0.7965335940158331,0.7622322008919042,19.39,135,10,0
P0057,Oil Pro,Grocery,Students,Kolkata,427.6,237.36,190.24,44.49,277,153,0.45709427288467364,0.6727273667463263,20.02,90,10,0
P0057,Oil Pro,Grocery,Students,Ahmedabad,427.6,237.36,190.24,44.49,57,65,0.45623926035243956,0.20223366259157827,4.32,15,5,0
P0057,Oil Pro,Grocery,Professionals,Hyderabad,427.6,237.36,190.24,44.49,248,262,0.5689955077464658,0.4716761111590387,14.02,80,15,0
P0057,Oil Pro,Grocery,Professionals,Bengaluru,427.6,237.36,190.24,44.49,130,111,0.23673948328478758,0.46270540625660034,37.52,33,20,2
P0057,Oil Pro,Grocery,Professionals,Mumbai,427.6,237.36,190.24,44.49,116,121,0.7912662597195868,0.8054704225676992,11.72,47,15,0
P0057,Oil Pro,Grocery,Professionals,Delhi,427.6,237.36,190.24,44.49,215,180,0.8115851883081852,0.9219097454905256,5.34,91,20,0
P0057,Oil Pro,Grocery,Professionals,Chennai,427.6,237.36,190.24,44.49,50,47,0.8215755059109036,0.8045041810409621,17.72,20,15,0
P0057,Oil Pro,Grocery,Professionals,Pune,427.6,237.36,190.24,44.49,335,373,0.5670560700161387,0.9087201497275339,20.83,126,5,0
P0057,Oil Pro,Grocery,Professionals,Kolkata,427.6,237.36,190.24,44.49,277,153,0.30960131591510653,0.37427260965636155,24.09,71,20,0
P0057,Oil Pro,Grocery,Professionals,Ahmedabad,427.6,237.36,190.24,44.49,57,65,0.6000206854724033,0.8492632171615881,21.81,21,10,0
P0057,Oil Pro,Grocery,Families,Hyderabad,427.6,237.36,190.24,44.49,248,262,0.4321660380912744,0.48492557650899315,53.6,73,20,3
P0057,Oil Pro,Grocery,Families,Bengaluru,427.6,237.36,190.24,44.49,130,111,0.5459630341573142,0.3774743552431463,2.79,39,20,0
P0057,Oil Pro,Grocery,Families,Mumbai,427.6,237.36,190.24,44.49,116,121,0.9464124335684061,0.5784564309137912,19.82,47,5,0
P0057,Oil Pro,Grocery,Families,Delhi,427.6,237.36,190.24,44.49,215,180,0.47674609749291974,0.7938766527547891,7.91,74,15,0
P0057,Oil Pro,Grocery,Families,Chennai,427.6,237.36,190.24,44.49,50,47,0.16583460353312665,0.9542318833910961,20.93,15,20,0
P0057,Oil Pro,Grocery,Families,Pune,427.6,237.36,190.24,44.49,335,373,0.9376543632270834,0.3992748292521432,20.92,129,20,0
P0057,Oil Pro,Grocery,Families,Kolkata,427.6,237.36,190.24,44.49,277,153,0.6289192034049678,0.634344579187212,6.87,98,5,0
P0057,Oil Pro,Grocery,Families,Ahmedabad,427.6,237.36,190.24,44.49,57,65,0.910527276300615,0.7562204180430927,13.61,24,5,0
P0057,Oil Pro,Grocery,Premium Customers,Hyderabad,427.6,237.36,190.24,44.49,248,262,0.3832593555711221,0.7483245436495589,21.67,79,20,0
P0057,Oil Pro,Grocery,Premium Customers,Bengaluru,427.6,237.36,190.24,44.49,130,111,0.5105981853937631,0.6004977448342883,3.27,42,5,0
P0057,Oil Pro,Grocery,Premium Customers,Mumbai,427.6,237.36,190.24,44.49,116,121,0.6800307579346023,0.2064102890473378,3.09,36,5,0
P0057,Oil Pro,Grocery,Premium Customers,Delhi,427.6,237.36,190.24,44.49,215,180,0.34035935090557956,0.9036170426580368,47.73,71,15,1
P0057,Oil Pro,Grocery,Premium Customers,Chennai,427.6,237.36,190.24,44.49,50,47,0.5354889554136092,0.2502034643764255,9.96,14,15,0
P0057,Oil Pro,Grocery,Premium Customers,Pune,427.6,237.36,190.24,44.49,335,373,0.6010631514750269,0.9125266980862952,19.88,128,20,0
P0057,Oil Pro,Grocery,Premium Customers,Kolkata,427.6,237.36,190.24,44.49,277,153,0.23632665338653785,0.6221891599520151,11.36,76,20,0
P0057,Oil Pro,Grocery,Premium Customers,Ahmedabad,427.6,237.36,190.24,44.49,57,65,0.9135702599640195,0.5061866332547532,35.47,22,5,2
P0058,Shampoo Daily,Personal Care,Students,Hyderabad,824.2,608.97,215.23,26.11,98,112,0.5257114209077831,0.43263088702100866,11.55,30,5,0
P0058,Shampoo Daily,Personal Care,Students,Bengaluru,824.2,608.97,215.23,26.11,359,278,0.19613710361591785,0.27397426142873826,14.96,80,10,0
P0058,Shampoo Daily,Personal Care,Students,Mumbai,824.2,608.97,215.23,26.11,152,167,0.8846906359540511,0.9551806663598659,40.49,67,5,2
P0058,Shampoo Daily,Personal Care,Students,Delhi,824.2,608.97,215.23,26.11,81,89,0.67217118182815,0.39358885275921224,8.31,27,10,0
P0058,Shampoo Daily,Personal Care,Students,Chennai,824.2,608.97,215.23,26.11,454,275,0.7047137193008361,0.21848478576749333,77.34,144,20,1
P0058,Shampoo Daily,Personal Care,Students,Pune,824.2,608.97,215.23,26.11,264,321,0.341707608857749,0.9355980830103718,11.46,88,20,0
P0058,Shampoo Daily,Personal Care,Students,Kolkata,824.2,608.97,215.23,26.11,938,544,0.5759558889000123,0.5570356465961672,3.01,314,20,0
P0058,Shampoo Daily,Personal Care,Students,Ahmedabad,824.2,608.97,215.23,26.11,143,121,0.7952789372665693,0.28089050307602154,13.77,49,15,0
P0058,Shampoo Daily,Personal Care,Professionals,Hyderabad,824.2,608.97,215.23,26.11,98,112,0.9263766491022327,0.22778658950217467,14.88,35,20,0
P0058,Shampoo Daily,Personal Care,Professionals,Bengaluru,824.2,608.97,215.23,26.11,359,278,0.5260717828231698,0.3750985633367358,15.24,108,5,0
P0058,Shampoo Daily,Personal Care,Professionals,Mumbai,824.2,608.97,215.23,26.11,152,167,0.1758896536905661,0.6330851673125337,34.94,40,5,1
P0058,Shampoo Daily,Personal Care,Professionals,Delhi,824.2,608.97,215.23,26.11,81,89,0.700720803571748,0.6758384801506013,9.53,30,15,0
P0058,Shampoo Daily,Personal Care,Professionals,Chennai,824.2,608.97,215.23,26.11,454,275,0.6284311063974859,0.9799735013402935,21.51,180,5,0
P0058,Shampoo Daily,Personal Care,Professionals,Pune,824.2,608.97,215.23,26.11,264,321,0.37096203850155,0.4545002826029563,5.7,74,10,0
P0058,Shampoo Daily,Personal Care,Professionals,Kolkata,824.2,608.97,215.23,26.11,938,544,0.3741947143971611,0.28649140433975906,12.91,244,10,0
P0058,Shampoo Daily,Personal Care,Professionals,Ahmedabad,824.2,608.97,215.23,26.11,143,121,0.4215978808410866,0.7310709489526988,4.67,46,5,0
P0058,Shampoo Daily,Personal Care,Families,Hyderabad,824.2,608.97,215.23,26.11,98,112,0.7967852802162315,0.6334066690925227,7.35,38,15,0
P0058,Shampoo Daily,Personal Care,Families,Bengaluru,824.2,608.97,215.23,26.11,359,278,0.5463467398226087,0.4976153731618161,15.19,115,20,0
P0058,Shampoo Daily,Personal Care,Families,Mumbai,824.2,608.97,215.23,26.11,152,167,0.6514248004224678,0.9905971796543152,12.79,61,15,0
P0058,Shampoo Daily,Personal Care,Families,Delhi,824.2,608.97,215.23,26.11,81,89,0.9370144275513931,0.5054020703404167,24.69,32,20,0
P0058,Shampoo Daily,Personal Care,Families,Chennai,824.2,608.97,215.23,26.11,454,275,0.5092012884019146,0.576748953541421,24.37,147,15,1
P0058,Shampoo Daily,Personal Care,Families,Pune,824.2,608.97,215.23,26.11,264,321,0.9063402499714879,0.2620734556052131,18.92,96,15,0
P0058,Shampoo Daily,Personal Care,Families,Kolkata,824.2,608.97,215.23,26.11,938,544,0.7967031645411712,0.9797336553410598,64.42,405,10,1
P0058,Shampoo Daily,Personal Care,Families,Ahmedabad,824.2,608.97,215.23,26.11,143,121,0.7754586776432962,0.4971866577477757,22.82,52,15,0
P0058,Shampoo Daily,Personal Care,Premium Customers,Hyderabad,824.2,608.97,215.23,26.11,98,112,0.7564236896229001,0.6649103400745051,6.86,37,20,0
P0058,Shampoo Daily,Personal Care,Premium Customers,Bengaluru,824.2,608.97,215.23,26.11,359,278,0.6240456021968276,0.6592051686885316,7.44,128,20,0
P0058,Shampoo Daily,Personal Care,Premium Customers,Mumbai,824.2,608.97,215.23,26.11,152,167,0.8628747897540824,0.5048364451293201,24.64,58,20,0
P0058,Shampoo Daily,Personal Care,Premium Customers,Delhi,824.2,608.97,215.23,26.11,81,89,0.4369610262388893,0.7093766367071543,13.4,26,20,0
P0058,Shampoo Daily,Personal Care,Premium Customers,Chennai,824.2,608.97,215.23,26.11,454,275,0.7960117740000514,0.7022721672810273,64.08,180,15,1
P0058,Shampoo Daily,Personal Care,Premium Customers,Pune,824.2,608.97,215.23,26.11,264,321,0.32772655302350384,0.7934771421501061,53.37,83,10,1
P0058,Shampoo Daily,Personal Care,Premium Customers,Kolkata,824.2,608.97,215.23,26.11,938,544,0.5311425924281874,0.6250481939114989,23.09,313,10,0
P0058,Shampoo Daily,Personal Care,Premium Customers,Ahmedabad,824.2,608.97,215.23,26.11,143,121,0.30854502674051265,0.41897265425894314,74.07,37,15,1
P0059,Shoes Plus,Fashion,Students,Hyderabad,257.22,164.26,92.96,36.14,171,97,0.34570091263466174,0.6388694116147049,18.03,51,20,0
P0059,Shoes Plus,Fashion,Students,Bengaluru,257.22,164.26,92.96,36.14,322,422,0.8787223484079155,0.7865074947833675,13.93,136,5,2
P0059,Shoes Plus,Fashion,Students,Mumbai,257.22,164.26,92.96,36.14,58,79,0.7085046124972718,0.2043783005686306,13.79,18,15,0
P0059,Shoes Plus,Fashion,Students,Delhi,257.22,164.26,92.96,36.14,182,258,0.4069799458591217,0.5981479944640784,26.63,55,15,1
P0059,Shoes Plus,Fashion,Students,Chennai,257.22,164.26,92.96,36.14,106,133,0.9020536639181108,0.5823630097769454,17.73,42,20,0
P0059,Shoes Plus,Fashion,Students,Pune,257.22,164.26,92.96,36.14,406,526,0.854314149829281,0.42516242587598496,35.79,151,5,3
P0059,Shoes Plus,Fashion,Students,Kolkata,257.22,164.26,92.96,36.14,189,213,0.8407596673927148,0.630218886407385,46.91,75,10,1
P0059,Shoes Plus,Fashion,Students,Ahmedabad,257.22,164.26,92.96,36.14,627,480,0.1991758428148615,0.604565741921117,11.14,166,15,0
P0059,Shoes Plus,Fashion,Professionals,Hyderabad,257.22,164.26,92.96,36.14,171,97,0.18652891641426458,0.5323062996657644,14.89,43,10,0
P0059,Shoes Plus,Fashion,Professionals,Bengaluru,257.22,164.26,92.96,36.14,322,422,0.655756893932782,0.5117685015569493,7.58,111,15,0
P0059,Shoes Plus,Fashion,Professionals,Mumbai,257.22,164.26,92.96,36.14,58,79,0.6706353209250809,0.2140648902353527,7.48,18,15,0
P0059,Shoes Plus,Fashion,Professionals,Delhi,257.22,164.26,92.96,36.14,182,258,0.40162221542724996,0.8578498658309761,52.68,61,5,1
P0059,Shoes Plus,Fashion,Professionals,Chennai,257.22,164.26,92.96,36.14,106,133,0.7523011498530296,0.5597310866002312,19.91,39,10,0
P0059,Shoes Plus,Fashion,Professionals,Pune,257.22,164.26,92.96,36.14,406,526,0.16440559226375137,0.8228245141929154,19.92,116,15,0
P0059,Shoes Plus,Fashion,Professionals,Kolkata,257.22,164.26,92.96,36.14,189,213,0.48515338871155567,0.7481362280195369,28.41,64,15,1
P0059,Shoes Plus,Fashion,Professionals,Ahmedabad,257.22,164.26,92.96,36.14,627,480,0.44240002530194733,0.31807123317837976,8.53,174,15,0
P0059,Shoes Plus,Fashion,Families,Hyderabad,257.22,164.26,92.96,36.14,171,97,0.6877157664861493,0.6171630735062498,21.95,62,15,1
P0059,Shoes Plus,Fashion,Families,Bengaluru,257.22,164.26,92.96,36.14,322,422,0.16825441055775617,0.9927310822422251,16.44,99,10,0
P0059,Shoes Plus,Fashion,Families,Mumbai,257.22,164.26,92.96,36.14,58,79,0.41538650099501373,0.4430459488636048,19.73,16,15,0
P0059,Shoes Plus,Fashion,Families,Delhi,257.22,164.26,92.96,36.14,182,258,0.6368738117444519,0.7548469667937809,11.49,67,5,0
P0059,Shoes Plus,Fashion,Families,Chennai,257.22,164.26,92.96,36.14,106,133,0.369966899379143,0.2732642528519602,11.51,27,15,0
P0059,Shoes Plus,Fashion,Families,Pune,257.22,164.26,92.96,36.14,406,526,0.7120987735170827,0.4582449060418012,63.75,141,20,1
P0059,Shoes Plus,Fashion,Families,Kolkata,257.22,164.26,92.96,36.14,189,213,0.8704598956609049,0.3354504650751218,16.02,69,10,0
P0059,Shoes Plus,Fashion,Families,Ahmedabad,257.22,164.26,92.96,36.14,627,480,0.3659152578914946,0.2754850446505106,17.36,161,5,0
P0059,Shoes Plus,Fashion,Premium Customers,Hyderabad,257.22,164.26,92.96,36.14,171,97,0.324020648163527,0.8702555611866374,82.58,55,10,1
P0059,Shoes Plus,Fashion,Premium Customers,Bengaluru,257.22,164.26,92.96,36.14,322,422,0.8864896158616433,0.5725048630810213,71.09,128,20,1
P0059,Shoes Plus,Fashion,Premium Customers,Mumbai,257.22,164.26,92.96,36.14,58,79,0.6648222383501476,0.2282950519975204,10.05,18,15,0
P0059,Shoes Plus,Fashion,Premium Customers,Delhi,257.22,164.26,92.96,36.14,182,258,0.42438048333394873,0.7989106641754784,15.67,60,20,0
P0059,Shoes Plus,Fashion,Premium Customers,Chennai,257.22,164.26,92.96,36.14,106,133,0.17992915828444245,0.8842545241960376,29.52,31,15,2
P0059,Shoes Plus,Fashion,Premium Customers,Pune,257.22,164.26,92.96,36.14,406,526,0.40197434376083063,0.6764802989172503,57.94,127,15,1
P0059,Shoes Plus,Fashion,Premium Customers,Kolkata,257.22,164.26,92.96,36.14,189,213,0.6053436836937595,0.5832096971904903,10.0,65,15,1
P0059,Shoes Plus,Fashion,Premium Customers,Ahmedabad,257.22,164.26,92.96,36.14,627,480,0.6593006427170127,0.6616935922649267,63.24,228,5,1
P0060,Rice Value,Grocery,Students,Hyderabad,329.24,223.96,105.28,31.98,27,15,0.4559531534428204,0.5340287959239044,21.45,8,20,0
P0060,Rice Value,Grocery,Students,Bengaluru,329.24,223.96,105.28,31.98,292,322,0.5369795061531315,0.6688354572709876,11.71,99,20,0
P0060,Rice Value,Grocery,Students,Mumbai,329.24,223.96,105.28,31.98,275,218,0.421832702761897,0.9823570278614144,2.36,98,15,0
P0060,Rice Value,Grocery,Students,Delhi,329.24,223.96,105.28,31.98,160,99,0.9280141202051693,0.9539311126251493,5.65,72,5,0
P0060,Rice Value,Grocery,Students,Chennai,329.24,223.96,105.28,31.98,275,363,0.80164117525527,0.7580063956337975,24.32,111,20,0
P0060,Rice Value,Grocery,Students,Pune,329.24,223.96,105.28,31.98,258,307,0.5082607625709162,0.9188054867065587,18.18,94,20,0
P0060,Rice Value,Grocery,Students,Kolkata,329.24,223.96,105.28,31.98,48,62,0.1807530310862317,0.6255332531426889,13.14,12,5,0
P0060,Rice Value,Grocery,Students,Ahmedabad,329.24,223.96,105.28,31.98,321,208,0.18606124341924452,0.25074367786083535,38.3,70,15,1
P0060,Rice Value,Grocery,Professionals,Hyderabad,329.24,223.96,105.28,31.98,27,15,0.8665372432117601,0.908695517726817,40.2,11,20,1
P0060,Rice Value,Grocery,Professionals,Bengaluru,329.24,223.96,105.28,31.98,292,322,0.5328573100031528,0.7993181379233918,5.86,104,5,0
P0060,Rice Value,Grocery,Professionals,Mumbai,329.24,223.96,105.28,31.98,275,218,0.29505887683693877,0.32087641550340157,18.61,68,5,0
P0060,Rice Value,Grocery,Professionals,Delhi,329.24,223.96,105.28,31.98,160,99,0.3385847840240034,0.30984293036946975,16.45,41,20,0
P0060,Rice Value,Grocery,Professionals,Chennai,329.24,223.96,105.28,31.98,275,363,0.7091723787286116,0.6962858262200404,10.72,104,5,0
P0060,Rice Value,Grocery,Professionals,Pune,329.24,223.96,105.28,31.98,258,307,0.8446232250651428,0.5316472282767786,5.28,99,20,0
P0060,Rice Value,Grocery,Professionals,Kolkata,329.24,223.96,105.28,31.98,48,62,0.8226923980960145,0.3207910448597486,9.66,17,5,0
P0060,Rice Value,Grocery,Professionals,Ahmedabad,329.24,223.96,105.28,31.98,321,208,0.5990263025738647,0.5321152036930054,12.7,107,20,0
P0060,Rice Value,Grocery,Families,Hyderabad,329.24,223.96,105.28,31.98,27,15,0.9041982290296035,0.9621566949050719,4.11,12,5,0
P0060,Rice Value,Grocery,Families,Bengaluru,329.24,223.96,105.28,31.98,292,322,0.7918100092877679,0.5629256709034953,4.03,110,20,0
P0060,Rice Value,Grocery,Families,Mumbai,329.24,223.96,105.28,31.98,275,218,0.6787963652731428,0.5653915565434393,14.08,98,20,0
P0060,Rice Value,Grocery,Families,Delhi,329.24,223.96,105.28,31.98,160,99,0.7617839511912995,0.33652695351725037,20.6,55,20,0
P0060,Rice Value,Grocery,Families,Chennai,329.24,223.96,105.28,31.98,275,363,0.31880821526234643,0.47738329974770066,10.32,75,10,0
P0060,Rice Value,Grocery,Families,Pune,329.24,223.96,105.28,31.98,258,307,0.8204841479465101,0.7537262072324014,14.11,105,5,0
P0060,Rice Value,Grocery,Families,Kolkata,329.24,223.96,105.28,31.98,48,62,0.826900789238596,0.7875499263037276,36.59,19,10,1
P0060,Rice Value,Grocery,Families,Ahmedabad,329.24,223.96,105.28,31.98,321,208,0.6939247471014441,0.6097883389552732,6.69,117,5,0
P0060,Rice Value,Grocery,Premium Customers,Hyderabad,329.24,223.96,105.28,31.98,27,15,0.5044907114211781,0.2813715575375583,36.25,7,10,1
P0060,Rice Value,Grocery,Premium Customers,Bengaluru,329.24,223.96,105.28,31.98,292,322,0.2666112180784422,0.5771396116464422,28.0,80,15,1
P0060,Rice Value,Grocery,Premium Customers,Mumbai,329.24,223.96,105.28,31.98,275,218,0.6803872164667873,0.9546889268010421,20.82,111,10,0
P0060,Rice Value,Grocery,Premium Customers,Delhi,329.24,223.96,105.28,31.98,160,99,0.5325758266562964,0.32294903234477695,11.58,47,10,1
P0060,Rice Value,Grocery,Premium Customers,Chennai,329.24,223.96,105.28,31.98,275,363,0.41351768214978535,0.7516814386805377,21.0,89,20,0
P0060,Rice Value,Grocery,Premium Customers,Pune,329.24,223.96,105.28,31.98,258,307,0.5483339838327721,0.8505157177377605,14.94,94,5,0
P0060,Rice Value,Grocery,Premium Customers,Kolkata,329.24,223.96,105.28,31.98,48,62,0.3365757251684394,0.7824083956280614,6.02,15,20,0
P0060,Rice Value,Grocery,Premium Customers,Ahmedabad,329.24,223.96,105.28,31.98,321,208,0.7897339768849954,0.8852377403492613,15.62,134,20,0
P0061,Power Bank Premium,Electronics,Students,Hyderabad,223.9,141.92,81.98,36.61,195,215,0.7285212847901867,0.7657841743657872,5.27,76,20,0
P0061,Power Bank Premium,Electronics,Students,Bengaluru,223.9,141.92,81.98,36.61,202,183,0.4699067920260388,0.3552743827969108,14.29,58,20,0
P0061,Power Bank Premium,Electronics,Students,Mumbai,223.9,141.92,81.98,36.61,91,127,0.2144296179482815,0.8564029842978775,21.83,27,15,0
P0061,Power Bank Premium,Electronics,Students,Delhi,223.9,141.92,81.98,36.61,358,382,0.5574044326311715,0.37393745006396256,17.78,110,20,0
P0061,Power Bank Premium,Electronics,Students,Chennai,223.9,141.92,81.98,36.61,63,41,0.5523439666338651,0.4542547409001967,17.85,19,5,0
P0061,Power Bank Premium,Electronics,Students,Pune,223.9,141.92,81.98,36.61,252,327,0.6957754520179222,0.9931513241372654,17.97,104,15,0
P0061,Power Bank Premium,Electronics,Students,Kolkata,223.9,141.92,81.98,36.61,171,178,0.5726962055751361,0.5888592484168,10.71,57,20,0
P0061,Power Bank Premium,Electronics,Students,Ahmedabad,223.9,141.92,81.98,36.61,133,179,0.7782346130348831,0.6445029764918659,12.56,51,5,0
P0061,Power Bank Premium,Electronics,Professionals,Hyderabad,223.9,141.92,81.98,36.61,195,215,0.5628898333138461,0.3699522050537083,6.77,60,5,0
P0061,Power Bank Premium,Electronics,Professionals,Bengaluru,223.9,141.92,81.98,36.61,202,183,0.8906126147075146,0.3309271413440794,18.25,74,5,0
P0061,Power Bank Premium,Electronics,Professionals,Mumbai,223.9,141.92,81.98,36.61,91,127,0.23301101665057197,0.5744527914821418,17.38,24,10,0
P0061,Power Bank Premium,Electronics,Professionals,Delhi,223.9,141.92,81.98,36.61,358,382,0.40906567759789736,0.7573547277376425,4.13,116,5,0
P0061,Power Bank Premium,Electronics,Professionals,Chennai,223.9,141.92,81.98,36.61,63,41,0.2379502223342223,0.3859250896731192,4.52,15,10,0
P0061,Power Bank Premium,Electronics,Professionals,Pune,223.9,141.92,81.98,36.61,252,327,0.28314201376228687,0.36812958437534554,13.95,63,10,0
P0061,Power Bank Premium,Electronics,Professionals,Kolkata,223.9,141.92,81.98,36.61,171,178,0.6056108771327962,0.5984728895894414,22.58,59,5,1
P0061,Power Bank Premium,Electronics,Professionals,Ahmedabad,223.9,141.92,81.98,36.61,133,179,0.26425412817605665,0.8193869071322644,14.92,40,5,0
P0061,Power Bank Premium,Electronics,Families,Hyderabad,223.9,141.92,81.98,36.61,195,215,0.9374718781447209,0.892857967948238,10.37,87,5,0
P0061,Power Bank Premium,Electronics,Families,Bengaluru,223.9,141.92,81.98,36.61,202,183,0.3280805925759453,0.5428657319392004,13.1,57,5,0
P0061,Power Bank Premium,Electronics,Families,Mumbai,223.9,141.92,81.98,36.61,91,127,0.6902261749065581,0.8611609782858292,11.61,36,15,0
P0061,Power Bank Premium,Electronics,Families,Delhi,223.9,141.92,81.98,36.61,358,382,0.46290872315720877,0.2964966281359141,20.37,100,20,1
P0061,Power Bank Premium,Electronics,Families,Chennai,223.9,141.92,81.98,36.61,63,41,0.4984244334769983,0.5241556838541961,61.57,19,20,3
P0061,Power Bank Premium,Electronics,Families,Pune,223.9,141.92,81.98,36.61,252,327,0.5079812534155653,0.7882066603196205,44.57,88,10,2
P0061,Power Bank Premium,Electronics,Families,Kolkata,223.9,141.92,81.98,36.61,171,178,0.5569445858449452,0.7088595189928195,72.09,59,15,1
P0061,Power Bank Premium,Electronics,Families,Ahmedabad,223.9,141.92,81.98,36.61,133,179,0.804041031872479,0.22072283452660707,20.65,45,5,0
P0061,Power Bank Premium,Electronics,Premium Customers,Hyderabad,223.9,141.92,81.98,36.61,195,215,0.8335029716699264,0.4862517600323171,69.27,73,20,1
P0061,Power Bank Premium,Electronics,Premium Customers,Bengaluru,223.9,141.92,81.98,36.61,202,183,0.24942977893696597,0.6149467811874358,22.05,55,5,0
P0061,Power Bank Premium,Electronics,Premium Customers,Mumbai,223.9,141.92,81.98,36.61,91,127,0.815554831624411,0.7742847409769418,19.22,37,10,0
P0061,Power Bank Premium,Electronics,Premium Customers,Delhi,223.9,141.92,81.98,36.61,358,382,0.5297442843788177,0.3736514172117056,86.14,108,10,1
P0061,Power Bank Premium,Electronics,Premium Customers,Chennai,223.9,141.92,81.98,36.61,63,41,0.7754485870689576,0.9593671890459186,17.51,26,10,2
P0061,Power Bank Premium,Electronics,Premium Customers,Pune,223.9,141.92,81.98,36.61,252,327,0.6947467508806882,0.6211407784962433,19.37,92,20,0
P0061,Power Bank Premium,Electronics,Premium Customers,Kolkata,223.9,141.92,81.98,36.61,171,178,0.8858322932883168,0.3014368671067958,19.19,62,15,0
P0061,Power Bank Premium,Electronics,Premium Customers,Ahmedabad,223.9,141.92,81.98,36.61,133,179,0.22135606335116031,0.8635808790728365,6.92,40,20,0
P0062,T-Shirt Classic,Fashion,Students,Hyderabad,1322.57,1097.81,224.76,16.99,348,207,0.40859908453153504,0.3178755119014485,6.88,94,20,0
P0062,T-Shirt Classic,Fashion,Students,Bengaluru,1322.57,1097.81,224.76,16.99,464,526,0.5796491289587156,0.954254789175663,6.11,178,20,0
P0062,T-Shirt Classic,Fashion,Students,Mumbai,1322.57,1097.81,224.76,16.99,323,407,0.8309513029919997,0.7236125025416409,19.57,131,10,1
P0062,T-Shirt Classic,Fashion,Students,Delhi,1322.57,1097.81,224.76,16.99,113,110,0.2719144809953336,0.46704363847490254,24.06,29,15,0
P0062,T-Shirt Classic,Fashion,Students,Chennai,1322.57,1097.81,224.76,16.99,170,154,0.307079073713021,0.47674152368223394,9.08,46,10,0
P0062,T-Shirt Classic,Fashion,Students,Pune,1322.57,1097.81,224.76,16.99,51,41,0.622348744712531,0.9386778113624286,23.76,19,5,0
P0062,T-Shirt Classic,Fashion,Students,Kolkata,1322.57,1097.81,224.76,16.99,833,628,0.5291774090355787,0.8062358260196936,60.27,297,15,1
P0062,T-Shirt Classic,Fashion,Students,Ahmedabad,1322.57,1097.81,224.76,16.99,133,111,0.30368482536234165,0.7871987267786587,6.45,41,20,1
P0062,T-Shirt Classic,Fashion,Professionals,Hyderabad,1322.57,1097.81,224.76,16.99,348,207,0.8959172307905671,0.6683488654153523,70.0,143,15,1
P0062,T-Shirt Classic,Fashion,Professionals,Bengaluru,1322.57,1097.81,224.76,16.99,464,526,0.6813001505756812,0.9297349374263439,78.36,186,10,1
P0062,T-Shirt Classic,Fashion,Professionals,Mumbai,1322.57,1097.81,224.76,16.99,323,407,0.9462140093301467,0.42615490881848245,21.45,126,10,0
P0062,T-Shirt Classic,Fashion,Professionals,Delhi,1322.57,1097.81,224.76,16.99,113,110,0.3359086177690955,0.4450406305972318,87.8,30,5,1
P0062,T-Shirt Classic,Fashion,Professionals,Chennai,1322.57,1097.81,224.76,16.99,170,154,0.9469970048879988,0.24627949506037503,23.29,62,20,0
P0062,T-Shirt Classic,Fashion,Professionals,Pune,1322.57,1097.81,224.76,16.99,51,41,0.3935634625267268,0.2904836299524074,43.15,13,20,2
P0062,T-Shirt Classic,Fashion,Professionals,Kolkata,1322.57,1097.81,224.76,16.99,833,628,0.887750187137327,0.8075184311586974,3.23,356,10,0
P0062,T-Shirt Classic,Fashion,Professionals,Ahmedabad,1322.57,1097.81,224.76,16.99,133,111,0.4811596043117906,0.6106359765017344,16.51,42,15,0
P0062,T-Shirt Classic,Fashion,Families,Hyderabad,1322.57,1097.81,224.76,16.99,348,207,0.19142146690370365,0.863525959238987,15.17,103,15,0
P0062,T-Shirt Classic,Fashion,Families,Bengaluru,1322.57,1097.81,224.76,16.99,464,526,0.9340846459539582,0.4368880834245453,25.58,181,10,1
P0062,T-Shirt Classic,Fashion,Families,Mumbai,1322.57,1097.81,224.76,16.99,323,407,0.7089331676280487,0.21180276873084747,22.38,102,5,1
P0062,T-Shirt Classic,Fashion,Families,Delhi,1322.57,1097.81,224.76,16.99,113,110,0.37626664506109586,0.6254547701064461,12.49,34,20,0
P0062,T-Shirt Classic,Fashion,Families,Chennai,1322.57,1097.81,224.76,16.99,170,154,0.638836416286566,0.9537574416753631,14.83,67,20,0
P0062,T-Shirt Classic,Fashion,Families,Pune,1322.57,1097.81,224.76,16.99,51,41,0.7490304601026571,0.34285735356114155,17.3,17,10,0
P0062,T-Shirt Classic,Fashion,Families,Kolkata,1322.57,1097.81,224.76,16.99,833,628,0.5186085477291534,0.26968699848382016,4.89,239,20,0
P0062,T-Shirt Classic,Fashion,Families,Ahmedabad,1322.57,1097.81,224.76,16.99,133,111,0.6821112178301769,0.8160831341682528,61.54,51,10,1
P0062,T-Shirt Classic,Fashion,Premium Customers,Hyderabad,1322.57,1097.81,224.76,16.99,348,207,0.8386736794105651,0.9194768963861322,21.71,150,10,0
P0062,T-Shirt Classic,Fashion,Premium Customers,Bengaluru,1322.57,1097.81,224.76,16.99,464,526,0.5646955466053211,0.7312627428229099,70.71,164,20,1
P0062,T-Shirt Classic,Fashion,Premium Customers,Mumbai,1322.57,1097.81,224.76,16.99,323,407,0.47504652853104434,0.24987545535270758,32.34,89,15,2
P0062,T-Shirt Classic,Fashion,Premium Customers,Delhi,1322.57,1097.81,224.76,16.99,113,110,0.801795903168383,0.4113348159161338,14.51,40,10,0
P0062,T-Shirt Classic,Fashion,Premium Customers,Chennai,1322.57,1097.81,224.76,16.99,170,154,0.7767303786628695,0.7855735274169993,7.29,68,15,0
P0062,T-Shirt Classic,Fashion,Premium Customers,Pune,1322.57,1097.81,224.76,16.99,51,41,0.5756470727344047,0.63540728096774,16.63,17,20,0
P0062,T-Shirt Classic,Fashion,Premium Customers,Kolkata,1322.57,1097.81,224.76,16.99,833,628,0.5276302942026996,0.8760252801792456,20.38,304,10,0
P0062,T-Shirt Classic,Fashion,Premium Customers,Ahmedabad,1322.57,1097.81,224.76,16.99,133,111,0.5574138072892539,0.7031539219894214,24.33,46,15,0
P0063,Power Bank Premium,Electronics,Students,Hyderabad,141.64,97.52,44.12,31.15,95,57,0.5824998494378724,0.5994724513233036,5.26,32,5,0
P0063,Power Bank Premium,Electronics,Students,Bengaluru,141.64,97.52,44.12,31.15,173,247,0.43361251431863845,0.7644193520622746,52.42,57,5,2
P0063,Power Bank Premium,Electronics,Students,Mumbai,141.64,97.52,44.12,31.15,59,64,0.16594828391243305,0.36192370687308834,56.08,13,15,1
P0063,Power Bank Premium,Electronics,Students,Delhi,141.64,97.52,44.12,31.15,53,42,0.6882684532762845,0.4768436136026469,62.86,18,20,1
P0063,Power Bank Premium,Electronics,Students,Chennai,141.64,97.52,44.12,31.15,348,306,0.459863459794011,0.32096045025610276,15.01,98,5,0
P0063,Power Bank Premium,Electronics,Students,Pune,141.64,97.52,44.12,31.15,196,202,0.4153564167557323,0.8262254714882475,14.92,65,15,0
P0063,Power Bank Premium,Electronics,Students,Kolkata,141.64,97.52,44.12,31.15,284,368,0.6628051589116658,0.899290431844477,23.21,112,5,0
P0063,Power Bank Premium,Electronics,Students,Ahmedabad,141.64,97.52,44.12,31.15,38,36,0.8194915293226018,0.29374834730962107,20.93,13,15,0
P0063,Power Bank Premium,Electronics,Professionals,Hyderabad,141.64,97.52,44.12,31.15,95,57,0.7046234661692851,0.48811021851605646,11.76,33,5,0
P0063,Power Bank Premium,Electronics,Professionals,Bengaluru,141.64,97.52,44.12,31.15,173,247,0.46415512756606414,0.4276480720568403,6.86,51,10,0
P0063,Power Bank Premium,Electronics,Professionals,Mumbai,141.64,97.52,44.12,31.15,59,64,0.7874444078470513,0.3217258702275067,16.55,20,10,1
P0063,Power Bank Premium,Electronics,Professionals,Delhi,141.64,97.52,44.12,31.15,53,42,0.43821112962421127,0.9874549344965313,12.69,19,10,0
P0063,Power Bank Premium,Electronics,Professionals,Chennai,141.64,97.52,44.12,31.15,348,306,0.7770959973248869,0.4058409913780796,3.68,123,10,0
P0063,Power Bank Premium,Electronics,Professionals,Pune,141.64,97.52,44.12,31.15,196,202,0.3491384193451805,0.8033570816933764,22.48,62,5,0
P0063,Power Bank Premium,Electronics,Professionals,Kolkata,141.64,97.52,44.12,31.15,284,368,0.2813750649922063,0.2603757995126091,19.05,67,10,1
P0063,Power Bank Premium,Electronics,Professionals,Ahmedabad,141.64,97.52,44.12,31.15,38,36,0.6038206158857635,0.35371202927990564,11.93,11,5,0
P0063,Power Bank Premium,Electronics,Families,Hyderabad,141.64,97.52,44.12,31.15,95,57,0.778378818347192,0.6923291963332507,14.3,37,20,0
P0063,Power Bank Premium,Electronics,Families,Bengaluru,141.64,97.52,44.12,31.15,173,247,0.1521042865624504,0.221388344158858,11.72,36,15,1
P0063,Power Bank Premium,Electronics,Families,Mumbai,141.64,97.52,44.12,31.15,59,64,0.4895407257435437,0.3873822760251133,21.35,17,15,0
P0063,Power Bank Premium,Electronics,Families,Delhi,141.64,97.52,44.12,31.15,53,42,0.496564701402225,0.31127682145043684,2.77,15,5,0
P0063,Power Bank Premium,Electronics,Families,Chennai,141.64,97.52,44.12,31.15,348,306,0.6450354644294753,0.7300049561168522,-10.0,128,15,1
P0063,Power Bank Premium,Electronics,Families,Pune,141.64,97.52,44.12,31.15,196,202,0.47110255578394267,0.7646984674181729,71.05,66,15,1
P0063,Power Bank Premium,Electronics,Families,Kolkata,141.64,97.52,44.12,31.15,284,368,0.7075733446257727,0.6722612428321468,22.77,106,10,0
P0063,Power Bank Premium,Electronics,Families,Ahmedabad,141.64,97.52,44.12,31.15,38,36,0.75308558001774,0.6173436811303323,14.46,14,20,0
P0063,Power Bank Premium,Electronics,Premium Customers,Hyderabad,141.64,97.52,44.12,31.15,95,57,0.5741306191234998,0.6658236032178013,9.42,33,5,0
P0063,Power Bank Premium,Electronics,Premium Customers,Bengaluru,141.64,97.52,44.12,31.15,173,247,0.7263294941075216,0.9133171610167574,20.68,70,10,0
P0063,Power Bank Premium,Electronics,Premium Customers,Mumbai,141.64,97.52,44.12,31.15,59,64,0.4329054415567709,0.38111448402176307,10.92,16,15,0
P0063,Power Bank Premium,Electronics,Premium Customers,Delhi,141.64,97.52,44.12,31.15,53,42,0.8461331071351217,0.30138450543835316,16.63,18,10,0
P0063,Power Bank Premium,Electronics,Premium Customers,Chennai,141.64,97.52,44.12,31.15,348,306,0.8499611199360104,0.531073259116128,18.05,134,5,0
P0063,Power Bank Premium,Electronics,Premium Customers,Pune,141.64,97.52,44.12,31.15,196,202,0.8866223593336323,0.507421245133119,48.84,76,5,1
P0063,Power Bank Premium,Electronics,Premium Customers,Kolkata,141.64,97.52,44.12,31.15,284,368,0.6925396889327674,0.9713927148579893,6.79,116,15,0
P0063,Power Bank Premium,Electronics,Premium Customers,Ahmedabad,141.64,97.52,44.12,31.15,38,36,0.7686824516381885,0.5770647141298655,22.74,14,5,0
P0064,T-Shirt Classic,Fashion,Students,Hyderabad,693.68,400.2,293.48,42.31,204,295,0.5100368154896551,0.5989153180017233,22.25,66,20,0
P0064,T-Shirt Classic,Fashion,Students,Bengaluru,693.68,400.2,293.48,42.31,88,52,0.19968172210623703,0.827757927550753,23.83,25,20,0
P0064,T-Shirt Classic,Fashion,Students,Mumbai,693.68,400.2,293.48,42.31,164,137,0.29171677955125086,0.8518451668719742,15.62,51,15,0
P0064,T-Shirt Classic,Fashion,Students,Delhi,693.68,400.2,293.48,42.31,122,129,0.46237656065799737,0.7597042882022813,66.47,41,15,1
P0064,T-Shirt Classic,Fashion,Students,Chennai,693.68,400.2,293.48,42.31,239,267,0.88091498306016,0.9689458283499055,19.02,106,10,0
P0064,T-Shirt Classic,Fashion,Students,Pune,693.68,400.2,293.48,42.31,113,162,0.21105685647964634,0.6087180053425427,20.36,30,20,2
P0064,T-Shirt Classic,Fashion,Students,Kolkata,693.68,400.2,293.48,42.31,143,82,0.6260626639514704,0.9710423122911742,19.27,56,10,0
P0064,T-Shirt Classic,Fashion,Students,Ahmedabad,693.68,400.2,293.48,42.31,116,153,0.8113108050171709,0.6258532463137745,24.55,45,15,0
P0064,T-Shirt Classic,Fashion,Professionals,Hyderabad,693.68,400.2,293.48,42.31,204,295,0.9049705837969446,0.7708460300572071,2.92,87,15,0
P0064,T-Shirt Classic,Fashion,Professionals,Bengaluru,693.68,400.2,293.48,42.31,88,52,0.45346857245374983,0.8283447447525303,24.15,30,10,0
P0064,T-Shirt Classic,Fashion,Professionals,Mumbai,693.68,400.2,293.48,42.31,164,137,0.6407130337768012,0.2356218096164299,23.33,50,15,1
P0064,T-Shirt Classic,Fashion,Professionals,Delhi,693.68,400.2,293.48,42.31,122,129,0.2515534223924314,0.689472472677924,30.77,34,20,1
P0064,T-Shirt Classic,Fashion,Professionals,Chennai,693.68,400.2,293.48,42.31,239,267,0.867140103608941,0.7988626407016286,8.66,101,20,0
P0064,T-Shirt Classic,Fashion,Professionals,Pune,693.68,400.2,293.48,42.31,113,162,0.20059364470501284,0.5889082486463924,57.93,29,15,1
P0064,T-Shirt Classic,Fashion,Professionals,Kolkata,693.68,400.2,293.48,42.31,143,82,0.6504454817541633,0.32844711013192,17.67,45,10,0
P0064,T-Shirt Classic,Fashion,Professionals,Ahmedabad,693.68,400.2,293.48,42.31,116,153,0.5016827153445923,0.9732387509735363,18.62,43,10,0
P0064,T-Shirt Classic,Fashion,Families,Hyderabad,693.68,400.2,293.48,42.31,204,295,0.7454453455283302,0.2709225582351799,30.64,67,20,2
P0064,T-Shirt Classic,Fashion,Families,Bengaluru,693.68,400.2,293.48,42.31,88,52,0.8425829224831058,0.4047133242521257,34.72,32,15,1
P0064,T-Shirt Classic,Fashion,Families,Mumbai,693.68,400.2,293.48,42.31,164,137,0.5565193645668588,0.3821931008512991,21.19,50,20,0
P0064,T-Shirt Classic,Fashion,Families,Delhi,693.68,400.2,293.48,42.31,122,129,0.6683597360808055,0.9276472161417453,59.18,48,10,1
P0064,T-Shirt Classic,Fashion,Families,Chennai,693.68,400.2,293.48,42.31,239,267,0.32105820655234885,0.9881610593794286,13.36,80,20,0
P0064,T-Shirt Classic,Fashion,Families,Pune,693.68,400.2,293.48,42.31,113,162,0.7671901394708752,0.8349920986980817,70.18,46,5,1
P0064,T-Shirt Classic,Fashion,Families,Kolkata,693.68,400.2,293.48,42.31,143,82,0.9363232123874515,0.5655643345531267,23.86,58,10,0
P0064,T-Shirt Classic,Fashion,Families,Ahmedabad,693.68,400.2,293.48,42.31,116,153,0.8464618003823704,0.24155784143038048,11.64,40,15,0
P0064,T-Shirt Classic,Fashion,Premium Customers,Hyderabad,693.68,400.2,293.48,42.31,204,295,0.5690713793801926,0.5342875664916684,18.76,67,5,0
P0064,T-Shirt Classic,Fashion,Premium Customers,Bengaluru,693.68,400.2,293.48,42.31,88,52,0.43679411811710245,0.6129979837192232,16.53,27,10,0
P0064,T-Shirt Classic,Fashion,Premium Customers,Mumbai,693.68,400.2,293.48,42.31,164,137,0.35345123334599426,0.6571664968317187,38.48,49,20,2
P0064,T-Shirt Classic,Fashion,Premium Customers,Delhi,693.68,400.2,293.48,42.31,122,129,0.9087344276771319,0.37521455958542327,68.33,46,10,1
P0064,T-Shirt Classic,Fashion,Premium Customers,Chennai,693.68,400.2,293.48,42.31,239,267,0.8473476004010005,0.5254476838972604,5.85,92,5,0
P0064,T-Shirt Classic,Fashion,Premium Customers,Pune,693.68,400.2,293.48,42.31,113,162,0.7253992986696146,0.8535663509035984,54.02,45,5,2
P0064,T-Shirt Classic,Fashion,Premium Customers,Kolkata,693.68,400.2,293.48,42.31,143,82,0.6035009569734243,0.4880239508301696,6.12,47,20,0
P0064,T-Shirt Classic,Fashion,Premium Customers,Ahmedabad,693.68,400.2,293.48,42.31,116,153,0.6774462231650612,0.7577367885062425,8.17,44,20,0
P0065,Air Freshener Daily,Home Care,Students,Hyderabad,1269.31,1031.46,237.85,18.74,196,151,0.5359060290963102,0.6483026029559,23.74,66,10,0
P0065,Air Freshener Daily,Home Care,Students,Bengaluru,1269.31,1031.46,237.85,18.74,398,458,0.5375539894727186,0.21488887195722076,15.57,113,5,0
P0065,Air Freshener Daily,Home Care,Students,Mumbai,1269.31,1031.46,237.85,18.74,100,79,0.22239620334214008,0.9909619018259699,20.58,31,20,0
P0065,Air Freshener Daily,Home Care,Students,Delhi,1269.31,1031.46,237.85,18.74,187,146,0.5736683441049517,0.8313235613617003,17.69,68,10,0
P0065,Air Freshener Daily,Home Care,Students,Chennai,1269.31,1031.46,237.85,18.74,117,136,0.65341536236486,0.5708053417267079,18.89,41,10,0
P0065,Air Freshener Daily,Home Care,Students,Pune,1269.31,1031.46,237.85,18.74,106,143,0.9304344545387436,0.5858453573809831,28.8,43,5,1
P0065,Air Freshener Daily,Home Care,Students,Kolkata,1269.31,1031.46,237.85,18.74,97,114,0.4098124902339896,0.5415030660885218,17.16,29,15,0
P0065,Air Freshener Daily,Home Care,Students,Ahmedabad,1269.31,1031.46,237.85,18.74,106,138,0.5670975401405262,0.8468725353074227,24.13,39,10,0
P0065,Air Freshener Daily,Home Care,Professionals,Hyderabad,1269.31,1031.46,237.85,18.74,196,151,0.9109322789838936,0.7180374054628862,29.89,82,15,1
P0065,Air Freshener Daily,Home Care,Professionals,Bengaluru,1269.31,1031.46,237.85,18.74,398,458,0.17387802321448412,0.5083351867308006,19.57,98,20,1
P0065,Air Freshener Daily,Home Care,Professionals,Mumbai,1269.31,1031.46,237.85,18.74,100,79,0.3103439047513914,0.7253164112663926,23.2,30,5,0
P0065,Air Freshener Daily,Home Care,Professionals,Delhi,1269.31,1031.46,237.85,18.74,187,146,0.40593385441162777,0.9288290770609675,55.93,64,10,1
P0065,Air Freshener Daily,Home Care,Professionals,Chennai,1269.31,1031.46,237.85,18.74,117,136,0.663322477143946,0.6702319546035702,39.29,42,10,1
P0065,Air Freshener Daily,Home Care,Professionals,Pune,1269.31,1031.46,237.85,18.74,106,143,0.41100118572379163,0.9255868093529929,17.07,36,10,0
P0065,Air Freshener Daily,Home Care,Professionals,Kolkata,1269.31,1031.46,237.85,18.74,97,114,0.3899466824770786,0.2659381949969102,4.93,25,20,0
P0065,Air Freshener Daily,Home Care,Professionals,Ahmedabad,1269.31,1031.46,237.85,18.74,106,138,0.36153706980559375,0.5425716658265186,14.9,30,15,0
P0065,Air Freshener Daily,Home Care,Families,Hyderabad,1269.31,1031.46,237.85,18.74,196,151,0.1962877672968757,0.679615626698088,20.37,53,15,0
P0065,Air Freshener Daily,Home Care,Families,Bengaluru,1269.31,1031.46,237.85,18.74,398,458,0.49299819431324043,0.824866026933945,66.0,139,20,1
P0065,Air Freshener Daily,Home Care,Families,Mumbai,1269.31,1031.46,237.85,18.74,100,79,0.3560069588433881,0.5296946092240149,22.13,28,20,0
P0065,Air Freshener Daily,Home Care,Families,Delhi,1269.31,1031.46,237.85,18.74,187,146,0.820087954821064,0.24079693352933518,14.31,64,10,0
P0065,Air Freshener Daily,Home Care,Families,Chennai,1269.31,1031.46,237.85,18.74,117,136,0.6155524353709253,0.24070840431712998,13.04,35,20,0
P0065,Air Freshener Daily,Home Care,Families,Pune,1269.31,1031.46,237.85,18.74,106,143,0.7860921165690099,0.8288274421387487,66.69,43,5,2
P0065,Air Freshener Daily,Home Care,Families,Kolkata,1269.31,1031.46,237.85,18.74,97,114,0.8041873888271843,0.9055384036472154,22.43,41,20,0
P0065,Air Freshener Daily,Home Care,Families,Ahmedabad,1269.31,1031.46,237.85,18.74,106,138,0.4815216854760723,0.6831613486910599,75.0,35,10,1
P0065,Air Freshener Daily,Home Care,Premium Customers,Hyderabad,1269.31,1031.46,237.85,18.74,196,151,0.6879261354315322,0.46413421207333494,8.36,67,15,0
P0065,Air Freshener Daily,Home Care,Premium Customers,Bengaluru,1269.31,1031.46,237.85,18.74,398,458,0.5976698074026325,0.8404516408558205,37.92,149,5,2
P0065,Air Freshener Daily,Home Care,Premium Customers,Mumbai,1269.31,1031.46,237.85,18.74,100,79,0.9190700392818133,0.7860912756324487,3.08,43,5,0
P0065,Air Freshener Daily,Home Care,Premium Customers,Delhi,1269.31,1031.46,237.85,18.74,187,146,0.6002786877767589,0.4382612957327914,23.62,60,10,0
P0065,Air Freshener Daily,Home Care,Premium Customers,Chennai,1269.31,1031.46,237.85,18.74,117,136,0.7243837823477646,0.774991884389022,3.04,45,20,0
P0065,Air Freshener Daily,Home Care,Premium Customers,Pune,1269.31,1031.46,237.85,18.74,106,143,0.5760337827259935,0.7837670184872452,18.89,38,5,0
P0065,Air Freshener Daily,Home Care,Premium Customers,Kolkata,1269.31,1031.46,237.85,18.74,97,114,0.45444729357586755,0.567822632921771,13.4,30,15,0
P0065,Air Freshener Daily,Home Care,Premium Customers,Ahmedabad,1269.31,1031.46,237.85,18.74,106,138,0.8248063765780987,0.9319577454532291,12.22,45,5,0
P0066,Shoes Premium,Fashion,Students,Hyderabad,998.6,673.0,325.6,32.61,271,383,0.3244965780269353,0.2829504388777599,5.98,67,20,0
P0066,Shoes Premium,Fashion,Students,Bengaluru,998.6,673.0,325.6,32.61,205,230,0.5535208206910505,0.41146369884553063,80.52,63,5,1
P0066,Shoes Premium,Fashion,Students,Mumbai,998.6,673.0,325.6,32.61,509,395,0.7403391140448716,0.825809697340598,76.24,204,20,1
P0066,Shoes Premium,Fashion,Students,Delhi,998.6,673.0,325.6,32.61,325,460,0.6054458565533061,0.77775544635119,15.78,119,15,0
P0066,Shoes Premium,Fashion,Students,Chennai,998.6,673.0,325.6,32.61,65,48,0.2536194503081449,0.2741773812041742,33.33,15,20,1
P0066,Shoes Premium,Fashion,Students,Pune,998.6,673.0,325.6,32.61,213,246,0.6286007030291051,0.28151263501286794,23.86,66,5,0
P0066,Shoes Premium,Fashion,Students,Kolkata,998.6,673.0,325.6,32.61,246,279,0.5039995557236786,0.9838994705677728,71.43,91,10,1
P0066,Shoes Premium,Fashion,Students,Ahmedabad,998.6,673.0,325.6,32.61,144,142,0.21503487151937256,0.5977606494514696,51.47,38,5,1
P0066,Shoes Premium,Fashion,Professionals,Hyderabad,998.6,673.0,325.6,32.61,271,383,0.8873716017024462,0.3780835096185093,19.04,101,20,0
P0066,Shoes Premium,Fashion,Professionals,Bengaluru,998.6,673.0,325.6,32.61,205,230,0.8229013406125595,0.31210835015427735,19.27,72,10,0
P0066,Shoes Premium,Fashion,Professionals,Mumbai,998.6,673.0,325.6,32.61,509,395,0.2902822082373011,0.5703945345526504,5.0,142,15,1
P0066,Shoes Premium,Fashion,Professionals,Delhi,998.6,673.0,325.6,32.61,325,460,0.17542712452696446,0.5008596910897567,23.92,80,15,0
P0066,Shoes Premium,Fashion,Professionals,Chennai,998.6,673.0,325.6,32.61,65,48,0.9072926243061252,0.936734800306843,6.61,29,10,0
P0066,Shoes Premium,Fashion,Professionals,Pune,998.6,673.0,325.6,32.61,213,246,0.27164673234618364,0.38356423275771506,17.88,53,20,0
P0066,Shoes Premium,Fashion,Professionals,Kolkata,998.6,673.0,325.6,32.61,246,279,0.37714989148469513,0.38099622267909244,55.68,67,5,2
P0066,Shoes Premium,Fashion,Professionals,Ahmedabad,998.6,673.0,325.6,32.61,144,142,0.7893163918191313,0.8064802691649595,13.59,58,20,0
P0066,Shoes Premium,Fashion,Families,Hyderabad,998.6,673.0,325.6,32.61,271,383,0.6464003684154701,0.623019926717183,18.6,96,10,0
P0066,Shoes Premium,Fashion,Families,Bengaluru,998.6,673.0,325.6,32.61,205,230,0.42208819425940824,0.23559499196573191,30.57,54,15,1
P0066,Shoes Premium,Fashion,Families,Mumbai,998.6,673.0,325.6,32.61,509,395,0.4180559716696465,0.5910674851586197,62.16,156,15,1
P0066,Shoes Premium,Fashion,Families,Delhi,998.6,673.0,325.6,32.61,325,460,0.31586280809138956,0.330888627798926,8.03,82,20,0
P0066,Shoes Premium,Fashion,Families,Chennai,998.6,673.0,325.6,32.61,65,48,0.37993868237723577,0.38786952710709505,5.03,17,20,0
P0066,Shoes Premium,Fashion,Families,Pune,998.6,673.0,325.6,32.61,213,246,0.6443296674081624,0.3043703512608935,21.97,67,5,0
P0066,Shoes Premium,Fashion,Families,Kolkata,998.6,673.0,325.6,32.61,246,279,0.4554276232265685,0.6732938969916045,19.46,80,15,0
P0066,Shoes Premium,Fashion,Families,Ahmedabad,998.6,673.0,325.6,32.61,144,142,0.9466944799378405,0.40100728952282383,16.63,56,5,0
P0066,Shoes Premium,Fashion,Premium Customers,Hyderabad,998.6,673.0,325.6,32.61,271,383,0.3780270264660907,0.8698680117633195,6.38,90,20,0
P0066,Shoes Premium,Fashion,Premium Customers,Bengaluru,998.6,673.0,325.6,32.61,205,230,0.2539131571449445,0.21210167026155746,2.42,46,20,0
P0066,Shoes Premium,Fashion,Premium Customers,Mumbai,998.6,673.0,325.6,32.61,509,395,0.15307039481838086,0.4011457954503727,8.65,117,10,0
P0066,Shoes Premium,Fashion,Premium Customers,Delhi,998.6,673.0,325.6,32.61,325,460,0.591662056082784,0.2906031041071825,24.2,99,20,0
P0066,Shoes Premium,Fashion,Premium Customers,Chennai,998.6,673.0,325.6,32.61,65,48,0.4470258385146547,0.3857562204524208,14.6,18,20,0
P0066,Shoes Premium,Fashion,Premium Customers,Pune,998.6,673.0,325.6,32.61,213,246,0.9167686899950351,0.408421358630599,18.52,81,15,0
P0066,Shoes Premium,Fashion,Premium Customers,Kolkata,998.6,673.0,325.6,32.61,246,279,0.4263451408780222,0.8786373301097627,91.11,84,5,1
P0066,Shoes Premium,Fashion,Premium Customers,Ahmedabad,998.6,673.0,325.6,32.61,144,142,0.668395583792881,0.4328337615660873,14.02,48,20,0
P0067,Toothpaste Pro,Personal Care,Students,Hyderabad,486.32,354.56,131.76,27.09,88,121,0.7190354933533318,0.9795142360021265,7.57,36,10,0
P0067,Toothpaste Pro,Personal Care,Students,Bengaluru,486.32,354.56,131.76,27.09,172,115,0.765325950020641,0.6279809414353987,19.85,65,5,0
P0067,Toothpaste Pro,Personal Care,Students,Mumbai,486.32,354.56,131.76,27.09,176,99,0.4657965985544298,0.5824920018676003,17.46,55,10,0
P0067,Toothpaste Pro,Personal Care,Students,Delhi,486.32,354.56,131.76,27.09,245,164,0.8575051242491325,0.9607366850297041,3.11,108,5,0
P0067,Toothpaste Pro,Personal Care,Students,Chennai,486.32,354.56,131.76,27.09,130,181,0.5392320984079096,0.5256489841752796,66.0,42,20,1
P0067,Toothpaste Pro,Personal Care,Students,Pune,486.32,354.56,131.76,27.09,95,88,0.8627481784061085,0.2807026426948258,3.39,33,5,0
P0067,Toothpaste Pro,Personal Care,Students,Kolkata,486.32,354.56,131.76,27.09,80,56,0.6417031647339014,0.36530647089474666,15.88,25,5,0
P0067,Toothpaste Pro,Personal Care,Students,Ahmedabad,486.32,354.56,131.76,27.09,199,218,0.38604540240310303,0.7276838451897287,12.77,63,15,0
P0067,Toothpaste Pro,Personal Care,Professionals,Hyderabad,486.32,354.56,131.76,27.09,88,121,0.27741001795865605,0.34672986243911075,71.72,21,5,1
P0067,Toothpaste Pro,Personal Care,Professionals,Bengaluru,486.32,354.56,131.76,27.09,172,115,0.2578038148343156,0.8135776553318477,46.39,52,10,1
P0067,Toothpaste Pro,Personal Care,Professionals,Mumbai,486.32,354.56,131.76,27.09,176,99,0.5569669156564672,0.269405647283697,24.13,51,20,0
P0067,Toothpaste Pro,Personal Care,Professionals,Delhi,486.32,354.56,131.76,27.09,245,164,0.6906471267450282,0.884316947530174,19.97,97,20,0
P0067,Toothpaste Pro,Personal Care,Professionals,Chennai,486.32,354.56,131.76,27.09,130,181,0.5168264869824476,0.7508305615033322,21.96,45,5,0
P0067,Toothpaste Pro,Personal Care,Professionals,Pune,486.32,354.56,131.76,27.09,95,88,0.5946104019330057,0.7787090087770112,10.18,34,5,0
P0067,Toothpaste Pro,Personal Care,Professionals,Kolkata,486.32,354.56,131.76,27.09,80,56,0.8031915607220016,0.2834505608965787,4.64,27,20,0
P0067,Toothpaste Pro,Personal Care,Professionals,Ahmedabad,486.32,354.56,131.76,27.09,199,218,0.899515051844249,0.4661023984957711,55.38,77,15,1
P0067,Toothpaste Pro,Personal Care,Families,Hyderabad,486.32,354.56,131.76,27.09,88,121,0.42829266887079587,0.7274163154008237,3.25,28,10,0
P0067,Toothpaste Pro,Personal Care,Families,Bengaluru,486.32,354.56,131.76,27.09,172,115,0.9373061795626795,0.8132342732346494,18.83,75,5,1
P0067,Toothpaste Pro,Personal Care,Families,Mumbai,486.32,354.56,131.76,27.09,176,99,0.15960408976860344,0.49264633205469366,23.25,42,20,2
P0067,Toothpaste Pro,Personal Care,Families,Delhi,486.32,354.56,131.76,27.09,245,164,0.7390133569565908,0.6466691639891292,8.02,92,5,0
P0067,Toothpaste Pro,Personal Care,Families,Chennai,486.32,354.56,131.76,27.09,130,181,0.2723428797770765,0.7961730220925218,6.35,39,5,0
P0067,Toothpaste Pro,Personal Care,Families,Pune,486.32,354.56,131.76,27.09,95,88,0.2054166873301536,0.6498494657959262,10.98,25,20,0
P0067,Toothpaste Pro,Personal Care,Families,Kolkata,486.32,354.56,131.76,27.09,80,56,0.48497258370812013,0.5407971337936887,3.36,25,20,0
P0067,Toothpaste Pro,Personal Care,Families,Ahmedabad,486.32,354.56,131.76,27.09,199,218,0.6213154326783596,0.5990472182321761,7.51,69,5,0
P0067,Toothpaste Pro,Personal Care,Premium Customers,Hyderabad,486.32,354.56,131.76,27.09,88,121,0.7645766096730889,0.713962736329772,75.31,34,15,1
P0067,Toothpaste Pro,Personal Care,Premium Customers,Bengaluru,486.32,354.56,131.76,27.09,172,115,0.21612842353363568,0.3327584454091948,5.16,40,10,0
P0067,Toothpaste Pro,Personal Care,Premium Customers,Mumbai,486.32,354.56,131.76,27.09,176,99,0.531857816314075,0.7005166585085154,24.42,60,5,1
P0067,Toothpaste Pro,Personal Care,Premium Customers,Delhi,486.32,354.56,131.76,27.09,245,164,0.35972972631885236,0.5147910285383968,16.32,70,10,0
P0067,Toothpaste Pro,Personal Care,Premium Customers,Chennai,486.32,354.56,131.76,27.09,130,181,0.8433440231771294,0.9725799220181455,21.09,57,20,0
P0067,Toothpaste Pro,Personal Care,Premium Customers,Pune,486.32,354.56,131.76,27.09,95,88,0.3974392703474219,0.26807129096602095,9.96,24,5,0
P0067,Toothpaste Pro,Personal Care,Premium Customers,Kolkata,486.32,354.56,131.76,27.09,80,56,0.22452482690091652,0.42280787130393177,5.16,19,20,0
P0067,Toothpaste Pro,Personal Care,Premium Customers,Ahmedabad,486.32,354.56,131.76,27.09,199,218,0.5968684434161444,0.7899954905005828,9.28,73,20,0
P0068,Mixer Grinder Daily,Kitchen,Students,Hyderabad,343.9,192.61,151.29,43.99,361,414,0.304411016954623,0.22218915116067903,13.16,86,15,0
P0068,Mixer Grinder Daily,Kitchen,Students,Bengaluru,343.9,192.61,151.29,43.99,297,240,0.35504676081441255,0.4749262144797068,10.75,83,10,0
P0068,Mixer Grinder Daily,Kitchen,Students,Mumbai,343.9,192.61,151.29,43.99,202,271,0.3409301981928224,0.324260814098695,7.7,52,20,0
P0068,Mixer Grinder Daily,Kitchen,Students,Delhi,343.9,192.61,151.29,43.99,344,288,0.18853918193867097,0.7306794399204437,23.37,95,20,0
P0068,Mixer Grinder Daily,Kitchen,Students,Chennai,343.9,192.61,151.29,43.99,374,527,0.8515409463512674,0.24402814412713073,17.58,131,5,0
P0068,Mixer Grinder Daily,Kitchen,Students,Pune,343.9,192.61,151.29,43.99,107,74,0.28411226437534864,0.5018556283009117,17.27,28,10,0
P0068,Mixer Grinder Daily,Kitchen,Students,Kolkata,343.9,192.61,151.29,43.99,76,70,0.48291958994204487,0.7678874688583064,12.5,26,10,1
P0068,Mixer Grinder Daily,Kitchen,Students,Ahmedabad,343.9,192.61,151.29,43.99,110,108,0.46409246835327256,0.7852090827550113,4.71,37,15,0
P0068,Mixer Grinder Daily,Kitchen,Professionals,Hyderabad,343.9,192.61,151.29,43.99,361,414,0.5023119909320635,0.5456101146318226,11.43,115,10,0
P0068,Mixer Grinder Daily,Kitchen,Professionals,Bengaluru,343.9,192.61,151.29,43.99,297,240,0.8753314737937825,0.7730181328657268,16.26,125,5,0
P0068,Mixer Grinder Daily,Kitchen,Professionals,Mumbai,343.9,192.61,151.29,43.99,202,271,0.1514499147630495,0.7480831461352087,13.01,55,20,1
P0068,Mixer Grinder Daily,Kitchen,Professionals,Delhi,343.9,192.61,151.29,43.99,344,288,0.3178481518218649,0.6161857886269522,24.73,99,20,0
P0068,Mixer Grinder Daily,Kitchen,Professionals,Chennai,343.9,192.61,151.29,43.99,374,527,0.912094041438727,0.4922766394098945,20.89,147,5,0
P0068,Mixer Grinder Daily,Kitchen,Professionals,Pune,343.9,192.61,151.29,43.99,107,74,0.8880828025860089,0.33709307154288803,22.32,39,15,0
P0068,Mixer Grinder Daily,Kitchen,Professionals,Kolkata,343.9,192.61,151.29,43.99,76,70,0.4211101592282286,0.7726813014932001,9.41,25,15,0
P0068,Mixer Grinder Daily,Kitchen,Professionals,Ahmedabad,343.9,192.61,151.29,43.99,110,108,0.17768655660456564,0.9707824279299022,40.56,33,20,1
P0068,Mixer Grinder Daily,Kitchen,Families,Hyderabad,343.9,192.61,151.29,43.99,361,414,0.25416359040516817,0.6435846206110696,5.04,101,15,0
P0068,Mixer Grinder Daily,Kitchen,Families,Bengaluru,343.9,192.61,151.29,43.99,297,240,0.2892924688977585,0.6108366349809368,2.16,84,5,0
P0068,Mixer Grinder Daily,Kitchen,Families,Mumbai,343.9,192.61,151.29,43.99,202,271,0.506584918189934,0.5930647397944981,21.35,65,10,0
P0068,Mixer Grinder Daily,Kitchen,Families,Delhi,343.9,192.61,151.29,43.99,344,288,0.6551238238951397,0.33866401561450354,24.54,111,5,0
P0068,Mixer Grinder Daily,Kitchen,Families,Chennai,343.9,192.61,151.29,43.99,374,527,0.8319169364492752,0.23911822665423427,28.79,129,20,1
P0068,Mixer Grinder Daily,Kitchen,Families,Pune,343.9,192.61,151.29,43.99,107,74,0.8835470309377877,0.9160204187338115,23.85,47,20,0
P0068,Mixer Grinder Daily,Kitchen,Families,Kolkata,343.9,192.61,151.29,43.99,76,70,0.5242795100852822,0.9700636654188344,59.57,28,5,1
P0068,Mixer Grinder Daily,Kitchen,Families,Ahmedabad,343.9,192.61,151.29,43.99,110,108,0.6563755418329539,0.6059262455753254,15.99,39,15,0
P0068,Mixer Grinder Daily,Kitchen,Premium Customers,Hyderabad,343.9,192.61,151.29,43.99,361,414,0.4290304014375327,0.3485709137224292,42.19,100,5,1
P0068,Mixer Grinder Daily,Kitchen,Premium Customers,Bengaluru,343.9,192.61,151.29,43.99,297,240,0.9028759559475339,0.6077870967312138,25.57,120,20,1
P0068,Mixer Grinder Daily,Kitchen,Premium Customers,Mumbai,343.9,192.61,151.29,43.99,202,271,0.7304048161853346,0.7860663359700035,16.23,79,5,0
P0068,Mixer Grinder Daily,Kitchen,Premium Customers,Delhi,343.9,192.61,151.29,43.99,344,288,0.764191557187924,0.34225534967304205,2.18,118,15,0
P0068,Mixer Grinder Daily,Kitchen,Premium Customers,Chennai,343.9,192.61,151.29,43.99,374,527,0.19814014718974374,0.9068366239265335,79.28,113,5,1
P0068,Mixer Grinder Daily,Kitchen,Premium Customers,Pune,343.9,192.61,151.29,43.99,107,74,0.18601222827829858,0.7948743491051402,24.36,30,15,0
P0068,Mixer Grinder Daily,Kitchen,Premium Customers,Kolkata,343.9,192.61,151.29,43.99,76,70,0.37901073634614774,0.5584147514056277,13.08,22,5,0
P0068,Mixer Grinder Daily,Kitchen,Premium Customers,Ahmedabad,343.9,192.61,151.29,43.99,110,108,0.2601546916242298,0.7121681498490513,5.26,32,5,1
P0069,Spices Daily,Grocery,Students,Hyderabad,124.03,102.1,21.93,17.68,220,225,0.19581455333174497,0.8492149492899925,7.26,64,20,0
P0069,Spices Daily,Grocery,Students,Bengaluru,124.03,102.1,21.93,17.68,361,494,0.5541465616194396,0.33974809632105407,14.27,109,5,0
P0069,Spices Daily,Grocery,Students,Mumbai,124.03,102.1,21.93,17.68,455,409,0.6885068716914282,0.7575177647328002,15.19,173,20,0
P0069,Spices Daily,Grocery,Students,Delhi,124.03,102.1,21.93,17.68,206,173,0.26065662268609874,0.6267328686417419,19.77,57,15,0
P0069,Spices Daily,Grocery,Students,Chennai,124.03,102.1,21.93,17.68,464,374,0.7068492679239583,0.7601876444945617,22.47,179,15,0
P0069,Spices Daily,Grocery,Students,Pune,124.03,102.1,21.93,17.68,355,382,0.8352664493248453,0.26210064895315166,9.52,124,10,1
P0069,Spices Daily,Grocery,Students,Kolkata,124.03,102.1,21.93,17.68,170,113,0.4417300369553955,0.5933263506676982,14.18,53,15,0
P0069,Spices Daily,Grocery,Students,Ahmedabad,124.03,102.1,21.93,17.68,59,75,0.25862644151032776,0.7940355921721156,8.9,17,20,0
P0069,Spices Daily,Grocery,Professionals,Hyderabad,124.03,102.1,21.93,17.68,220,225,0.7900700807889339,0.33944221306752037,9.38,77,10,0
P0069,Spices Daily,Grocery,Professionals,Bengaluru,124.03,102.1,21.93,17.68,361,494,0.4008882687545908,0.30094896212432043,3.61,96,5,0
P0069,Spices Daily,Grocery,Professionals,Mumbai,124.03,102.1,21.93,17.68,455,409,0.9410644254976551,0.7663285781463145,23.24,197,5,1
P0069,Spices Daily,Grocery,Professionals,Delhi,124.03,102.1,21.93,17.68,206,173,0.864128765255838,0.6048420819463733,63.16,82,10,1
P0069,Spices Daily,Grocery,Professionals,Chennai,124.03,102.1,21.93,17.68,464,374,0.945238755026809,0.6760925629419607,7.04,196,15,0
P0069,Spices Daily,Grocery,Professionals,Pune,124.03,102.1,21.93,17.68,355,382,0.6254796417818228,0.5528817774097523,38.0,122,20,1
P0069,Spices Daily,Grocery,Professionals,Kolkata,124.03,102.1,21.93,17.68,170,113,0.6086811823922509,0.25638048240495626,14.13,51,15,0
P0069,Spices Daily,Grocery,Professionals,Ahmedabad,124.03,102.1,21.93,17.68,59,75,0.5141817661456249,0.22532447799118352,24.8,16,20,0
P0069,Spices Daily,Grocery,Families,Hyderabad,124.03,102.1,21.93,17.68,220,225,0.892072062343717,0.477992785919811,13.48,85,5,0
P0069,Spices Daily,Grocery,Families,Bengaluru,124.03,102.1,21.93,17.68,361,494,0.4553662072306921,0.9119412380346847,23.45,128,20,0
P0069,Spices Daily,Grocery,Families,Mumbai,124.03,102.1,21.93,17.68,455,409,0.23071063793264032,0.41763405481939586,14.53,112,5,0
P0069,Spices Daily,Grocery,Families,Delhi,124.03,102.1,21.93,17.68,206,173,0.5644095104115305,0.6011336168508021,11.6,69,5,0
P0069,Spices Daily,Grocery,Families,Chennai,124.03,102.1,21.93,17.68,464,374,0.761626419895678,0.6539330433415755,20.97,178,15,0
P0069,Spices Daily,Grocery,Families,Pune,124.03,102.1,21.93,17.68,355,382,0.7793565989695753,0.8284738543432264,15.33,145,20,0
P0069,Spices Daily,Grocery,Families,Kolkata,124.03,102.1,21.93,17.68,170,113,0.47851296969023027,0.9811085641774389,63.41,62,15,1
P0069,Spices Daily,Grocery,Families,Ahmedabad,124.03,102.1,21.93,17.68,59,75,0.2686217309005372,0.5676551930307161,21.83,16,5,0
P0069,Spices Daily,Grocery,Premium Customers,Hyderabad,124.03,102.1,21.93,17.68,220,225,0.5390119435432249,0.6048970783501999,66.17,73,10,1
P0069,Spices Daily,Grocery,Premium Customers,Bengaluru,124.03,102.1,21.93,17.68,361,494,0.20337730721035976,0.6403418625774824,71.97,97,10,1
P0069,Spices Daily,Grocery,Premium Customers,Mumbai,124.03,102.1,21.93,17.68,455,409,0.6640967012442786,0.41153358187227235,14.11,152,20,0
P0069,Spices Daily,Grocery,Premium Customers,Delhi,124.03,102.1,21.93,17.68,206,173,0.24559078592278655,0.6449688161876042,7.94,57,10,0
P0069,Spices Daily,Grocery,Premium Customers,Chennai,124.03,102.1,21.93,17.68,464,374,0.936995254839652,0.9304414660191922,24.42,210,15,1
P0069,Spices Daily,Grocery,Premium Customers,Pune,124.03,102.1,21.93,17.68,355,382,0.4775956717561344,0.4537568417717083,2.76,107,20,0
P0069,Spices Daily,Grocery,Premium Customers,Kolkata,124.03,102.1,21.93,17.68,170,113,0.4357514590557039,0.6396814955057195,16.01,53,15,0
P0069,Spices Daily,Grocery,Premium Customers,Ahmedabad,124.03,102.1,21.93,17.68,59,75,0.5241055164215631,0.40854308752323076,16.43,18,15,1
P0070,Energy Drinks Value,Beverages,Students,Hyderabad,673.73,472.22,201.51,29.91,340,301,0.31529350427317004,0.40025246412181714,4.29,89,10,0
P0070,Energy Drinks Value,Beverages,Students,Bengaluru,673.73,472.22,201.51,29.91,166,101,0.7990793803147457,0.5364397999106578,6.76,62,20,0
P0070,Energy Drinks Value,Beverages,Students,Mumbai,673.73,472.22,201.51,29.91,229,209,0.39948448689019156,0.46803727597311556,14.45,66,15,0
P0070,Energy Drinks Value,Beverages,Students,Delhi,673.73,472.22,201.51,29.91,49,39,0.6305517506746323,0.9586626617223701,14.01,19,5,0
P0070,Energy Drinks Value,Beverages,Students,Chennai,673.73,472.22,201.51,29.91,316,409,0.8949788977672878,0.6289223025262063,19.96,128,10,0
P0070,Energy Drinks Value,Beverages,Students,Pune,673.73,472.22,201.51,29.91,244,284,0.8554373581822133,0.6272892332757918,64.52,97,15,1
P0070,Energy Drinks Value,Beverages,Students,Kolkata,673.73,472.22,201.51,29.91,170,167,0.6921103455360067,0.9081697205536816,62.11,68,20,1
P0070,Energy Drinks Value,Beverages,Students,Ahmedabad,673.73,472.22,201.51,29.91,177,147,0.6198707180594157,0.7801603528207257,72.02,65,15,1
P0070,Energy Drinks Value,Beverages,Professionals,Hyderabad,673.73,472.22,201.51,29.91,340,301,0.7192240074332077,0.8274761645742337,23.73,135,15,0
P0070,Energy Drinks Value,Beverages,Professionals,Bengaluru,673.73,472.22,201.51,29.91,166,101,0.3967984298523971,0.8457752597350405,3.5,55,5,0
P0070,Energy Drinks Value,Beverages,Professionals,Mumbai,673.73,472.22,201.51,29.91,229,209,0.26421159922515886,0.81839499512471,10.75,69,15,1
P0070,Energy Drinks Value,Beverages,Professionals,Delhi,673.73,472.22,201.51,29.91,49,39,0.17530831712441913,0.8719245482296232,5.33,14,20,0
P0070,Energy Drinks Value,Beverages,Professionals,Chennai,673.73,472.22,201.51,29.91,316,409,0.5395753675478154,0.798575343745207,13.66,113,5,0
P0070,Energy Drinks Value,Beverages,Professionals,Pune,673.73,472.22,201.51,29.91,244,284,0.17481288257936053,0.6552097534750857,18.41,65,5,0
P0070,Energy Drinks Value,Beverages,Professionals,Kolkata,673.73,472.22,201.51,29.91,170,167,0.8273130703489802,0.9012701140436821,16.09,72,20,1
P0070,Energy Drinks Value,Beverages,Professionals,Ahmedabad,673.73,472.22,201.51,29.91,177,147,0.533287835045547,0.7160854092383055,8.36,61,15,0
P0070,Energy Drinks Value,Beverages,Families,Hyderabad,673.73,472.22,201.51,29.91,340,301,0.8671322859638004,0.8042342642570333,18.68,144,10,0
P0070,Energy Drinks Value,Beverages,Families,Bengaluru,673.73,472.22,201.51,29.91,166,101,0.8053913415823454,0.7097386341976675,9.53,66,20,0
P0070,Energy Drinks Value,Beverages,Families,Mumbai,673.73,472.22,201.51,29.91,229,209,0.19681467773368605,0.4287608486168881,30.0,55,15,1
P0070,Energy Drinks Value,Beverages,Families,Delhi,673.73,472.22,201.51,29.91,49,39,0.8927245466149556,0.3479931391214087,77.27,18,15,1
P0070,Energy Drinks Value,Beverages,Families,Chennai,673.73,472.22,201.51,29.91,316,409,0.7904043314169625,0.45869957750757007,2.26,115,20,0
P0070,Energy Drinks Value,Beverages,Families,Pune,673.73,472.22,201.51,29.91,244,284,0.5916315851013563,0.9332013576166927,2.74,93,15,0
P0070,Energy Drinks Value,Beverages,Families,Kolkata,673.73,472.22,201.51,29.91,170,167,0.7583434878408558,0.29194670286396385,18.88,57,15,0
P0070,Energy Drinks Value,Beverages,Families,Ahmedabad,673.73,472.22,201.51,29.91,177,147,0.39325477712250645,0.2296544448702923,8.54,45,20,0
P0070,Energy Drinks Value,Beverages,Premium Customers,Hyderabad,673.73,472.22,201.51,29.91,340,301,0.43916909904757007,0.27571115899359494,39.48,92,5,2
P0070,Energy Drinks Value,Beverages,Premium Customers,Bengaluru,673.73,472.22,201.51,29.91,166,101,0.8408936936017652,0.37758940847884004,64.0,60,15,1
P0070,Energy Drinks Value,Beverages,Premium Customers,Mumbai,673.73,472.22,201.51,29.91,229,209,0.3873564444691613,0.36856323340298014,18.18,62,10,1
P0070,Energy Drinks Value,Beverages,Premium Customers,Delhi,673.73,472.22,201.51,29.91,49,39,0.4043162204265821,0.2449727965480383,9.68,12,20,0
P0070,Energy Drinks Value,Beverages,Premium Customers,Chennai,673.73,472.22,201.51,29.91,316,409,0.1540013421916151,0.34153168528016986,-3.95,70,5,1
P0070,Energy Drinks Value,Beverages,Premium Customers,Pune,673.73,472.22,201.51,29.91,244,284,0.5688120031961837,0.6790631365992361,52.21,85,10,2
P0070,Energy Drinks Value,Beverages,Premium Customers,Kolkata,673.73,472.22,201.51,29.91,170,167,0.554733101616204,0.572173600816107,16.58,56,5,0
P0070,Energy Drinks Value,Beverages,Premium Customers,Ahmedabad,673.73,472.22,201.51,29.91,177,147,0.5462553430756903,0.8774278584615993,21.85,65,15,0
P0071,Oil Pro,Grocery,Students,Hyderabad,1602.38,954.47,647.91,40.43,105,83,0.7183784189346683,0.47584882773192594,22.93,37,5,0
P0071,Oil Pro,Grocery,Students,Bengaluru,1602.38,954.47,647.91,40.43,67,53,0.8486241544845584,0.42716972937480446,14.43,24,5,2
P0071,Oil Pro,Grocery,Students,Mumbai,1602.38,954.47,647.91,40.43,107,155,0.18475112685633188,0.8413314619365659,6.47,31,10,0
P0071,Oil Pro,Grocery,Students,Delhi,1602.38,954.47,647.91,40.43,96,82,0.9383224070690772,0.4472064734591656,64.71,37,15,1
P0071,Oil Pro,Grocery,Students,Chennai,1602.38,954.47,647.91,40.43,252,187,0.3343347473344005,0.8982947890173123,54.55,82,20,1
P0071,Oil Pro,Grocery,Students,Pune,1602.38,954.47,647.91,40.43,235,176,0.5770932779900617,0.4762022127332376,10.97,76,15,0
P0071,Oil Pro,Grocery,Students,Kolkata,1602.38,954.47,647.91,40.43,217,276,0.9332522314747532,0.3857541058772975,5.45,83,20,0
P0071,Oil Pro,Grocery,Students,Ahmedabad,1602.38,954.47,647.91,40.43,225,227,0.4344305964139302,0.5154351182248034,5.8,67,5,0
P0071,Oil Pro,Grocery,Professionals,Hyderabad,1602.38,954.47,647.91,40.43,105,83,0.4472213512358212,0.6547332284937313,18.89,33,15,0
P0071,Oil Pro,Grocery,Professionals,Bengaluru,1602.38,954.47,647.91,40.43,67,53,0.7097514618596253,0.45383054338376927,10.19,23,20,0
P0071,Oil Pro,Grocery,Professionals,Mumbai,1602.38,954.47,647.91,40.43,107,155,0.5737913504065711,0.628777726608643,21.88,36,15,1
P0071,Oil Pro,Grocery,Professionals,Delhi,1602.38,954.47,647.91,40.43,96,82,0.5083424219412835,0.5714165518802471,56.58,31,15,1
P0071,Oil Pro,Grocery,Professionals,Chennai,1602.38,954.47,647.91,40.43,252,187,0.6234570887674054,0.53213753078834,37.74,85,5,1
P0071,Oil Pro,Grocery,Professionals,Pune,1602.38,954.47,647.91,40.43,235,176,0.21704949812625818,0.36878165233785043,10.92,56,20,0
P0071,Oil Pro,Grocery,Professionals,Kolkata,1602.38,954.47,647.91,40.43,217,276,0.6466515011919275,0.510727759331846,11.63,74,10,0
P0071,Oil Pro,Grocery,Professionals,Ahmedabad,1602.38,954.47,647.91,40.43,225,227,0.7691964932173724,0.42597420990473556,22.99,80,20,1
P0071,Oil Pro,Grocery,Families,Hyderabad,1602.38,954.47,647.91,40.43,105,83,0.1842122722711103,0.3629679749479456,66.2,24,15,1
P0071,Oil Pro,Grocery,Families,Bengaluru,1602.38,954.47,647.91,40.43,67,53,0.9077307411768811,0.5151441375313381,59.41,26,20,1
P0071,Oil Pro,Grocery,Families,Mumbai,1602.38,954.47,647.91,40.43,107,155,0.37461202258322873,0.692422058984713,16.81,33,15,0
P0071,Oil Pro,Grocery,Families,Delhi,1602.38,954.47,647.91,40.43,96,82,0.5427882221287872,0.5617084657041029,2.18,31,10,0
P0071,Oil Pro,Grocery,Families,Chennai,1602.38,954.47,647.91,40.43,252,187,0.16699597375338485,0.7160196783481596,16.0,68,20,0
P0071,Oil Pro,Grocery,Families,Pune,1602.38,954.47,647.91,40.43,235,176,0.258487277482543,0.6023831874646236,12.46,65,5,0
P0071,Oil Pro,Grocery,Families,Kolkata,1602.38,954.47,647.91,40.43,217,276,0.7208259630104396,0.9699228163171605,18.95,90,5,0
P0071,Oil Pro,Grocery,Families,Ahmedabad,1602.38,954.47,647.91,40.43,225,227,0.22789771027990743,0.47583777380577524,32.39,57,5,1
P0071,Oil Pro,Grocery,Premium Customers,Hyderabad,1602.38,954.47,647.91,40.43,105,83,0.2736845650195279,0.7622835494575664,10.96,31,15,0
P0071,Oil Pro,Grocery,Premium Customers,Bengaluru,1602.38,954.47,647.91,40.43,67,53,0.4586255506391531,0.825601439095174,0.0,23,5,1
P0071,Oil Pro,Grocery,Premium Customers,Mumbai,1602.38,954.47,647.91,40.43,107,155,0.826278386054193,0.3281713081564194,6.43,38,15,0
P0071,Oil Pro,Grocery,Premium Customers,Delhi,1602.38,954.47,647.91,40.43,96,82,0.754432578564683,0.8637477846833264,18.52,39,20,0
P0071,Oil Pro,Grocery,Premium Customers,Chennai,1602.38,954.47,647.91,40.43,252,187,0.7846189555646188,0.36675975019937446,74.34,88,15,1
P0071,Oil Pro,Grocery,Premium Customers,Pune,1602.38,954.47,647.91,40.43,235,176,0.58277487375554,0.470011551068568,17.15,76,15,0
P0071,Oil Pro,Grocery,Premium Customers,Kolkata,1602.38,954.47,647.91,40.43,217,276,0.3440652440709687,0.5151550215146339,15.52,61,10,0
P0071,Oil Pro,Grocery,Premium Customers,Ahmedabad,1602.38,954.47,647.91,40.43,225,227,0.294835240976879,0.33137122880616066,16.7,56,5,0
P0072,Jeans Classic,Fashion,Students,Hyderabad,298.01,195.67,102.34,34.34,247,204,0.5052367973897905,0.7064612367330121,8.7,83,10,0
P0072,Jeans Classic,Fashion,Students,Bengaluru,298.01,195.67,102.34,34.34,179,244,0.766327392262539,0.6079190259538074,13.41,67,20,0
P0072,Jeans Classic,Fashion,Students,Mumbai,298.01,195.67,102.34,34.34,178,99,0.16501640250368413,0.4236594289559797,5.15,42,5,0
P0072,Jeans Classic,Fashion,Students,Delhi,298.01,195.67,102.34,34.34,45,45,0.7860888019125679,0.827208633913983,18.92,18,15,0
P0072,Jeans Classic,Fashion,Students,Chennai,298.01,195.67,102.34,34.34,235,129,0.34504200396286455,0.38008817230452874,89.8,62,20,1
P0072,Jeans Classic,Fashion,Students,Pune,298.01,195.67,102.34,34.34,287,197,0.2533182201135778,0.41071705514330525,48.72,72,5,1
P0072,Jeans Classic,Fashion,Students,Kolkata,298.01,195.67,102.34,34.34,237,234,0.6303102365700861,0.8544849147102336,86.6,90,5,1
P0072,Jeans Classic,Fashion,Students,Ahmedabad,298.01,195.67,102.34,34.34,88,99,0.5106809753300211,0.5500812706409384,64.43,28,15,1
P0072,Jeans Classic,Fashion,Professionals,Hyderabad,298.01,195.67,102.34,34.34,247,204,0.8749252419182737,0.37628781026189984,18.17,91,20,0
P0072,Jeans Classic,Fashion,Professionals,Bengaluru,298.01,195.67,102.34,34.34,179,244,0.3833097317792942,0.29149770039679423,3.67,47,20,0
P0072,Jeans Classic,Fashion,Professionals,Mumbai,298.01,195.67,102.34,34.34,178,99,0.5644030744216234,0.8768527461708697,8.09,66,15,0
P0072,Jeans Classic,Fashion,Professionals,Delhi,298.01,195.67,102.34,34.34,45,45,0.42715905130815657,0.9615138463397039,9.02,16,15,0
P0072,Jeans Classic,Fashion,Professionals,Chennai,298.01,195.67,102.34,34.34,235,129,0.5960410345576114,0.5875311430955901,15.82,80,5,0
P0072,Jeans Classic,Fashion,Professionals,Pune,298.01,195.67,102.34,34.34,287,197,0.8875642878591073,0.7934606092048917,28.57,122,20,1
P0072,Jeans Classic,Fashion,Professionals,Kolkata,298.01,195.67,102.34,34.34,237,234,0.5396259113153674,0.49673646367303537,79.52,75,5,1
P0072,Jeans Classic,Fashion,Professionals,Ahmedabad,298.01,195.67,102.34,34.34,88,99,0.8852526045413222,0.8404349379230411,16.75,38,10,0
P0072,Jeans Classic,Fashion,Families,Hyderabad,298.01,195.67,102.34,34.34,247,204,0.5639389222540204,0.8127076614825484,18.39,90,10,0
P0072,Jeans Classic,Fashion,Families,Bengaluru,298.01,195.67,102.34,34.34,179,244,0.43754258789366807,0.3845148727170014,14.46,51,20,0
P0072,Jeans Classic,Fashion,Families,Mumbai,298.01,195.67,102.34,34.34,178,99,0.589505960283272,0.6192515010873089,20.81,61,5,0
P0072,Jeans Classic,Fashion,Families,Delhi,298.01,195.67,102.34,34.34,45,45,0.9255319407412248,0.7413031444086788,10.45,19,5,0
P0072,Jeans Classic,Fashion,Families,Chennai,298.01,195.67,102.34,34.34,235,129,0.8410999750751872,0.36886128049281314,24.11,85,20,0
P0072,Jeans Classic,Fashion,Families,Pune,298.01,195.67,102.34,34.34,287,197,0.2454331672658921,0.9712264236292285,9.4,91,20,0
P0072,Jeans Classic,Fashion,Families,Kolkata,298.01,195.67,102.34,34.34,237,234,0.8358391696665175,0.9625220840871294,21.64,103,15,0
P0072,Jeans Classic,Fashion,Families,Ahmedabad,298.01,195.67,102.34,34.34,88,99,0.6396388963735959,0.22871235851704866,41.49,26,20,2
P0072,Jeans Classic,Fashion,Premium Customers,Hyderabad,298.01,195.67,102.34,34.34,247,204,0.7582672269808661,0.2945323359774874,22.43,83,20,0
P0072,Jeans Classic,Fashion,Premium Customers,Bengaluru,298.01,195.67,102.34,34.34,179,244,0.4952649448204438,0.5385160035196513,7.39,56,10,0
P0072,Jeans Classic,Fashion,Premium Customers,Mumbai,298.01,195.67,102.34,34.34,178,99,0.6184000492764791,0.7077137291842266,8.2,64,10,0
P0072,Jeans Classic,Fashion,Premium Customers,Delhi,298.01,195.67,102.34,34.34,45,45,0.1668687376353498,0.3241137197055688,22.31,10,5,0
P0072,Jeans Classic,Fashion,Premium Customers,Chennai,298.01,195.67,102.34,34.34,235,129,0.7032522477209222,0.5087048558934117,23.69,83,5,0
P0072,Jeans Classic,Fashion,Premium Customers,Pune,298.01,195.67,102.34,34.34,287,197,0.44369796538334094,0.7743332274216905,71.43,96,20,1
P0072,Jeans Classic,Fashion,Premium Customers,Kolkata,298.01,195.67,102.34,34.34,237,234,0.7759558721173186,0.9382157862618701,53.42,100,20,1
P0072,Jeans Classic,Fashion,Premium Customers,Ahmedabad,298.01,195.67,102.34,34.34,88,99,0.6746125264038563,0.6743589345072785,39.13,32,20,1
P0073,Namkeen Pro,Snacks,Students,Hyderabad,287.1,160.31,126.79,44.16,307,270,0.32104927245984577,0.948303250076328,16.32,102,10,0
P0073,Namkeen Pro,Snacks,Students,Bengaluru,287.1,160.31,126.79,44.16,153,215,0.2240563133496767,0.9528527568494902,18.26,48,5,0
P0073,Namkeen Pro,Snacks,Students,Mumbai,287.1,160.31,126.79,44.16,141,173,0.6750429025736423,0.5769955797833144,18.4,50,15,1
P0073,Namkeen Pro,Snacks,Students,Delhi,287.1,160.31,126.79,44.16,393,223,0.6008554865263553,0.6312993187181266,23.3,137,20,0
P0073,Namkeen Pro,Snacks,Students,Chennai,287.1,160.31,126.79,44.16,181,229,0.29853563548973083,0.26490879433648945,51.85,43,5,1
P0073,Namkeen Pro,Snacks,Students,Pune,287.1,160.31,126.79,44.16,136,158,0.3070879320934902,0.946605795228393,17.99,44,15,0
P0073,Namkeen Pro,Snacks,Students,Kolkata,287.1,160.31,126.79,44.16,284,217,0.6164885717151294,0.8911631483744273,22.52,109,5,0
P0073,Namkeen Pro,Snacks,Students,Ahmedabad,287.1,160.31,126.79,44.16,169,136,0.3594653430955683,0.48611707861281817,22.34,47,5,0
P0073,Namkeen Pro,Snacks,Professionals,Hyderabad,287.1,160.31,126.79,44.16,307,270,0.9479051309847012,0.5713300610144654,19.52,126,15,0
P0073,Namkeen Pro,Snacks,Professionals,Bengaluru,287.1,160.31,126.79,44.16,153,215,0.27693124802863667,0.9697281182901649,13.34,49,15,0
P0073,Namkeen Pro,Snacks,Professionals,Mumbai,287.1,160.31,126.79,44.16,141,173,0.805022333276071,0.7913919787450945,21.05,57,5,1
P0073,Namkeen Pro,Snacks,Professionals,Delhi,287.1,160.31,126.79,44.16,393,223,0.4860390677980524,0.23387767724224143,25.58,108,5,1
P0073,Namkeen Pro,Snacks,Professionals,Chennai,287.1,160.31,126.79,44.16,181,229,0.2814146933184696,0.6642590195240283,14.55,52,5,0
P0073,Namkeen Pro,Snacks,Professionals,Pune,287.1,160.31,126.79,44.16,136,158,0.5779205558137698,0.3338955377102306,7.51,41,10,0
P0073,Namkeen Pro,Snacks,Professionals,Kolkata,287.1,160.31,126.79,44.16,284,217,0.7997996128888655,0.8019012535476275,12.06,116,20,0
P0073,Namkeen Pro,Snacks,Professionals,Ahmedabad,287.1,160.31,126.79,44.16,169,136,0.6633672551163075,0.8978281673019828,24.33,66,15,0
P0073,Namkeen Pro,Snacks,Families,Hyderabad,287.1,160.31,126.79,44.16,307,270,0.2916926203413135,0.40197047275534414,15.37,79,10,0
P0073,Namkeen Pro,Snacks,Families,Bengaluru,287.1,160.31,126.79,44.16,153,215,0.8751558733814814,0.23613750810120432,40.74,54,15,1
P0073,Namkeen Pro,Snacks,Families,Mumbai,287.1,160.31,126.79,44.16,141,173,0.15124250297957156,0.474621226777011,11.02,33,10,1
P0073,Namkeen Pro,Snacks,Families,Delhi,287.1,160.31,126.79,44.16,393,223,0.775287537340927,0.39706669688990703,57.14,139,10,1
P0073,Namkeen Pro,Snacks,Families,Chennai,287.1,160.31,126.79,44.16,181,229,0.8929827348658804,0.9206425645854497,3.21,80,5,0
P0073,Namkeen Pro,Snacks,Families,Pune,287.1,160.31,126.79,44.16,136,158,0.46657759181994374,0.8380332704150537,6.61,47,20,0
P0073,Namkeen Pro,Snacks,Families,Kolkata,287.1,160.31,126.79,44.16,284,217,0.18820937136073929,0.6098647501954082,18.57,74,10,0
P0073,Namkeen Pro,Snacks,Families,Ahmedabad,287.1,160.31,126.79,44.16,169,136,0.18029451204850966,0.8287200770957797,2.81,48,15,0
P0073,Namkeen Pro,Snacks,Premium Customers,Hyderabad,287.1,160.31,126.79,44.16,307,270,0.4640518616245921,0.9606408002274165,43.55,111,20,1
P0073,Namkeen Pro,Snacks,Premium Customers,Bengaluru,287.1,160.31,126.79,44.16,153,215,0.39702898212642235,0.3429906303726381,26.42,41,15,1
P0073,Namkeen Pro,Snacks,Premium Customers,Mumbai,287.1,160.31,126.79,44.16,141,173,0.29261927290178724,0.9168491192444721,57.89,45,15,1
P0073,Namkeen Pro,Snacks,Premium Customers,Delhi,287.1,160.31,126.79,44.16,393,223,0.882909881103847,0.4942354771012001,8.51,152,20,0
P0073,Namkeen Pro,Snacks,Premium Customers,Chennai,287.1,160.31,126.79,44.16,181,229,0.4688163303941526,0.5467025467485447,18.86,56,15,0
P0073,Namkeen Pro,Snacks,Premium Customers,Pune,287.1,160.31,126.79,44.16,136,158,0.17428937445153084,0.7017406964111625,21.95,37,5,0
P0073,Namkeen Pro,Snacks,Premium Customers,Kolkata,287.1,160.31,126.79,44.16,284,217,0.7842436006803511,0.25051542666578064,10.64,96,10,0
P0073,Namkeen Pro,Snacks,Premium Customers,Ahmedabad,287.1,160.31,126.79,44.16,169,136,0.722307781606769,0.252407338729181,2.93,55,15,0
P0074,Rice Classic,Grocery,Students,Hyderabad,461.41,358.61,102.8,22.28,134,140,0.22728866955097438,0.3834806471865111,28.89,32,20,1
P0074,Rice Classic,Grocery,Students,Bengaluru,461.41,358.61,102.8,22.28,776,848,0.6695424519220706,0.38256876574111964,22.67,257,20,0
P0074,Rice Classic,Grocery,Students,Mumbai,461.41,358.61,102.8,22.28,99,88,0.825205404981948,0.39963059373534104,14.92,36,10,0
P0074,Rice Classic,Grocery,Students,Delhi,461.41,358.61,102.8,22.28,707,704,0.5729090481505006,0.46412311361260417,19.69,228,10,0
P0074,Rice Classic,Grocery,Students,Chennai,461.41,358.61,102.8,22.28,593,821,0.9357406636591412,0.5662448932288466,11.04,241,15,0
P0074,Rice Classic,Grocery,Students,Pune,461.41,358.61,102.8,22.28,99,71,0.9026864796600691,0.995900736065024,40.34,45,10,1
P0074,Rice Classic,Grocery,Students,Kolkata,461.41,358.61,102.8,22.28,282,398,0.3937200624949989,0.5843347203293268,39.23,85,20,2
P0074,Rice Classic,Grocery,Students,Ahmedabad,461.41,358.61,102.8,22.28,55,52,0.32088507728405635,0.8918526756001381,56.86,17,5,1
P0074,Rice Classic,Grocery,Professionals,Hyderabad,461.41,358.61,102.8,22.28,134,140,0.19817075693647881,0.6142711740521849,11.19,35,5,0
P0074,Rice Classic,Grocery,Professionals,Bengaluru,461.41,358.61,102.8,22.28,776,848,0.6604014929563347,0.8845429197540462,2.16,304,20,0
P0074,Rice Classic,Grocery,Professionals,Mumbai,461.41,358.61,102.8,22.28,99,88,0.448096200862954,0.41690616562045346,14.13,28,20,0
P0074,Rice Classic,Grocery,Professionals,Delhi,461.41,358.61,102.8,22.28,707,704,0.7454848753543805,0.9392112173671989,19.57,294,5,0
P0074,Rice Classic,Grocery,Professionals,Chennai,461.41,358.61,102.8,22.28,593,821,0.7718093196120603,0.6139647198291498,27.08,225,5,1
P0074,Rice Classic,Grocery,Professionals,Pune,461.41,358.61,102.8,22.28,99,71,0.6341006966038983,0.6569291014507243,24.01,35,10,0
P0074,Rice Classic,Grocery,Professionals,Kolkata,461.41,358.61,102.8,22.28,282,398,0.5419920626312973,0.4267888701634204,5.65,87,20,0
P0074,Rice Classic,Grocery,Professionals,Ahmedabad,461.41,358.61,102.8,22.28,55,52,0.7501715713562537,0.9945718840094278,11.23,23,5,0
P0074,Rice Classic,Grocery,Families,Hyderabad,461.41,358.61,102.8,22.28,134,140,0.7561784121639344,0.26581863371239045,20.98,44,15,0
P0074,Rice Classic,Grocery,Families,Bengaluru,461.41,358.61,102.8,22.28,776,848,0.5774732384071596,0.9265483511059212,21.28,295,15,0
P0074,Rice Classic,Grocery,Families,Mumbai,461.41,358.61,102.8,22.28,99,88,0.33537528693112345,0.809196191446566,23.47,31,5,0
P0074,Rice Classic,Grocery,Families,Delhi,461.41,358.61,102.8,22.28,707,704,0.6516079874492705,0.9283514437120124,70.83,280,20,1
P0074,Rice Classic,Grocery,Families,Chennai,461.41,358.61,102.8,22.28,593,821,0.8128538714982841,0.7246698567003693,50.38,239,5,1
P0074,Rice Classic,Grocery,Families,Pune,461.41,358.61,102.8,22.28,99,71,0.422725458668074,0.783667089392007,6.82,32,20,0
P0074,Rice Classic,Grocery,Families,Kolkata,461.41,358.61,102.8,22.28,282,398,0.46150852568177625,0.9514954176916983,23.49,101,10,1
P0074,Rice Classic,Grocery,Families,Ahmedabad,461.41,358.61,102.8,22.28,55,52,0.21478801782092435,0.9092175509125886,18.78,16,5,0
P0074,Rice Classic,Grocery,Premium Customers,Hyderabad,461.41,358.61,102.8,22.28,134,140,0.24566255262023223,0.5627963788767327,6.72,36,15,0
P0074,Rice Classic,Grocery,Premium Customers,Bengaluru,461.41,358.61,102.8,22.28,776,848,0.16179953906769304,0.7336729368209596,13.73,212,20,0
P0074,Rice Classic,Grocery,Premium Customers,Mumbai,461.41,358.61,102.8,22.28,99,88,0.1548185607643937,0.8959273783051169,38.02,29,10,1
P0074,Rice Classic,Grocery,Premium Customers,Delhi,461.41,358.61,102.8,22.28,707,704,0.5299686586121717,0.3112617463695646,14.23,208,10,0
P0074,Rice Classic,Grocery,Premium Customers,Chennai,461.41,358.61,102.8,22.28,593,821,0.7389324840226553,0.9482010943544987,15.43,246,20,1
P0074,Rice Classic,Grocery,Premium Customers,Pune,461.41,358.61,102.8,22.28,99,71,0.1575667428088117,0.43106532091592387,24.6,23,5,0
P0074,Rice Classic,Grocery,Premium Customers,Kolkata,461.41,358.61,102.8,22.28,282,398,0.44918834058478707,0.5488286940879512,20.9,86,20,0
P0074,Rice Classic,Grocery,Premium Customers,Ahmedabad,461.41,358.61,102.8,22.28,55,52,0.9381849503434867,0.6316735618864227,23.65,22,5,0
P0075,Rice Classic,Grocery,Students,Hyderabad,169.09,98.24,70.85,41.9,389,285,0.24245889349038377,0.9998291509653356,21.0,125,20,0
P0075,Rice Classic,Grocery,Students,Bengaluru,169.09,98.24,70.85,41.9,160,147,0.6332112157284094,0.642880921685475,71.19,57,5,1
P0075,Rice Classic,Grocery,Students,Mumbai,169.09,98.24,70.85,41.9,345,468,0.8882184044328085,0.7859268384523193,11.16,146,15,0
P0075,Rice Classic,Grocery,Students,Delhi,169.09,98.24,70.85,41.9,657,779,0.8038666969449356,0.3640213200928001,5.37,234,15,0
P0075,Rice Classic,Grocery,Students,Chennai,169.09,98.24,70.85,41.9,592,673,0.17345237772248961,0.23935679784190775,13.68,127,5,0
P0075,Rice Classic,Grocery,Students,Pune,169.09,98.24,70.85,41.9,179,132,0.1635424571854119,0.20530044078130372,31.63,37,10,1
P0075,Rice Classic,Grocery,Students,Kolkata,169.09,98.24,70.85,41.9,86,60,0.5678043205217896,0.4268277770218384,20.99,27,5,1
P0075,Rice Classic,Grocery,Students,Ahmedabad,169.09,98.24,70.85,41.9,239,246,0.5212129316966806,0.2150703494610256,11.77,67,20,0
P0075,Rice Classic,Grocery,Professionals,Hyderabad,169.09,98.24,70.85,41.9,389,285,0.3750927225642008,0.6874986129178466,-1.79,120,5,1
P0075,Rice Classic,Grocery,Professionals,Bengaluru,169.09,98.24,70.85,41.9,160,147,0.39616261839369993,0.2160338701603303,39.53,40,10,1
P0075,Rice Classic,Grocery,Professionals,Mumbai,169.09,98.24,70.85,41.9,345,468,0.8355451318495871,0.5981518843818137,3.8,135,5,1
P0075,Rice Classic,Grocery,Professionals,Delhi,169.09,98.24,70.85,41.9,657,779,0.2779326424772173,0.9958540262768205,22.86,216,10,1
P0075,Rice Classic,Grocery,Professionals,Chennai,169.09,98.24,70.85,41.9,592,673,0.7621722269747004,0.5271315706989788,14.69,218,20,0
P0075,Rice Classic,Grocery,Professionals,Pune,169.09,98.24,70.85,41.9,179,132,0.40936184851414315,0.44616760648353226,13.19,51,15,0
P0075,Rice Classic,Grocery,Professionals,Kolkata,169.09,98.24,70.85,41.9,86,60,0.7790733071974284,0.5695145264308583,12.1,32,10,0
P0075,Rice Classic,Grocery,Professionals,Ahmedabad,169.09,98.24,70.85,41.9,239,246,0.3415283241520091,0.8116977505802423,12.8,76,20,0
P0075,Rice Classic,Grocery,Families,Hyderabad,169.09,98.24,70.85,41.9,389,285,0.7670599112075772,0.8699645157370635,7.2,160,20,0
P0075,Rice Classic,Grocery,Families,Bengaluru,169.09,98.24,70.85,41.9,160,147,0.2653189148662067,0.24084086155235981,55.56,37,15,1
P0075,Rice Classic,Grocery,Families,Mumbai,169.09,98.24,70.85,41.9,345,468,0.1893456970687447,0.6707257368181222,4.04,93,20,0
P0075,Rice Classic,Grocery,Families,Delhi,169.09,98.24,70.85,41.9,657,779,0.37471044041527496,0.3655281143770158,12.09,177,5,0
P0075,Rice Classic,Grocery,Families,Chennai,169.09,98.24,70.85,41.9,592,673,0.8085500360054146,0.45172320483784234,5.63,217,20,0
P0075,Rice Classic,Grocery,Families,Pune,169.09,98.24,70.85,41.9,179,132,0.7749693733356096,0.2911412571069327,8.53,61,15,1
P0075,Rice Classic,Grocery,Families,Kolkata,169.09,98.24,70.85,41.9,86,60,0.9055494363471155,0.9640978427730413,21.82,38,5,0
P0075,Rice Classic,Grocery,Families,Ahmedabad,169.09,98.24,70.85,41.9,239,246,0.24859963789800357,0.3553459932550233,6.26,58,5,0
P0075,Rice Classic,Grocery,Premium Customers,Hyderabad,169.09,98.24,70.85,41.9,389,285,0.4669008243101517,0.5278051812538017,56.94,120,5,1
P0075,Rice Classic,Grocery,Premium Customers,Bengaluru,169.09,98.24,70.85,41.9,160,147,0.8032614419653848,0.8177081104753816,10.17,66,15,0
P0075,Rice Classic,Grocery,Premium Customers,Mumbai,169.09,98.24,70.85,41.9,345,468,0.7830861866995394,0.4966932435370883,15.5,127,5,0
P0075,Rice Classic,Grocery,Premium Customers,Delhi,169.09,98.24,70.85,41.9,657,779,0.24687603375393133,0.4035516112323781,54.26,164,20,1
P0075,Rice Classic,Grocery,Premium Customers,Chennai,169.09,98.24,70.85,41.9,592,673,0.6156638630913044,0.25072559274520323,21.85,180,15,0
P0075,Rice Classic,Grocery,Premium Customers,Pune,169.09,98.24,70.85,41.9,179,132,0.5055486517037013,0.7305606536854656,47.99,61,15,3
P0075,Rice Classic,Grocery,Premium Customers,Kolkata,169.09,98.24,70.85,41.9,86,60,0.7461558461270006,0.5865531262829886,10.0,32,10,0
P0075,Rice Classic,Grocery,Premium Customers,Ahmedabad,169.09,98.24,70.85,41.9,239,246,0.38000627478610816,0.7035272563250106,10.3,75,10,0
P0076,Headphones Pro,Electronics,Students,Hyderabad,393.24,299.11,94.13,23.94,110,150,0.31249869889883736,0.7662496041249527,16.02,33,5,0
P0076,Headphones Pro,Electronics,Students,Bengaluru,393.24,299.11,94.13,23.94,131,143,0.9402909585311663,0.344978887520661,19.33,49,20,0
P0076,Headphones Pro,Electronics,Students,Mumbai,393.24,299.11,94.13,23.94,242,282,0.2715926108080593,0.6884969208533456,6.51,70,10,0
P0076,Headphones Pro,Electronics,Students,Delhi,393.24,299.11,94.13,23.94,123,92,0.15933094389028213,0.9185885158660458,18.75,36,5,1
P0076,Headphones Pro,Electronics,Students,Chennai,393.24,299.11,94.13,23.94,152,155,0.405988243677748,0.8258528660902347,21.66,50,5,0
P0076,Headphones Pro,Electronics,Students,Pune,393.24,299.11,94.13,23.94,79,44,0.1686812985741718,0.22952504391452086,38.58,16,15,3
P0076,Headphones Pro,Electronics,Students,Kolkata,393.24,299.11,94.13,23.94,310,172,0.5400989107940197,0.38539975026746576,84.21,94,5,1
P0076,Headphones Pro,Electronics,Students,Ahmedabad,393.24,299.11,94.13,23.94,191,186,0.5806451922710342,0.696241793582663,83.23,67,15,1
P0076,Headphones Pro,Electronics,Professionals,Hyderabad,393.24,299.11,94.13,23.94,110,150,0.9417744654670033,0.8027730457780977,22.59,48,20,0
P0076,Headphones Pro,Electronics,Professionals,Bengaluru,393.24,299.11,94.13,23.94,131,143,0.7521213897592146,0.9296365993527287,2.09,54,15,0
P0076,Headphones Pro,Electronics,Professionals,Mumbai,393.24,299.11,94.13,23.94,242,282,0.5514487779415589,0.7197334975146832,11.76,84,20,0
P0076,Headphones Pro,Electronics,Professionals,Delhi,393.24,299.11,94.13,23.94,123,92,0.9020384867233171,0.30743163279210384,43.06,45,15,1
P0076,Headphones Pro,Electronics,Professionals,Chennai,393.24,299.11,94.13,23.94,152,155,0.49559919395375074,0.6382382362888344,24.6,49,15,0
P0076,Headphones Pro,Electronics,Professionals,Pune,393.24,299.11,94.13,23.94,79,44,0.4373729507790186,0.6271205831922557,13.27,24,20,0
P0076,Headphones Pro,Electronics,Professionals,Kolkata,393.24,299.11,94.13,23.94,310,172,0.8939449913097259,0.47106502973595976,24.31,120,20,0
P0076,Headphones Pro,Electronics,Professionals,Ahmedabad,393.24,299.11,94.13,23.94,191,186,0.6430794872890312,0.6987501787538901,7.99,69,10,0
P0076,Headphones Pro,Electronics,Families,Hyderabad,393.24,299.11,94.13,23.94,110,150,0.24364021896287608,0.21949475270737884,3.71,24,20,0
P0076,Headphones Pro,Electronics,Families,Bengaluru,393.24,299.11,94.13,23.94,131,143,0.5070474734256708,0.4524412754960707,31.88,40,10,1
P0076,Headphones Pro,Electronics,Families,Mumbai,393.24,299.11,94.13,23.94,242,282,0.24054430234541496,0.20408240169127448,8.49,54,10,0
P0076,Headphones Pro,Electronics,Families,Delhi,393.24,299.11,94.13,23.94,123,92,0.847628857352066,0.4775046255637076,14.59,46,10,0
P0076,Headphones Pro,Electronics,Families,Chennai,393.24,299.11,94.13,23.94,152,155,0.24302762914141507,0.34591555728639084,6.84,36,10,0
P0076,Headphones Pro,Electronics,Families,Pune,393.24,299.11,94.13,23.94,79,44,0.294012086341101,0.8364217071369031,8.5,24,20,0
P0076,Headphones Pro,Electronics,Families,Kolkata,393.24,299.11,94.13,23.94,310,172,0.4497204602340459,0.3685942726824397,70.0,88,5,1
P0076,Headphones Pro,Electronics,Families,Ahmedabad,393.24,299.11,94.13,23.94,191,186,0.20623061106160695,0.48970539084161535,52.39,48,20,2
P0076,Headphones Pro,Electronics,Premium Customers,Hyderabad,393.24,299.11,94.13,23.94,110,150,0.8301409546388766,0.37323615166273394,77.78,39,5,1
P0076,Headphones Pro,Electronics,Premium Customers,Bengaluru,393.24,299.11,94.13,23.94,131,143,0.5084012125298478,0.465929946371395,2.54,40,5,0
P0076,Headphones Pro,Electronics,Premium Customers,Mumbai,393.24,299.11,94.13,23.94,242,282,0.30545186364084365,0.6192391429646842,49.32,69,5,1
P0076,Headphones Pro,Electronics,Premium Customers,Delhi,393.24,299.11,94.13,23.94,123,92,0.8331877493113693,0.24106361253198624,2.17,42,15,0
P0076,Headphones Pro,Electronics,Premium Customers,Chennai,393.24,299.11,94.13,23.94,152,155,0.6898612462549193,0.5672701917239635,21.73,54,15,0
P0076,Headphones Pro,Electronics,Premium Customers,Pune,393.24,299.11,94.13,23.94,79,44,0.2784353014366645,0.8627642053812179,56.34,24,5,1
P0076,Headphones Pro,Electronics,Premium Customers,Kolkata,393.24,299.11,94.13,23.94,310,172,0.8426555246016707,0.7114825389411024,35.71,126,15,1
P0076,Headphones Pro,Electronics,Premium Customers,Ahmedabad,393.24,299.11,94.13,23.94,191,186,0.3703340890270548,0.808594669564245,22.22,62,20,0
P0077,Smart Watch Premium,Electronics,Students,Hyderabad,1593.09,901.28,691.81,43.43,245,236,0.4046669547379589,0.770124282688218,24.82,80,5,0
P0077,Smart Watch Premium,Electronics,Students,Bengaluru,1593.09,901.28,691.81,43.43,128,97,0.19250724564520078,0.5760282883949679,23.88,33,5,0
P0077,Smart Watch Premium,Electronics,Students,Mumbai,1593.09,901.28,691.81,43.43,334,408,0.6564342612028732,0.3531008294139831,13.1,108,5,0
P0077,Smart Watch Premium,Electronics,Students,Delhi,1593.09,901.28,691.81,43.43,182,111,0.7152101059742538,0.3672472171403756,5.11,61,5,0
P0077,Smart Watch Premium,Electronics,Students,Chennai,1593.09,901.28,691.81,43.43,541,689,0.3602919284899534,0.4690013624925944,38.89,151,10,1
P0077,Smart Watch Premium,Electronics,Students,Pune,1593.09,901.28,691.81,43.43,303,369,0.8583256940781184,0.9822717994989154,13.1,134,20,0
P0077,Smart Watch Premium,Electronics,Students,Kolkata,1593.09,901.28,691.81,43.43,252,330,0.39247422218409733,0.7227719723277619,5.79,80,20,0
P0077,Smart Watch Premium,Electronics,Students,Ahmedabad,1593.09,901.28,691.81,43.43,381,458,0.5689361040660033,0.3964782857911178,13.91,119,15,0
P0077,Smart Watch Premium,Electronics,Professionals,Hyderabad,1593.09,901.28,691.81,43.43,245,236,0.8342540356873682,0.8499320208758709,-5.0,103,10,1
P0077,Smart Watch Premium,Electronics,Professionals,Bengaluru,1593.09,901.28,691.81,43.43,128,97,0.2353805356226604,0.9860222071761069,15.45,41,15,0
P0077,Smart Watch Premium,Electronics,Professionals,Mumbai,1593.09,901.28,691.81,43.43,334,408,0.7264429173418778,0.9022258582169107,16.22,136,20,1
P0077,Smart Watch Premium,Electronics,Professionals,Delhi,1593.09,901.28,691.81,43.43,182,111,0.7583553132068619,0.4206931783711079,10.05,64,15,0
P0077,Smart Watch Premium,Electronics,Professionals,Chennai,1593.09,901.28,691.81,43.43,541,689,0.32732236419297533,0.621132397715989,20.31,158,20,0
P0077,Smart Watch Premium,Electronics,Professionals,Pune,1593.09,901.28,691.81,43.43,303,369,0.7382795767674402,0.35243350259003176,13.83,103,10,0
P0077,Smart Watch Premium,Electronics,Professionals,Kolkata,1593.09,901.28,691.81,43.43,252,330,0.17782619765245966,0.8732235672349871,20.84,74,10,0
P0077,Smart Watch Premium,Electronics,Professionals,Ahmedabad,1593.09,901.28,691.81,43.43,381,458,0.25908963591321715,0.6464981981370405,21.23,107,15,0
P0077,Smart Watch Premium,Electronics,Families,Hyderabad,1593.09,901.28,691.81,43.43,245,236,0.9255221064887436,0.6993903942340364,26.78,103,20,2
P0077,Smart Watch Premium,Electronics,Families,Bengaluru,1593.09,901.28,691.81,43.43,128,97,0.5631620818760587,0.291808227617382,9.05,38,15,0
P0077,Smart Watch Premium,Electronics,Families,Mumbai,1593.09,901.28,691.81,43.43,334,408,0.437956643178783,0.3192880447615939,17.79,92,10,0
P0077,Smart Watch Premium,Electronics,Families,Delhi,1593.09,901.28,691.81,43.43,182,111,0.5651923390902504,0.47589892775338377,11.47,58,10,0
P0077,Smart Watch Premium,Electronics,Families,Chennai,1593.09,901.28,691.81,43.43,541,689,0.23156827073216693,0.7262653189032027,42.5,155,15,1
P0077,Smart Watch Premium,Electronics,Families,Pune,1593.09,901.28,691.81,43.43,303,369,0.20976355949938463,0.6515623840296778,19.22,82,20,0
P0077,Smart Watch Premium,Electronics,Families,Kolkata,1593.09,901.28,691.81,43.43,252,330,0.7937817372173281,0.46283620109800455,16.82,92,15,0
P0077,Smart Watch Premium,Electronics,Families,Ahmedabad,1593.09,901.28,691.81,43.43,381,458,0.40332453293899606,0.21562459621996535,11.02,98,5,0
P0077,Smart Watch Premium,Electronics,Premium Customers,Hyderabad,1593.09,901.28,691.81,43.43,245,236,0.3024296963531923,0.2839429548488859,38.75,60,10,1
P0077,Smart Watch Premium,Electronics,Premium Customers,Bengaluru,1593.09,901.28,691.81,43.43,128,97,0.7443399958486908,0.775482596790948,10.76,50,10,0
P0077,Smart Watch Premium,Electronics,Premium Customers,Mumbai,1593.09,901.28,691.81,43.43,334,408,0.39806153704189406,0.9911788501637442,55.65,118,15,1
P0077,Smart Watch Premium,Electronics,Premium Customers,Delhi,1593.09,901.28,691.81,43.43,182,111,0.2224153309033677,0.2652498709251028,16.13,41,15,0
P0077,Smart Watch Premium,Electronics,Premium Customers,Chennai,1593.09,901.28,691.81,43.43,541,689,0.4494361173553313,0.7434717371429906,70.73,180,20,1
P0077,Smart Watch Premium,Electronics,Premium Customers,Pune,1593.09,901.28,691.81,43.43,303,369,0.4585869683307334,0.8001678223743312,6.53,103,15,0
P0077,Smart Watch Premium,Electronics,Premium Customers,Kolkata,1593.09,901.28,691.81,43.43,252,330,0.19742225515269904,0.8008704111798539,7.6,72,5,0
P0077,Smart Watch Premium,Electronics,Premium Customers,Ahmedabad,1593.09,901.28,691.81,43.43,381,458,0.5042294687721551,0.7130594794065688,8.13,129,5,0
P0078,Chips Pro,Snacks,Students,Hyderabad,361.61,213.22,148.39,41.04,356,473,0.4196706737630066,0.6047401815456024,24.21,110,20,0
P0078,Chips Pro,Snacks,Students,Bengaluru,361.61,213.22,148.39,41.04,479,355,0.3052101409593647,0.3819417244052612,12.94,123,5,0
P0078,Chips Pro,Snacks,Students,Mumbai,361.61,213.22,148.39,41.04,373,300,0.7946888827555166,0.6179256044747508,15.66,144,10,1
P0078,Chips Pro,Snacks,Students,Delhi,361.61,213.22,148.39,41.04,228,230,0.496520819818675,0.537599732264185,8.31,72,10,0
P0078,Chips Pro,Snacks,Students,Chennai,361.61,213.22,148.39,41.04,137,122,0.5426706308267373,0.5377864839880019,5.89,44,15,0
P0078,Chips Pro,Snacks,Students,Pune,361.61,213.22,148.39,41.04,29,19,0.8930758339857322,0.416800198167022,53.01,11,5,1
P0078,Chips Pro,Snacks,Students,Kolkata,361.61,213.22,148.39,41.04,91,98,0.43642505016376343,0.4376109487019675,6.62,26,10,0
P0078,Chips Pro,Snacks,Students,Ahmedabad,361.61,213.22,148.39,41.04,130,98,0.28053464279860235,0.7614036306924246,7.35,39,15,0
P0078,Chips Pro,Snacks,Professionals,Hyderabad,361.61,213.22,148.39,41.04,356,473,0.48004069311543074,0.8955062002521608,7.89,127,10,0
P0078,Chips Pro,Snacks,Professionals,Bengaluru,361.61,213.22,148.39,41.04,479,355,0.4523799610285725,0.5071391926427911,4.88,145,5,0
P0078,Chips Pro,Snacks,Professionals,Mumbai,361.61,213.22,148.39,41.04,373,300,0.5790183507158254,0.8875637037628528,19.0,140,5,0
P0078,Chips Pro,Snacks,Professionals,Delhi,361.61,213.22,148.39,41.04,228,230,0.435122343333578,0.9095235077229424,11.77,79,10,0
P0078,Chips Pro,Snacks,Professionals,Chennai,361.61,213.22,148.39,41.04,137,122,0.5126499611953489,0.5356923037346353,29.41,43,5,1
P0078,Chips Pro,Snacks,Professionals,Pune,361.61,213.22,148.39,41.04,29,19,0.48827225465705515,0.9017088445036969,8.91,10,20,0
P0078,Chips Pro,Snacks,Professionals,Kolkata,361.61,213.22,148.39,41.04,91,98,0.31326042713403623,0.401421184328921,91.67,23,10,1
P0078,Chips Pro,Snacks,Professionals,Ahmedabad,361.61,213.22,148.39,41.04,130,98,0.4892562536321221,0.7454141381020982,61.64,44,10,1
P0078,Chips Pro,Snacks,Families,Hyderabad,361.61,213.22,148.39,41.04,356,473,0.8607130892699102,0.9229698035624281,17.22,155,5,0
P0078,Chips Pro,Snacks,Families,Bengaluru,361.61,213.22,148.39,41.04,479,355,0.412694903524627,0.5268642767313182,9.01,142,20,0
P0078,Chips Pro,Snacks,Families,Mumbai,361.61,213.22,148.39,41.04,373,300,0.6371344180904281,0.9250168625119404,11.44,146,10,0
P0078,Chips Pro,Snacks,Families,Delhi,361.61,213.22,148.39,41.04,228,230,0.40944195943230255,0.5715022524629925,24.42,69,20,0
P0078,Chips Pro,Snacks,Families,Chennai,361.61,213.22,148.39,41.04,137,122,0.754097484716659,0.9427961550443174,66.0,57,5,2
P0078,Chips Pro,Snacks,Families,Pune,361.61,213.22,148.39,41.04,29,19,0.7146632477571259,0.5705194570810522,35.48,10,10,2
P0078,Chips Pro,Snacks,Families,Kolkata,361.61,213.22,148.39,41.04,91,98,0.34295063279852617,0.7365189381343675,33.44,28,15,2
P0078,Chips Pro,Snacks,Families,Ahmedabad,361.61,213.22,148.39,41.04,130,98,0.9078753855229591,0.765091483054749,49.55,55,5,1
P0078,Chips Pro,Snacks,Premium Customers,Hyderabad,361.61,213.22,148.39,41.04,356,473,0.6899153981255647,0.5209592743091997,66.06,125,10,1
P0078,Chips Pro,Snacks,Premium Customers,Bengaluru,361.61,213.22,148.39,41.04,479,355,0.5760382204302695,0.3727328733800228,2.17,149,15,0
P0078,Chips Pro,Snacks,Premium Customers,Mumbai,361.61,213.22,148.39,41.04,373,300,0.41143486835725185,0.7649902067884999,13.44,122,15,0
P0078,Chips Pro,Snacks,Premium Customers,Delhi,361.61,213.22,148.39,41.04,228,230,0.6819017463957954,0.8478869718717377,57.2,89,5,3
P0078,Chips Pro,Snacks,Premium Customers,Chennai,361.61,213.22,148.39,41.04,137,122,0.5457222618650212,0.5370306902633694,20.83,44,5,0
P0078,Chips Pro,Snacks,Premium Customers,Pune,361.61,213.22,148.39,41.04,29,19,0.7023958782205219,0.9315649033845383,17.44,11,5,0
P0078,Chips Pro,Snacks,Premium Customers,Kolkata,361.61,213.22,148.39,41.04,91,98,0.895426954526513,0.6111908625929372,19.35,36,10,1
P0078,Chips Pro,Snacks,Premium Customers,Ahmedabad,361.61,213.22,148.39,41.04,130,98,0.8798878955524932,0.9936376987983466,11.96,58,15,0
P0079,Sugar Pro,Grocery,Students,Hyderabad,410.82,358.74,52.08,12.68,108,109,0.18036855539722305,0.8838256418909844,14.8,32,10,0
P0079,Sugar Pro,Grocery,Students,Bengaluru,410.82,358.74,52.08,12.68,80,62,0.9399080019869986,0.6498822836314777,24.55,33,10,0
P0079,Sugar Pro,Grocery,Students,Mumbai,410.82,358.74,52.08,12.68,241,313,0.4618889175775124,0.8297160740469618,7.38,83,20,0
P0079,Sugar Pro,Grocery,Students,Delhi,410.82,358.74,52.08,12.68,137,115,0.4114302232703243,0.5547980991812609,4.0,41,5,0
P0079,Sugar Pro,Grocery,Students,Chennai,410.82,358.74,52.08,12.68,255,236,0.5139987669903161,0.6901620354472336,14.96,86,20,0
P0079,Sugar Pro,Grocery,Students,Pune,410.82,358.74,52.08,12.68,333,232,0.20628134232577836,0.9694347099983618,71.0,104,10,1
P0079,Sugar Pro,Grocery,Students,Kolkata,410.82,358.74,52.08,12.68,186,114,0.7636832525659257,0.8261104781537971,13.11,75,15,0
P0079,Sugar Pro,Grocery,Students,Ahmedabad,410.82,358.74,52.08,12.68,151,106,0.8730510928477225,0.293981179939105,14.71,54,15,1
P0079,Sugar Pro,Grocery,Professionals,Hyderabad,410.82,358.74,52.08,12.68,108,109,0.683804373127727,0.44481242576853836,69.11,36,20,1
P0079,Sugar Pro,Grocery,Professionals,Bengaluru,410.82,358.74,52.08,12.68,80,62,0.7238522727295328,0.5463210250063137,6.87,29,10,0
P0079,Sugar Pro,Grocery,Professionals,Mumbai,410.82,358.74,52.08,12.68,241,313,0.8342954578343352,0.7154189970967892,61.52,97,20,2
P0079,Sugar Pro,Grocery,Professionals,Delhi,410.82,358.74,52.08,12.68,137,115,0.516921370337713,0.262342415480572,34.21,39,20,2
P0079,Sugar Pro,Grocery,Professionals,Chennai,410.82,358.74,52.08,12.68,255,236,0.5037442044017995,0.9918742650329495,9.76,95,5,0
P0079,Sugar Pro,Grocery,Professionals,Pune,410.82,358.74,52.08,12.68,333,232,0.6866109474507512,0.24392741773753787,4.38,105,20,0
P0079,Sugar Pro,Grocery,Professionals,Kolkata,410.82,358.74,52.08,12.68,186,114,0.80553529760311,0.8207532110987945,36.69,76,20,1
P0079,Sugar Pro,Grocery,Professionals,Ahmedabad,410.82,358.74,52.08,12.68,151,106,0.9367785758885687,0.9083538031626317,19.81,68,20,1
P0079,Sugar Pro,Grocery,Families,Hyderabad,410.82,358.74,52.08,12.68,108,109,0.3255380332986953,0.5195535624408267,8.1,30,15,0
P0079,Sugar Pro,Grocery,Families,Bengaluru,410.82,358.74,52.08,12.68,80,62,0.756883639770009,0.47651276769349277,22.19,28,15,0
P0079,Sugar Pro,Grocery,Families,Mumbai,410.82,358.74,52.08,12.68,241,313,0.543465590440929,0.43734656771853553,15.58,75,10,0
P0079,Sugar Pro,Grocery,Families,Delhi,410.82,358.74,52.08,12.68,137,115,0.4895926430455033,0.7180435961660161,14.29,46,5,1
P0079,Sugar Pro,Grocery,Families,Chennai,410.82,358.74,52.08,12.68,255,236,0.7526533507256299,0.7065060432686192,2.76,99,10,0
P0079,Sugar Pro,Grocery,Families,Pune,410.82,358.74,52.08,12.68,333,232,0.6465629079490319,0.9348709834049986,13.06,131,5,0
P0079,Sugar Pro,Grocery,Families,Kolkata,410.82,358.74,52.08,12.68,186,114,0.8556805774453169,0.6589483174330584,22.37,75,20,0
P0079,Sugar Pro,Grocery,Families,Ahmedabad,410.82,358.74,52.08,12.68,151,106,0.7967408355782432,0.6432936969828821,4.67,58,20,0
P0079,Sugar Pro,Grocery,Premium Customers,Hyderabad,410.82,358.74,52.08,12.68,108,109,0.42671570955184,0.23144988115693224,52.25,28,20,1
P0079,Sugar Pro,Grocery,Premium Customers,Bengaluru,410.82,358.74,52.08,12.68,80,62,0.3210451909026959,0.594127177320386,4.97,23,10,0
P0079,Sugar Pro,Grocery,Premium Customers,Mumbai,410.82,358.74,52.08,12.68,241,313,0.7429312021898052,0.40337663184651085,15.42,84,20,0
P0079,Sugar Pro,Grocery,Premium Customers,Delhi,410.82,358.74,52.08,12.68,137,115,0.4769951019655455,0.5730686325225387,68.44,43,10,2
P0079,Sugar Pro,Grocery,Premium Customers,Chennai,410.82,358.74,52.08,12.68,255,236,0.33674858712898625,0.33984447742540375,21.29,66,5,0
P0079,Sugar Pro,Grocery,Premium Customers,Pune,410.82,358.74,52.08,12.68,333,232,0.21710584466861435,0.4757600560759347,61.4,84,5,1
P0079,Sugar Pro,Grocery,Premium Customers,Kolkata,410.82,358.74,52.08,12.68,186,114,0.4970025988325366,0.6960502466837251,3.65,62,20,0
P0079,Sugar Pro,Grocery,Premium Customers,Ahmedabad,410.82,358.74,52.08,12.68,151,106,0.34473925375642556,0.9882359722048932,21.24,51,5,0
P0080,Soap Pro,Personal Care,Students,Hyderabad,327.61,262.71,64.9,19.81,95,124,0.38953239571613674,0.23330457768549212,6.2,24,15,0
P0080,Soap Pro,Personal Care,Students,Bengaluru,327.61,262.71,64.9,19.81,45,63,0.2502504203819891,0.3973769734459606,78.28,11,10,2
P0080,Soap Pro,Personal Care,Students,Mumbai,327.61,262.71,64.9,19.81,429,366,0.5358674834183185,0.6916230698585453,22.23,147,15,0
P0080,Soap Pro,Personal Care,Students,Delhi,327.61,262.71,64.9,19.81,289,247,0.7897322844619329,0.927347965081059,21.56,122,10,0
P0080,Soap Pro,Personal Care,Students,Chennai,327.61,262.71,64.9,19.81,112,143,0.6693449754548326,0.7374899365757848,35.61,42,15,2
P0080,Soap Pro,Personal Care,Students,Pune,327.61,262.71,64.9,19.81,360,381,0.15055505115528964,0.7970872488539096,21.98,100,15,0
P0080,Soap Pro,Personal Care,Students,Kolkata,327.61,262.71,64.9,19.81,78,77,0.8003365959597932,0.2671051579882006,64.12,26,15,1
P0080,Soap Pro,Personal Care,Students,Ahmedabad,327.61,262.71,64.9,19.81,170,145,0.9075514795938009,0.45978776697506973,41.09,66,15,3
P0080,Soap Pro,Personal Care,Professionals,Hyderabad,327.61,262.71,64.9,19.81,95,124,0.6517213404718664,0.45789848468662897,11.33,32,20,0
P0080,Soap Pro,Personal Care,Professionals,Bengaluru,327.61,262.71,64.9,19.81,45,63,0.6053854893781431,0.7925705366749802,11.12,16,15,0
P0080,Soap Pro,Personal Care,Professionals,Mumbai,327.61,262.71,64.9,19.81,429,366,0.7581115955157326,0.6053568206195485,12.4,161,15,0
P0080,Soap Pro,Personal Care,Professionals,Delhi,327.61,262.71,64.9,19.81,289,247,0.8004643163867277,0.7285350366398942,9.48,115,10,0
P0080,Soap Pro,Personal Care,Professionals,Chennai,327.61,262.71,64.9,19.81,112,143,0.8335173314450017,0.2969165711472617,3.12,39,10,1
P0080,Soap Pro,Personal Care,Professionals,Pune,327.61,262.71,64.9,19.81,360,381,0.49262433171245223,0.8079571247826716,20.4,125,20,0
P0080,Soap Pro,Personal Care,Professionals,Kolkata,327.61,262.71,64.9,19.81,78,77,0.38429487858556627,0.8478312432667425,19.08,25,10,0
P0080,Soap Pro,Personal Care,Professionals,Ahmedabad,327.61,262.71,64.9,19.81,170,145,0.6465837200043278,0.31774113328039555,12.77,54,20,0
P0080,Soap Pro,Personal Care,Families,Hyderabad,327.61,262.71,64.9,19.81,95,124,0.5832095786011173,0.7431302444617658,52.0,34,20,1
P0080,Soap Pro,Personal Care,Families,Bengaluru,327.61,262.71,64.9,19.81,45,63,0.8466777111355874,0.3758519330973864,13.12,16,20,0
P0080,Soap Pro,Personal Care,Families,Mumbai,327.61,262.71,64.9,19.81,429,366,0.5833444675444421,0.4466247840401965,11.27,138,20,0
P0080,Soap Pro,Personal Care,Families,Delhi,327.61,262.71,64.9,19.81,289,247,0.5615189118385979,0.8205090269351925,18.18,105,5,1
P0080,Soap Pro,Personal Care,Families,Chennai,327.61,262.71,64.9,19.81,112,143,0.7446375122218739,0.9363671189519693,19.57,46,10,0
P0080,Soap Pro,Personal Care,Families,Pune,327.61,262.71,64.9,19.81,360,381,0.2671014700753191,0.418249944711753,79.35,92,20,1
P0080,Soap Pro,Personal Care,Families,Kolkata,327.61,262.71,64.9,19.81,78,77,0.9241755792154023,0.8962407007878037,19.88,34,20,0
P0080,Soap Pro,Personal Care,Families,Ahmedabad,327.61,262.71,64.9,19.81,170,145,0.794957061758746,0.4567032965905997,21.0,62,15,0
P0080,Soap Pro,Personal Care,Premium Customers,Hyderabad,327.61,262.71,64.9,19.81,95,124,0.4829333996833475,0.28951713418798475,18.76,26,15,0
P0080,Soap Pro,Personal Care,Premium Customers,Bengaluru,327.61,262.71,64.9,19.81,45,63,0.8768477152233302,0.3318714454512797,15.36,16,10,0
P0080,Soap Pro,Personal Care,Premium Customers,Mumbai,327.61,262.71,64.9,19.81,429,366,0.6186657403188796,0.6706471062601194,43.02,153,5,1
P0080,Soap Pro,Personal Care,Premium Customers,Delhi,327.61,262.71,64.9,19.81,289,247,0.7961331440106675,0.5328726902204931,23.06,108,5,0
P0080,Soap Pro,Personal Care,Premium Customers,Chennai,327.61,262.71,64.9,19.81,112,143,0.7287761216854417,0.272347589652284,7.13,36,10,0
P0080,Soap Pro,Personal Care,Premium Customers,Pune,327.61,262.71,64.9,19.81,360,381,0.5071465091911875,0.3596587315305093,10.52,106,15,0
P0080,Soap Pro,Personal Care,Premium Customers,Kolkata,327.61,262.71,64.9,19.81,78,77,0.2985814908293213,0.69066446541619,22.83,23,15,0
P0080,Soap Pro,Personal Care,Premium Customers,Ahmedabad,327.61,262.71,64.9,19.81,170,145,0.32332596851294393,0.5273339696186741,10.44,47,5,0
P0081,Shampoo Value,Personal Care,Students,Hyderabad,2194.67,1241.87,952.8,43.41,172,173,0.5729883824942951,0.573028408542203,22.49,57,15,0
P0081,Shampoo Value,Personal Care,Students,Bengaluru,2194.67,1241.87,952.8,43.41,130,118,0.38227435636877344,0.5819643373885901,18.23,38,15,0
P0081,Shampoo Value,Personal Care,Students,Mumbai,2194.67,1241.87,952.8,43.41,548,548,0.46276886061920275,0.6653297055733551,24.48,178,5,0
P0081,Shampoo Value,Personal Care,Students,Delhi,2194.67,1241.87,952.8,43.41,172,212,0.37258665427924037,0.4251654654698423,82.68,47,10,1
P0081,Shampoo Value,Personal Care,Students,Chennai,2194.67,1241.87,952.8,43.41,89,87,0.8551693666958106,0.5355063827033317,16.72,34,15,0
P0081,Shampoo Value,Personal Care,Students,Pune,2194.67,1241.87,952.8,43.41,506,406,0.38600368297867554,0.6022794680363293,18.94,153,20,0
P0081,Shampoo Value,Personal Care,Students,Kolkata,2194.67,1241.87,952.8,43.41,222,275,0.48123212905112533,0.5187278276373339,36.5,69,15,1
P0081,Shampoo Value,Personal Care,Students,Ahmedabad,2194.67,1241.87,952.8,43.41,152,138,0.6427994753439344,0.540346489632257,9.21,52,10,0
P0081,Shampoo Value,Personal Care,Professionals,Hyderabad,2194.67,1241.87,952.8,43.41,172,173,0.2595029077433067,0.5832183967978646,23.73,47,5,0
P0081,Shampoo Value,Personal Care,Professionals,Bengaluru,2194.67,1241.87,952.8,43.41,130,118,0.25840638860232984,0.4351055375355986,12.22,33,20,0
P0081,Shampoo Value,Personal Care,Professionals,Mumbai,2194.67,1241.87,952.8,43.41,548,548,0.2933220880468232,0.3684334435558948,6.99,139,20,0
P0081,Shampoo Value,Personal Care,Professionals,Delhi,2194.67,1241.87,952.8,43.41,172,212,0.8254240507292454,0.3127124995145117,21.87,60,5,0
P0081,Shampoo Value,Personal Care,Professionals,Chennai,2194.67,1241.87,952.8,43.41,89,87,0.7601132854427085,0.4605125856810561,39.1,32,15,1
P0081,Shampoo Value,Personal Care,Professionals,Pune,2194.67,1241.87,952.8,43.41,506,406,0.8724757444247994,0.23324762378662714,15.35,178,20,0
P0081,Shampoo Value,Personal Care,Professionals,Kolkata,2194.67,1241.87,952.8,43.41,222,275,0.35294136843704926,0.6616466166600008,2.02,67,10,0
P0081,Shampoo Value,Personal Care,Professionals,Ahmedabad,2194.67,1241.87,952.8,43.41,152,138,0.7968192111351121,0.9164213959964884,10.27,64,10,0
P0081,Shampoo Value,Personal Care,Families,Hyderabad,2194.67,1241.87,952.8,43.41,172,173,0.6548124118657619,0.2371010829254029,5.17,53,10,0
P0081,Shampoo Value,Personal Care,Families,Bengaluru,2194.67,1241.87,952.8,43.41,130,118,0.8282413734383156,0.9181148216723665,21.21,55,5,1
P0081,Shampoo Value,Personal Care,Families,Mumbai,2194.67,1241.87,952.8,43.41,548,548,0.7481879959939558,0.45726600190091715,43.89,195,10,2
P0081,Shampoo Value,Personal Care,Families,Delhi,2194.67,1241.87,952.8,43.41,172,212,0.5206297173735531,0.24051600435911988,16.4,48,15,0
P0081,Shampoo Value,Personal Care,Families,Chennai,2194.67,1241.87,952.8,43.41,89,87,0.5464522865882965,0.8492899865309529,13.55,32,20,0
P0081,Shampoo Value,Personal Care,Families,Pune,2194.67,1241.87,952.8,43.41,506,406,0.35199913779398084,0.4991870534852007,52.85,143,5,1
P0081,Shampoo Value,Personal Care,Families,Kolkata,2194.67,1241.87,952.8,43.41,222,275,0.5496150256986142,0.8507341775709316,19.75,81,20,1
P0081,Shampoo Value,Personal Care,Families,Ahmedabad,2194.67,1241.87,952.8,43.41,152,138,0.17542545634163698,0.3613103868570866,10.58,34,20,0
P0081,Shampoo Value,Personal Care,Premium Customers,Hyderabad,2194.67,1241.87,952.8,43.41,172,173,0.6806893995315569,0.3300562433612646,30.14,56,20,1
P0081,Shampoo Value,Personal Care,Premium Customers,Bengaluru,2194.67,1241.87,952.8,43.41,130,118,0.27240905810487664,0.913868823086792,90.67,41,15,1
P0081,Shampoo Value,Personal Care,Premium Customers,Mumbai,2194.67,1241.87,952.8,43.41,548,548,0.7395594716795467,0.9499253018906122,10.02,228,15,0
P0081,Shampoo Value,Personal Care,Premium Customers,Delhi,2194.67,1241.87,952.8,43.41,172,212,0.5487126958176627,0.2021625640100858,24.51,49,20,0
P0081,Shampoo Value,Personal Care,Premium Customers,Chennai,2194.67,1241.87,952.8,43.41,89,87,0.6765363929715196,0.32336584474845875,3.16,28,20,0
P0081,Shampoo Value,Personal Care,Premium Customers,Pune,2194.67,1241.87,952.8,43.41,506,406,0.7473942830682532,0.8426686970147756,19.98,204,15,0
P0081,Shampoo Value,Personal Care,Premium Customers,Kolkata,2194.67,1241.87,952.8,43.41,222,275,0.26556482929944947,0.4857350885509082,16.9,58,20,0
P0081,Shampoo Value,Personal Care,Premium Customers,Ahmedabad,2194.67,1241.87,952.8,43.41,152,138,0.2946578374031621,0.8595477070654776,4.31,48,15,0
P0082,Dishwash Premium,Home Care,Students,Hyderabad,352.74,224.38,128.36,36.39,146,85,0.6957541884201877,0.6496841559211661,63.95,54,5,1
P0082,Dishwash Premium,Home Care,Students,Bengaluru,352.74,224.38,128.36,36.39,419,451,0.6771680091303819,0.4884287631194115,5.11,145,5,0
P0082,Dishwash Premium,Home Care,Students,Mumbai,352.74,224.38,128.36,36.39,336,279,0.7253112539868177,0.6239841434767639,15.64,125,15,0
P0082,Dishwash Premium,Home Care,Students,Delhi,352.74,224.38,128.36,36.39,272,223,0.18732646317148358,0.6093806870876022,13.08,71,20,0
P0082,Dishwash Premium,Home Care,Students,Chennai,352.74,224.38,128.36,36.39,76,101,0.9220150201767239,0.5434438709872758,24.78,30,5,0
P0082,Dishwash Premium,Home Care,Students,Pune,352.74,224.38,128.36,36.39,55,56,0.39490630666359705,0.7220128570345616,38.92,17,15,1
P0082,Dishwash Premium,Home Care,Students,Kolkata,352.74,224.38,128.36,36.39,76,81,0.8445605476375582,0.693985454589115,61.33,30,5,1
P0082,Dishwash Premium,Home Care,Students,Ahmedabad,352.74,224.38,128.36,36.39,508,513,0.4850194156875173,0.6926994426509802,86.76,169,5,1
P0082,Dishwash Premium,Home Care,Professionals,Hyderabad,352.74,224.38,128.36,36.39,146,85,0.826274396571305,0.4024293672982606,12.81,53,5,0
P0082,Dishwash Premium,Home Care,Professionals,Bengaluru,352.74,224.38,128.36,36.39,419,451,0.20192219293459698,0.2622418888557797,21.62,93,10,0
P0082,Dishwash Premium,Home Care,Professionals,Mumbai,352.74,224.38,128.36,36.39,336,279,0.5461341353555456,0.47544555363910085,4.24,107,15,0
P0082,Dishwash Premium,Home Care,Professionals,Delhi,352.74,224.38,128.36,36.39,272,223,0.6683532283882664,0.4934279424976369,5.07,93,15,0
P0082,Dishwash Premium,Home Care,Professionals,Chennai,352.74,224.38,128.36,36.39,76,101,0.7256282768209257,0.4806084547049384,18.91,26,10,0
P0082,Dishwash Premium,Home Care,Professionals,Pune,352.74,224.38,128.36,36.39,55,56,0.895884455437863,0.4441763751371105,45.24,21,20,1
P0082,Dishwash Premium,Home Care,Professionals,Kolkata,352.74,224.38,128.36,36.39,76,81,0.3849243255714066,0.3647531155741017,4.05,20,15,0
P0082,Dishwash Premium,Home Care,Professionals,Ahmedabad,352.74,224.38,128.36,36.39,508,513,0.593308175009382,0.9395776420651702,38.64,196,15,1
P0082,Dishwash Premium,Home Care,Families,Hyderabad,352.74,224.38,128.36,36.39,146,85,0.8853637895733009,0.8297074761560825,2.94,62,5,0
P0082,Dishwash Premium,Home Care,Families,Bengaluru,352.74,224.38,128.36,36.39,419,451,0.7384919893005149,0.46572177450024993,8.24,149,20,0
P0082,Dishwash Premium,Home Care,Families,Mumbai,352.74,224.38,128.36,36.39,336,279,0.8765154980503191,0.4480665720510378,11.02,128,15,0
P0082,Dishwash Premium,Home Care,Families,Delhi,352.74,224.38,128.36,36.39,272,223,0.17701222744541817,0.2595801937482981,5.08,59,10,0
P0082,Dishwash Premium,Home Care,Families,Chennai,352.74,224.38,128.36,36.39,76,101,0.3185424564912945,0.4408529427803789,69.06,20,10,1
P0082,Dishwash Premium,Home Care,Families,Pune,352.74,224.38,128.36,36.39,55,56,0.26951670316015947,0.688036041303899,16.38,15,20,0
P0082,Dishwash Premium,Home Care,Families,Kolkata,352.74,224.38,128.36,36.39,76,81,0.7763374132503857,0.3632320147028115,18.33,26,15,0
P0082,Dishwash Premium,Home Care,Families,Ahmedabad,352.74,224.38,128.36,36.39,508,513,0.8053800693379862,0.9163663954155776,2.08,216,15,0
P0082,Dishwash Premium,Home Care,Premium Customers,Hyderabad,352.74,224.38,128.36,36.39,146,85,0.7679073866678073,0.4567331657282731,5.41,52,15,0
P0082,Dishwash Premium,Home Care,Premium Customers,Bengaluru,352.74,224.38,128.36,36.39,419,451,0.7390523994638974,0.4020770643403158,6.23,145,5,0
P0082,Dishwash Premium,Home Care,Premium Customers,Mumbai,352.74,224.38,128.36,36.39,336,279,0.25863729698738175,0.6457471171564664,14.85,94,15,0
P0082,Dishwash Premium,Home Care,Premium Customers,Delhi,352.74,224.38,128.36,36.39,272,223,0.8277561625317272,0.9399168455673104,20.37,117,20,1
P0082,Dishwash Premium,Home Care,Premium Customers,Chennai,352.74,224.38,128.36,36.39,76,101,0.5654345294758099,0.33375998579582045,12.83,23,20,0
P0082,Dishwash Premium,Home Care,Premium Customers,Pune,352.74,224.38,128.36,36.39,55,56,0.664999974950519,0.9651876558841617,21.45,22,15,0
P0082,Dishwash Premium,Home Care,Premium Customers,Kolkata,352.74,224.38,128.36,36.39,76,81,0.39485272841478447,0.3042993892817541,52.02,20,20,2
P0082,Dishwash Premium,Home Care,Premium Customers,Ahmedabad,352.74,224.38,128.36,36.39,508,513,0.19271246767179295,0.9962445974061098,12.75,159,20,0
P0083,Dishwash Premium,Home Care,Students,Hyderabad,4654.23,3610.32,1043.91,22.43,118,135,0.5169051457123587,0.8463326078496689,21.19,42,10,0
P0083,Dishwash Premium,Home Care,Students,Bengaluru,4654.23,3610.32,1043.91,22.43,328,411,0.21852189055698534,0.7245331642438293,6.36,93,5,0
P0083,Dishwash Premium,Home Care,Students,Mumbai,4654.23,3610.32,1043.91,22.43,118,125,0.6803090993588646,0.7300329001179602,12.41,44,5,0
P0083,Dishwash Premium,Home Care,Students,Delhi,4654.23,3610.32,1043.91,22.43,158,98,0.8898906794570833,0.918802681690913,18.57,69,20,0
P0083,Dishwash Premium,Home Care,Students,Chennai,4654.23,3610.32,1043.91,22.43,182,220,0.7857976895960098,0.7288600902247382,24.4,72,10,0
P0083,Dishwash Premium,Home Care,Students,Pune,4654.23,3610.32,1043.91,22.43,211,239,0.7388540097830786,0.9564651330861691,20.18,88,20,1
P0083,Dishwash Premium,Home Care,Students,Kolkata,4654.23,3610.32,1043.91,22.43,180,248,0.5577931225188046,0.3640076435474465,12.59,55,15,0
P0083,Dishwash Premium,Home Care,Students,Ahmedabad,4654.23,3610.32,1043.91,22.43,84,115,0.22273909483058024,0.6884391949059359,24.83,23,20,0
P0083,Dishwash Premium,Home Care,Professionals,Hyderabad,4654.23,3610.32,1043.91,22.43,118,135,0.36459857193857226,0.8209778973215824,11.61,38,5,0
P0083,Dishwash Premium,Home Care,Professionals,Bengaluru,4654.23,3610.32,1043.91,22.43,328,411,0.38115179385552445,0.8349148469863752,2.64,108,10,0
P0083,Dishwash Premium,Home Care,Professionals,Mumbai,4654.23,3610.32,1043.91,22.43,118,125,0.23408906819341693,0.9893798782065766,9.75,37,5,0
P0083,Dishwash Premium,Home Care,Professionals,Delhi,4654.23,3610.32,1043.91,22.43,158,98,0.6905303009668233,0.9927051652203924,15.44,65,20,0
P0083,Dishwash Premium,Home Care,Professionals,Chennai,4654.23,3610.32,1043.91,22.43,182,220,0.9113362376363572,0.7181427123724953,9.83,76,20,0
P0083,Dishwash Premium,Home Care,Professionals,Pune,4654.23,3610.32,1043.91,22.43,211,239,0.9382813947274389,0.41503331238532476,2.04,82,10,0
P0083,Dishwash Premium,Home Care,Professionals,Kolkata,4654.23,3610.32,1043.91,22.43,180,248,0.3516181513016503,0.4091473746435139,48.44,48,5,1
P0083,Dishwash Premium,Home Care,Professionals,Ahmedabad,4654.23,3610.32,1043.91,22.43,84,115,0.7748543642081535,0.2647387538950084,19.73,28,20,0
P0083,Dishwash Premium,Home Care,Families,Hyderabad,4654.23,3610.32,1043.91,22.43,118,135,0.6594088136384728,0.3066520474581788,23.41,37,5,0
P0083,Dishwash Premium,Home Care,Families,Bengaluru,4654.23,3610.32,1043.91,22.43,328,411,0.5376135820639006,0.3925175639820114,27.34,100,15,1
P0083,Dishwash Premium,Home Care,Families,Mumbai,4654.23,3610.32,1043.91,22.43,118,125,0.7180362761969659,0.4386741847107201,22.5,41,5,1
P0083,Dishwash Premium,Home Care,Families,Delhi,4654.23,3610.32,1043.91,22.43,158,98,0.1812316056924742,0.6542425420344103,42.7,42,15,1
P0083,Dishwash Premium,Home Care,Families,Chennai,4654.23,3610.32,1043.91,22.43,182,220,0.5344103210850166,0.9885427234530648,60.89,69,15,1
P0083,Dishwash Premium,Home Care,Families,Pune,4654.23,3610.32,1043.91,22.43,211,239,0.6708808130037284,0.3481501435453547,14.04,69,5,0
P0083,Dishwash Premium,Home Care,Families,Kolkata,4654.23,3610.32,1043.91,22.43,180,248,0.7684834943298549,0.964062476403502,21.92,76,20,1
P0083,Dishwash Premium,Home Care,Families,Ahmedabad,4654.23,3610.32,1043.91,22.43,84,115,0.796054749022701,0.41174239179195804,7.75,30,20,0
P0083,Dishwash Premium,Home Care,Premium Customers,Hyderabad,4654.23,3610.32,1043.91,22.43,118,135,0.28142157009699276,0.6006851337313159,3.78,33,20,0
P0083,Dishwash Premium,Home Care,Premium Customers,Bengaluru,4654.23,3610.32,1043.91,22.43,328,411,0.40680719118698594,0.9376885530951327,2.8,114,15,0
P0083,Dishwash Premium,Home Care,Premium Customers,Mumbai,4654.23,3610.32,1043.91,22.43,118,125,0.5734996706307282,0.9778645789482865,13.46,45,15,0
P0083,Dishwash Premium,Home Care,Premium Customers,Delhi,4654.23,3610.32,1043.91,22.43,158,98,0.5352333667676539,0.8074387056132484,53.02,56,15,1
P0083,Dishwash Premium,Home Care,Premium Customers,Chennai,4654.23,3610.32,1043.91,22.43,182,220,0.2334482990282124,0.8241877035841592,22.17,54,10,0
P0083,Dishwash Premium,Home Care,Premium Customers,Pune,4654.23,3610.32,1043.91,22.43,211,239,0.6105753950961232,0.49958575655601467,22.72,70,5,0
P0083,Dishwash Premium,Home Care,Premium Customers,Kolkata,4654.23,3610.32,1043.91,22.43,180,248,0.4787862968690305,0.5812337019697701,22.89,57,15,0
P0083,Dishwash Premium,Home Care,Premium Customers,Ahmedabad,4654.23,3610.32,1043.91,22.43,84,115,0.5828407314173516,0.5146339149139015,7.64,27,15,0
P0084,Atta Daily,Grocery,Students,Hyderabad,530.34,431.86,98.48,18.57,178,117,0.4104969151219179,0.6105897431343155,6.66,54,20,0
P0084,Atta Daily,Grocery,Students,Bengaluru,530.34,431.86,98.48,18.57,596,383,0.8022085349874689,0.7463202038404944,38.24,240,5,1
P0084,Atta Daily,Grocery,Students,Mumbai,530.34,431.86,98.48,18.57,74,74,0.5040099943906351,0.8154552964481834,9.35,26,5,0
P0084,Atta Daily,Grocery,Students,Delhi,530.34,431.86,98.48,18.57,243,313,0.9021125273117714,0.44868978621738304,23.03,93,5,0
P0084,Atta Daily,Grocery,Students,Chennai,530.34,431.86,98.48,18.57,257,302,0.3236901972396425,0.4465479638887277,8.43,69,5,0
P0084,Atta Daily,Grocery,Students,Pune,530.34,431.86,98.48,18.57,155,181,0.6606443972704069,0.9761809447566023,20.5,62,5,0
P0084,Atta Daily,Grocery,Students,Kolkata,530.34,431.86,98.48,18.57,72,99,0.29577423621520227,0.9495150057581434,14.41,23,5,0
P0084,Atta Daily,Grocery,Students,Ahmedabad,530.34,431.86,98.48,18.57,151,207,0.8278304944514963,0.7542668418463223,15.74,61,20,0
P0084,Atta Daily,Grocery,Professionals,Hyderabad,530.34,431.86,98.48,18.57,178,117,0.6727374269902722,0.31260912203672037,88.37,57,10,1
P0084,Atta Daily,Grocery,Professionals,Bengaluru,530.34,431.86,98.48,18.57,596,383,0.3394125178482311,0.2070442036120621,3.53,145,5,0
P0084,Atta Daily,Grocery,Professionals,Mumbai,530.34,431.86,98.48,18.57,74,74,0.747110476360012,0.9393727612877352,14.75,30,20,1
P0084,Atta Daily,Grocery,Professionals,Delhi,530.34,431.86,98.48,18.57,243,313,0.3402936524227512,0.5955755070593172,22.83,71,10,0
P0084,Atta Daily,Grocery,Professionals,Chennai,530.34,431.86,98.48,18.57,257,302,0.6448405126062262,0.4800232519244532,21.85,87,20,0
P0084,Atta Daily,Grocery,Professionals,Pune,530.34,431.86,98.48,18.57,155,181,0.1716262617053501,0.8369362012927799,43.24,44,10,1
P0084,Atta Daily,Grocery,Professionals,Kolkata,530.34,431.86,98.48,18.57,72,99,0.5717396976413849,0.5099892563593476,24.53,23,20,0
P0084,Atta Daily,Grocery,Professionals,Ahmedabad,530.34,431.86,98.48,18.57,151,207,0.3269443391328655,0.5968034878672417,2.77,43,15,0
P0084,Atta Daily,Grocery,Families,Hyderabad,530.34,431.86,98.48,18.57,178,117,0.7236465001538475,0.878116229969681,17.95,71,20,0
P0084,Atta Daily,Grocery,Families,Bengaluru,530.34,431.86,98.48,18.57,596,383,0.8138946274561152,0.24312916985184885,24.24,204,10,0
P0084,Atta Daily,Grocery,Families,Mumbai,530.34,431.86,98.48,18.57,74,74,0.17409094788752952,0.7423766915471341,5.96,20,15,0
P0084,Atta Daily,Grocery,Families,Delhi,530.34,431.86,98.48,18.57,243,313,0.586733051059755,0.6130471947392924,2.35,83,5,0
P0084,Atta Daily,Grocery,Families,Chennai,530.34,431.86,98.48,18.57,257,302,0.19131853987105946,0.3793106525080184,9.74,60,20,0
P0084,Atta Daily,Grocery,Families,Pune,530.34,431.86,98.48,18.57,155,181,0.6701841289613792,0.3167534686436444,74.26,50,10,1
P0084,Atta Daily,Grocery,Families,Kolkata,530.34,431.86,98.48,18.57,72,99,0.8503167574451503,0.7456416503660612,53.09,29,10,1
P0084,Atta Daily,Grocery,Families,Ahmedabad,530.34,431.86,98.48,18.57,151,207,0.7050792427370118,0.6127349499092296,55.62,55,15,1
P0084,Atta Daily,Grocery,Premium Customers,Hyderabad,530.34,431.86,98.48,18.57,178,117,0.2786869154861452,0.670746129574971,18.68,51,10,2
P0084,Atta Daily,Grocery,Premium Customers,Bengaluru,530.34,431.86,98.48,18.57,596,383,0.5284609324508476,0.40249325178944906,27.14,182,10,1
P0084,Atta Daily,Grocery,Premium Customers,Mumbai,530.34,431.86,98.48,18.57,74,74,0.5296565842940093,0.6145454961730745,23.5,24,10,0
P0084,Atta Daily,Grocery,Premium Customers,Delhi,530.34,431.86,98.48,18.57,243,313,0.6975845060217823,0.21835342947273972,38.1,76,10,1
P0084,Atta Daily,Grocery,Premium Customers,Chennai,530.34,431.86,98.48,18.57,257,302,0.24061406477775663,0.7502416186213396,13.85,75,10,0
P0084,Atta Daily,Grocery,Premium Customers,Pune,530.34,431.86,98.48,18.57,155,181,0.6159240344529185,0.20374348931202102,23.09,46,5,0
P0084,Atta Daily,Grocery,Premium Customers,Kolkata,530.34,431.86,98.48,18.57,72,99,0.28015879865665383,0.618980774696773,10.57,20,15,0
P0084,Atta Daily,Grocery,Premium Customers,Ahmedabad,530.34,431.86,98.48,18.57,151,207,0.21751133277858611,0.7683944703532768,5.42,43,20,0
P0085,Chocolate Daily,Snacks,Students,Hyderabad,586.1,481.08,105.02,17.92,159,103,0.34794095746113624,0.588349045398904,67.57,46,15,1
P0085,Chocolate Daily,Snacks,Students,Bengaluru,586.1,481.08,105.02,17.92,234,325,0.3549350966075271,0.3690497665055328,33.8,62,10,1
P0085,Chocolate Daily,Snacks,Students,Mumbai,586.1,481.08,105.02,17.92,136,78,0.6490486114534026,0.36635067558321377,11.57,44,5,0
P0085,Chocolate Daily,Snacks,Students,Delhi,586.1,481.08,105.02,17.92,46,25,0.42329763955501243,0.505622055150255,10.81,13,5,0
P0085,Chocolate Daily,Snacks,Students,Chennai,586.1,481.08,105.02,17.92,278,327,0.8197450962587859,0.626352745937464,44.71,109,20,1
P0085,Chocolate Daily,Snacks,Students,Pune,586.1,481.08,105.02,17.92,81,73,0.8958813532393097,0.7605262878853176,6.9,34,5,0
P0085,Chocolate Daily,Snacks,Students,Kolkata,586.1,481.08,105.02,17.92,139,199,0.7082346379254946,0.6327078652228195,21.14,51,10,0
P0085,Chocolate Daily,Snacks,Students,Ahmedabad,586.1,481.08,105.02,17.92,299,184,0.20514674821781592,0.5859640159226687,41.04,79,15,2
P0085,Chocolate Daily,Snacks,Professionals,Hyderabad,586.1,481.08,105.02,17.92,159,103,0.7346404904366424,0.8122030946329315,33.26,63,10,2
P0085,Chocolate Daily,Snacks,Professionals,Bengaluru,586.1,481.08,105.02,17.92,234,325,0.41081265016423607,0.6598339856906401,4.66,73,5,0
P0085,Chocolate Daily,Snacks,Professionals,Mumbai,586.1,481.08,105.02,17.92,136,78,0.7124841125052759,0.6539311229135523,13.65,50,10,0
P0085,Chocolate Daily,Snacks,Professionals,Delhi,586.1,481.08,105.02,17.92,46,25,0.6728337112498003,0.4719444443713985,5.4,15,20,0
P0085,Chocolate Daily,Snacks,Professionals,Chennai,586.1,481.08,105.02,17.92,278,327,0.5322310905006735,0.58943953979264,19.87,91,10,0
P0085,Chocolate Daily,Snacks,Professionals,Pune,586.1,481.08,105.02,17.92,81,73,0.9447278398260458,0.9431956509536978,22.58,37,15,0
P0085,Chocolate Daily,Snacks,Professionals,Kolkata,586.1,481.08,105.02,17.92,139,199,0.38909089844499484,0.6971385779785904,3.99,43,10,0
P0085,Chocolate Daily,Snacks,Professionals,Ahmedabad,586.1,481.08,105.02,17.92,299,184,0.5868360789105248,0.7655723762871058,17.66,108,20,0
P0085,Chocolate Daily,Snacks,Families,Hyderabad,586.1,481.08,105.02,17.92,159,103,0.2548614410225295,0.693264890343481,17.39,45,5,0
P0085,Chocolate Daily,Snacks,Families,Bengaluru,586.1,481.08,105.02,17.92,234,325,0.5180349251013426,0.6446469536410853,23.62,78,15,1
P0085,Chocolate Daily,Snacks,Families,Mumbai,586.1,481.08,105.02,17.92,136,78,0.6108553949688869,0.7336170176361203,4.93,49,5,0
P0085,Chocolate Daily,Snacks,Families,Delhi,586.1,481.08,105.02,17.92,46,25,0.40657643940812804,0.20064835766952288,16.62,11,20,0
P0085,Chocolate Daily,Snacks,Families,Chennai,586.1,481.08,105.02,17.92,278,327,0.19314718975677658,0.3564851239195612,60.7,64,5,2
P0085,Chocolate Daily,Snacks,Families,Pune,586.1,481.08,105.02,17.92,81,73,0.3608217139484887,0.693333754007124,13.04,25,5,1
P0085,Chocolate Daily,Snacks,Families,Kolkata,586.1,481.08,105.02,17.92,139,199,0.47072164204877,0.8306312470722006,19.66,48,5,0
P0085,Chocolate Daily,Snacks,Families,Ahmedabad,586.1,481.08,105.02,17.92,299,184,0.6333506010136278,0.8987818980656175,14.51,116,20,0
P0085,Chocolate Daily,Snacks,Premium Customers,Hyderabad,586.1,481.08,105.02,17.92,159,103,0.24935869310954464,0.8815356937269141,14.45,49,15,0
P0085,Chocolate Daily,Snacks,Premium Customers,Bengaluru,586.1,481.08,105.02,17.92,234,325,0.6247005629158197,0.22817499860753465,4.78,71,20,0
P0085,Chocolate Daily,Snacks,Premium Customers,Mumbai,586.1,481.08,105.02,17.92,136,78,0.8866641926479841,0.475684279773272,10.6,52,10,0
P0085,Chocolate Daily,Snacks,Premium Customers,Delhi,586.1,481.08,105.02,17.92,46,25,0.5120955283483695,0.49031036056820265,8.7,14,20,1
P0085,Chocolate Daily,Snacks,Premium Customers,Chennai,586.1,481.08,105.02,17.92,278,327,0.22116502451685216,0.20088642098437212,13.35,60,5,2
P0085,Chocolate Daily,Snacks,Premium Customers,Pune,586.1,481.08,105.02,17.92,81,73,0.8867119465385281,0.3341272191425443,15.17,29,15,0
P0085,Chocolate Daily,Snacks,Premium Customers,Kolkata,586.1,481.08,105.02,17.92,139,199,0.43542803631837934,0.410468082362728,21.74,40,20,0
P0085,Chocolate Daily,Snacks,Premium Customers,Ahmedabad,586.1,481.08,105.02,17.92,299,184,0.3077984024819542,0.6337991884975329,17.08,86,5,0
P0086,Chips Plus,Snacks,Students,Hyderabad,413.61,316.41,97.2,23.5,56,47,0.5320619589039786,0.9822556789541157,20.79,21,15,0
P0086,Chips Plus,Snacks,Students,Bengaluru,413.61,316.41,97.2,23.5,186,228,0.8903067802412105,0.5869818714925663,4.37,74,5,0
P0086,Chips Plus,Snacks,Students,Mumbai,413.61,316.41,97.2,23.5,189,194,0.793645569269768,0.6134311258675755,8.22,72,20,0
P0086,Chips Plus,Snacks,Students,Delhi,413.61,316.41,97.2,23.5,431,451,0.9341849419635874,0.5638654845716358,12.5,175,10,1
P0086,Chips Plus,Snacks,Students,Chennai,413.61,316.41,97.2,23.5,460,430,0.36137262892243177,0.2846289874885754,2.79,118,5,0
P0086,Chips Plus,Snacks,Students,Pune,413.61,316.41,97.2,23.5,239,177,0.37828465764513647,0.45049506955510055,17.98,67,10,0
P0086,Chips Plus,Snacks,Students,Kolkata,413.61,316.41,97.2,23.5,222,218,0.7577405539185739,0.8583995841682224,20.23,90,20,0
P0086,Chips Plus,Snacks,Students,Ahmedabad,413.61,316.41,97.2,23.5,188,227,0.18275309407544638,0.6682747065179853,51.95,50,20,1
P0086,Chips Plus,Snacks,Professionals,Hyderabad,413.61,316.41,97.2,23.5,56,47,0.37367576048811163,0.9474384719183457,12.06,19,10,0
P0086,Chips Plus,Snacks,Professionals,Bengaluru,413.61,316.41,97.2,23.5,186,228,0.7730144130284575,0.3439230667794396,2.04,64,20,0
P0086,Chips Plus,Snacks,Professionals,Mumbai,413.61,316.41,97.2,23.5,189,194,0.8088099585061201,0.32606352236170455,5.48,66,5,0
P0086,Chips Plus,Snacks,Professionals,Delhi,413.61,316.41,97.2,23.5,431,451,0.9194992857588477,0.5893662218861451,8.47,175,15,1
P0086,Chips Plus,Snacks,Professionals,Chennai,413.61,316.41,97.2,23.5,460,430,0.9150751887389972,0.6456321247433643,29.89,190,5,1
P0086,Chips Plus,Snacks,Professionals,Pune,413.61,316.41,97.2,23.5,239,177,0.6296403616911771,0.7992095331576483,23.64,89,5,0
P0086,Chips Plus,Snacks,Professionals,Kolkata,413.61,316.41,97.2,23.5,222,218,0.6880631106460676,0.7916211143755902,6.14,85,20,0
P0086,Chips Plus,Snacks,Professionals,Ahmedabad,413.61,316.41,97.2,23.5,188,227,0.28393598547464477,0.7840682781899362,8.65,57,10,0
P0086,Chips Plus,Snacks,Families,Hyderabad,413.61,316.41,97.2,23.5,56,47,0.9299858015198781,0.29454877772897836,4.58,20,5,0
P0086,Chips Plus,Snacks,Families,Bengaluru,413.61,316.41,97.2,23.5,186,228,0.19665029498286993,0.6576977195534186,55.47,50,5,3
P0086,Chips Plus,Snacks,Families,Mumbai,413.61,316.41,97.2,23.5,189,194,0.9402926228828655,0.9901835572211872,5.67,87,5,0
P0086,Chips Plus,Snacks,Families,Delhi,413.61,316.41,97.2,23.5,431,451,0.9018224966759523,0.20303738956460482,20.22,153,5,0
P0086,Chips Plus,Snacks,Families,Chennai,413.61,316.41,97.2,23.5,460,430,0.8081855609562688,0.22864583824598672,24.7,156,15,0
P0086,Chips Plus,Snacks,Families,Pune,413.61,316.41,97.2,23.5,239,177,0.5612422917510109,0.9003978102260612,10.45,89,5,0
P0086,Chips Plus,Snacks,Families,Kolkata,413.61,316.41,97.2,23.5,222,218,0.16475274113805644,0.7901461535937653,13.42,62,20,0
P0086,Chips Plus,Snacks,Families,Ahmedabad,413.61,316.41,97.2,23.5,188,227,0.23660504497017587,0.8710537629876602,18.14,57,10,0
P0086,Chips Plus,Snacks,Premium Customers,Hyderabad,413.61,316.41,97.2,23.5,56,47,0.6415473630116929,0.5104740792720472,9.23,19,20,0
P0086,Chips Plus,Snacks,Premium Customers,Bengaluru,413.61,316.41,97.2,23.5,186,228,0.5570361297264017,0.7634221834884991,7.62,66,15,0
P0086,Chips Plus,Snacks,Premium Customers,Mumbai,413.61,316.41,97.2,23.5,189,194,0.21018444018769927,0.24740998935939817,31.75,42,15,2
P0086,Chips Plus,Snacks,Premium Customers,Delhi,413.61,316.41,97.2,23.5,431,451,0.2483124490410087,0.31210049703543236,6.9,102,20,0
P0086,Chips Plus,Snacks,Premium Customers,Chennai,413.61,316.41,97.2,23.5,460,430,0.22723987362884468,0.7794088599477302,7.64,134,15,0
P0086,Chips Plus,Snacks,Premium Customers,Pune,413.61,316.41,97.2,23.5,239,177,0.8807241993720595,0.6370017690201601,5.64,96,20,0
P0086,Chips Plus,Snacks,Premium Customers,Kolkata,413.61,316.41,97.2,23.5,222,218,0.5197347939996749,0.39627629854522334,8.47,67,10,0
P0086,Chips Plus,Snacks,Premium Customers,Ahmedabad,413.61,316.41,97.2,23.5,188,227,0.5005901548492822,0.8379664548933325,2.13,66,20,0
P0087,Energy Drinks Premium,Beverages,Students,Hyderabad,341.41,192.17,149.24,43.71,223,228,0.5743690837184692,0.41986503926206886,15.54,70,15,0
P0087,Energy Drinks Premium,Beverages,Students,Bengaluru,341.41,192.17,149.24,43.71,240,240,0.5482087372137473,0.5223303182720473,19.68,77,5,0
P0087,Energy Drinks Premium,Beverages,Students,Mumbai,341.41,192.17,149.24,43.71,342,371,0.8866703359074386,0.8958128647559824,27.27,150,10,1
P0087,Energy Drinks Premium,Beverages,Students,Delhi,341.41,192.17,149.24,43.71,370,322,0.1596514470346521,0.5780602589382672,64.03,94,5,1
P0087,Energy Drinks Premium,Beverages,Students,Chennai,341.41,192.17,149.24,43.71,218,197,0.31695141557130846,0.8000459484337397,14.61,68,20,0
P0087,Energy Drinks Premium,Beverages,Students,Pune,341.41,192.17,149.24,43.71,126,92,0.7263543992620751,0.301757227002174,28.95,41,15,2
P0087,Energy Drinks Premium,Beverages,Students,Kolkata,341.41,192.17,149.24,43.71,220,248,0.40873827007504593,0.681720642413923,18.75,69,5,1
P0087,Energy Drinks Premium,Beverages,Students,Ahmedabad,341.41,192.17,149.24,43.71,92,113,0.818122045751137,0.4031867015331292,17.33,33,10,0
P0087,Energy Drinks Premium,Beverages,Professionals,Hyderabad,341.41,192.17,149.24,43.71,223,228,0.4580464012124449,0.3657080726837532,19.2,64,5,0
P0087,Energy Drinks Premium,Beverages,Professionals,Bengaluru,341.41,192.17,149.24,43.71,240,240,0.5123383068503093,0.8940783369721561,71.55,87,15,2
P0087,Energy Drinks Premium,Beverages,Professionals,Mumbai,341.41,192.17,149.24,43.71,342,371,0.4218421123228834,0.43320024733421036,16.98,98,10,0
P0087,Energy Drinks Premium,Beverages,Professionals,Delhi,341.41,192.17,149.24,43.71,370,322,0.6574214998640058,0.8823586752104069,57.14,144,15,1
P0087,Energy Drinks Premium,Beverages,Professionals,Chennai,341.41,192.17,149.24,43.71,218,197,0.24728386740791258,0.47591849380659906,76.03,56,10,1
P0087,Energy Drinks Premium,Beverages,Professionals,Pune,341.41,192.17,149.24,43.71,126,92,0.2578786058350762,0.9500795061979648,3.86,40,10,0
P0087,Energy Drinks Premium,Beverages,Professionals,Kolkata,341.41,192.17,149.24,43.71,220,248,0.745846761694598,0.45783391635298676,45.3,78,20,3
P0087,Energy Drinks Premium,Beverages,Professionals,Ahmedabad,341.41,192.17,149.24,43.71,92,113,0.7099886612785864,0.6090197783342717,11.82,33,10,0
P0087,Energy Drinks Premium,Beverages,Families,Hyderabad,341.41,192.17,149.24,43.71,223,228,0.9163576629332666,0.20345947087550453,35.05,79,15,1
P0087,Energy Drinks Premium,Beverages,Families,Bengaluru,341.41,192.17,149.24,43.71,240,240,0.43416170880761207,0.60700570853665,47.09,75,20,2
P0087,Energy Drinks Premium,Beverages,Families,Mumbai,341.41,192.17,149.24,43.71,342,371,0.944845847435146,0.33860850955163413,9.06,130,15,0
P0087,Energy Drinks Premium,Beverages,Families,Delhi,341.41,192.17,149.24,43.71,370,322,0.9311077715903515,0.8921431883175481,22.3,165,5,0
P0087,Energy Drinks Premium,Beverages,Families,Chennai,341.41,192.17,149.24,43.71,218,197,0.7010544159028066,0.6199200974719857,16.42,80,5,0
P0087,Energy Drinks Premium,Beverages,Families,Pune,341.41,192.17,149.24,43.71,126,92,0.5727163769677039,0.6158722976718126,2.3,43,10,0
P0087,Energy Drinks Premium,Beverages,Families,Kolkata,341.41,192.17,149.24,43.71,220,248,0.7211162866890966,0.8208187785729815,20.12,87,5,0
P0087,Energy Drinks Premium,Beverages,Families,Ahmedabad,341.41,192.17,149.24,43.71,92,113,0.9005776960635329,0.21086636630161656,21.43,32,10,1
P0087,Energy Drinks Premium,Beverages,Premium Customers,Hyderabad,341.41,192.17,149.24,43.71,223,228,0.9073290330162634,0.4939744631481194,19.89,87,10,0
P0087,Energy Drinks Premium,Beverages,Premium Customers,Bengaluru,341.41,192.17,149.24,43.71,240,240,0.8261957655881003,0.9313299444104843,6.15,103,20,0
P0087,Energy Drinks Premium,Beverages,Premium Customers,Mumbai,341.41,192.17,149.24,43.71,342,371,0.3956980157247614,0.43595149457402455,8.39,97,15,0
P0087,Energy Drinks Premium,Beverages,Premium Customers,Delhi,341.41,192.17,149.24,43.71,370,322,0.9488582707113682,0.20975886728368326,18.92,135,15,1
P0087,Energy Drinks Premium,Beverages,Premium Customers,Chennai,341.41,192.17,149.24,43.71,218,197,0.8979222576555075,0.47674483739003853,69.05,84,10,1
P0087,Energy Drinks Premium,Beverages,Premium Customers,Pune,341.41,192.17,149.24,43.71,126,92,0.8150039816449312,0.8346041736764653,14.41,52,15,0
P0087,Energy Drinks Premium,Beverages,Premium Customers,Kolkata,341.41,192.17,149.24,43.71,220,248,0.6009555585824297,0.8107386079912302,5.94,81,10,0
P0087,Energy Drinks Premium,Beverages,Premium Customers,Ahmedabad,341.41,192.17,149.24,43.71,92,113,0.611799123614549,0.561388096515185,3.97,31,10,0
P0088,Headphones Pro,Electronics,Students,Hyderabad,205.91,157.81,48.1,23.36,457,411,0.5200037326686013,0.6921283646678682,24.39,155,5,0
P0088,Headphones Pro,Electronics,Students,Bengaluru,205.91,157.81,48.1,23.36,339,267,0.6411440518430309,0.6103004814537077,41.07,120,15,1
P0088,Headphones Pro,Electronics,Students,Mumbai,205.91,157.81,48.1,23.36,123,154,0.3984665855432411,0.4867887709316975,12.97,35,20,0
P0088,Headphones Pro,Electronics,Students,Delhi,205.91,157.81,48.1,23.36,183,146,0.9118809865467987,0.8516713788824439,6.75,80,10,0
P0088,Headphones Pro,Electronics,Students,Chennai,205.91,157.81,48.1,23.36,215,277,0.42716747321421034,0.3201911124592444,21.72,59,15,0
P0088,Headphones Pro,Electronics,Students,Pune,205.91,157.81,48.1,23.36,52,43,0.9350673322531575,0.33274377169404623,9.79,19,5,0
P0088,Headphones Pro,Electronics,Students,Kolkata,205.91,157.81,48.1,23.36,296,312,0.9253825251362207,0.45968224685160397,13.42,116,10,0
P0088,Headphones Pro,Electronics,Students,Ahmedabad,205.91,157.81,48.1,23.36,377,272,0.3616771964686902,0.9694955229677089,14.31,129,5,0
P0088,Headphones Pro,Electronics,Professionals,Hyderabad,205.91,157.81,48.1,23.36,457,411,0.3760976427425178,0.4971036569728968,5.89,131,15,0
P0088,Headphones Pro,Electronics,Professionals,Bengaluru,205.91,157.81,48.1,23.36,339,267,0.5093928776940124,0.4971619938663171,59.28,106,20,2
P0088,Headphones Pro,Electronics,Professionals,Mumbai,205.91,157.81,48.1,23.36,123,154,0.6790424705984114,0.22835490596963412,16.81,38,10,0
P0088,Headphones Pro,Electronics,Professionals,Delhi,205.91,157.81,48.1,23.36,183,146,0.896130598085227,0.8763718493252188,30.37,80,10,2
P0088,Headphones Pro,Electronics,Professionals,Chennai,205.91,157.81,48.1,23.36,215,277,0.5026387395492194,0.4770461717152505,72.12,66,5,2
P0088,Headphones Pro,Electronics,Professionals,Pune,205.91,157.81,48.1,23.36,52,43,0.9136994697780315,0.8148152539397764,9.3,22,20,0
P0088,Headphones Pro,Electronics,Professionals,Kolkata,205.91,157.81,48.1,23.36,296,312,0.8045011083380337,0.20234258567323204,10.47,99,5,0
P0088,Headphones Pro,Electronics,Professionals,Ahmedabad,205.91,157.81,48.1,23.36,377,272,0.7945307161331163,0.7056836045699042,11.54,149,15,0
P0088,Headphones Pro,Electronics,Families,Hyderabad,205.91,157.81,48.1,23.36,457,411,0.2572764947874435,0.7830707284129674,17.77,136,5,0
P0088,Headphones Pro,Electronics,Families,Bengaluru,205.91,157.81,48.1,23.36,339,267,0.9046270221550626,0.6074526087633445,17.5,137,15,1
P0088,Headphones Pro,Electronics,Families,Mumbai,205.91,157.81,48.1,23.36,123,154,0.413343302096179,0.45606606140866335,18.71,35,20,0
P0088,Headphones Pro,Electronics,Families,Delhi,205.91,157.81,48.1,23.36,183,146,0.711544833955101,0.841879162733058,22.12,72,10,0
P0088,Headphones Pro,Electronics,Families,Chennai,205.91,157.81,48.1,23.36,215,277,0.4064655627863255,0.5163726478371486,49.69,63,20,2
P0088,Headphones Pro,Electronics,Families,Pune,205.91,157.81,48.1,23.36,52,43,0.7582806502338052,0.34249448492798384,12.41,17,10,0
P0088,Headphones Pro,Electronics,Families,Kolkata,205.91,157.81,48.1,23.36,296,312,0.6867113358096677,0.748813958351578,17.89,112,10,0
P0088,Headphones Pro,Electronics,Families,Ahmedabad,205.91,157.81,48.1,23.36,377,272,0.8860779660967305,0.49194272381798054,3.25,146,10,1
P0088,Headphones Pro,Electronics,Premium Customers,Hyderabad,205.91,157.81,48.1,23.36,457,411,0.8111975167424555,0.9845381872926708,11.54,198,5,0
P0088,Headphones Pro,Electronics,Premium Customers,Bengaluru,205.91,157.81,48.1,23.36,339,267,0.31991865639291556,0.3514532387779908,37.84,87,10,1
P0088,Headphones Pro,Electronics,Premium Customers,Mumbai,205.91,157.81,48.1,23.36,123,154,0.20960018324424157,0.7755731537950676,6.1,35,5,0
P0088,Headphones Pro,Electronics,Premium Customers,Delhi,205.91,157.81,48.1,23.36,183,146,0.45150566954538907,0.8647969534991324,7.04,63,20,0
P0088,Headphones Pro,Electronics,Premium Customers,Chennai,205.91,157.81,48.1,23.36,215,277,0.8538663265251061,0.634802110461198,31.37,86,5,1
P0088,Headphones Pro,Electronics,Premium Customers,Pune,205.91,157.81,48.1,23.36,52,43,0.7875165799970164,0.3132608126802039,7.32,18,20,1
P0088,Headphones Pro,Electronics,Premium Customers,Kolkata,205.91,157.81,48.1,23.36,296,312,0.4552133804081995,0.9698898816704349,19.77,107,20,0
P0088,Headphones Pro,Electronics,Premium Customers,Ahmedabad,205.91,157.81,48.1,23.36,377,272,0.6641065971909423,0.36612677129615023,20.6,123,5,0
P0089,Jeans Premium,Fashion,Students,Hyderabad,210.16,149.99,60.17,28.63,118,112,0.8926459010107308,0.5468338324353585,70.0,46,15,1
P0089,Jeans Premium,Fashion,Students,Bengaluru,210.16,149.99,60.17,28.63,197,141,0.24701648497094109,0.7079290562415603,83.78,56,5,1
P0089,Jeans Premium,Fashion,Students,Mumbai,210.16,149.99,60.17,28.63,446,272,0.9159012483225006,0.4588331604666855,46.23,174,10,2
P0089,Jeans Premium,Fashion,Students,Delhi,210.16,149.99,60.17,28.63,337,304,0.4953646001722416,0.46607603132414815,47.11,103,5,1
P0089,Jeans Premium,Fashion,Students,Chennai,210.16,149.99,60.17,28.63,509,476,0.5249298918941456,0.6221553997242355,52.44,169,5,1
P0089,Jeans Premium,Fashion,Students,Pune,210.16,149.99,60.17,28.63,349,407,0.40655535638403295,0.7918254655539525,11.76,115,5,0
P0089,Jeans Premium,Fashion,Students,Kolkata,210.16,149.99,60.17,28.63,436,342,0.6049957761494226,0.35238066808340873,11.82,137,10,0
P0089,Jeans Premium,Fashion,Students,Ahmedabad,210.16,149.99,60.17,28.63,416,436,0.8105889389051479,0.7718835194664169,11.87,169,20,0
P0089,Jeans Premium,Fashion,Professionals,Hyderabad,210.16,149.99,60.17,28.63,118,112,0.359521746992181,0.4831091191539753,4.93,33,15,1
P0089,Jeans Premium,Fashion,Professionals,Bengaluru,210.16,149.99,60.17,28.63,197,141,0.4986674524117798,0.5365152572310127,4.7,62,15,0
P0089,Jeans Premium,Fashion,Professionals,Mumbai,210.16,149.99,60.17,28.63,446,272,0.227388255367903,0.3468461175145916,4.55,106,15,0
P0089,Jeans Premium,Fashion,Professionals,Delhi,210.16,149.99,60.17,28.63,337,304,0.6183758869578234,0.7793005954892722,25.66,125,15,1
P0089,Jeans Premium,Fashion,Professionals,Chennai,210.16,149.99,60.17,28.63,509,476,0.7299971192016385,0.7567094555194565,78.85,198,5,1
P0089,Jeans Premium,Fashion,Professionals,Pune,210.16,149.99,60.17,28.63,349,407,0.2623009333942158,0.8227279254489883,21.17,106,15,0
P0089,Jeans Premium,Fashion,Professionals,Kolkata,210.16,149.99,60.17,28.63,436,342,0.385349494701703,0.22283008764367374,15.06,111,15,0
P0089,Jeans Premium,Fashion,Professionals,Ahmedabad,210.16,149.99,60.17,28.63,416,436,0.5546383413008251,0.3542901042926796,15.06,126,20,0
P0089,Jeans Premium,Fashion,Families,Hyderabad,210.16,149.99,60.17,28.63,118,112,0.5379648287715036,0.9255430758318137,10.35,44,10,0
P0089,Jeans Premium,Fashion,Families,Bengaluru,210.16,149.99,60.17,28.63,197,141,0.647506898870708,0.3612013561814611,17.92,63,20,0
P0089,Jeans Premium,Fashion,Families,Mumbai,210.16,149.99,60.17,28.63,446,272,0.4257722221620227,0.9584686589964875,18.17,158,10,0
P0089,Jeans Premium,Fashion,Families,Delhi,210.16,149.99,60.17,28.63,337,304,0.6644160896292505,0.2013982034100093,4.89,103,15,0
P0089,Jeans Premium,Fashion,Families,Chennai,210.16,149.99,60.17,28.63,509,476,0.5330916691609452,0.6625845043340335,2.89,172,5,0
P0089,Jeans Premium,Fashion,Families,Pune,210.16,149.99,60.17,28.63,349,407,0.3620744658387991,0.984572055237585,23.91,120,10,1
P0089,Jeans Premium,Fashion,Families,Kolkata,210.16,149.99,60.17,28.63,436,342,0.4976441145220949,0.791774510375858,5.81,151,20,0
P0089,Jeans Premium,Fashion,Families,Ahmedabad,210.16,149.99,60.17,28.63,416,436,0.41461945338421546,0.2947107166984901,22.73,112,5,1
P0089,Jeans Premium,Fashion,Premium Customers,Hyderabad,210.16,149.99,60.17,28.63,118,112,0.6512922615051948,0.6659604268430841,6.95,42,10,0
P0089,Jeans Premium,Fashion,Premium Customers,Bengaluru,210.16,149.99,60.17,28.63,197,141,0.2851960161554089,0.8451621647596554,5.99,61,20,0
P0089,Jeans Premium,Fashion,Premium Customers,Mumbai,210.16,149.99,60.17,28.63,446,272,0.7262595264278839,0.8488221223338028,4.44,179,10,0
P0089,Jeans Premium,Fashion,Premium Customers,Delhi,210.16,149.99,60.17,28.63,337,304,0.8746051509295715,0.7868221808859632,11.91,142,15,0
P0089,Jeans Premium,Fashion,Premium Customers,Chennai,210.16,149.99,60.17,28.63,509,476,0.6144926838272382,0.4082700593247995,56.15,164,10,1
P0089,Jeans Premium,Fashion,Premium Customers,Pune,210.16,149.99,60.17,28.63,349,407,0.255437976334389,0.2704288646493809,17.51,81,20,0
P0089,Jeans Premium,Fashion,Premium Customers,Kolkata,210.16,149.99,60.17,28.63,436,342,0.3320596409669394,0.20072821028227594,9.2,105,10,0
P0089,Jeans Premium,Fashion,Premium Customers,Ahmedabad,210.16,149.99,60.17,28.63,416,436,0.9067894830346088,0.7589577628982689,39.46,177,10,1
P0090,Headphones Daily,Electronics,Students,Hyderabad,280.72,241.16,39.56,14.09,446,524,0.8643847904973456,0.46116200322536827,18.61,169,20,0
P0090,Headphones Daily,Electronics,Students,Bengaluru,280.72,241.16,39.56,14.09,249,251,0.7001497436108661,0.6087188403471827,7.28,91,20,0
P0090,Headphones Daily,Electronics,Students,Mumbai,280.72,241.16,39.56,14.09,321,249,0.5016294148737428,0.9036516521758797,61.29,116,20,1
P0090,Headphones Daily,Electronics,Students,Delhi,280.72,241.16,39.56,14.09,267,297,0.7708386516624394,0.5072103121284968,23.39,98,15,0
P0090,Headphones Daily,Electronics,Students,Chennai,280.72,241.16,39.56,14.09,608,616,0.25761815132942956,0.30848411771732176,12.63,145,5,0
P0090,Headphones Daily,Electronics,Students,Pune,280.72,241.16,39.56,14.09,126,133,0.35649160159638577,0.9386856274382807,9.21,42,20,0
P0090,Headphones Daily,Electronics,Students,Kolkata,280.72,241.16,39.56,14.09,402,236,0.3939620822415116,0.2197639752905417,20.99,103,10,0
P0090,Headphones Daily,Electronics,Students,Ahmedabad,280.72,241.16,39.56,14.09,132,147,0.5450072913033005,0.4892345431826057,2.57,42,20,0
P0090,Headphones Daily,Electronics,Professionals,Hyderabad,280.72,241.16,39.56,14.09,446,524,0.7472686695874631,0.777224689331772,25.66,176,15,2
P0090,Headphones Daily,Electronics,Professionals,Bengaluru,280.72,241.16,39.56,14.09,249,251,0.153430962206361,0.8889529014635735,18.65,72,10,0
P0090,Headphones Daily,Electronics,Professionals,Mumbai,280.72,241.16,39.56,14.09,321,249,0.2973858024479865,0.5610116024707283,2.2,89,5,0
P0090,Headphones Daily,Electronics,Professionals,Delhi,280.72,241.16,39.56,14.09,267,297,0.6311718550810781,0.957395547087728,6.76,105,10,0
P0090,Headphones Daily,Electronics,Professionals,Chennai,280.72,241.16,39.56,14.09,608,616,0.6879268421701822,0.8671734443054773,35.29,240,10,1
P0090,Headphones Daily,Electronics,Professionals,Pune,280.72,241.16,39.56,14.09,126,133,0.6780232201172601,0.7960326945256837,41.46,48,15,1
P0090,Headphones Daily,Electronics,Professionals,Kolkata,280.72,241.16,39.56,14.09,402,236,0.37750707871769895,0.7219616873513728,5.1,126,5,0
P0090,Headphones Daily,Electronics,Professionals,Ahmedabad,280.72,241.16,39.56,14.09,132,147,0.5456868211980048,0.6335058985564676,4.44,44,10,0
P0090,Headphones Daily,Electronics,Families,Hyderabad,280.72,241.16,39.56,14.09,446,524,0.7211302674562169,0.6256324894426548,21.41,166,15,0
P0090,Headphones Daily,Electronics,Families,Bengaluru,280.72,241.16,39.56,14.09,249,251,0.4283242045147061,0.8503078584813886,14.37,85,5,0
P0090,Headphones Daily,Electronics,Families,Mumbai,280.72,241.16,39.56,14.09,321,249,0.8269898491042211,0.8931665021981405,0.81,137,10,1
P0090,Headphones Daily,Electronics,Families,Delhi,280.72,241.16,39.56,14.09,267,297,0.5109609774462203,0.8535185266444241,9.29,95,10,0
P0090,Headphones Daily,Electronics,Families,Chennai,280.72,241.16,39.56,14.09,608,616,0.5186405931058298,0.9514327576147303,10.85,226,20,0
P0090,Headphones Daily,Electronics,Families,Pune,280.72,241.16,39.56,14.09,126,133,0.2527082306763683,0.9322717298322707,12.83,39,15,0
P0090,Headphones Daily,Electronics,Families,Kolkata,280.72,241.16,39.56,14.09,402,236,0.17830360557631292,0.7913222660793071,2.54,114,5,0
P0090,Headphones Daily,Electronics,Families,Ahmedabad,280.72,241.16,39.56,14.09,132,147,0.9240663459238367,0.9123475660656402,8.13,59,5,0
P0090,Headphones Daily,Electronics,Premium Customers,Hyderabad,280.72,241.16,39.56,14.09,446,524,0.6319285022220666,0.3470496365525745,13.68,142,5,0
P0090,Headphones Daily,Electronics,Premium Customers,Bengaluru,280.72,241.16,39.56,14.09,249,251,0.17553026869754634,0.7212916697508054,7.98,68,5,0
P0090,Headphones Daily,Electronics,Premium Customers,Mumbai,280.72,241.16,39.56,14.09,321,249,0.5643422685686307,0.7637950565379312,66.67,115,15,1
P0090,Headphones Daily,Electronics,Premium Customers,Delhi,280.72,241.16,39.56,14.09,267,297,0.2664414204208332,0.7010018175398529,12.83,77,20,0
P0090,Headphones Daily,Electronics,Premium Customers,Chennai,280.72,241.16,39.56,14.09,608,616,0.4987464531115018,0.7986421354298043,17.34,212,10,0
P0090,Headphones Daily,Electronics,Premium Customers,Pune,280.72,241.16,39.56,14.09,126,133,0.5812639357738072,0.43950809201807894,7.26,40,10,0
P0090,Headphones Daily,Electronics,Premium Customers,Kolkata,280.72,241.16,39.56,14.09,402,236,0.817009248721652,0.5736907537834336,56.86,154,5,1
P0090,Headphones Daily,Electronics,Premium Customers,Ahmedabad,280.72,241.16,39.56,14.09,132,147,0.6853592251252056,0.9723390132396104,66.46,53,15,1
P0091,Shampoo Plus,Personal Care,Students,Hyderabad,279.87,223.25,56.62,20.23,535,550,0.7779375794260854,0.7022400263454045,61.15,210,10,1
P0091,Shampoo Plus,Personal Care,Students,Bengaluru,279.87,223.25,56.62,20.23,172,184,0.8373677749306536,0.8674494422798913,12.07,73,20,0
P0091,Shampoo Plus,Personal Care,Students,Mumbai,279.87,223.25,56.62,20.23,1056,1462,0.8964006687846371,0.8711292978792329,7.85,462,20,0
P0091,Shampoo Plus,Personal Care,Students,Delhi,279.87,223.25,56.62,20.23,156,100,0.7246964838110828,0.28793031238725963,40.0,51,5,1
P0091,Shampoo Plus,Personal Care,Students,Chennai,279.87,223.25,56.62,20.23,165,179,0.18982766627286363,0.3389104282715579,5.52,38,15,0
P0091,Shampoo Plus,Personal Care,Students,Pune,279.87,223.25,56.62,20.23,79,105,0.24879858143209432,0.8037557919286966,18.36,23,10,0
P0091,Shampoo Plus,Personal Care,Students,Kolkata,279.87,223.25,56.62,20.23,318,327,0.40937123971772105,0.8059758557132604,5.84,105,10,0
P0091,Shampoo Plus,Personal Care,Students,Ahmedabad,279.87,223.25,56.62,20.23,38,40,0.5361030557793701,0.53436021346199,56.12,12,20,2
P0091,Shampoo Plus,Personal Care,Professionals,Hyderabad,279.87,223.25,56.62,20.23,535,550,0.6646834212235552,0.24683341876324372,23.3,167,20,2
P0091,Shampoo Plus,Personal Care,Professionals,Bengaluru,279.87,223.25,56.62,20.23,172,184,0.5031955906980267,0.697203906122883,87.5,58,10,1
P0091,Shampoo Plus,Personal Care,Professionals,Mumbai,279.87,223.25,56.62,20.23,1056,1462,0.4130842025063234,0.5961574441564643,13.96,324,5,0
P0091,Shampoo Plus,Personal Care,Professionals,Delhi,279.87,223.25,56.62,20.23,156,100,0.31208950478823255,0.40820924360764765,58.97,41,20,1
P0091,Shampoo Plus,Personal Care,Professionals,Chennai,279.87,223.25,56.62,20.23,165,179,0.9420938617994691,0.36851142071993764,5.51,63,10,0
P0091,Shampoo Plus,Personal Care,Professionals,Pune,279.87,223.25,56.62,20.23,79,105,0.551693227352891,0.47252722887327486,5.93,25,20,0
P0091,Shampoo Plus,Personal Care,Professionals,Kolkata,279.87,223.25,56.62,20.23,318,327,0.1673478894771554,0.4998984303146176,16.03,78,15,0
P0091,Shampoo Plus,Personal Care,Professionals,Ahmedabad,279.87,223.25,56.62,20.23,38,40,0.41023025786485046,0.6901355385679957,15.05,12,20,0
P0091,Shampoo Plus,Personal Care,Families,Hyderabad,279.87,223.25,56.62,20.23,535,550,0.7075518041479939,0.7767783372681858,13.24,207,15,1
P0091,Shampoo Plus,Personal Care,Families,Bengaluru,279.87,223.25,56.62,20.23,172,184,0.5551179561165629,0.441559821147062,7.59,54,10,0
P0091,Shampoo Plus,Personal Care,Families,Mumbai,279.87,223.25,56.62,20.23,1056,1462,0.4223419363662956,0.49165696841114515,8.98,312,20,0
P0091,Shampoo Plus,Personal Care,Families,Delhi,279.87,223.25,56.62,20.23,156,100,0.3064009493429391,0.9408903556466128,17.17,51,20,0
P0091,Shampoo Plus,Personal Care,Families,Chennai,279.87,223.25,56.62,20.23,165,179,0.5781736562776536,0.6859261357209665,20.34,57,5,0
P0091,Shampoo Plus,Personal Care,Families,Pune,279.87,223.25,56.62,20.23,79,105,0.4157474352420284,0.22631741090007307,14.37,20,10,0
P0091,Shampoo Plus,Personal Care,Families,Kolkata,279.87,223.25,56.62,20.23,318,327,0.80725657968023,0.3668926231850962,6.12,113,10,1
P0091,Shampoo Plus,Personal Care,Families,Ahmedabad,279.87,223.25,56.62,20.23,38,40,0.3111224742139271,0.31810020726944677,6.14,9,20,0
P0091,Shampoo Plus,Personal Care,Premium Customers,Hyderabad,279.87,223.25,56.62,20.23,535,550,0.8733602409504426,0.3132260014048431,8.86,194,15,0
P0091,Shampoo Plus,Personal Care,Premium Customers,Bengaluru,279.87,223.25,56.62,20.23,172,184,0.5277407953208694,0.6004941396282801,11.34,56,20,0
P0091,Shampoo Plus,Personal Care,Premium Customers,Mumbai,279.87,223.25,56.62,20.23,1056,1462,0.30252596112007313,0.3177953991502174,62.96,264,5,1
P0091,Shampoo Plus,Personal Care,Premium Customers,Delhi,279.87,223.25,56.62,20.23,156,100,0.6007201851444743,0.6178402311864858,52.99,54,5,1
P0091,Shampoo Plus,Personal Care,Premium Customers,Chennai,279.87,223.25,56.62,20.23,165,179,0.15295846841230282,0.21950837298921932,24.94,34,20,0
P0091,Shampoo Plus,Personal Care,Premium Customers,Pune,279.87,223.25,56.62,20.23,79,105,0.7085731907422826,0.7245167597358271,12.14,30,5,0
P0091,Shampoo Plus,Personal Care,Premium Customers,Kolkata,279.87,223.25,56.62,20.23,318,327,0.23299662722288622,0.620538001489706,9.4,87,15,0
P0091,Shampoo Plus,Personal Care,Premium Customers,Ahmedabad,279.87,223.25,56.62,20.23,38,40,0.904833867145297,0.4229714523771879,12.85,14,10,0
P0092,Backpack Classic,Fashion,Students,Hyderabad,337.81,200.03,137.78,40.79,226,199,0.180743152692669,0.9163084214830897,5.36,67,5,0
P0092,Backpack Classic,Fashion,Students,Bengaluru,337.81,200.03,137.78,40.79,228,129,0.6822135612619206,0.5847156052167861,3.54,81,15,0
P0092,Backpack Classic,Fashion,Students,Mumbai,337.81,200.03,137.78,40.79,65,77,0.4349417487888477,0.997381140592766,58.26,23,15,1
P0092,Backpack Classic,Fashion,Students,Delhi,337.81,200.03,137.78,40.79,244,180,0.22187523076995247,0.6033257195992139,34.21,65,15,1
P0092,Backpack Classic,Fashion,Students,Chennai,337.81,200.03,137.78,40.79,282,235,0.4721540885868505,0.5545699749219204,13.51,88,20,1
P0092,Backpack Classic,Fashion,Students,Pune,337.81,200.03,137.78,40.79,55,63,0.6368487497423474,0.938077752394733,19.8,21,10,0
P0092,Backpack Classic,Fashion,Students,Kolkata,337.81,200.03,137.78,40.79,61,55,0.4184913467506274,0.5861159292349363,11.7,18,15,0
P0092,Backpack Classic,Fashion,Students,Ahmedabad,337.81,200.03,137.78,40.79,201,278,0.2996783801929117,0.6043567586283978,79.72,57,15,1
P0092,Backpack Classic,Fashion,Professionals,Hyderabad,337.81,200.03,137.78,40.79,226,199,0.7876101745044254,0.6723305268624721,19.16,88,15,0
P0092,Backpack Classic,Fashion,Professionals,Bengaluru,337.81,200.03,137.78,40.79,228,129,0.7516960973889112,0.9189278341022071,27.22,94,15,1
P0092,Backpack Classic,Fashion,Professionals,Mumbai,337.81,200.03,137.78,40.79,65,77,0.5591211390085178,0.6276216491217912,30.97,22,5,1
P0092,Backpack Classic,Fashion,Professionals,Delhi,337.81,200.03,137.78,40.79,244,180,0.5516115574850199,0.7103790505649865,11.03,85,5,0
P0092,Backpack Classic,Fashion,Professionals,Chennai,337.81,200.03,137.78,40.79,282,235,0.18625143779977485,0.38415049756275965,6.83,66,10,0
P0092,Backpack Classic,Fashion,Professionals,Pune,337.81,200.03,137.78,40.79,55,63,0.3436986888630619,0.6983244688816801,20.23,16,5,0
P0092,Backpack Classic,Fashion,Professionals,Kolkata,337.81,200.03,137.78,40.79,61,55,0.8329450295052989,0.5997758408700076,17.36,23,15,0
P0092,Backpack Classic,Fashion,Professionals,Ahmedabad,337.81,200.03,137.78,40.79,201,278,0.6428545156267549,0.3386401250419122,37.16,64,20,2
P0092,Backpack Classic,Fashion,Families,Hyderabad,337.81,200.03,137.78,40.79,226,199,0.8434948847307338,0.8012433508437247,4.51,94,15,0
P0092,Backpack Classic,Fashion,Families,Bengaluru,337.81,200.03,137.78,40.79,228,129,0.5869505780517952,0.5505859680519318,2.07,76,5,0
P0092,Backpack Classic,Fashion,Families,Mumbai,337.81,200.03,137.78,40.79,65,77,0.9394531976993077,0.7242053861201645,7.73,27,5,0
P0092,Backpack Classic,Fashion,Families,Delhi,337.81,200.03,137.78,40.79,244,180,0.46189114931612674,0.68567777253513,3.47,80,10,0
P0092,Backpack Classic,Fashion,Families,Chennai,337.81,200.03,137.78,40.79,282,235,0.5689522330815947,0.5625714231553864,11.53,94,20,0
P0092,Backpack Classic,Fashion,Families,Pune,337.81,200.03,137.78,40.79,55,63,0.3288528645247579,0.5861469229699106,5.05,15,10,0
P0092,Backpack Classic,Fashion,Families,Kolkata,337.81,200.03,137.78,40.79,61,55,0.5498764822235049,0.856841132193271,4.41,22,20,0
P0092,Backpack Classic,Fashion,Families,Ahmedabad,337.81,200.03,137.78,40.79,201,278,0.5344934241042502,0.2488192581012446,42.86,57,15,1
P0092,Backpack Classic,Fashion,Premium Customers,Hyderabad,337.81,200.03,137.78,40.79,226,199,0.9404677622660114,0.7401691382529549,43.75,97,10,1
P0092,Backpack Classic,Fashion,Premium Customers,Bengaluru,337.81,200.03,137.78,40.79,228,129,0.7324459946298059,0.8569115061900825,25.29,92,5,1
P0092,Backpack Classic,Fashion,Premium Customers,Mumbai,337.81,200.03,137.78,40.79,65,77,0.690092706645065,0.5658146577957068,21.14,23,5,0
P0092,Backpack Classic,Fashion,Premium Customers,Delhi,337.81,200.03,137.78,40.79,244,180,0.6038825975134133,0.8552405646354444,45.13,92,10,2
P0092,Backpack Classic,Fashion,Premium Customers,Chennai,337.81,200.03,137.78,40.79,282,235,0.8068957122912935,0.5216858125744752,55.88,106,15,1
P0092,Backpack Classic,Fashion,Premium Customers,Pune,337.81,200.03,137.78,40.79,55,63,0.7840619019810411,0.7174077757781754,63.11,21,15,1
P0092,Backpack Classic,Fashion,Premium Customers,Kolkata,337.81,200.03,137.78,40.79,61,55,0.3735230243214694,0.296807630138737,2.97,15,15,0
P0092,Backpack Classic,Fashion,Premium Customers,Ahmedabad,337.81,200.03,137.78,40.79,201,278,0.8426107937144073,0.2990214534367085,42.5,71,10,1
P0093,Cookware Pro,Kitchen,Students,Hyderabad,567.34,356.71,210.63,37.13,177,115,0.7865672204587896,0.5034719280643851,16.22,65,15,0
P0093,Cookware Pro,Kitchen,Students,Bengaluru,567.34,356.71,210.63,37.13,288,404,0.4891873461608863,0.599445641855621,21.46,92,10,0
P0093,Cookware Pro,Kitchen,Students,Mumbai,567.34,356.71,210.63,37.13,56,78,0.8893546970400921,0.26357692002731714,7.02,20,20,0
P0093,Cookware Pro,Kitchen,Students,Delhi,567.34,356.71,210.63,37.13,117,161,0.8914422859013742,0.6884780681289789,19.78,48,10,0
P0093,Cookware Pro,Kitchen,Students,Chennai,567.34,356.71,210.63,37.13,120,153,0.7035638727805741,0.8417268311886905,7.35,47,10,0
P0093,Cookware Pro,Kitchen,Students,Pune,567.34,356.71,210.63,37.13,192,185,0.6932561762761901,0.8906849215338466,38.24,76,10,1
P0093,Cookware Pro,Kitchen,Students,Kolkata,567.34,356.71,210.63,37.13,35,27,0.18201843057153963,0.7980144292403588,75.15,10,10,1
P0093,Cookware Pro,Kitchen,Students,Ahmedabad,567.34,356.71,210.63,37.13,220,204,0.3911710125842681,0.5348992120541527,13.47,64,5,0
P0093,Cookware Pro,Kitchen,Professionals,Hyderabad,567.34,356.71,210.63,37.13,177,115,0.566482942795693,0.8559707497797204,23.67,65,20,0
P0093,Cookware Pro,Kitchen,Professionals,Bengaluru,567.34,356.71,210.63,37.13,288,404,0.6035296530278838,0.8450610489311712,5.19,108,15,0
P0093,Cookware Pro,Kitchen,Professionals,Mumbai,567.34,356.71,210.63,37.13,56,78,0.24801148192308248,0.32265101010804875,9.9,13,20,0
P0093,Cookware Pro,Kitchen,Professionals,Delhi,567.34,356.71,210.63,37.13,117,161,0.6403176609633962,0.6610249957103946,23.29,42,5,1
P0093,Cookware Pro,Kitchen,Professionals,Chennai,567.34,356.71,210.63,37.13,120,153,0.4048323649970611,0.5885900876120329,12.67,36,5,0
P0093,Cookware Pro,Kitchen,Professionals,Pune,567.34,356.71,210.63,37.13,192,185,0.2847392834756438,0.3663159901068806,60.66,48,10,4
P0093,Cookware Pro,Kitchen,Professionals,Kolkata,567.34,356.71,210.63,37.13,35,27,0.29452514735318824,0.5456647561250825,11.2,9,15,0
P0093,Cookware Pro,Kitchen,Professionals,Ahmedabad,567.34,356.71,210.63,37.13,220,204,0.605423141508267,0.7412624379195607,25.0,80,15,1
P0093,Cookware Pro,Kitchen,Families,Hyderabad,567.34,356.71,210.63,37.13,177,115,0.7378418608315094,0.32012898488953323,8.1,59,5,0
P0093,Cookware Pro,Kitchen,Families,Bengaluru,567.34,356.71,210.63,37.13,288,404,0.6423948800364376,0.857319403316938,3.26,111,5,0
P0093,Cookware Pro,Kitchen,Families,Mumbai,567.34,356.71,210.63,37.13,56,78,0.26842314065352946,0.24912575881842375,9.0,13,15,0
P0093,Cookware Pro,Kitchen,Families,Delhi,567.34,356.71,210.63,37.13,117,161,0.1873573364658581,0.4074888919516337,11.28,27,15,0
P0093,Cookware Pro,Kitchen,Families,Chennai,567.34,356.71,210.63,37.13,120,153,0.4720355159022628,0.44171398874374257,23.04,35,10,0
P0093,Cookware Pro,Kitchen,Families,Pune,567.34,356.71,210.63,37.13,192,185,0.30241388960666993,0.40226654560924974,9.29,50,5,0
P0093,Cookware Pro,Kitchen,Families,Kolkata,567.34,356.71,210.63,37.13,35,27,0.4786351373180243,0.636110096720804,12.42,11,5,0
P0093,Cookware Pro,Kitchen,Families,Ahmedabad,567.34,356.71,210.63,37.13,220,204,0.6036278368563126,0.9950251743653944,22.33,86,15,0
P0093,Cookware Pro,Kitchen,Premium Customers,Hyderabad,567.34,356.71,210.63,37.13,177,115,0.49485623692807834,0.36147747793956864,23.74,52,10,0
P0093,Cookware Pro,Kitchen,Premium Customers,Bengaluru,567.34,356.71,210.63,37.13,288,404,0.1677260545661876,0.6311543163790829,25.0,75,5,1
P0093,Cookware Pro,Kitchen,Premium Customers,Mumbai,567.34,356.71,210.63,37.13,56,78,0.7270356962127356,0.9615523031542637,74.09,23,15,2
P0093,Cookware Pro,Kitchen,Premium Customers,Delhi,567.34,356.71,210.63,37.13,117,161,0.6163332466942716,0.5052207208651625,13.64,39,15,0
P0093,Cookware Pro,Kitchen,Premium Customers,Chennai,567.34,356.71,210.63,37.13,120,153,0.3213456803552738,0.8341917472514331,6.25,38,5,0
P0093,Cookware Pro,Kitchen,Premium Customers,Pune,567.34,356.71,210.63,37.13,192,185,0.4907658641616327,0.4249386271273264,9.08,57,20,0
P0093,Cookware Pro,Kitchen,Premium Customers,Kolkata,567.34,356.71,210.63,37.13,35,27,0.18621443836101878,0.4561573084102224,16.48,8,5,0
P0093,Cookware Pro,Kitchen,Premium Customers,Ahmedabad,567.34,356.71,210.63,37.13,220,204,0.9432387545427785,0.30522251828402286,30.53,82,20,1
P0094,Smart Watch Classic,Electronics,Students,Hyderabad,1058.21,618.03,440.18,41.6,245,280,0.31293650445106347,0.38944698947222167,16.68,64,15,0
P0094,Smart Watch Classic,Electronics,Students,Bengaluru,1058.21,618.03,440.18,41.6,203,119,0.22430027439350653,0.3214804546322273,40.0,47,10,1
P0094,Smart Watch Classic,Electronics,Students,Mumbai,1058.21,618.03,440.18,41.6,581,426,0.747567816655411,0.3266013124885603,2.69,197,15,0
P0094,Smart Watch Classic,Electronics,Students,Delhi,1058.21,618.03,440.18,41.6,300,366,0.927917904915187,0.6010031425907447,22.02,123,15,0
P0094,Smart Watch Classic,Electronics,Students,Chennai,1058.21,618.03,440.18,41.6,276,233,0.8844493863090139,0.4703909133106512,12.33,106,5,0
P0094,Smart Watch Classic,Electronics,Students,Pune,1058.21,618.03,440.18,41.6,346,440,0.6408145492366015,0.99750755138729,20.75,139,20,0
P0094,Smart Watch Classic,Electronics,Students,Kolkata,1058.21,618.03,440.18,41.6,226,248,0.43134531865430625,0.8247748834063495,52.37,76,15,2
P0094,Smart Watch Classic,Electronics,Students,Ahmedabad,1058.21,618.03,440.18,41.6,177,209,0.9009760572642602,0.4918365069120844,66.13,69,15,1
P0094,Smart Watch Classic,Electronics,Professionals,Hyderabad,1058.21,618.03,440.18,41.6,245,280,0.47230591825500445,0.9154663429702163,1.75,87,15,1
P0094,Smart Watch Classic,Electronics,Professionals,Bengaluru,1058.21,618.03,440.18,41.6,203,119,0.7030148720939375,0.786702066052807,17.36,78,15,0
P0094,Smart Watch Classic,Electronics,Professionals,Mumbai,1058.21,618.03,440.18,41.6,581,426,0.44260450046114264,0.27038643262119016,10.03,158,5,0
P0094,Smart Watch Classic,Electronics,Professionals,Delhi,1058.21,618.03,440.18,41.6,300,366,0.941894220379766,0.364324109093848,3.93,115,10,0
P0094,Smart Watch Classic,Electronics,Professionals,Chennai,1058.21,618.03,440.18,41.6,276,233,0.24358144000437282,0.7847855983771506,23.68,81,10,0
P0094,Smart Watch Classic,Electronics,Professionals,Pune,1058.21,618.03,440.18,41.6,346,440,0.18728611007990423,0.9896729118082426,20.09,107,10,0
P0094,Smart Watch Classic,Electronics,Professionals,Kolkata,1058.21,618.03,440.18,41.6,226,248,0.22922440956555448,0.32082957099520054,15.72,53,5,0
P0094,Smart Watch Classic,Electronics,Professionals,Ahmedabad,1058.21,618.03,440.18,41.6,177,209,0.26195652620550003,0.3174748667613182,22.76,42,15,0
P0094,Smart Watch Classic,Electronics,Families,Hyderabad,1058.21,618.03,440.18,41.6,245,280,0.24994014498249661,0.9450656499770478,43.14,77,20,2
P0094,Smart Watch Classic,Electronics,Families,Bengaluru,1058.21,618.03,440.18,41.6,203,119,0.3414336313102215,0.3376274880766723,14.81,52,10,1
P0094,Smart Watch Classic,Electronics,Families,Mumbai,1058.21,618.03,440.18,41.6,581,426,0.5654062008794836,0.8161376997446328,22.92,212,5,1
P0094,Smart Watch Classic,Electronics,Families,Delhi,1058.21,618.03,440.18,41.6,300,366,0.5630903326449643,0.8741918954431218,23.15,111,10,0
P0094,Smart Watch Classic,Electronics,Families,Chennai,1058.21,618.03,440.18,41.6,276,233,0.6465904317450861,0.2176790592107003,9.01,84,20,0
P0094,Smart Watch Classic,Electronics,Families,Pune,1058.21,618.03,440.18,41.6,346,440,0.4793241455569077,0.5370474539275656,60.82,108,10,1
P0094,Smart Watch Classic,Electronics,Families,Kolkata,1058.21,618.03,440.18,41.6,226,248,0.46169177852269716,0.32356218748366816,31.37,63,20,3
P0094,Smart Watch Classic,Electronics,Families,Ahmedabad,1058.21,618.03,440.18,41.6,177,209,0.5429137874687952,0.7771315744465224,22.23,62,5,0
P0094,Smart Watch Classic,Electronics,Premium Customers,Hyderabad,1058.21,618.03,440.18,41.6,245,280,0.6929916839753293,0.627658162773432,3.02,89,20,0
P0094,Smart Watch Classic,Electronics,Premium Customers,Bengaluru,1058.21,618.03,440.18,41.6,203,119,0.9039886951240949,0.4879373087157209,6.08,79,10,0
P0094,Smart Watch Classic,Electronics,Premium Customers,Mumbai,1058.21,618.03,440.18,41.6,581,426,0.9482188804953413,0.3132116843899443,23.3,220,15,0
P0094,Smart Watch Classic,Electronics,Premium Customers,Delhi,1058.21,618.03,440.18,41.6,300,366,0.47010897079927816,0.7452397367039962,19.44,101,15,1
P0094,Smart Watch Classic,Electronics,Premium Customers,Chennai,1058.21,618.03,440.18,41.6,276,233,0.6538412748984502,0.8742293417243063,2.78,107,20,0
P0094,Smart Watch Classic,Electronics,Premium Customers,Pune,1058.21,618.03,440.18,41.6,346,440,0.5366622486726282,0.6612133325672345,16.63,117,10,0
P0094,Smart Watch Classic,Electronics,Premium Customers,Kolkata,1058.21,618.03,440.18,41.6,226,248,0.9114319355743774,0.6899930510179125,47.96,94,20,1
P0094,Smart Watch Classic,Electronics,Premium Customers,Ahmedabad,1058.21,618.03,440.18,41.6,177,209,0.4603586550498706,0.4563525724709456,16.6,52,5,0
P0095,Air Freshener Classic,Home Care,Students,Hyderabad,346.67,293.12,53.55,15.45,108,71,0.6133261023291937,0.29162985310369516,5.24,33,5,0
P0095,Air Freshener Classic,Home Care,Students,Bengaluru,346.67,293.12,53.55,15.45,131,182,0.4913093769323139,0.725540273644822,12.16,44,5,0
P0095,Air Freshener Classic,Home Care,Students,Mumbai,346.67,293.12,53.55,15.45,153,190,0.7013687759353721,0.9716406312405903,16.75,62,5,0
P0095,Air Freshener Classic,Home Care,Students,Delhi,346.67,293.12,53.55,15.45,118,140,0.16511722148521127,0.5159630162405837,9.84,29,10,0
P0095,Air Freshener Classic,Home Care,Students,Chennai,346.67,293.12,53.55,15.45,358,309,0.16437339512255714,0.6151112712267672,12.79,92,20,0
P0095,Air Freshener Classic,Home Care,Students,Pune,346.67,293.12,53.55,15.45,147,146,0.6909277643709205,0.5061337942275852,23.23,51,20,0
P0095,Air Freshener Classic,Home Care,Students,Kolkata,346.67,293.12,53.55,15.45,436,609,0.25055884429101627,0.6263142404049963,24.07,121,10,0
P0095,Air Freshener Classic,Home Care,Students,Ahmedabad,346.67,293.12,53.55,15.45,120,70,0.7964507508377338,0.9650921784243585,22.48,51,5,0
P0095,Air Freshener Classic,Home Care,Professionals,Hyderabad,346.67,293.12,53.55,15.45,108,71,0.4105498266829125,0.2174763717030123,51.35,28,10,3
P0095,Air Freshener Classic,Home Care,Professionals,Bengaluru,346.67,293.12,53.55,15.45,131,182,0.2787335178234678,0.5717970095103261,13.04,36,20,0
P0095,Air Freshener Classic,Home Care,Professionals,Mumbai,346.67,293.12,53.55,15.45,153,190,0.5715144981294984,0.489633724030527,22.32,49,10,0
P0095,Air Freshener Classic,Home Care,Professionals,Delhi,346.67,293.12,53.55,15.45,118,140,0.7688641844797227,0.7139615693153241,15.29,46,5,0
P0095,Air Freshener Classic,Home Care,Professionals,Chennai,346.67,293.12,53.55,15.45,358,309,0.40959961872137884,0.27966399076249565,4.44,95,10,0
P0095,Air Freshener Classic,Home Care,Professionals,Pune,346.67,293.12,53.55,15.45,147,146,0.3263011581496693,0.8080835575260314,20.4,46,5,0
P0095,Air Freshener Classic,Home Care,Professionals,Kolkata,346.67,293.12,53.55,15.45,436,609,0.33096539197658686,0.4233693288187425,35.34,117,20,1
P0095,Air Freshener Classic,Home Care,Professionals,Ahmedabad,346.67,293.12,53.55,15.45,120,70,0.38326365246844246,0.42617669009822595,74.65,33,15,1
P0095,Air Freshener Classic,Home Care,Families,Hyderabad,346.67,293.12,53.55,15.45,108,71,0.630821737721013,0.3241855890293073,20.82,34,10,0
P0095,Air Freshener Classic,Home Care,Families,Bengaluru,346.67,293.12,53.55,15.45,131,182,0.789475195618615,0.4048269936899172,11.35,46,20,0
P0095,Air Freshener Classic,Home Care,Families,Mumbai,346.67,293.12,53.55,15.45,153,190,0.9181951467586692,0.4048492689194911,18.48,58,10,0
P0095,Air Freshener Classic,Home Care,Families,Delhi,346.67,293.12,53.55,15.45,118,140,0.46219856326041464,0.4073095827416663,48.61,34,20,1
P0095,Air Freshener Classic,Home Care,Families,Chennai,346.67,293.12,53.55,15.45,358,309,0.865963234871946,0.2309294494524859,65.85,126,20,2
P0095,Air Freshener Classic,Home Care,Families,Pune,346.67,293.12,53.55,15.45,147,146,0.36807405812786304,0.8890495083318883,6.73,49,5,0
P0095,Air Freshener Classic,Home Care,Families,Kolkata,346.67,293.12,53.55,15.45,436,609,0.5363849888985784,0.9003828368790736,2.41,161,20,0
P0095,Air Freshener Classic,Home Care,Families,Ahmedabad,346.67,293.12,53.55,15.45,120,70,0.5441243115430261,0.38975728819132294,17.26,36,10,0
P0095,Air Freshener Classic,Home Care,Premium Customers,Hyderabad,346.67,293.12,53.55,15.45,108,71,0.3374471081215044,0.23327584419687497,5.78,26,5,0
P0095,Air Freshener Classic,Home Care,Premium Customers,Bengaluru,346.67,293.12,53.55,15.45,131,182,0.5917910025702833,0.6156329371030577,38.89,45,15,2
P0095,Air Freshener Classic,Home Care,Premium Customers,Mumbai,346.67,293.12,53.55,15.45,153,190,0.7380992101437537,0.49585782368055176,44.12,55,15,1
P0095,Air Freshener Classic,Home Care,Premium Customers,Delhi,346.67,293.12,53.55,15.45,118,140,0.9010002601462013,0.2521728941226413,22.24,42,5,0
P0095,Air Freshener Classic,Home Care,Premium Customers,Chennai,346.67,293.12,53.55,15.45,358,309,0.3598225933303186,0.43722788294087245,15.84,99,5,0
P0095,Air Freshener Classic,Home Care,Premium Customers,Pune,346.67,293.12,53.55,15.45,147,146,0.534918459927284,0.6214201786439919,26.04,49,10,2
P0095,Air Freshener Classic,Home Care,Premium Customers,Kolkata,346.67,293.12,53.55,15.45,436,609,0.8451305576179589,0.49698201576677414,9.33,166,20,0
P0095,Air Freshener Classic,Home Care,Premium Customers,Ahmedabad,346.67,293.12,53.55,15.45,120,70,0.7818500131416145,0.9922376412933742,2.53,51,5,0
P0096,Sugar Daily,Grocery,Students,Hyderabad,971.66,824.72,146.94,15.12,286,279,0.4502424737055025,0.8222634118401881,7.81,98,10,0
P0096,Sugar Daily,Grocery,Students,Bengaluru,971.66,824.72,146.94,15.12,543,567,0.42677266171638095,0.3819494700615221,70.37,153,20,1
P0096,Sugar Daily,Grocery,Students,Mumbai,971.66,824.72,146.94,15.12,84,113,0.9267810258123548,0.9614342877846014,51.76,38,15,3
P0096,Sugar Daily,Grocery,Students,Delhi,971.66,824.72,146.94,15.12,343,485,0.6157680336684928,0.3276056343473715,8.25,107,15,0
P0096,Sugar Daily,Grocery,Students,Chennai,971.66,824.72,146.94,15.12,159,225,0.8888393864523163,0.7861044849937298,23.49,67,5,0
P0096,Sugar Daily,Grocery,Students,Pune,971.66,824.72,146.94,15.12,547,763,0.3192255615896742,0.6316849021136861,15.55,160,20,0
P0096,Sugar Daily,Grocery,Students,Kolkata,971.66,824.72,146.94,15.12,296,227,0.464649565626017,0.480231145691828,11.22,89,15,0
P0096,Sugar Daily,Grocery,Students,Ahmedabad,971.66,824.72,146.94,15.12,369,286,0.5269960498336621,0.5184840245586511,4.76,118,15,0
P0096,Sugar Daily,Grocery,Professionals,Hyderabad,971.66,824.72,146.94,15.12,286,279,0.9418965465310759,0.42458779374034333,5.66,111,15,0
P0096,Sugar Daily,Grocery,Professionals,Bengaluru,971.66,824.72,146.94,15.12,543,567,0.29458666347906187,0.2614177071678356,24.3,131,20,0
P0096,Sugar Daily,Grocery,Professionals,Mumbai,971.66,824.72,146.94,15.12,84,113,0.48130238688404703,0.43513756478452176,20.71,25,20,0
P0096,Sugar Daily,Grocery,Professionals,Delhi,971.66,824.72,146.94,15.12,343,485,0.9167121379693068,0.21287647757262534,20.23,123,10,0
P0096,Sugar Daily,Grocery,Professionals,Chennai,971.66,824.72,146.94,15.12,159,225,0.6598186880328188,0.9389421935850397,18.53,63,20,0
P0096,Sugar Daily,Grocery,Professionals,Pune,971.66,824.72,146.94,15.12,547,763,0.5461645069042355,0.40276865917612814,61.07,169,20,1
P0096,Sugar Daily,Grocery,Professionals,Kolkata,971.66,824.72,146.94,15.12,296,227,0.39643547042158267,0.43996201679155916,12.8,84,20,0
P0096,Sugar Daily,Grocery,Professionals,Ahmedabad,971.66,824.72,146.94,15.12,369,286,0.2586934147021144,0.22779970863465931,17.86,84,20,0
P0096,Sugar Daily,Grocery,Families,Hyderabad,971.66,824.72,146.94,15.12,286,279,0.23541055899781166,0.42151806279617016,18.61,71,10,0
P0096,Sugar Daily,Grocery,Families,Bengaluru,971.66,824.72,146.94,15.12,543,567,0.8746874479587347,0.714942078526885,3.46,224,5,0
P0096,Sugar Daily,Grocery,Families,Mumbai,971.66,824.72,146.94,15.12,84,113,0.8986299478118721,0.47397956434624344,9.18,32,15,0
P0096,Sugar Daily,Grocery,Families,Delhi,971.66,824.72,146.94,15.12,343,485,0.7379775324707896,0.24710389609494865,15.93,112,10,0
P0096,Sugar Daily,Grocery,Families,Chennai,971.66,824.72,146.94,15.12,159,225,0.6447455101156662,0.5441911939213777,5.04,55,5,0
P0096,Sugar Daily,Grocery,Families,Pune,971.66,824.72,146.94,15.12,547,763,0.21474147854849343,0.5475788913025379,21.71,142,20,0
P0096,Sugar Daily,Grocery,Families,Kolkata,971.66,824.72,146.94,15.12,296,227,0.20893846660904067,0.5967278239915791,24.0,78,10,0
P0096,Sugar Daily,Grocery,Families,Ahmedabad,971.66,824.72,146.94,15.12,369,286,0.531788540913607,0.38463543283162527,19.64,112,20,0
P0096,Sugar Daily,Grocery,Premium Customers,Hyderabad,971.66,824.72,146.94,15.12,286,279,0.3272267149373849,0.9598744492257789,48.44,95,10,1
P0096,Sugar Daily,Grocery,Premium Customers,Bengaluru,971.66,824.72,146.94,15.12,543,567,0.6550736788501624,0.5474486225830418,13.54,189,10,0
P0096,Sugar Daily,Grocery,Premium Customers,Mumbai,971.66,824.72,146.94,15.12,84,113,0.7387534098022402,0.493877797802625,34.67,30,20,1
P0096,Sugar Daily,Grocery,Premium Customers,Delhi,971.66,824.72,146.94,15.12,343,485,0.5035786765086665,0.5222854713366427,3.09,108,5,0
P0096,Sugar Daily,Grocery,Premium Customers,Chennai,971.66,824.72,146.94,15.12,159,225,0.3403462276065835,0.841208673069769,20.22,51,5,0
P0096,Sugar Daily,Grocery,Premium Customers,Pune,971.66,824.72,146.94,15.12,547,763,0.24892989351041261,0.7225559675014539,21.95,158,10,1
P0096,Sugar Daily,Grocery,Premium Customers,Kolkata,971.66,824.72,146.94,15.12,296,227,0.62243500348985,0.9402354572633456,2.1,116,5,0
P0096,Sugar Daily,Grocery,Premium Customers,Ahmedabad,971.66,824.72,146.94,15.12,369,286,0.7340473128280848,0.21958765231827498,11.69,119,10,0
P0097,Chocolate Plus,Snacks,Students,Hyderabad,1906.89,1330.98,575.91,30.2,385,403,0.7203673896323937,0.9968624015948448,44.83,161,5,1
P0097,Chocolate Plus,Snacks,Students,Bengaluru,1906.89,1330.98,575.91,30.2,462,403,0.6999469134887782,0.6715838277875925,18.94,172,5,0
P0097,Chocolate Plus,Snacks,Students,Mumbai,1906.89,1330.98,575.91,30.2,166,171,0.8882050808119079,0.9893094241202378,24.65,74,5,0
P0097,Chocolate Plus,Snacks,Students,Delhi,1906.89,1330.98,575.91,30.2,181,219,0.2814611311607213,0.895549995421655,16.89,57,20,0
P0097,Chocolate Plus,Snacks,Students,Chennai,1906.89,1330.98,575.91,30.2,259,240,0.8581500642592457,0.7814403696744125,22.12,108,5,0
P0097,Chocolate Plus,Snacks,Students,Pune,1906.89,1330.98,575.91,30.2,62,64,0.9160673149799319,0.47590486357549255,59.09,24,5,1
P0097,Chocolate Plus,Snacks,Students,Kolkata,1906.89,1330.98,575.91,30.2,61,43,0.7669828199473253,0.6566449580640077,33.54,23,10,1
P0097,Chocolate Plus,Snacks,Students,Ahmedabad,1906.89,1330.98,575.91,30.2,178,124,0.3031236146318833,0.6728856348420199,3.94,52,20,0
P0097,Chocolate Plus,Snacks,Professionals,Hyderabad,1906.89,1330.98,575.91,30.2,385,403,0.8772140006316086,0.4023320169574631,2.88,144,15,0
P0097,Chocolate Plus,Snacks,Professionals,Bengaluru,1906.89,1330.98,575.91,30.2,462,403,0.24363993857704774,0.8891528360152308,47.72,143,15,2
P0097,Chocolate Plus,Snacks,Professionals,Mumbai,1906.89,1330.98,575.91,30.2,166,171,0.42885241013242725,0.3219096125054053,63.74,45,20,1
P0097,Chocolate Plus,Snacks,Professionals,Delhi,1906.89,1330.98,575.91,30.2,181,219,0.1985615087428263,0.7373154237382065,18.52,51,5,0
P0097,Chocolate Plus,Snacks,Professionals,Chennai,1906.89,1330.98,575.91,30.2,259,240,0.8782593763215388,0.46137867261776383,5.95,99,5,0
P0097,Chocolate Plus,Snacks,Professionals,Pune,1906.89,1330.98,575.91,30.2,62,64,0.6821626862020517,0.6162644907682291,52.22,22,20,1
P0097,Chocolate Plus,Snacks,Professionals,Kolkata,1906.89,1330.98,575.91,30.2,61,43,0.33431647099134104,0.7814606204456191,7.34,19,20,0
P0097,Chocolate Plus,Snacks,Professionals,Ahmedabad,1906.89,1330.98,575.91,30.2,178,124,0.6252668407014789,0.4370228278560506,2.28,58,15,0
P0097,Chocolate Plus,Snacks,Families,Hyderabad,1906.89,1330.98,575.91,30.2,385,403,0.8983884993373793,0.5012978467167156,19.35,151,20,0
P0097,Chocolate Plus,Snacks,Families,Bengaluru,1906.89,1330.98,575.91,30.2,462,403,0.6468603333014786,0.6695441561341539,18.45,167,15,0
P0097,Chocolate Plus,Snacks,Families,Mumbai,1906.89,1330.98,575.91,30.2,166,171,0.5064171218254618,0.5189214115412468,69.23,52,20,1
P0097,Chocolate Plus,Snacks,Families,Delhi,1906.89,1330.98,575.91,30.2,181,219,0.15375747642237386,0.4116454546681057,20.73,42,5,0
P0097,Chocolate Plus,Snacks,Families,Chennai,1906.89,1330.98,575.91,30.2,259,240,0.23811282002578585,0.9068688477663194,57.43,80,10,2
P0097,Chocolate Plus,Snacks,Families,Pune,1906.89,1330.98,575.91,30.2,62,64,0.16562412434639562,0.8418095646128321,12.6,17,10,0
P0097,Chocolate Plus,Snacks,Families,Kolkata,1906.89,1330.98,575.91,30.2,61,43,0.8107143447883879,0.5762054262778167,12.02,23,20,0
P0097,Chocolate Plus,Snacks,Families,Ahmedabad,1906.89,1330.98,575.91,30.2,178,124,0.7623509942881618,0.45701631080229205,39.75,64,5,1
P0097,Chocolate Plus,Snacks,Premium Customers,Hyderabad,1906.89,1330.98,575.91,30.2,385,403,0.8845506725615744,0.8901748874804463,29.87,168,15,1
P0097,Chocolate Plus,Snacks,Premium Customers,Bengaluru,1906.89,1330.98,575.91,30.2,462,403,0.3411558922595005,0.7521025133732329,21.43,144,5,0
P0097,Chocolate Plus,Snacks,Premium Customers,Mumbai,1906.89,1330.98,575.91,30.2,166,171,0.39748512877229725,0.2244124427589619,20.1,42,15,0
P0097,Chocolate Plus,Snacks,Premium Customers,Delhi,1906.89,1330.98,575.91,30.2,181,219,0.28267134557236717,0.8684306057339048,4.22,57,15,0
P0097,Chocolate Plus,Snacks,Premium Customers,Chennai,1906.89,1330.98,575.91,30.2,259,240,0.41529887041090296,0.31753468264625284,11.02,70,15,0
P0097,Chocolate Plus,Snacks,Premium Customers,Pune,1906.89,1330.98,575.91,30.2,62,64,0.3126265272034462,0.8224028479974501,16.81,19,10,0
P0097,Chocolate Plus,Snacks,Premium Customers,Kolkata,1906.89,1330.98,575.91,30.2,61,43,0.5517432877865485,0.9231124129680315,15.01,22,15,0
P0097,Chocolate Plus,Snacks,Premium Customers,Ahmedabad,1906.89,1330.98,575.91,30.2,178,124,0.7096439617085077,0.6748274451866292,24.25,66,20,0
P0098,Air Freshener Daily,Home Care,Students,Hyderabad,1053.91,813.55,240.36,22.81,86,98,0.48089860363946135,0.6546295505395512,21.78,28,10,0
P0098,Air Freshener Daily,Home Care,Students,Bengaluru,1053.91,813.55,240.36,22.81,522,475,0.8885547179835112,0.8820472173288978,22.08,228,10,0
P0098,Air Freshener Daily,Home Care,Students,Mumbai,1053.91,813.55,240.36,22.81,362,234,0.39562372846414673,0.33355655889455327,8.69,98,10,0
P0098,Air Freshener Daily,Home Care,Students,Delhi,1053.91,813.55,240.36,22.81,119,168,0.9085892552341004,0.41090079314545913,20.45,45,15,0
P0098,Air Freshener Daily,Home Care,Students,Chennai,1053.91,813.55,240.36,22.81,415,331,0.8062886976092918,0.32258846504155536,12.19,145,20,0
P0098,Air Freshener Daily,Home Care,Students,Pune,1053.91,813.55,240.36,22.81,126,101,0.3051169290172714,0.25716035992049513,24.75,30,10,0
P0098,Air Freshener Daily,Home Care,Students,Kolkata,1053.91,813.55,240.36,22.81,108,102,0.5587566453954723,0.2447019577967743,11.81,31,5,0
P0098,Air Freshener Daily,Home Care,Students,Ahmedabad,1053.91,813.55,240.36,22.81,264,288,0.40719190366338465,0.29260158696119265,20.18,70,5,0
P0098,Air Freshener Daily,Home Care,Professionals,Hyderabad,1053.91,813.55,240.36,22.81,86,98,0.21131828411133158,0.6766763848434842,23.8,23,10,0
P0098,Air Freshener Daily,Home Care,Professionals,Bengaluru,1053.91,813.55,240.36,22.81,522,475,0.6474257995718636,0.6493629737799262,49.18,188,5,1
P0098,Air Freshener Daily,Home Care,Professionals,Mumbai,1053.91,813.55,240.36,22.81,362,234,0.9147862439341331,0.9604403837764557,19.9,163,10,0
P0098,Air Freshener Daily,Home Care,Professionals,Delhi,1053.91,813.55,240.36,22.81,119,168,0.3073459106998414,0.29153066331843375,3.8,29,5,0
P0098,Air Freshener Daily,Home Care,Professionals,Chennai,1053.91,813.55,240.36,22.81,415,331,0.7390088608085237,0.22269908862538543,20.78,135,20,0
P0098,Air Freshener Daily,Home Care,Professionals,Pune,1053.91,813.55,240.36,22.81,126,101,0.45328528399515466,0.6319342458700448,3.33,40,15,0
P0098,Air Freshener Daily,Home Care,Professionals,Kolkata,1053.91,813.55,240.36,22.81,108,102,0.37008849114159337,0.33889470022966584,18.97,28,5,0
P0098,Air Freshener Daily,Home Care,Professionals,Ahmedabad,1053.91,813.55,240.36,22.81,264,288,0.801792941007285,0.801135125898454,50.0,108,5,1
P0098,Air Freshener Daily,Home Care,Families,Hyderabad,1053.91,813.55,240.36,22.81,86,98,0.7539003605421354,0.7861172244914769,2.14,34,20,0
P0098,Air Freshener Daily,Home Care,Families,Bengaluru,1053.91,813.55,240.36,22.81,522,475,0.3571636017084896,0.3245036599648128,75.44,136,15,1
P0098,Air Freshener Daily,Home Care,Families,Mumbai,1053.91,813.55,240.36,22.81,362,234,0.5582297255985136,0.6480720121474485,21.58,124,20,1
P0098,Air Freshener Daily,Home Care,Families,Delhi,1053.91,813.55,240.36,22.81,119,168,0.8049193243523837,0.4975786042954674,20.39,44,5,0
P0098,Air Freshener Daily,Home Care,Families,Chennai,1053.91,813.55,240.36,22.81,415,331,0.39374730395002644,0.7319137512420308,12.04,132,20,0
P0098,Air Freshener Daily,Home Care,Families,Pune,1053.91,813.55,240.36,22.81,126,101,0.346110324423359,0.9875294793469911,65.69,43,5,1
P0098,Air Freshener Daily,Home Care,Families,Kolkata,1053.91,813.55,240.36,22.81,108,102,0.8453619744523694,0.5558022528405695,18.51,41,15,0
P0098,Air Freshener Daily,Home Care,Families,Ahmedabad,1053.91,813.55,240.36,22.81,264,288,0.7525904530817651,0.8728846102483356,7.54,108,10,0
P0098,Air Freshener Daily,Home Care,Premium Customers,Hyderabad,1053.91,813.55,240.36,22.81,86,98,0.870148857006489,0.409144374611872,26.67,32,15,1
P0098,Air Freshener Daily,Home Care,Premium Customers,Bengaluru,1053.91,813.55,240.36,22.81,522,475,0.31909816210660275,0.5474300190193582,16.95,147,10,0
P0098,Air Freshener Daily,Home Care,Premium Customers,Mumbai,1053.91,813.55,240.36,22.81,362,234,0.19054172783206952,0.36277839176072013,17.33,84,10,0
P0098,Air Freshener Daily,Home Care,Premium Customers,Delhi,1053.91,813.55,240.36,22.81,119,168,0.8682091120683608,0.5389702857676713,15.22,46,5,0
P0098,Air Freshener Daily,Home Care,Premium Customers,Chennai,1053.91,813.55,240.36,22.81,415,331,0.6659640600744582,0.6096341144165225,2.19,149,20,0
P0098,Air Freshener Daily,Home Care,Premium Customers,Pune,1053.91,813.55,240.36,22.81,126,101,0.7809972688686898,0.7848253089050157,73.39,50,15,1
P0098,Air Freshener Daily,Home Care,Premium Customers,Kolkata,1053.91,813.55,240.36,22.81,108,102,0.24375096654577824,0.2406907407050614,21.56,24,20,0
P0098,Air Freshener Daily,Home Care,Premium Customers,Ahmedabad,1053.91,813.55,240.36,22.81,264,288,0.47470727267073765,0.6515896800836398,19.47,86,5,0
P0099,Backpack Pro,Fashion,Students,Hyderabad,306.5,224.16,82.34,26.86,423,320,0.6666185236586779,0.298238917250219,22.76,135,20,0
P0099,Backpack Pro,Fashion,Students,Bengaluru,306.5,224.16,82.34,26.86,139,160,0.3001179623716179,0.9934576900990788,15.96,46,15,0
P0099,Backpack Pro,Fashion,Students,Mumbai,306.5,224.16,82.34,26.86,137,164,0.662361777808608,0.380296118429681,5.15,45,15,0
P0099,Backpack Pro,Fashion,Students,Delhi,306.5,224.16,82.34,26.86,112,160,0.5490518896497856,0.6284444162266396,18.01,37,15,0
P0099,Backpack Pro,Fashion,Students,Chennai,306.5,224.16,82.34,26.86,90,87,0.5871746167340196,0.8972118203625137,19.46,34,10,0
P0099,Backpack Pro,Fashion,Students,Pune,306.5,224.16,82.34,26.86,287,402,0.28950171362121113,0.7078656611979852,7.19,85,15,0
P0099,Backpack Pro,Fashion,Students,Kolkata,306.5,224.16,82.34,26.86,587,389,0.779602526218473,0.41314385041735735,24.81,209,10,0
P0099,Backpack Pro,Fashion,Students,Ahmedabad,306.5,224.16,82.34,26.86,653,824,0.7273542091301683,0.3353997194482046,64.12,220,15,2
P0099,Backpack Pro,Fashion,Professionals,Hyderabad,306.5,224.16,82.34,26.86,423,320,0.43549525365681163,0.4281273837005224,12.14,122,15,0
P0099,Backpack Pro,Fashion,Professionals,Bengaluru,306.5,224.16,82.34,26.86,139,160,0.43709787095172736,0.8450738097205057,49.03,47,10,2
P0099,Backpack Pro,Fashion,Professionals,Mumbai,306.5,224.16,82.34,26.86,137,164,0.6713373127883514,0.8305793144262064,4.29,53,10,0
P0099,Backpack Pro,Fashion,Professionals,Delhi,306.5,224.16,82.34,26.86,112,160,0.6137224627234545,0.851537358254667,8.16,42,5,1
P0099,Backpack Pro,Fashion,Professionals,Chennai,306.5,224.16,82.34,26.86,90,87,0.9392822781833101,0.28032368511550676,22.53,33,5,0
P0099,Backpack Pro,Fashion,Professionals,Pune,306.5,224.16,82.34,26.86,287,402,0.6060829270954533,0.3773255831545451,35.53,91,5,1
P0099,Backpack Pro,Fashion,Professionals,Kolkata,306.5,224.16,82.34,26.86,587,389,0.8174095849762075,0.700827454937319,13.74,235,10,0
P0099,Backpack Pro,Fashion,Professionals,Ahmedabad,306.5,224.16,82.34,26.86,653,824,0.8991386398343305,0.8729643958666129,44.02,286,20,2
P0099,Backpack Pro,Fashion,Families,Hyderabad,306.5,224.16,82.34,26.86,423,320,0.9047817936488911,0.44610925747290064,22.17,163,15,0
P0099,Backpack Pro,Fashion,Families,Bengaluru,306.5,224.16,82.34,26.86,139,160,0.27362208912658725,0.3437061479781736,6.15,34,20,0
P0099,Backpack Pro,Fashion,Families,Mumbai,306.5,224.16,82.34,26.86,137,164,0.7395383442522768,0.4992920655930238,13.03,49,15,0
P0099,Backpack Pro,Fashion,Families,Delhi,306.5,224.16,82.34,26.86,112,160,0.7292435599122868,0.5225892660239102,3.79,40,10,0
P0099,Backpack Pro,Fashion,Families,Chennai,306.5,224.16,82.34,26.86,90,87,0.17082427751748996,0.6120624873629766,24.88,23,20,0
P0099,Backpack Pro,Fashion,Families,Pune,306.5,224.16,82.34,26.86,287,402,0.44807017529734106,0.659257648250779,63.64,92,20,1
P0099,Backpack Pro,Fashion,Families,Kolkata,306.5,224.16,82.34,26.86,587,389,0.8858594729724475,0.887319544932756,17.11,257,20,0
P0099,Backpack Pro,Fashion,Families,Ahmedabad,306.5,224.16,82.34,26.86,653,824,0.24147564640259656,0.9729966212703107,11.07,208,20,0
P0099,Backpack Pro,Fashion,Premium Customers,Hyderabad,306.5,224.16,82.34,26.86,423,320,0.4731530460101194,0.527087155843091,5.57,131,5,0
P0099,Backpack Pro,Fashion,Premium Customers,Bengaluru,306.5,224.16,82.34,26.86,139,160,0.8577865704132689,0.26997341573089184,24.71,49,10,0
P0099,Backpack Pro,Fashion,Premium Customers,Mumbai,306.5,224.16,82.34,26.86,137,164,0.911375940825907,0.21381472710216132,47.32,49,15,1
P0099,Backpack Pro,Fashion,Premium Customers,Delhi,306.5,224.16,82.34,26.86,112,160,0.8425602224686235,0.5176765965069144,27.81,42,15,1
P0099,Backpack Pro,Fashion,Premium Customers,Chennai,306.5,224.16,82.34,26.86,90,87,0.22018299026646407,0.7458988760788539,16.14,25,10,0
P0099,Backpack Pro,Fashion,Premium Customers,Pune,306.5,224.16,82.34,26.86,287,402,0.8748281152161664,0.8185717328089004,14.25,122,20,0
P0099,Backpack Pro,Fashion,Premium Customers,Kolkata,306.5,224.16,82.34,26.86,587,389,0.937182824050796,0.6475288531908806,13.79,245,5,1
P0099,Backpack Pro,Fashion,Premium Customers,Ahmedabad,306.5,224.16,82.34,26.86,653,824,0.673880291539044,0.3207251337930913,5.28,212,20,0
P0100,Headphones Premium,Electronics,Students,Hyderabad,496.92,330.85,166.07,33.42,181,138,0.24736878207807633,0.6049083045144581,10.1,49,20,0
P0100,Headphones Premium,Electronics,Students,Bengaluru,496.92,330.85,166.07,33.42,145,122,0.618380400515462,0.7020781884178531,10.58,52,15,0
P0100,Headphones Premium,Electronics,Students,Mumbai,496.92,330.85,166.07,33.42,172,235,0.8384780145177102,0.8852887830398009,13.28,73,15,0
P0100,Headphones Premium,Electronics,Students,Delhi,496.92,330.85,166.07,33.42,317,250,0.9346057400319141,0.4274357738739655,6.0,123,10,0
P0100,Headphones Premium,Electronics,Students,Chennai,496.92,330.85,166.07,33.42,871,832,0.7936212528397836,0.6751769616529764,14.46,342,20,0
P0100,Headphones Premium,Electronics,Students,Pune,496.92,330.85,166.07,33.42,324,290,0.8793292075869391,0.4653973804611455,9.56,124,15,0
P0100,Headphones Premium,Electronics,Students,Kolkata,496.92,330.85,166.07,33.42,155,102,0.32240229017033695,0.5466785889505466,14.16,43,20,0
P0100,Headphones Premium,Electronics,Students,Ahmedabad,496.92,330.85,166.07,33.42,538,473,0.3171234979485363,0.4163345523163122,29.73,142,15,1
P0100,Headphones Premium,Electronics,Professionals,Hyderabad,496.92,330.85,166.07,33.42,181,138,0.24384986057096664,0.4370303226961932,16.31,45,15,1
P0100,Headphones Premium,Electronics,Professionals,Bengaluru,496.92,330.85,166.07,33.42,145,122,0.7960704128913738,0.9118708252007779,46.88,61,20,1
P0100,Headphones Premium,Electronics,Professionals,Mumbai,496.92,330.85,166.07,33.42,172,235,0.8678847491316772,0.8509582252308967,20.72,73,15,0
P0100,Headphones Premium,Electronics,Professionals,Delhi,496.92,330.85,166.07,33.42,317,250,0.6428609028623083,0.8422419158931984,17.02,121,15,0
P0100,Headphones Premium,Electronics,Professionals,Chennai,496.92,330.85,166.07,33.42,871,832,0.6031444814187741,0.21840057724690515,32.91,259,10,1
P0100,Headphones Premium,Electronics,Professionals,Pune,496.92,330.85,166.07,33.42,324,290,0.3476776701944751,0.4905936138444683,16.53,90,15,0
P0100,Headphones Premium,Electronics,Professionals,Kolkata,496.92,330.85,166.07,33.42,155,102,0.8156487737812578,0.23564644188119566,58.54,53,5,1
P0100,Headphones Premium,Electronics,Professionals,Ahmedabad,496.92,330.85,166.07,33.42,538,473,0.299357862645311,0.9467828612592422,3.92,176,5,0
P0100,Headphones Premium,Electronics,Families,Hyderabad,496.92,330.85,166.07,33.42,181,138,0.840958725578948,0.4814785590189985,8.52,68,10,0
P0100,Headphones Premium,Electronics,Families,Bengaluru,496.92,330.85,166.07,33.42,145,122,0.9303157900212428,0.9803733936328369,38.68,66,5,3
P0100,Headphones Premium,Electronics,Families,Mumbai,496.92,330.85,166.07,33.42,172,235,0.474849846836758,0.4020135942302184,11.68,50,5,0
P0100,Headphones Premium,Electronics,Families,Delhi,496.92,330.85,166.07,33.42,317,250,0.20733497342191684,0.3286267915710682,20.97,73,20,1
P0100,Headphones Premium,Electronics,Families,Chennai,496.92,330.85,166.07,33.42,871,832,0.4137916257639854,0.7398062637921157,22.26,283,15,0
P0100,Headphones Premium,Electronics,Families,Pune,496.92,330.85,166.07,33.42,324,290,0.6053498324599382,0.8192635870070291,80.65,121,15,1
P0100,Headphones Premium,Electronics,Families,Kolkata,496.92,330.85,166.07,33.42,155,102,0.9299007147586602,0.7789843566521499,22.22,67,10,1
P0100,Headphones Premium,Electronics,Families,Ahmedabad,496.92,330.85,166.07,33.42,538,473,0.7691689838757113,0.9119131804173755,8.17,224,15,0
P0100,Headphones Premium,Electronics,Premium Customers,Hyderabad,496.92,330.85,166.07,33.42,181,138,0.3228725104952618,0.28871845443938765,23.57,45,5,0
P0100,Headphones Premium,Electronics,Premium Customers,Bengaluru,496.92,330.85,166.07,33.42,145,122,0.5124871806075374,0.5699947377155065,71.97,46,5,1
P0100,Headphones Premium,Electronics,Premium Customers,Mumbai,496.92,330.85,166.07,33.42,172,235,0.6497023712351526,0.8139713945304861,15.91,65,15,0
P0100,Headphones Premium,Electronics,Premium Customers,Delhi,496.92,330.85,166.07,33.42,317,250,0.4719041550286066,0.2585846543060436,14.68,87,20,0
P0100,Headphones Premium,Electronics,Premium Customers,Chennai,496.92,330.85,166.07,33.42,871,832,0.46980816704910533,0.8657464113700468,7.68,306,20,0
P0100,Headphones Premium,Electronics,Premium Customers,Pune,496.92,330.85,166.07,33.42,324,290,0.6605956754939579,0.8347488056278007,28.02,125,10,2
P0100,Headphones Premium,Electronics,Premium Customers,Kolkata,496.92,330.85,166.07,33.42,155,102,0.4726723717142486,0.8278308051807393,4.57,53,10,0
P0100,Headphones Premium,Electronics,Premium Customers,Ahmedabad,496.92,330.85,166.07,33.42,538,473,0.811619804748037,0.2601388439629796,22.58,185,10,1
