transaction_id,date,customer_id,product_id,location,quantity,discount_pct,unit_price,revenue
T0000001,2025-08-24,C00788,P0082,Bengaluru,1,0,352.74,352.74
T0000002,2025-08-02,C00752,P0068,Kolkata,2,10,309.51,619.02
T0000003,2026-09-29,C00412,P0043,Ahmedabad,1,5,274.52,274.52
T0000004,2026-09-28,C00110,P0024,Mumbai,1,0,254.35,254.35
T0000005,2026-06-26,C00279,P0093,Hyderabad,2,0,567.34,1134.68
T0000006,2025-12-26,C00115,P0033,Delhi,1,0,276.55,276.55
T0000007,2025-09-16,C00486,P0020,Ahmedabad,1,5,1025.64,1025.64
T0000008,2026-06-07,C00778,P0093,Ahmedabad,1,15,482.24,482.24
T0000009,2025-02-19,C00688,P0025,Pune,3,0,185.23,555.69
T0000010,2026-03-15,C00922,P0057,Pune,1,10,384.84,384.84
T0000011,2026-07-14,C00846,P0044,Delhi,2,25,299.31,598.62
T0000012,2025-12-15,C00248,P0011,Ahmedabad,1,0,381.49,381.49
T0000013,2025-02-17,C00484,P0042,Kolkata,2,15,649.32,1298.64
T0000014,2025-02-13,C00010,P0053,Bengaluru,2,10,172.49,344.98
T0000015,2026-02-01,C00568,P0068,Pune,1,15,292.32,292.32
T0000016,2026-05-17,C00174,P0026,Hyderabad,1,5,542.7,542.7
T0000017,2025-10-31,C00441,P0044,Mumbai,2,15,339.22,678.44
T0000018,2025-05-29,C00972,P0022,Delhi,1,15,401.54,401.54
T0000019,2025-04-06,C00027,P0088,Hyderabad,1,15,175.02,175.02
T0000020,2026-09-11,C00384,P0009,Kolkata,2,0,121.01,242.02
T0000021,2026-05-28,C00580,P0097,Ahmedabad,1,10,1716.2,1716.2
T0000022,2025-12-03,C00921,P0068,Pune,1,0,343.9,343.9
T0000023,2025-04-01,C00008,P0088,Kolkata,1,0,205.91,205.91
T0000024,2025-08-07,C00854,P0096,Ahmedabad,1,5,923.08,923.08
T0000025,2025-11-02,C00118,P0004,Mumbai,4,15,476.76,1907.04
T0000026,2025-04-22,C00654,P0048,Hyderabad,2,10,553.99,1107.98
T0000027,2025-08-09,C00417,P0082,Delhi,1,0,352.74,352.74
T0000028,2026-03-03,C00864,P0058,Delhi,1,10,741.78,741.78
T0000029,2026-05-19,C00644,P0057,Ahmedabad,1,15,363.46,363.46
T0000030,2025-05-09,C00131,P0070,Pune,1,10,606.36,606.36
T0000031,2026-04-04,C00057,P0025,Delhi,1,5,175.97,175.97
T0000032,2025-06-05,C00218,P0046,Hyderabad,2,0,568.98,1137.96
T0000033,2025-01-25,C00565,P0068,Delhi,1,10,309.51,309.51
T0000034,2025-04-16,C00806,P0089,Kolkata,2,0,210.16,420.32
T0000035,2025-04-14,C00096,P0092,Chennai,1,15,287.14,287.14
T0000036,2025-02-12,C00845,P0083,Ahmedabad,1,0,4654.23,4654.23
T0000037,2025-04-25,C00947,P0031,Delhi,1,0,232.11,232.11
T0000038,2025-03-12,C00155,P0060,Hyderabad,1,5,312.78,312.78
T0000039,2025-08-01,C00519,P0030,Chennai,2,10,347.85,695.7
T0000040,2025-09-05,C00181,P0025,Mumbai,2,0,185.23,370.46
T0000041,2026-05-31,C00214,P0045,Bengaluru,1,0,162.29,162.29
T0000042,2026-08-26,C00088,P0061,Kolkata,1,10,201.51,201.51
T0000043,2026-03-09,C00771,P0073,Hyderabad,1,0,287.1,287.1
T0000044,2025-08-18,C00470,P0011,Ahmedabad,1,0,381.49,381.49
T0000045,2026-07-14,C00460,P0099,Bengaluru,1,0,306.5,306.5
T0000046,2025-12-24,C00477,P0066,Kolkata,1,0,998.6,998.6
T0000047,2026-04-27,C00646,P0075,Mumbai,1,0,169.09,169.09
T0000048,2025-11-12,C00895,P0096,Mumbai,1,20,777.33,777.33
T0000049,2026-01-24,C00571,P0058,Ahmedabad,2,5,782.99,1565.98
T0000050,2026-07-20,C00722,P0083,Chennai,1,10,4188.81,4188.81
T0000051,2025-10-31,C00721,P0092,Ahmedabad,1,10,304.03,304.03
T0000052,2025-01-06,C00764,P0067,Kolkata,1,5,462.0,462.0
T0000053,2025-01-13,C00930,P0072,Bengaluru,1,25,223.51,223.51
T0000054,2026-06-10,C00303,P0056,Kolkata,1,0,533.92,533.92
T0000055,2025-05-30,C00180,P0056,Delhi,1,10,480.53,480.53
T0000056,2025-09-23,C00016,P0082,Bengaluru,1,0,352.74,352.74
T0000057,2026-06-27,C00409,P0086,Ahmedabad,2,10,372.25,744.5
T0000058,2025-05-12,C00498,P0033,Pune,1,5,262.72,262.72
T0000059,2026-09-19,C00324,P0033,Bengaluru,2,25,207.41,414.82
T0000060,2025-01-16,C00301,P0020,Chennai,1,15,917.68,917.68
T0000061,2026-05-18,C00534,P0025,Kolkata,2,20,148.18,296.36
T0000062,2025-09-20,C00956,P0048,Mumbai,1,10,553.99,553.99
T0000063,2025-06-24,C00563,P0008,Kolkata,1,0,184.43,184.43
T0000064,2026-03-14,C00963,P0068,Chennai,1,15,292.32,292.32
T0000065,2025-10-23,C00343,P0003,Pune,1,5,338.83,338.83
T0000066,2025-10-28,C00868,P0086,Delhi,1,10,372.25,372.25
T0000067,2026-01-21,C00006,P0087,Hyderabad,1,10,307.27,307.27
T0000068,2026-08-17,C00619,P0093,Kolkata,1,10,510.61,510.61
T0000069,2025-10-21,C00566,P0100,Chennai,3,5,472.07,1416.21
T0000070,2025-03-18,C00911,P0061,Kolkata,1,0,223.9,223.9
T0000071,2026-03-21,C00048,P0093,Ahmedabad,1,15,482.24,482.24
T0000072,2026-04-10,C00971,P0018,Bengaluru,1,10,690.51,690.51
T0000073,2026-07-13,C00502,P0085,Delhi,1,5,556.79,556.79
T0000074,2026-08-12,C00359,P0097,Kolkata,1,0,1906.89,1906.89
T0000075,2025-02-27,C00204,P0013,Delhi,4,20,466.15,1864.6
T0000076,2025-10-16,C00254,P0018,Bengaluru,1,15,652.15,652.15
T0000077,2025-10-31,C00371,P0071,Bengaluru,1,15,1362.02,1362.02
T0000078,2026-01-10,C00579,P0094,Mumbai,1,0,1058.21,1058.21
T0000079,2026-01-24,C00220,P0073,Ahmedabad,1,0,287.1,287.1
T0000080,2025-03-06,C00215,P0059,Pune,2,0,257.22,514.44
T0000081,2025-03-07,C00963,P0093,Chennai,2,10,510.61,1021.22
T0000082,2025-05-13,C00517,P0004,Hyderabad,1,5,532.85,532.85
T0000083,2025-06-08,C00434,P0025,Chennai,2,15,157.45,314.9
T0000084,2026-04-19,C00268,P0024,Ahmedabad,1,10,228.92,228.92
T0000085,2025-09-28,C00801,P0069,Pune,2,5,117.83,235.66
T0000086,2025-09-29,C00114,P0004,Pune,1,0,560.89,560.89
T0000087,2025-10-13,C00502,P0027,Delhi,2,0,598.6,1197.2
T0000088,2025-05-14,C00010,P0016,Bengaluru,1,0,1058.17,1058.17
T0000089,2026-05-17,C00835,P0054,Pune,1,0,291.3,291.3
T0000090,2026-02-12,C00572,P0081,Pune,1,5,2084.94,2084.94
T0000091,2025-08-25,C00552,P0070,Bengaluru,1,0,673.73,673.73
T0000092,2026-01-11,C00727,P0100,Hyderabad,3,0,496.92,1490.76
T0000093,2026-09-22,C00619,P0043,Kolkata,3,5,274.52,823.56
T0000094,2026-07-17,C00290,P0052,Kolkata,1,15,217.88,217.88
T0000095,2025-12-10,C00564,P0045,Pune,2,10,146.06,292.12
T0000096,2025-12-23,C00757,P0074,Mumbai,1,25,346.06,346.06
T0000097,2026-07-05,C00062,P0098,Hyderabad,3,10,948.52,2845.56
T0000098,2025-05-01,C00380,P0058,Mumbai,1,5,782.99,782.99
T0000099,2025-12-03,C00525,P0037,Chennai,1,0,293.17,293.17
T0000100,2025-11-18,C00379,P0043,Delhi,3,15,245.62,736.86
T0000101,2026-08-02,C00975,P0012,Bengaluru,1,0,222.18,222.18
T0000102,2025-06-27,C00453,P0014,Delhi,3,10,834.21,2502.63
T0000103,2025-07-13,C00931,P0081,Kolkata,1,10,1975.2,1975.2
T0000104,2025-08-09,C00149,P0040,Kolkata,2,10,658.32,1316.64
T0000105,2026-05-09,C00053,P0043,Ahmedabad,1,0,288.97,288.97
T0000106,2025-06-24,C00688,P0070,Pune,2,20,538.98,1077.96
T0000107,2026-06-02,C00746,P0019,Hyderabad,1,10,156.57,156.57
T0000108,2025-08-21,C00021,P0054,Kolkata,1,0,291.3,291.3
T0000109,2025-02-13,C00728,P0036,Chennai,1,0,471.39,471.39
T0000110,2026-03-30,C00091,P0002,Bengaluru,2,15,276.24,552.48
T0000111,2026-01-11,C00595,P0087,Pune,1,5,324.34,324.34
T0000112,2026-07-16,C00130,P0083,Bengaluru,1,5,4421.52,4421.52
T0000113,2025-10-03,C00607,P0052,Hyderabad,2,0,256.33,512.66
T0000114,2025-08-12,C00892,P0094,Chennai,3,5,1005.3,3015.9
T0000115,2025-08-29,C00974,P0089,Hyderabad,1,15,178.64,178.64
T0000116,2025-11-30,C00547,P0100,Pune,1,0,496.92,496.92
T0000117,2026-05-10,C00725,P0021,Chennai,3,5,597.11,1791.33
T0000118,2026-01-30,C00417,P0039,Delhi,1,10,644.16,644.16
T0000119,2025-08-26,C00923,P0078,Bengaluru,1,25,271.21,271.21
T0000120,2026-09-08,C00010,P0046,Bengaluru,1,0,568.98,568.98
T0000121,2025-11-03,C00698,P0094,Chennai,1,0,1058.21,1058.21
T0000122,2026-06-10,C00548,P0061,Bengaluru,1,10,201.51,201.51
T0000123,2026-09-14,C00749,P0075,Hyderabad,1,15,143.73,143.73
T0000124,2026-06-22,C00709,P0077,Hyderabad,1,10,1433.78,1433.78
T0000125,2025-01-03,C00774,P0092,Ahmedabad,1,0,337.81,337.81
T0000126,2025-10-02,C00575,P0073,Kolkata,1,15,244.04,244.04
T0000127,2026-01-22,C00530,P0039,Pune,1,10,644.16,644.16
T0000128,2025-08-05,C00126,P0049,Bengaluru,1,5,130.12,130.12
T0000129,2025-07-18,C00245,P0067,Pune,1,10,437.69,437.69
T0000130,2026-09-26,C00332,P0044,Bengaluru,1,0,399.08,399.08
T0000131,2026-04-03,C00556,P0051,Mumbai,1,0,836.11,836.11
T0000132,2025-07-20,C00830,P0004,Kolkata,1,10,504.8,504.8
T0000133,2026-02-03,C00059,P0039,Pune,2,10,644.16,1288.32
T0000134,2025-05-14,C00834,P0088,Hyderabad,1,10,185.32,185.32
T0000135,2026-09-17,C00693,P0055,Chennai,1,5,3220.88,3220.88
T0000136,2025-05-27,C00107,P0009,Mumbai,1,5,114.96,114.96
T0000137,2026-05-23,C00327,P0005,Chennai,1,25,112.11,112.11
T0000138,2025-04-19,C00891,P0028,Mumbai,1,5,591.98,591.98
T0000139,2026-01-08,C00889,P0074,Hyderabad,1,10,415.27,415.27
T0000140,2025-12-06,C00027,P0063,Hyderabad,1,0,141.64,141.64
T0000141,2026-06-26,C00301,P0097,Chennai,1,0,1906.89,1906.89
T0000142,2025-09-18,C00596,P0068,Pune,2,20,275.12,550.24
T0000143,2025-08-10,C00063,P0007,Pune,3,15,445.57,1336.71
T0000144,2025-07-21,C00152,P0022,Delhi,1,0,472.4,472.4
T0000145,2026-05-13,C00995,P0052,Kolkata,1,10,230.7,230.7
T0000146,2026-08-07,C00555,P0091,Kolkata,1,15,237.89,237.89
T0000147,2025-03-12,C00736,P0087,Pune,1,20,273.13,273.13
T0000148,2025-08-16,C00716,P0053,Hyderabad,1,5,182.08,182.08
T0000149,2025-09-03,C00079,P0096,Bengaluru,2,15,825.91,1651.82
T0000150,2026-06-14,C00272,P0089,Chennai,1,15,178.64,178.64
T0000151,2025-02-25,C00442,P0090,Kolkata,1,5,266.68,266.68
T0000152,2025-10-05,C00591,P0029,Chennai,2,10,376.01,752.02
T0000153,2025-03-27,C00885,P0068,Kolkata,1,15,292.32,292.32
T0000154,2025-06-23,C00320,P0096,Mumbai,4,15,825.91,3303.64
T0000155,2026-01-08,C00948,P0059,Delhi,2,0,257.22,514.44
T0000156,2025-03-12,C00081,P0053,Mumbai,1,10,172.49,172.49
T0000157,2025-02-15,C00969,P0036,Bengaluru,1,15,400.68,400.68
T0000158,2026-09-23,C00047,P0036,Pune,2,5,447.82,895.64
T0000159,2025-09-01,C00966,P0024,Bengaluru,2,5,241.63,483.26
T0000160,2026-07-03,C00474,P0085,Delhi,2,10,527.49,1054.98
T0000161,2026-06-14,C00520,P0039,Kolkata,3,0,715.73,2147.19
T0000162,2026-04-06,C00825,P0015,Pune,1,0,2573.78,2573.78
T0000163,2026-04-10,C00215,P0062,Pune,2,10,1190.31,2380.62
T0000164,2026-08-15,C00104,P0031,Ahmedabad,1,25,174.08,174.08
T0000165,2026-07-14,C00141,P0077,Bengaluru,1,0,1593.09,1593.09
T0000166,2026-02-15,C00087,P0092,Mumbai,2,0,337.81,675.62
T0000167,2026-06-24,C00284,P0012,Hyderabad,2,0,222.18,444.36
T0000168,2026-08-11,C00361,P0055,Mumbai,1,5,3220.88,3220.88
T0000169,2026-07-23,C00245,P0091,Pune,1,25,209.9,209.9
T0000170,2025-02-25,C00310,P0055,Ahmedabad,1,0,3390.4,3390.4
T0000171,2025-09-06,C00791,P0099,Kolkata,1,15,260.52,260.52
T0000172,2025-01-15,C00698,P0026,Chennai,1,20,457.01,457.01
T0000173,2026-03-17,C00370,P0025,Delhi,1,5,175.97,175.97
T0000174,2026-09-15,C00186,P0082,Delhi,1,5,335.1,335.1
T0000175,2025-06-10,C00001,P0056,Delhi,2,0,533.92,1067.84
T0000176,2026-04-16,C00161,P0061,Mumbai,1,0,223.9,223.9
T0000177,2025-02-08,C00463,P0033,Mumbai,1,10,248.9,248.9
T0000178,2025-10-07,C00240,P0004,Ahmedabad,1,0,560.89,560.89
T0000179,2025-03-09,C00116,P0047,Bengaluru,1,5,684.49,684.49
T0000180,2025-04-21,C00694,P0005,Pune,1,5,142.01,142.01
T0000181,2026-08-27,C00094,P0068,Bengaluru,1,5,326.7,326.7
T0000182,2025-10-24,C00376,P0020,Hyderabad,1,10,971.66,971.66
T0000183,2025-03-07,C00308,P0016,Kolkata,1,10,952.35,952.35
T0000184,2025-11-13,C00792,P0068,Kolkata,1,15,292.32,292.32
T0000185,2025-02-28,C00942,P0044,Chennai,1,10,359.17,359.17
T0000186,2025-12-20,C00386,P0093,Hyderabad,1,5,538.97,538.97
T0000187,2026-04-16,C00035,P0031,Ahmedabad,2,25,174.08,348.16
T0000188,2025-05-27,C00531,P0022,Pune,1,10,425.16,425.16
T0000189,2025-09-13,C00374,P0093,Delhi,1,0,567.34,567.34
T0000190,2025-02-11,C00960,P0040,Delhi,1,0,731.47,731.47
T0000191,2025-01-14,C00367,P0095,Ahmedabad,3,15,294.67,884.01
T0000192,2025-10-22,C00920,P0091,Pune,3,5,265.88,797.64
T0000193,2026-09-27,C00183,P0068,Ahmedabad,1,10,309.51,309.51
T0000194,2026-08-03,C00595,P0056,Pune,3,5,507.22,1521.66
T0000195,2026-04-01,C00560,P0060,Bengaluru,2,10,296.32,592.64
T0000196,2025-04-30,C00302,P0087,Pune,1,10,307.27,307.27
T0000197,2026-08-29,C00246,P0063,Hyderabad,1,0,141.64,141.64
T0000198,2025-10-17,C00394,P0049,Ahmedabad,3,10,123.27,369.81
T0000199,2026-02-10,C00763,P0091,Kolkata,1,10,251.88,251.88
T0000200,2026-09-13,C00992,P0091,Delhi,1,25,209.9,209.9
T0000201,2026-08-04,C00768,P0008,Delhi,3,0,184.43,553.29
T0000202,2025-04-18,C00609,P0066,Delhi,1,20,798.88,798.88
T0000203,2026-07-09,C00321,P0021,Hyderabad,1,10,565.69,565.69
T0000204,2025-11-03,C00699,P0085,Ahmedabad,1,0,586.1,586.1
T0000205,2025-10-03,C00004,P0032,Bengaluru,2,5,901.21,1802.42
T0000206,2025-11-06,C00152,P0022,Delhi,1,5,448.78,448.78
T0000207,2025-07-02,C00930,P0099,Bengaluru,1,10,275.85,275.85
T0000208,2025-09-29,C00821,P0026,Pune,1,0,571.26,571.26
T0000209,2026-05-18,C00726,P0055,Chennai,2,5,3220.88,6441.76
T0000210,2025-05-12,C00147,P0058,Delhi,1,0,824.2,824.2
T0000211,2025-09-20,C00854,P0007,Ahmedabad,1,0,524.2,524.2
T0000212,2026-02-13,C00643,P0089,Chennai,4,10,189.14,756.56
T0000213,2025-03-22,C00828,P0086,Kolkata,2,15,351.57,703.14
T0000214,2025-02-08,C00274,P0093,Ahmedabad,1,10,510.61,510.61
T0000215,2025-04-07,C00948,P0064,Delhi,2,15,589.63,1179.26
T0000216,2026-04-29,C00191,P0070,Mumbai,1,0,673.73,673.73
T0000217,2026-02-11,C00849,P0013,Bengaluru,4,10,524.42,2097.68
T0000218,2025-01-23,C00313,P0067,Delhi,1,0,486.32,486.32
T0000219,2026-08-16,C00105,P0014,Ahmedabad,1,0,926.9,926.9
T0000220,2026-09-25,C00941,P0007,Bengaluru,1,0,524.2,524.2
T0000221,2026-03-30,C00078,P0026,Chennai,1,0,571.26,571.26
T0000222,2026-04-09,C00443,P0049,Hyderabad,1,25,102.73,102.73
T0000223,2026-06-09,C00807,P0035,Ahmedabad,2,0,367.0,734.0
T0000224,2026-05-04,C00382,P0063,Pune,2,0,141.64,283.28
T0000225,2026-01-10,C00028,P0061,Kolkata,1,0,223.9,223.9
T0000226,2025-03-25,C00868,P0032,Delhi,1,0,948.64,948.64
T0000227,2026-03-14,C00046,P0030,Delhi,1,0,386.5,386.5
T0000228,2026-08-13,C00136,P0080,Mumbai,2,5,311.23,622.46
T0000229,2025-11-04,C00928,P0074,Kolkata,2,15,392.2,784.4
T0000230,2026-03-08,C00708,P0044,Ahmedabad,2,0,399.08,798.16
T0000231,2026-07-01,C00052,P0063,Chennai,2,5,134.56,269.12
T0000232,2026-04-11,C00401,P0060,Hyderabad,2,10,296.32,592.64
T0000233,2025-06-26,C00652,P0093,Chennai,1,20,453.87,453.87
T0000234,2025-01-25,C00052,P0010,Chennai,1,20,875.74,875.74
T0000235,2025-07-17,C00450,P0096,Pune,1,5,923.08,923.08
T0000236,2026-01-13,C00094,P0093,Bengaluru,2,10,510.61,1021.22
T0000237,2025-02-08,C00587,P0047,Hyderabad,1,5,684.49,684.49
T0000238,2025-02-08,C00458,P0074,Kolkata,1,20,369.13,369.13
T0000239,2025-04-05,C00964,P0016,Bengaluru,2,20,846.54,1693.08
T0000240,2025-03-06,C00985,P0053,Hyderabad,1,0,191.66,191.66
T0000241,2026-07-09,C00228,P0013,Mumbai,2,0,582.69,1165.38
T0000242,2025-12-28,C00756,P0062,Hyderabad,1,0,1322.57,1322.57
T0000243,2025-08-19,C00112,P0043,Ahmedabad,3,10,260.07,780.21
T0000244,2026-07-15,C00239,P0030,Pune,1,5,367.17,367.17
T0000245,2025-03-03,C00422,P0081,Kolkata,2,20,1755.74,3511.48
T0000246,2026-06-25,C00471,P0067,Kolkata,1,0,486.32,486.32
T0000247,2025-01-02,C00626,P0084,Hyderabad,1,10,477.31,477.31
T0000248,2025-04-18,C00233,P0010,Delhi,2,0,1094.67,2189.34
T0000249,2025-06-24,C00276,P0022,Kolkata,1,10,425.16,425.16
T0000250,2025-03-24,C00123,P0093,Ahmedabad,2,10,510.61,1021.22
T0000251,2026-01-26,C00765,P0005,Delhi,1,0,149.48,149.48
T0000252,2025-09-22,C00428,P0055,Chennai,2,5,3220.88,6441.76
T0000253,2026-05-13,C00468,P0065,Mumbai,2,25,951.98,1903.96
T0000254,2025-12-20,C00597,P0001,Pune,3,15,621.86,1865.58
T0000255,2025-10-05,C00828,P0032,Kolkata,1,10,853.78,853.78
T0000256,2026-06-09,C00750,P0093,Hyderabad,1,0,567.34,567.34
T0000257,2025-11-22,C00839,P0097,Hyderabad,1,20,1525.51,1525.51
T0000258,2026-04-19,C00148,P0007,Chennai,3,20,419.36,1258.08
T0000259,2026-03-18,C00762,P0068,Ahmedabad,2,10,309.51,619.02
T0000260,2026-09-20,C00645,P0032,Ahmedabad,3,5,901.21,2703.63
T0000261,2025-08-28,C00305,P0065,Delhi,1,15,1078.91,1078.91
T0000262,2025-03-18,C00570,P0040,Pune,3,15,621.75,1865.25
T0000263,2025-11-06,C00929,P0091,Delhi,2,0,279.87,559.74
T0000264,2026-03-26,C00599,P0071,Pune,1,20,1281.9,1281.9
T0000265,2025-08-08,C00565,P0093,Delhi,2,10,510.61,1021.22
T0000266,2026-05-26,C00406,P0048,Bengaluru,2,20,492.43,984.86
T0000267,2026-08-13,C00963,P0068,Chennai,4,0,343.9,1375.6
T0000268,2026-05-07,C00297,P0064,Ahmedabad,1,10,624.31,624.31
T0000269,2026-07-15,C00908,P0031,Bengaluru,1,25,174.08,174.08
T0000270,2025-04-18,C00821,P0063,Pune,3,5,134.56,403.68
T0000271,2025-02-18,C00245,P0011,Pune,1,10,343.34,343.34
T0000272,2026-03-20,C00462,P0100,Bengaluru,1,15,422.38,422.38
T0000273,2026-04-08,C00359,P0033,Kolkata,1,0,276.55,276.55
T0000274,2025-04-21,C00756,P0066,Hyderabad,1,10,898.74,898.74
T0000275,2026-08-11,C00620,P0089,Ahmedabad,3,25,157.62,472.86
T0000276,2026-08-29,C00596,P0093,Pune,2,0,567.34,1134.68
T0000277,2025-12-10,C00297,P0028,Ahmedabad,3,5,591.98,1775.94
T0000278,2025-03-09,C00078,P0077,Chennai,1,5,1513.44,1513.44
T0000279,2026-02-13,C00193,P0039,Mumbai,1,15,608.37,608.37
T0000280,2026-02-26,C00508,P0076,Ahmedabad,1,15,334.25,334.25
T0000281,2025-10-18,C00964,P0039,Bengaluru,2,20,572.58,1145.16
T0000282,2026-03-17,C00488,P0043,Pune,1,5,274.52,274.52
T0000283,2025-04-02,C00540,P0055,Chennai,1,10,3051.36,3051.36
T0000284,2026-09-12,C00767,P0004,Pune,1,0,560.89,560.89
T0000285,2025-04-25,C00899,P0051,Ahmedabad,1,5,794.3,794.3
T0000286,2025-08-02,C00396,P0009,Hyderabad,2,10,108.91,217.82
T0000287,2026-09-30,C00745,P0088,Kolkata,2,0,205.91,411.82
T0000288,2025-01-05,C00853,P0019,Chennai,1,10,156.57,156.57
T0000289,2026-05-07,C00231,P0060,Mumbai,2,5,312.78,625.56
T0000290,2025-06-01,C00226,P0077,Delhi,1,5,1513.44,1513.44
T0000291,2026-05-19,C00224,P0063,Bengaluru,1,0,141.64,141.64
T0000292,2025-01-23,C00955,P0004,Chennai,4,0,560.89,2243.56
T0000293,2025-06-24,C00636,P0068,Delhi,1,0,343.9,343.9
T0000294,2025-10-07,C00999,P0041,Pune,3,0,930.63,2791.89
T0000295,2025-01-23,C00740,P0022,Delhi,1,5,448.78,448.78
T0000296,2026-07-04,C00719,P0020,Mumbai,1,0,1079.62,1079.62
T0000297,2025-02-07,C00931,P0055,Kolkata,2,0,3390.4,6780.8
T0000298,2026-06-01,C00733,P0018,Ahmedabad,2,15,652.15,1304.3
T0000299,2025-06-11,C00068,P0017,Bengaluru,2,25,233.48,466.96
T0000300,2026-06-22,C00214,P0072,Bengaluru,2,5,283.11,566.22
T0000301,2025-08-18,C00939,P0017,Hyderabad,1,10,280.17,280.17
T0000302,2026-04-18,C00059,P0035,Pune,4,0,367.0,1468.0
T0000303,2025-05-26,C00632,P0100,Hyderabad,1,25,372.69,372.69
T0000304,2026-08-09,C00524,P0066,Mumbai,2,0,998.6,1997.2
T0000305,2025-07-10,C00994,P0072,Mumbai,1,5,283.11,283.11
T0000306,2025-06-16,C00973,P0019,Hyderabad,1,25,130.48,130.48
T0000307,2026-06-15,C00168,P0036,Mumbai,2,20,377.11,754.22
T0000308,2025-07-04,C00290,P0079,Kolkata,1,15,349.2,349.2
T0000309,2025-03-22,C00339,P0085,Ahmedabad,2,5,556.79,1113.58
T0000310,2025-05-27,C00374,P0093,Delhi,1,5,538.97,538.97
T0000311,2026-08-29,C00481,P0045,Hyderabad,2,0,162.29,324.58
T0000312,2025-07-23,C00881,P0088,Ahmedabad,1,15,175.02,175.02
T0000313,2026-05-15,C00554,P0075,Kolkata,1,0,169.09,169.09
T0000314,2026-04-20,C00369,P0020,Delhi,1,10,971.66,971.66
T0000315,2026-05-03,C00847,P0069,Mumbai,1,10,111.63,111.63
T0000316,2026-07-23,C00279,P0093,Hyderabad,2,0,567.34,1134.68
T0000317,2026-04-14,C00489,P0052,Chennai,1,15,217.88,217.88
T0000318,2025-07-03,C00745,P0100,Kolkata,1,10,447.23,447.23
T0000319,2025-03-14,C00311,P0032,Mumbai,1,0,948.64,948.64
T0000320,2025-01-09,C00847,P0052,Mumbai,1,0,256.33,256.33
T0000321,2025-01-27,C00236,P0035,Mumbai,2,10,330.3,660.6
T0000322,2026-04-11,C00550,P0020,Chennai,1,5,1025.64,1025.64
T0000323,2025-01-30,C00099,P0093,Hyderabad,1,10,510.61,510.61
T0000324,2025-06-29,C00725,P0042,Chennai,2,15,649.32,1298.64
T0000325,2026-05-14,C00797,P0067,Pune,1,0,486.32,486.32
T0000326,2025-07-22,C00146,P0053,Pune,1,15,162.91,162.91
T0000327,2025-11-10,C00496,P0018,Delhi,1,0,767.23,767.23
T0000328,2025-12-05,C00771,P0086,Hyderabad,3,15,351.57,1054.71
T0000329,2026-08-22,C00493,P0093,Ahmedabad,1,5,538.97,538.97
T0000330,2025-01-27,C00219,P0082,Delhi,2,5,335.1,670.2
T0000331,2025-05-28,C00942,P0026,Chennai,1,10,514.13,514.13
T0000332,2026-03-05,C00424,P0051,Pune,1,20,668.89,668.89
T0000333,2026-06-28,C00041,P0043,Pune,1,10,260.07,260.07
T0000334,2025-05-16,C00450,P0069,Pune,2,0,124.03,248.06
T0000335,2025-08-24,C00484,P0072,Kolkata,1,10,268.21,268.21
T0000336,2025-03-12,C00048,P0068,Ahmedabad,2,5,326.7,653.4
T0000337,2025-10-20,C00520,P0053,Kolkata,1,10,172.49,172.49
T0000338,2026-04-23,C00938,P0011,Chennai,1,0,381.49,381.49
T0000339,2025-07-20,C00262,P0017,Delhi,1,5,295.74,295.74
T0000340,2025-09-15,C00902,P0075,Pune,2,10,152.18,304.36
T0000341,2025-11-29,C00570,P0018,Pune,1,0,767.23,767.23
T0000342,2025-12-17,C00562,P0093,Bengaluru,3,5,538.97,1616.91
T0000343,2026-02-17,C00334,P0067,Mumbai,2,15,413.37,826.74
T0000344,2025-02-06,C00943,P0084,Delhi,1,20,424.27,424.27
T0000345,2026-06-14,C00619,P0043,Kolkata,3,20,231.18,693.54
T0000346,2025-09-21,C00345,P0015,Bengaluru,1,0,2573.78,2573.78
T0000347,2026-05-27,C00472,P0018,Chennai,3,10,690.51,2071.53
T0000348,2025-11-08,C00854,P0050,Ahmedabad,1,5,1076.38,1076.38
T0000349,2025-09-01,C00174,P0044,Hyderabad,1,10,359.17,359.17
T0000350,2025-06-18,C00348,P0056,Mumbai,1,15,453.83,453.83
T0000351,2026-05-28,C00420,P0086,Delhi,1,5,392.93,392.93
T0000352,2026-07-07,C00712,P0091,Ahmedabad,3,0,279.87,839.61
T0000353,2025-06-16,C00844,P0016,Pune,1,25,793.63,793.63
T0000354,2025-12-23,C00635,P0065,Chennai,2,10,1142.38,2284.76
T0000355,2025-01-24,C00111,P0017,Kolkata,1,10,280.17,280.17
T0000356,2025-01-17,C00026,P0070,Mumbai,2,10,606.36,1212.72
T0000357,2026-08-06,C00245,P0031,Pune,2,5,220.5,441.0
T0000358,2025-01-23,C00688,P0070,Pune,1,10,606.36,606.36
T0000359,2025-03-22,C00967,P0092,Ahmedabad,1,10,304.03,304.03
T0000360,2025-03-25,C00596,P0093,Pune,1,15,482.24,482.24
T0000361,2025-02-28,C00300,P0080,Bengaluru,3,10,294.85,884.55
T0000362,2025-12-08,C00909,P0039,Ahmedabad,1,20,572.58,572.58
T0000363,2025-09-13,C00610,P0098,Delhi,1,15,895.82,895.82
T0000364,2025-12-13,C00828,P0027,Kolkata,1,0,598.6,598.6
T0000365,2026-02-16,C00526,P0092,Pune,2,15,287.14,574.28
T0000366,2026-01-22,C00878,P0032,Hyderabad,1,0,948.64,948.64
T0000367,2025-03-10,C00769,P0099,Chennai,4,0,306.5,1226.0
T0000368,2026-05-03,C00659,P0080,Hyderabad,1,10,294.85,294.85
T0000369,2025-06-27,C00431,P0061,Mumbai,1,20,179.12,179.12
T0000370,2025-03-23,C00857,P0065,Bengaluru,1,5,1205.84,1205.84
T0000371,2025-03-15,C00846,P0077,Delhi,1,5,1513.44,1513.44
T0000372,2026-07-06,C00010,P0082,Bengaluru,2,0,352.74,705.48
T0000373,2026-01-24,C00193,P0003,Mumbai,1,5,338.83,338.83
T0000374,2026-07-18,C00866,P0040,Chennai,1,5,694.9,694.9
T0000375,2025-11-08,C00529,P0058,Bengaluru,1,10,741.78,741.78
T0000376,2025-12-25,C00733,P0047,Ahmedabad,1,20,576.42,576.42
T0000377,2025-02-11,C00368,P0032,Ahmedabad,1,0,948.64,948.64
T0000378,2026-03-13,C00202,P0059,Chennai,2,0,257.22,514.44
T0000379,2025-08-01,C00893,P0014,Mumbai,1,10,834.21,834.21
T0000380,2026-01-15,C00949,P0032,Bengaluru,2,0,948.64,1897.28
T0000381,2025-06-03,C00967,P0099,Ahmedabad,1,5,291.18,291.18
T0000382,2025-07-23,C00642,P0034,Chennai,4,5,267.08,1068.32
T0000383,2025-07-08,C00611,P0068,Kolkata,1,10,309.51,309.51
T0000384,2025-03-05,C00272,P0066,Chennai,1,5,948.67,948.67
T0000385,2026-04-15,C00413,P0014,Ahmedabad,1,5,880.56,880.56
T0000386,2025-06-06,C00810,P0091,Delhi,1,10,251.88,251.88
T0000387,2025-07-22,C00831,P0091,Chennai,1,15,237.89,237.89
T0000388,2025-07-01,C00641,P0019,Mumbai,1,10,156.57,156.57
T0000389,2025-03-11,C00615,P0025,Hyderabad,1,5,175.97,175.97
T0000390,2026-06-27,C00160,P0082,Kolkata,3,25,264.56,793.68
T0000391,2025-11-04,C00524,P0064,Mumbai,1,10,624.31,624.31
T0000392,2026-03-15,C00645,P0034,Ahmedabad,2,0,281.14,562.28
T0000393,2025-07-11,C00715,P0038,Pune,1,10,506.39,506.39
T0000394,2026-06-16,C00788,P0065,Bengaluru,1,0,1269.31,1269.31
T0000395,2026-03-28,C00122,P0091,Mumbai,2,5,265.88,531.76
T0000396,2025-05-07,C00169,P0091,Ahmedabad,1,25,209.9,209.9
T0000397,2026-06-12,C00405,P0016,Ahmedabad,3,10,952.35,2857.05
T0000398,2026-06-11,C00398,P0043,Kolkata,1,20,231.18,231.18
T0000399,2026-09-26,C00436,P0049,Ahmedabad,2,5,130.12,260.24
T0000400,2026-08-15,C00241,P0093,Chennai,1,0,567.34,567.34
T0000401,2025-10-14,C00775,P0093,Chennai,2,20,453.87,907.74
T0000402,2025-09-18,C00562,P0043,Bengaluru,1,10,260.07,260.07
T0000403,2025-02-05,C00704,P0087,Mumbai,1,15,290.2,290.2
T0000404,2026-06-13,C00079,P0007,Bengaluru,1,20,419.36,419.36
T0000405,2026-05-26,C00204,P0056,Delhi,1,5,507.22,507.22
T0000406,2026-07-22,C00210,P0093,Kolkata,1,10,510.61,510.61
T0000407,2025-05-15,C00080,P0013,Bengaluru,1,10,524.42,524.42
T0000408,2025-03-24,C00844,P0005,Pune,3,0,149.48,448.44
T0000409,2026-05-08,C00621,P0083,Chennai,1,25,3490.67,3490.67
T0000410,2026-04-17,C00499,P0021,Mumbai,1,10,565.69,565.69
T0000411,2025-03-07,C00995,P0074,Kolkata,2,10,415.27,830.54
T0000412,2026-09-02,C00141,P0100,Bengaluru,1,0,496.92,496.92
T0000413,2025-02-02,C00670,P0038,Kolkata,1,10,506.39,506.39
T0000414,2025-03-12,C00361,P0011,Mumbai,1,0,381.49,381.49
T0000415,2025-06-29,C00313,P0051,Delhi,1,10,752.5,752.5
T0000416,2026-09-12,C00628,P0017,Hyderabad,1,5,295.74,295.74
T0000417,2026-03-15,C00855,P0049,Ahmedabad,3,0,136.97,410.91
T0000418,2025-04-25,C00331,P0081,Pune,1,0,2194.67,2194.67
T0000419,2025-02-19,C00940,P0073,Pune,1,5,272.74,272.74
T0000420,2025-01-30,C00940,P0085,Pune,1,25,439.58,439.58
T0000421,2026-01-05,C00082,P0090,Hyderabad,1,5,266.68,266.68
T0000422,2026-01-06,C00547,P0061,Pune,1,10,201.51,201.51
T0000423,2026-02-28,C00100,P0043,Pune,1,0,288.97,288.97
T0000424,2025-08-08,C00315,P0043,Chennai,1,20,231.18,231.18
T0000425,2025-11-05,C00752,P0068,Kolkata,1,0,343.9,343.9
T0000426,2025-01-11,C00366,P0056,Bengaluru,1,0,533.92,533.92
T0000427,2025-11-27,C00818,P0071,Pune,3,0,1602.38,4807.14
T0000428,2026-07-08,C00543,P0062,Mumbai,3,20,1058.06,3174.18
T0000429,2025-08-31,C00878,P0012,Hyderabad,2,0,222.18,444.36
T0000430,2026-04-25,C00389,P0009,Ahmedabad,1,20,96.81,96.81
T0000431,2026-06-24,C00288,P0077,Chennai,3,0,1593.09,4779.27
T0000432,2026-04-12,C00330,P0068,Pune,1,20,275.12,275.12
T0000433,2025-11-04,C00977,P0047,Hyderabad,3,0,720.52,2161.56
T0000434,2026-07-27,C00932,P0068,Kolkata,1,10,309.51,309.51
T0000435,2025-07-05,C00250,P0100,Ahmedabad,2,20,397.54,795.08
T0000436,2025-01-08,C00409,P0024,Ahmedabad,2,0,254.35,508.7
T0000437,2026-01-06,C00265,P0093,Mumbai,1,20,453.87,453.87
T0000438,2025-07-30,C00783,P0043,Mumbai,1,10,260.07,260.07
T0000439,2025-12-01,C00313,P0011,Delhi,1,0,381.49,381.49
T0000440,2025-05-26,C00522,P0087,Pune,2,10,307.27,614.54
T0000441,2025-06-27,C00153,P0088,Kolkata,1,10,185.32,185.32
T0000442,2025-09-11,C00889,P0084,Hyderabad,1,15,450.79,450.79
T0000443,2026-01-07,C00500,P0080,Pune,2,0,327.61,655.22
T0000444,2025-07-12,C00113,P0093,Chennai,1,10,510.61,510.61
T0000445,2026-07-29,C00591,P0032,Chennai,1,10,853.78,853.78
T0000446,2025-01-12,C00577,P0093,Bengaluru,1,5,538.97,538.97
T0000447,2026-05-27,C00918,P0078,Mumbai,3,10,325.45,976.35
T0000448,2026-07-18,C00172,P0064,Hyderabad,2,10,624.31,1248.62
T0000449,2025-02-10,C00512,P0084,Bengaluru,1,20,424.27,424.27
T0000450,2025-06-09,C00889,P0074,Hyderabad,1,15,392.2,392.2
T0000451,2026-06-29,C00264,P0002,Bengaluru,1,0,324.99,324.99
T0000452,2026-01-17,C00773,P0013,Chennai,1,10,524.42,524.42
T0000453,2025-05-25,C00676,P0043,Bengaluru,3,0,288.97,866.91
T0000454,2025-09-28,C00351,P0029,Kolkata,1,15,355.12,355.12
T0000455,2025-05-29,C00357,P0089,Delhi,1,0,210.16,210.16
T0000456,2025-10-04,C00503,P0036,Ahmedabad,1,10,424.25,424.25
T0000457,2026-06-11,C00452,P0051,Kolkata,3,5,794.3,2382.9
T0000458,2026-02-23,C00404,P0068,Bengaluru,1,0,343.9,343.9
T0000459,2025-02-05,C00909,P0098,Ahmedabad,1,5,1001.21,1001.21
T0000460,2025-04-14,C00373,P0093,Bengaluru,1,5,538.97,538.97
T0000461,2025-05-22,C00241,P0043,Chennai,2,15,245.62,491.24
T0000462,2026-05-15,C00814,P0089,Pune,1,0,210.16,210.16
T0000463,2025-03-09,C00622,P0081,Hyderabad,1,0,2194.67,2194.67
T0000464,2025-01-31,C00718,P0092,Delhi,2,15,287.14,574.28
T0000465,2026-01-22,C00518,P0038,Mumbai,1,15,478.26,478.26
T0000466,2025-10-16,C00412,P0068,Ahmedabad,2,5,326.7,653.4
T0000467,2025-01-13,C00996,P0021,Pune,1,10,565.69,565.69
T0000468,2025-04-19,C00664,P0074,Kolkata,1,20,369.13,369.13
T0000469,2025-11-03,C00485,P0063,Chennai,2,0,141.64,283.28
T0000470,2025-09-02,C00533,P0073,Hyderabad,1,20,229.68,229.68
T0000471,2026-01-25,C00902,P0060,Pune,1,5,312.78,312.78
T0000472,2026-03-02,C00577,P0068,Bengaluru,2,15,292.32,584.64
T0000473,2025-09-15,C00702,P0048,Ahmedabad,1,0,615.54,615.54
T0000474,2025-03-28,C00730,P0093,Chennai,1,5,538.97,538.97
T0000475,2025-05-08,C00762,P0068,Ahmedabad,3,0,343.9,1031.7
T0000476,2025-04-15,C00078,P0044,Chennai,1,0,399.08,399.08
T0000477,2025-10-26,C00172,P0045,Hyderabad,2,0,162.29,324.58
T0000478,2025-07-26,C00172,P0089,Hyderabad,1,15,178.64,178.64
T0000479,2025-06-25,C00453,P0087,Delhi,2,0,341.41,682.82
T0000480,2025-07-21,C00855,P0089,Ahmedabad,3,0,210.16,630.48
T0000481,2025-02-20,C00168,P0036,Mumbai,1,0,471.39,471.39
T0000482,2025-12-10,C00112,P0093,Ahmedabad,1,15,482.24,482.24
T0000483,2025-10-25,C00183,P0093,Ahmedabad,1,10,510.61,510.61
T0000484,2025-07-20,C00244,P0095,Hyderabad,1,25,260.0,260.0
T0000485,2026-03-13,C00239,P0085,Pune,2,20,468.88,937.76
T0000486,2025-07-30,C00999,P0048,Pune,1,0,615.54,615.54
T0000487,2026-09-26,C00367,P0098,Ahmedabad,3,10,948.52,2845.56
T0000488,2026-01-20,C00446,P0083,Chennai,1,0,4654.23,4654.23
T0000489,2025-09-18,C00988,P0050,Delhi,1,15,963.08,963.08
T0000490,2025-09-18,C00690,P0089,Delhi,1,10,189.14,189.14
T0000491,2025-01-31,C00286,P0010,Hyderabad,2,20,875.74,1751.48
T0000492,2025-12-04,C00710,P0092,Bengaluru,4,0,337.81,1351.24
T0000493,2025-04-23,C00674,P0093,Chennai,1,15,482.24,482.24
T0000494,2025-09-16,C00785,P0025,Mumbai,1,20,148.18,148.18
T0000495,2025-06-05,C00785,P0013,Mumbai,1,5,553.56,553.56
T0000496,2026-02-07,C00712,P0080,Ahmedabad,1,10,294.85,294.85
T0000497,2026-08-26,C00614,P0078,Pune,1,5,343.53,343.53
T0000498,2025-11-03,C00177,P0010,Kolkata,1,10,985.2,985.2
T0000499,2026-08-17,C00751,P0043,Chennai,1,20,231.18,231.18
T0000500,2026-06-24,C00640,P0014,Ahmedabad,1,5,880.56,880.56
T0000501,2025-02-07,C00512,P0007,Bengaluru,1,0,524.2,524.2
T0000502,2026-03-30,C00043,P0058,Bengaluru,1,5,782.99,782.99
T0000503,2025-10-22,C00678,P0001,Pune,4,25,548.7,2194.8
T0000504,2026-05-22,C00839,P0086,Hyderabad,3,0,413.61,1240.83
T0000505,2025-10-02,C00761,P0047,Delhi,1,0,720.52,720.52
T0000506,2025-11-07,C00492,P0082,Pune,1,10,317.47,317.47
T0000507,2026-03-08,C00044,P0093,Hyderabad,1,10,510.61,510.61
T0000508,2026-03-31,C00542,P0093,Kolkata,1,0,567.34,567.34
T0000509,2026-01-10,C00368,P0029,Ahmedabad,1,0,417.79,417.79
T0000510,2025-08-30,C00291,P0086,Kolkata,1,15,351.57,351.57
T0000511,2025-10-21,C00622,P0031,Hyderabad,1,25,174.08,174.08
T0000512,2025-02-19,C00701,P0046,Chennai,1,0,568.98,568.98
T0000513,2025-11-16,C00207,P0009,Kolkata,1,15,102.86,102.86
T0000514,2026-07-20,C00767,P0056,Pune,2,0,533.92,1067.84
T0000515,2026-05-13,C00065,P0013,Mumbai,1,0,582.69,582.69
T0000516,2026-07-15,C00243,P0097,Hyderabad,1,0,1906.89,1906.89
T0000517,2026-06-04,C00648,P0093,Ahmedabad,1,15,482.24,482.24
T0000518,2025-04-14,C00735,P0043,Mumbai,1,25,216.73,216.73
T0000519,2025-02-22,C00361,P0031,Mumbai,2,10,208.9,417.8
T0000520,2025-01-31,C00859,P0003,Mumbai,2,15,303.16,606.32
T0000521,2025-02-03,C00829,P0097,Mumbai,1,20,1525.51,1525.51
T0000522,2025-10-29,C00243,P0029,Hyderabad,1,15,355.12,355.12
T0000523,2025-11-13,C00678,P0015,Pune,1,10,2316.4,2316.4
T0000524,2025-01-18,C00865,P0010,Chennai,1,5,1039.94,1039.94
T0000525,2025-12-26,C00351,P0034,Kolkata,1,5,267.08,267.08
T0000526,2025-10-10,C00332,P0048,Bengaluru,2,15,523.21,1046.42
T0000527,2025-11-06,C00195,P0083,Bengaluru,1,0,4654.23,4654.23
T0000528,2026-08-14,C00677,P0043,Ahmedabad,1,25,216.73,216.73
T0000529,2026-04-20,C00691,P0049,Hyderabad,1,0,136.97,136.97
T0000530,2025-09-04,C00927,P0052,Kolkata,2,10,230.7,461.4
T0000531,2026-01-22,C00234,P0005,Ahmedabad,1,0,149.48,149.48
T0000532,2026-03-25,C00847,P0007,Mumbai,2,5,497.99,995.98
T0000533,2025-10-25,C00117,P0001,Ahmedabad,3,20,585.28,1755.84
T0000534,2025-02-15,C00805,P0068,Mumbai,1,0,343.9,343.9
T0000535,2025-09-30,C00675,P0018,Kolkata,2,5,728.87,1457.74
T0000536,2026-04-29,C00394,P0008,Ahmedabad,1,0,184.43,184.43
T0000537,2025-04-05,C00766,P0005,Kolkata,1,0,149.48,149.48
T0000538,2025-08-03,C00493,P0043,Ahmedabad,1,10,260.07,260.07
T0000539,2025-04-19,C00399,P0070,Delhi,2,0,673.73,1347.46
T0000540,2025-06-18,C00552,P0056,Bengaluru,4,5,507.22,2028.88
T0000541,2025-08-19,C00710,P0028,Bengaluru,2,10,560.83,1121.66
T0000542,2026-03-22,C00254,P0056,Bengaluru,1,5,507.22,507.22
T0000543,2025-07-12,C00922,P0017,Pune,1,15,264.6,264.6
T0000544,2025-12-29,C00401,P0075,Hyderabad,1,20,135.27,135.27
T0000545,2025-03-26,C00867,P0065,Kolkata,1,0,1269.31,1269.31
T0000546,2026-09-23,C00522,P0004,Pune,3,10,504.8,1514.4
T0000547,2025-08-17,C00680,P0002,Bengaluru,1,10,292.49,292.49
T0000548,2025-08-25,C00702,P0090,Ahmedabad,1,15,238.61,238.61
T0000549,2025-11-15,C00978,P0011,Pune,2,5,362.42,724.84
T0000550,2025-12-08,C00994,P0092,Mumbai,2,15,287.14,574.28
T0000551,2025-06-01,C00389,P0009,Ahmedabad,3,10,108.91,326.73
T0000552,2026-04-22,C00899,P0080,Ahmedabad,1,0,327.61,327.61
T0000553,2026-09-05,C00434,P0070,Chennai,1,0,673.73,673.73
T0000554,2026-06-24,C00244,P0046,Hyderabad,1,5,540.53,540.53
T0000555,2025-06-16,C00270,P0031,Mumbai,1,0,232.11,232.11
T0000556,2025-09-07,C00284,P0097,Hyderabad,1,0,1906.89,1906.89
T0000557,2026-06-06,C00095,P0043,Kolkata,2,0,288.97,577.94
T0000558,2025-08-08,C00080,P0036,Bengaluru,2,0,471.39,942.78
T0000559,2026-01-07,C00253,P0043,Ahmedabad,1,10,260.07,260.07
T0000560,2025-01-13,C00760,P0043,Mumbai,4,15,245.62,982.48
T0000561,2025-04-27,C00508,P0010,Ahmedabad,1,5,1039.94,1039.94
T0000562,2025-11-04,C00331,P0081,Pune,1,5,2084.94,2084.94
T0000563,2026-05-21,C00475,P0059,Ahmedabad,1,20,205.78,205.78
T0000564,2025-04-22,C00821,P0094,Pune,1,5,1005.3,1005.3
T0000565,2025-11-03,C00683,P0069,Delhi,1,25,93.02,93.02
T0000566,2026-05-12,C00161,P0026,Mumbai,1,25,428.44,428.44
T0000567,2026-03-14,C00363,P0018,Mumbai,1,0,767.23,767.23
T0000568,2025-10-06,C00726,P0067,Chennai,1,0,486.32,486.32
T0000569,2025-04-20,C00683,P0052,Delhi,1,15,217.88,217.88
T0000570,2026-02-25,C00380,P0051,Mumbai,1,0,836.11,836.11
T0000571,2026-05-11,C00113,P0068,Chennai,2,0,343.9,687.8
T0000572,2026-03-22,C00031,P0031,Mumbai,2,5,220.5,441.0
T0000573,2026-06-16,C00744,P0071,Delhi,2,10,1442.14,2884.28
T0000574,2026-05-05,C00582,P0030,Ahmedabad,2,5,367.17,734.34
T0000575,2025-02-24,C00772,P0031,Mumbai,1,15,197.29,197.29
T0000576,2026-05-10,C00026,P0056,Mumbai,1,15,453.83,453.83
T0000577,2025-05-13,C00012,P0043,Bengaluru,1,10,260.07,260.07
T0000578,2026-09-24,C00339,P0020,Ahmedabad,1,25,809.71,809.71
T0000579,2026-09-16,C00183,P0093,Ahmedabad,2,5,538.97,1077.94
T0000580,2026-09-21,C00567,P0076,Kolkata,1,15,334.25,334.25
T0000581,2025-04-15,C00852,P0063,Delhi,1,0,141.64,141.64
T0000582,2025-02-11,C00659,P0067,Hyderabad,1,0,486.32,486.32
T0000583,2025-03-26,C00771,P0001,Hyderabad,1,0,731.6,731.6
T0000584,2025-09-09,C00686,P0080,Delhi,2,5,311.23,622.46
T0000585,2026-03-22,C00643,P0021,Chennai,1,20,502.83,502.83
T0000586,2026-06-26,C00052,P0048,Chennai,2,0,615.54,1231.08
T0000587,2025-08-30,C00090,P0045,Chennai,1,15,137.95,137.95
T0000588,2025-10-19,C00495,P0084,Ahmedabad,1,0,530.34,530.34
T0000589,2025-05-30,C00091,P0057,Bengaluru,1,25,320.7,320.7
T0000590,2026-05-31,C00840,P0086,Chennai,1,20,330.89,330.89
T0000591,2025-11-22,C00587,P0013,Hyderabad,1,10,524.42,524.42
T0000592,2025-04-17,C00695,P0058,Bengaluru,1,15,700.57,700.57
T0000593,2025-03-14,C00379,P0068,Delhi,2,20,275.12,550.24
T0000594,2025-05-29,C00197,P0007,Hyderabad,1,0,524.2,524.2
T0000595,2025-08-05,C00867,P0035,Kolkata,2,15,311.95,623.9
T0000596,2025-04-28,C00928,P0007,Kolkata,1,20,419.36,419.36
T0000597,2025-04-05,C00926,P0049,Ahmedabad,2,0,136.97,273.94
T0000598,2026-04-11,C00442,P0061,Kolkata,1,5,212.7,212.7
T0000599,2025-01-18,C00288,P0010,Chennai,1,5,1039.94,1039.94
T0000600,2026-01-16,C00136,P0080,Mumbai,1,10,294.85,294.85
T0000601,2025-02-01,C00509,P0043,Chennai,1,5,274.52,274.52
T0000602,2025-03-15,C00904,P0027,Pune,1,20,478.88,478.88
T0000603,2025-04-24,C00623,P0029,Mumbai,1,5,396.9,396.9
T0000604,2025-03-20,C00379,P0043,Delhi,1,10,260.07,260.07
T0000605,2025-10-12,C00464,P0068,Pune,2,5,326.7,653.4
T0000606,2025-08-24,C00223,P0003,Ahmedabad,4,5,338.83,1355.32
T0000607,2026-01-15,C00671,P0025,Kolkata,2,20,148.18,296.36
T0000608,2026-05-24,C00794,P0036,Ahmedabad,1,15,400.68,400.68
T0000609,2025-07-04,C00782,P0099,Chennai,2,15,260.52,521.04
T0000610,2025-07-06,C00145,P0068,Hyderabad,1,0,343.9,343.9
T0000611,2026-02-22,C00337,P0007,Chennai,1,0,524.2,524.2
T0000612,2025-12-24,C00986,P0056,Ahmedabad,2,0,533.92,1067.84
T0000613,2025-08-24,C00378,P0083,Chennai,2,0,4654.23,9308.46
T0000614,2026-06-16,C00410,P0060,Kolkata,1,0,329.24,329.24
T0000615,2025-05-28,C00649,P0040,Hyderabad,1,5,694.9,694.9
T0000616,2025-11-26,C00471,P0058,Kolkata,1,5,782.99,782.99
T0000617,2026-05-23,C00255,P0093,Mumbai,1,10,510.61,510.61
T0000618,2025-10-17,C00644,P0006,Ahmedabad,1,0,337.31,337.31
T0000619,2026-09-16,C00868,P0015,Delhi,1,10,2316.4,2316.4
T0000620,2025-04-27,C00843,P0066,Ahmedabad,1,0,998.6,998.6
T0000621,2025-07-08,C00605,P0019,Delhi,1,0,173.97,173.97
T0000622,2025-06-30,C00476,P0093,Kolkata,1,0,567.34,567.34
T0000623,2026-09-10,C00959,P0019,Hyderabad,1,15,147.87,147.87
T0000624,2025-06-30,C00641,P0050,Mumbai,1,5,1076.38,1076.38
T0000625,2026-06-21,C00725,P0028,Chennai,1,20,498.51,498.51
T0000626,2025-09-14,C00952,P0066,Kolkata,1,0,998.6,998.6
T0000627,2025-10-31,C00168,P0004,Mumbai,1,20,448.71,448.71
T0000628,2026-01-23,C00487,P0010,Kolkata,1,15,930.47,930.47
T0000629,2025-11-06,C00757,P0002,Mumbai,1,20,259.99,259.99
T0000630,2025-10-06,C00127,P0035,Pune,3,5,348.65,1045.95
T0000631,2026-08-15,C00758,P0087,Kolkata,1,0,341.41,341.41
T0000632,2026-05-23,C00931,P0011,Kolkata,2,20,305.19,610.38
T0000633,2026-05-09,C00849,P0087,Bengaluru,1,0,341.41,341.41
T0000634,2026-06-01,C00546,P0097,Bengaluru,1,15,1620.86,1620.86
T0000635,2025-01-23,C00884,P0096,Chennai,1,5,923.08,923.08
T0000636,2026-08-27,C00318,P0078,Bengaluru,1,10,325.45,325.45
T0000637,2025-06-25,C00620,P0037,Ahmedabad,2,20,234.54,469.08
T0000638,2025-12-22,C00320,P0079,Mumbai,1,15,349.2,349.2
T0000639,2026-06-07,C00014,P0007,Kolkata,1,5,497.99,497.99
T0000640,2025-12-16,C00106,P0013,Hyderabad,1,5,553.56,553.56
T0000641,2026-07-29,C00424,P0080,Pune,1,20,262.09,262.09
T0000642,2026-01-07,C00541,P0015,Delhi,1,10,2316.4,2316.4
T0000643,2025-09-21,C00070,P0045,Ahmedabad,2,5,154.18,308.36
T0000644,2025-04-10,C00695,P0031,Bengaluru,1,0,232.11,232.11
T0000645,2025-04-22,C00829,P0097,Mumbai,1,10,1716.2,1716.2
T0000646,2026-03-31,C00087,P0066,Mumbai,1,0,998.6,998.6
T0000647,2026-06-26,C00238,P0093,Delhi,2,0,567.34,1134.68
T0000648,2026-06-03,C00914,P0031,Pune,3,10,208.9,626.7
T0000649,2025-03-15,C00197,P0002,Hyderabad,2,0,324.99,649.98
T0000650,2026-07-29,C00416,P0010,Bengaluru,2,10,985.2,1970.4
T0000651,2026-04-23,C00296,P0051,Bengaluru,3,15,710.69,2132.07
T0000652,2025-10-15,C00633,P0046,Bengaluru,1,20,455.18,455.18
T0000653,2026-06-20,C00813,P0070,Hyderabad,3,15,572.67,1718.01
T0000654,2025-09-14,C00168,P0087,Mumbai,2,15,290.2,580.4
T0000655,2025-02-01,C00217,P0009,Pune,2,20,96.81,193.62
T0000656,2026-09-02,C00824,P0093,Mumbai,1,0,567.34,567.34
T0000657,2025-10-06,C00917,P0092,Bengaluru,1,0,337.81,337.81
T0000658,2025-12-03,C00748,P0082,Pune,2,5,335.1,670.2
T0000659,2025-09-17,C00482,P0099,Mumbai,1,10,275.85,275.85
T0000660,2026-04-16,C00717,P0018,Bengaluru,1,10,690.51,690.51
T0000661,2025-04-16,C00161,P0010,Mumbai,3,5,1039.94,3119.82
T0000662,2025-06-02,C00802,P0088,Chennai,1,0,205.91,205.91
T0000663,2025-05-11,C00823,P0056,Bengaluru,1,0,533.92,533.92
T0000664,2026-04-04,C00452,P0055,Kolkata,1,15,2881.84,2881.84
T0000665,2025-10-22,C00536,P0058,Delhi,2,5,782.99,1565.98
T0000666,2026-01-11,C00915,P0051,Hyderabad,4,15,710.69,2842.76
T0000667,2025-03-03,C00158,P0025,Delhi,2,20,148.18,296.36
T0000668,2025-02-17,C00570,P0013,Pune,4,20,466.15,1864.6
T0000669,2025-03-28,C00831,P0080,Chennai,2,15,278.47,556.94
T0000670,2026-02-01,C00181,P0056,Mumbai,1,0,533.92,533.92
T0000671,2025-11-07,C00938,P0011,Chennai,1,15,324.27,324.27
T0000672,2026-02-12,C00984,P0068,Pune,2,10,309.51,619.02
T0000673,2025-12-22,C00519,P0078,Chennai,1,0,361.61,361.61
T0000674,2025-10-15,C00090,P0059,Chennai,2,20,205.78,411.56
T0000675,2025-04-13,C00603,P0001,Kolkata,1,15,621.86,621.86
T0000676,2026-09-08,C00361,P0081,Mumbai,1,0,2194.67,2194.67
T0000677,2025-04-20,C00629,P0067,Chennai,4,0,486.32,1945.28
T0000678,2026-01-24,C00675,P0025,Kolkata,2,15,157.45,314.9
T0000679,2025-12-13,C00650,P0043,Kolkata,1,20,231.18,231.18
T0000680,2025-07-06,C00325,P0025,Kolkata,1,10,166.71,166.71
T0000681,2025-06-26,C00192,P0064,Kolkata,2,0,693.68,1387.36
T0000682,2026-08-30,C00565,P0068,Delhi,1,10,309.51,309.51
T0000683,2025-07-17,C00447,P0060,Chennai,1,0,329.24,329.24
T0000684,2026-04-21,C00969,P0025,Bengaluru,2,15,157.45,314.9
T0000685,2025-09-03,C00253,P0093,Ahmedabad,1,10,510.61,510.61
T0000686,2025-01-07,C00341,P0095,Mumbai,1,0,346.67,346.67
T0000687,2025-01-15,C00188,P0055,Pune,1,10,3051.36,3051.36
T0000688,2025-12-26,C00960,P0013,Delhi,1,25,437.02,437.02
T0000689,2026-06-18,C00518,P0063,Mumbai,4,10,127.48,509.92
T0000690,2026-02-03,C00921,P0068,Pune,2,10,309.51,619.02
T0000691,2025-12-28,C00346,P0007,Delhi,1,0,524.2,524.2
T0000692,2026-05-28,C00482,P0037,Mumbai,2,0,293.17,586.34
T0000693,2025-01-01,C00406,P0100,Bengaluru,2,15,422.38,844.76
T0000694,2026-05-21,C00747,P0032,Hyderabad,1,15,806.34,806.34
T0000695,2025-01-16,C00130,P0098,Bengaluru,1,10,948.52,948.52
T0000696,2026-06-10,C00639,P0044,Mumbai,4,5,379.13,1516.52
T0000697,2026-09-18,C00508,P0026,Ahmedabad,1,5,542.7,542.7
T0000698,2026-06-11,C00159,P0003,Chennai,1,15,303.16,303.16
T0000699,2025-03-08,C00549,P0067,Kolkata,1,0,486.32,486.32
T0000700,2025-02-08,C00542,P0093,Kolkata,1,10,510.61,510.61
T0000701,2025-12-03,C00864,P0051,Delhi,1,15,710.69,710.69
T0000702,2025-05-18,C00496,P0014,Delhi,2,0,926.9,1853.8
T0000703,2026-03-20,C00948,P0054,Delhi,1,5,276.74,276.74
T0000704,2026-06-22,C00353,P0017,Hyderabad,1,10,280.17,280.17
T0000705,2025-04-25,C00982,P0024,Pune,1,0,254.35,254.35
T0000706,2025-07-29,C00051,P0002,Kolkata,1,0,324.99,324.99
T0000707,2026-09-19,C00888,P0027,Kolkata,1,25,448.95,448.95
T0000708,2025-04-26,C00679,P0051,Ahmedabad,1,20,668.89,668.89
T0000709,2025-02-09,C00600,P0079,Pune,1,0,410.82,410.82
T0000710,2026-01-17,C00182,P0077,Kolkata,1,10,1433.78,1433.78
T0000711,2025-06-10,C00946,P0063,Bengaluru,1,0,141.64,141.64
T0000712,2025-08-22,C00149,P0025,Kolkata,1,10,166.71,166.71
T0000713,2025-01-25,C00375,P0007,Hyderabad,1,0,524.2,524.2
T0000714,2026-06-14,C00395,P0033,Ahmedabad,2,0,276.55,553.1
T0000715,2026-08-14,C00188,P0031,Pune,4,15,197.29,789.16
T0000716,2025-12-07,C00444,P0031,Pune,2,0,232.11,464.22
T0000717,2025-04-10,C00810,P0011,Delhi,3,15,324.27,972.81
T0000718,2025-11-26,C00039,P0045,Delhi,2,0,162.29,324.58
T0000719,2025-05-03,C00120,P0030,Delhi,2,15,328.52,657.04
T0000720,2025-08-13,C00244,P0035,Hyderabad,1,15,311.95,311.95
T0000721,2025-12-29,C00915,P0080,Hyderabad,1,20,262.09,262.09
T0000722,2025-01-22,C00997,P0093,Ahmedabad,1,5,538.97,538.97
T0000723,2026-09-27,C00580,P0032,Ahmedabad,1,0,948.64,948.64
T0000724,2025-10-28,C00038,P0082,Mumbai,1,0,352.74,352.74
T0000725,2026-01-29,C00833,P0013,Bengaluru,2,10,524.42,1048.84
T0000726,2025-05-11,C00652,P0068,Chennai,2,0,343.9,687.8
T0000727,2026-06-13,C00069,P0060,Mumbai,1,0,329.24,329.24
T0000728,2025-04-21,C00841,P0068,Pune,1,5,326.7,326.7
T0000729,2025-07-13,C00999,P0048,Pune,1,0,615.54,615.54
T0000730,2026-01-05,C00967,P0089,Ahmedabad,1,0,210.16,210.16
T0000731,2025-03-02,C00801,P0052,Pune,1,0,256.33,256.33
T0000732,2025-09-01,C00164,P0043,Delhi,1,0,288.97,288.97
T0000733,2026-07-22,C00985,P0035,Hyderabad,1,5,348.65,348.65
T0000734,2026-05-14,C00319,P0092,Pune,2,0,337.81,675.62
T0000735,2026-01-23,C00218,P0039,Hyderabad,1,0,715.73,715.73
T0000736,2025-10-20,C00085,P0079,Ahmedabad,1,10,369.74,369.74
T0000737,2026-06-29,C00049,P0021,Kolkata,2,10,565.69,1131.38
T0000738,2025-07-04,C00119,P0022,Hyderabad,1,20,377.92,377.92
T0000739,2026-05-31,C00506,P0036,Mumbai,3,10,424.25,1272.75
T0000740,2026-07-11,C00840,P0097,Chennai,2,5,1811.55,3623.1
T0000741,2026-08-28,C00218,P0082,Hyderabad,1,15,299.83,299.83
T0000742,2026-05-08,C00005,P0090,Bengaluru,4,20,224.58,898.32
T0000743,2026-09-17,C00649,P0013,Hyderabad,2,15,495.29,990.58
T0000744,2026-07-22,C00543,P0045,Mumbai,1,25,121.72,121.72
T0000745,2026-05-28,C00073,P0068,Kolkata,1,5,326.7,326.7
T0000746,2025-12-04,C00990,P0091,Bengaluru,1,0,279.87,279.87
T0000747,2026-01-03,C00961,P0068,Pune,1,5,326.7,326.7
T0000748,2026-07-07,C00904,P0073,Pune,1,10,258.39,258.39
T0000749,2025-12-11,C00908,P0091,Bengaluru,1,0,279.87,279.87
T0000750,2026-06-13,C00349,P0055,Chennai,2,20,2712.32,5424.64
T0000751,2025-01-16,C00834,P0063,Hyderabad,1,20,113.31,113.31
T0000752,2025-05-07,C00526,P0092,Pune,3,0,337.81,1013.43
T0000753,2025-08-20,C00824,P0068,Mumbai,1,10,309.51,309.51
T0000754,2025-10-04,C00959,P0060,Hyderabad,1,0,329.24,329.24
T0000755,2026-01-01,C00670,P0010,Kolkata,1,0,1094.67,1094.67
T0000756,2025-07-28,C00516,P0040,Bengaluru,1,25,548.6,548.6
T0000757,2025-04-03,C00501,P0065,Delhi,1,15,1078.91,1078.91
T0000758,2025-11-18,C00460,P0008,Bengaluru,1,5,175.21,175.21
T0000759,2026-01-28,C00817,P0049,Hyderabad,1,0,136.97,136.97
T0000760,2025-03-12,C00917,P0062,Bengaluru,1,20,1058.06,1058.06
T0000761,2025-02-20,C00664,P0060,Kolkata,1,5,312.78,312.78
T0000762,2025-06-16,C00898,P0038,Mumbai,1,5,534.53,534.53
T0000763,2025-06-07,C00748,P0022,Pune,1,15,401.54,401.54
T0000764,2026-05-24,C00758,P0014,Kolkata,2,5,880.56,1761.12
T0000765,2025-08-07,C00629,P0051,Chennai,4,10,752.5,3010.0
T0000766,2025-06-01,C00786,P0015,Kolkata,1,5,2445.09,2445.09
T0000767,2025-03-25,C00347,P0087,Delhi,1,25,256.06,256.06
T0000768,2026-01-13,C00192,P0054,Kolkata,1,10,262.17,262.17
T0000769,2026-06-26,C00136,P0067,Mumbai,1,5,462.0,462.0
T0000770,2026-06-19,C00126,P0037,Bengaluru,1,0,293.17,293.17
T0000771,2026-06-21,C00701,P0065,Chennai,1,25,951.98,951.98
T0000772,2025-08-12,C00776,P0058,Pune,1,10,741.78,741.78
T0000773,2025-12-09,C00584,P0020,Hyderabad,1,10,971.66,971.66
T0000774,2025-12-19,C00594,P0008,Bengaluru,4,20,147.54,590.16
T0000775,2025-08-14,C00391,P0007,Kolkata,1,0,524.2,524.2
T0000776,2025-07-30,C00423,P0014,Mumbai,1,10,834.21,834.21
T0000777,2025-08-08,C00961,P0043,Pune,2,0,288.97,577.94
T0000778,2025-05-19,C00357,P0054,Delhi,1,20,233.04,233.04
T0000779,2026-06-27,C00097,P0016,Pune,1,0,1058.17,1058.17
T0000780,2026-09-09,C00692,P0013,Ahmedabad,2,15,495.29,990.58
T0000781,2026-02-08,C00512,P0057,Bengaluru,2,5,406.22,812.44
T0000782,2025-01-15,C00508,P0041,Ahmedabad,1,10,837.57,837.57
T0000783,2025-11-15,C00226,P0063,Delhi,2,5,134.56,269.12
T0000784,2025-12-07,C01000,P0093,Kolkata,1,5,538.97,538.97
T0000785,2026-04-19,C00452,P0011,Kolkata,1,20,305.19,305.19
T0000786,2026-05-10,C00190,P0093,Kolkata,2,10,510.61,1021.22
T0000787,2025-09-19,C00039,P0009,Delhi,1,5,114.96,114.96
T0000788,2025-12-22,C00962,P0099,Mumbai,1,15,260.52,260.52
T0000789,2025-03-15,C00660,P0046,Hyderabad,1,25,426.74,426.74
T0000790,2025-08-27,C00460,P0054,Bengaluru,2,5,276.74,553.48
T0000791,2025-02-17,C00872,P0004,Mumbai,1,0,560.89,560.89
T0000792,2025-02-05,C00317,P0043,Ahmedabad,1,5,274.52,274.52
T0000793,2026-02-07,C00463,P0073,Mumbai,1,10,258.39,258.39
T0000794,2026-07-02,C00107,P0045,Mumbai,4,10,146.06,584.24
T0000795,2025-10-26,C00126,P0064,Bengaluru,1,0,693.68,693.68
T0000796,2025-02-26,C00034,P0011,Hyderabad,2,5,362.42,724.84
T0000797,2025-11-11,C00861,P0094,Pune,3,10,952.39,2857.17
T0000798,2026-09-30,C00294,P0043,Chennai,1,10,260.07,260.07
T0000799,2025-05-28,C00267,P0030,Bengaluru,4,0,386.5,1546.0
T0000800,2025-08-30,C00757,P0069,Mumbai,1,0,124.03,124.03
T0000801,2026-01-23,C00702,P0048,Ahmedabad,1,0,615.54,615.54
T0000802,2025-08-08,C00791,P0066,Kolkata,1,0,998.6,998.6
T0000803,2026-06-16,C00769,P0089,Chennai,4,10,189.14,756.56
T0000804,2025-07-08,C00450,P0017,Pune,2,0,311.3,622.6
T0000805,2026-09-01,C00178,P0097,Mumbai,1,5,1811.55,1811.55
T0000806,2026-08-26,C00143,P0100,Kolkata,1,0,496.92,496.92
T0000807,2026-09-22,C00645,P0034,Ahmedabad,4,15,238.97,955.88
T0000808,2025-11-28,C00455,P0042,Bengaluru,1,0,763.91,763.91
T0000809,2025-04-05,C00212,P0080,Pune,2,10,294.85,589.7
T0000810,2025-10-24,C00786,P0032,Kolkata,2,0,948.64,1897.28
T0000811,2025-08-19,C00123,P0093,Ahmedabad,1,5,538.97,538.97
T0000812,2026-01-11,C00534,P0013,Kolkata,1,0,582.69,582.69
T0000813,2025-07-16,C00926,P0009,Ahmedabad,1,0,121.01,121.01
T0000814,2026-07-22,C00642,P0015,Chennai,1,10,2316.4,2316.4
T0000815,2026-07-19,C00567,P0041,Kolkata,4,10,837.57,3350.28
T0000816,2026-05-02,C00398,P0093,Kolkata,2,15,482.24,964.48
T0000817,2025-12-16,C00204,P0025,Delhi,1,5,175.97,175.97
T0000818,2026-03-02,C00939,P0075,Hyderabad,1,0,169.09,169.09
T0000819,2025-06-30,C00280,P0093,Chennai,4,0,567.34,2269.36
T0000820,2025-12-02,C00703,P0040,Pune,4,15,621.75,2487.0
T0000821,2025-11-13,C00050,P0043,Pune,1,10,260.07,260.07
T0000822,2025-04-29,C00111,P0079,Kolkata,1,5,390.28,390.28
T0000823,2026-03-29,C00350,P0024,Chennai,1,0,254.35,254.35
T0000824,2025-03-26,C00553,P0078,Ahmedabad,1,0,361.61,361.61
T0000825,2025-07-31,C00685,P0019,Delhi,1,15,147.87,147.87
T0000826,2025-12-16,C00596,P0043,Pune,1,5,274.52,274.52
T0000827,2025-01-20,C00282,P0024,Ahmedabad,2,0,254.35,508.7
T0000828,2025-01-26,C00759,P0047,Delhi,1,5,684.49,684.49
T0000829,2026-06-07,C00566,P0077,Chennai,2,10,1433.78,2867.56
T0000830,2025-03-28,C00539,P0085,Ahmedabad,2,5,556.79,1113.58
T0000831,2025-10-13,C00949,P0001,Bengaluru,3,5,695.02,2085.06
T0000832,2026-03-19,C00698,P0048,Chennai,1,10,553.99,553.99
T0000833,2025-04-05,C00753,P0030,Kolkata,1,0,386.5,386.5
T0000834,2026-05-19,C00669,P0091,Bengaluru,1,0,279.87,279.87
T0000835,2025-05-17,C00275,P0033,Hyderabad,1,15,235.07,235.07
T0000836,2025-07-16,C00767,P0018,Pune,3,0,767.23,2301.69
T0000837,2025-06-20,C00904,P0085,Pune,2,20,468.88,937.76
T0000838,2026-03-23,C00925,P0049,Ahmedabad,1,5,130.12,130.12
T0000839,2026-01-11,C00666,P0045,Hyderabad,2,5,154.18,308.36
T0000840,2026-05-01,C00828,P0001,Kolkata,1,5,695.02,695.02
T0000841,2026-09-01,C00516,P0018,Bengaluru,1,5,728.87,728.87
T0000842,2025-05-11,C00788,P0098,Bengaluru,2,0,1053.91,2107.82
T0000843,2026-02-17,C00216,P0068,Kolkata,1,0,343.9,343.9
T0000844,2026-02-12,C00936,P0067,Delhi,2,10,437.69,875.38
T0000845,2025-08-15,C00457,P0067,Chennai,2,20,389.06,778.12
T0000846,2025-05-30,C00804,P0069,Pune,1,0,124.03,124.03
T0000847,2025-03-13,C00513,P0044,Chennai,1,15,339.22,339.22
T0000848,2025-10-20,C00875,P0095,Delhi,1,0,346.67,346.67
T0000849,2025-08-19,C00734,P0077,Hyderabad,2,15,1354.13,2708.26
T0000850,2025-07-15,C00405,P0053,Ahmedabad,1,25,143.74,143.74
T0000851,2025-10-04,C00904,P0097,Pune,4,0,1906.89,7627.56
T0000852,2025-06-09,C00920,P0031,Pune,1,10,208.9,208.9
T0000853,2025-11-04,C00492,P0053,Pune,1,0,191.66,191.66
T0000854,2025-11-04,C00863,P0031,Mumbai,1,15,197.29,197.29
T0000855,2026-09-29,C00546,P0015,Bengaluru,2,20,2059.02,4118.04
T0000856,2025-02-12,C00736,P0087,Pune,1,0,341.41,341.41
T0000857,2025-05-08,C00945,P0094,Pune,1,0,1058.21,1058.21
T0000858,2026-06-08,C00767,P0036,Pune,1,15,400.68,400.68
T0000859,2025-09-02,C00547,P0048,Pune,1,20,492.43,492.43
T0000860,2026-08-06,C00762,P0068,Ahmedabad,2,15,292.32,584.64
T0000861,2025-02-01,C00399,P0036,Delhi,1,20,377.11,377.11
T0000862,2025-10-27,C00123,P0068,Ahmedabad,2,0,343.9,687.8
T0000863,2025-09-06,C00627,P0035,Bengaluru,2,5,348.65,697.3
T0000864,2026-08-07,C00521,P0013,Delhi,1,0,582.69,582.69
T0000865,2026-09-10,C00570,P0014,Pune,2,0,926.9,1853.8
T0000866,2025-02-12,C00136,P0011,Mumbai,2,0,381.49,762.98
T0000867,2026-07-30,C00050,P0093,Pune,2,5,538.97,1077.94
T0000868,2026-02-19,C00582,P0086,Ahmedabad,1,10,372.25,372.25
T0000869,2025-10-12,C00221,P0069,Kolkata,3,15,105.43,316.29
T0000870,2025-01-25,C00369,P0073,Delhi,2,0,287.1,574.2
T0000871,2025-12-27,C00957,P0043,Bengaluru,1,0,288.97,288.97
T0000872,2025-11-18,C00441,P0038,Mumbai,2,0,562.66,1125.32
T0000873,2025-04-15,C00344,P0087,Chennai,1,10,307.27,307.27
T0000874,2026-05-19,C00787,P0012,Hyderabad,1,0,222.18,222.18
T0000875,2025-09-20,C00085,P0007,Ahmedabad,1,0,524.2,524.2
T0000876,2026-07-08,C00006,P0004,Hyderabad,1,20,448.71,448.71
T0000877,2025-12-01,C00350,P0030,Chennai,1,0,386.5,386.5
T0000878,2026-09-23,C00607,P0060,Hyderabad,1,0,329.24,329.24
T0000879,2026-09-26,C00325,P0025,Kolkata,2,10,166.71,333.42
T0000880,2025-06-14,C00285,P0049,Chennai,1,5,130.12,130.12
T0000881,2025-12-10,C00733,P0025,Ahmedabad,1,15,157.45,157.45
T0000882,2025-03-12,C00851,P0055,Mumbai,3,0,3390.4,10171.2
T0000883,2025-11-06,C00273,P0088,Mumbai,1,15,175.02,175.02
T0000884,2026-01-11,C00875,P0095,Delhi,1,0,346.67,346.67
T0000885,2025-01-21,C00730,P0068,Chennai,2,0,343.9,687.8
T0000886,2026-08-18,C00257,P0003,Hyderabad,1,25,267.5,267.5
T0000887,2026-06-02,C00818,P0074,Pune,1,25,346.06,346.06
T0000888,2026-02-01,C00629,P0067,Chennai,3,5,462.0,1386.0
T0000889,2025-04-07,C00683,P0071,Delhi,1,5,1522.26,1522.26
T0000890,2025-08-03,C01000,P0043,Kolkata,2,0,288.97,577.94
T0000891,2025-10-10,C00251,P0081,Hyderabad,2,0,2194.67,4389.34
T0000892,2026-06-27,C00614,P0024,Pune,1,10,228.92,228.92
T0000893,2025-09-18,C00676,P0043,Bengaluru,1,25,216.73,216.73
T0000894,2025-08-12,C00942,P0041,Chennai,1,5,884.1,884.1
T0000895,2026-02-03,C00023,P0003,Delhi,1,15,303.16,303.16
T0000896,2026-08-05,C00172,P0072,Hyderabad,2,0,298.01,596.02
T0000897,2026-09-22,C00708,P0077,Ahmedabad,1,0,1593.09,1593.09
T0000898,2025-07-25,C00877,P0083,Hyderabad,1,0,4654.23,4654.23
T0000899,2025-03-15,C00786,P0034,Kolkata,1,0,281.14,281.14
T0000900,2025-06-28,C00049,P0089,Kolkata,2,25,157.62,315.24
T0000901,2025-06-08,C00048,P0043,Ahmedabad,3,0,288.97,866.91
T0000902,2026-06-03,C00786,P0073,Kolkata,1,0,287.1,287.1
T0000903,2025-12-24,C00092,P0003,Delhi,1,0,356.66,356.66
T0000904,2026-05-18,C00783,P0093,Mumbai,1,5,538.97,538.97
T0000905,2026-06-22,C00658,P0048,Pune,3,25,461.66,1384.98
T0000906,2025-10-04,C00627,P0082,Bengaluru,1,15,299.83,299.83
T0000907,2026-02-15,C00989,P0093,Pune,1,15,482.24,482.24
T0000908,2026-04-21,C00027,P0076,Hyderabad,1,0,393.24,393.24
T0000909,2025-02-03,C00300,P0058,Bengaluru,1,10,741.78,741.78
T0000910,2026-04-08,C00498,P0097,Pune,2,15,1620.86,3241.72
T0000911,2025-07-21,C00028,P0076,Kolkata,1,0,393.24,393.24
T0000912,2025-04-17,C00521,P0013,Delhi,3,15,495.29,1485.87
T0000913,2026-09-27,C00458,P0006,Kolkata,1,25,252.98,252.98
T0000914,2025-07-26,C00498,P0020,Pune,1,20,863.7,863.7
T0000915,2025-07-21,C00948,P0059,Delhi,1,0,257.22,257.22
T0000916,2025-08-22,C00120,P0032,Delhi,2,10,853.78,1707.56
T0000917,2026-01-03,C00633,P0065,Bengaluru,2,20,1015.45,2030.9
T0000918,2025-12-12,C00076,P0053,Pune,4,0,191.66,766.64
T0000919,2026-07-04,C00483,P0087,Hyderabad,1,10,307.27,307.27
T0000920,2025-05-13,C00646,P0084,Mumbai,2,10,477.31,954.62
T0000921,2026-07-12,C00846,P0044,Delhi,3,5,379.13,1137.39
T0000922,2025-01-24,C00659,P0081,Hyderabad,1,10,1975.2,1975.2
T0000923,2025-06-27,C00657,P0056,Chennai,2,15,453.83,907.66
T0000924,2026-03-14,C00832,P0074,Bengaluru,2,10,415.27,830.54
T0000925,2026-07-13,C00428,P0081,Chennai,1,0,2194.67,2194.67
T0000926,2025-02-20,C00460,P0042,Bengaluru,1,0,763.91,763.91
T0000927,2026-09-27,C00309,P0009,Chennai,1,20,96.81,96.81
T0000928,2025-04-18,C00205,P0028,Ahmedabad,1,0,623.14,623.14
T0000929,2026-03-16,C00876,P0003,Pune,1,10,320.99,320.99
T0000930,2026-09-16,C00689,P0033,Hyderabad,1,10,248.9,248.9
T0000931,2026-02-08,C00693,P0081,Chennai,1,0,2194.67,2194.67
T0000932,2025-01-03,C00814,P0009,Pune,1,5,114.96,114.96
T0000933,2026-06-18,C00942,P0094,Chennai,2,20,846.57,1693.14
T0000934,2026-01-25,C00477,P0072,Kolkata,1,10,268.21,268.21
T0000935,2025-04-23,C00502,P0001,Delhi,1,0,731.6,731.6
T0000936,2025-11-06,C00798,P0084,Bengaluru,1,5,503.82,503.82
T0000937,2026-02-11,C00251,P0081,Hyderabad,2,0,2194.67,4389.34
T0000938,2025-01-14,C00692,P0013,Ahmedabad,1,5,553.56,553.56
T0000939,2026-03-12,C00859,P0035,Mumbai,1,0,367.0,367.0
T0000940,2026-08-12,C00257,P0005,Hyderabad,1,0,149.48,149.48
T0000941,2025-04-26,C00826,P0053,Hyderabad,4,0,191.66,766.64
T0000942,2025-10-05,C00404,P0068,Bengaluru,1,0,343.9,343.9
T0000943,2026-01-27,C00112,P0093,Ahmedabad,3,0,567.34,1702.02
T0000944,2025-08-24,C00969,P0025,Bengaluru,2,5,175.97,351.94
T0000945,2025-03-27,C00277,P0043,Ahmedabad,1,15,245.62,245.62
T0000946,2025-11-26,C00063,P0017,Pune,4,10,280.17,1120.68
T0000947,2026-08-21,C00658,P0088,Pune,1,10,185.32,185.32
T0000948,2026-07-21,C00556,P0031,Mumbai,1,0,232.11,232.11
T0000949,2025-05-17,C00586,P0008,Mumbai,1,0,184.43,184.43
T0000950,2025-05-26,C00863,P0080,Mumbai,1,10,294.85,294.85
T0000951,2025-09-22,C00959,P0002,Hyderabad,1,10,292.49,292.49
T0000952,2026-03-23,C00832,P0079,Bengaluru,2,5,390.28,780.56
T0000953,2025-06-23,C00129,P0056,Ahmedabad,1,25,400.44,400.44
T0000954,2026-08-02,C00949,P0033,Bengaluru,3,10,248.9,746.7
T0000955,2026-01-02,C00950,P0050,Mumbai,1,10,1019.73,1019.73
T0000956,2025-07-10,C00060,P0029,Delhi,1,10,376.01,376.01
T0000957,2026-02-09,C00461,P0022,Bengaluru,2,25,354.3,708.6
T0000958,2026-02-09,C00658,P0048,Pune,1,20,492.43,492.43
T0000959,2026-03-20,C00977,P0047,Hyderabad,2,0,720.52,1441.04
T0000960,2025-01-02,C00434,P0018,Chennai,1,25,575.42,575.42
T0000961,2025-09-07,C00362,P0014,Kolkata,2,20,741.52,1483.04
T0000962,2026-02-11,C00147,P0051,Delhi,1,15,710.69,710.69
T0000963,2025-12-21,C00732,P0068,Mumbai,1,0,343.9,343.9
T0000964,2025-06-17,C00173,P0095,Hyderabad,4,0,346.67,1386.68
T0000965,2026-01-05,C00368,P0030,Ahmedabad,1,5,367.17,367.17
T0000966,2025-05-09,C00706,P0089,Mumbai,1,10,189.14,189.14
T0000967,2025-03-18,C00447,P0050,Chennai,3,25,849.77,2549.31
T0000968,2025-08-26,C00369,P0001,Delhi,1,0,731.6,731.6
T0000969,2025-07-20,C00280,P0043,Chennai,1,5,274.52,274.52
T0000970,2025-12-21,C00142,P0020,Ahmedabad,1,10,971.66,971.66
T0000971,2025-11-04,C00578,P0056,Ahmedabad,1,5,507.22,507.22
T0000972,2025-01-21,C00658,P0026,Pune,1,20,457.01,457.01
T0000973,2026-08-04,C00254,P0070,Bengaluru,1,0,673.73,673.73
T0000974,2026-01-19,C00927,P0002,Kolkata,4,20,259.99,1039.96
T0000975,2025-05-14,C00107,P0066,Mumbai,1,5,948.67,948.67
T0000976,2026-04-27,C00199,P0068,Bengaluru,2,10,309.51,619.02
T0000977,2026-08-23,C00512,P0069,Bengaluru,1,10,111.63,111.63
T0000978,2025-10-21,C00975,P0015,Bengaluru,1,0,2573.78,2573.78
T0000979,2025-01-15,C00394,P0059,Ahmedabad,1,0,257.22,257.22
T0000980,2025-01-07,C00324,P0032,Bengaluru,1,10,853.78,853.78
T0000981,2025-10-14,C00563,P0099,Kolkata,1,0,306.5,306.5
T0000982,2025-04-25,C00962,P0059,Mumbai,2,10,231.5,463.0
T0000983,2025-05-13,C00509,P0043,Chennai,1,15,245.62,245.62
T0000984,2026-07-04,C00163,P0093,Delhi,1,25,425.5,425.5
T0000985,2025-08-25,C00318,P0027,Bengaluru,1,15,508.81,508.81
T0000986,2025-08-08,C00893,P0025,Mumbai,2,0,185.23,370.46
T0000987,2026-03-24,C00038,P0098,Mumbai,3,15,895.82,2687.46
T0000988,2025-09-01,C00495,P0074,Ahmedabad,2,0,461.41,922.82
T0000989,2026-01-16,C00527,P0068,Bengaluru,1,15,292.32,292.32
T0000990,2025-10-02,C00625,P0042,Hyderabad,1,5,725.71,725.71
T0000991,2025-12-06,C00052,P0048,Chennai,2,0,615.54,1231.08
T0000992,2025-05-18,C00602,P0091,Kolkata,2,10,251.88,503.76
T0000993,2026-06-02,C00006,P0013,Hyderabad,1,0,582.69,582.69
T0000994,2025-01-10,C00898,P0010,Mumbai,2,0,1094.67,2189.34
T0000995,2025-08-13,C00138,P0006,Chennai,2,5,320.44,640.88
T0000996,2026-08-19,C00580,P0030,Ahmedabad,2,0,386.5,773.0
T0000997,2025-01-09,C00134,P0058,Kolkata,1,15,700.57,700.57
T0000998,2025-05-25,C00987,P0077,Bengaluru,1,10,1433.78,1433.78
T0000999,2026-04-02,C00413,P0018,Ahmedabad,4,25,575.42,2301.68
T0001000,2026-08-01,C00701,P0016,Chennai,1,0,1058.17,1058.17
T0001001,2025-04-22,C00360,P0058,Chennai,1,0,824.2,824.2
T0001002,2026-01-27,C00784,P0002,Bengaluru,1,5,308.74,308.74
T0001003,2025-03-17,C00328,P0062,Pune,1,0,1322.57,1322.57
T0001004,2026-01-07,C00527,P0093,Bengaluru,1,0,567.34,567.34
T0001005,2025-07-04,C00265,P0068,Mumbai,1,10,309.51,309.51
T0001006,2025-09-23,C00964,P0035,Bengaluru,3,0,367.0,1101.0
T0001007,2026-06-28,C00652,P0068,Chennai,2,0,343.9,687.8
T0001008,2026-04-04,C00457,P0081,Chennai,1,15,1865.47,1865.47
T0001009,2026-09-25,C00586,P0028,Mumbai,1,20,498.51,498.51
T0001010,2025-01-14,C00346,P0017,Delhi,1,10,280.17,280.17
T0001011,2026-02-22,C00136,P0081,Mumbai,1,15,1865.47,1865.47
T0001012,2025-07-25,C00242,P0014,Kolkata,1,10,834.21,834.21
T0001013,2026-01-10,C00826,P0053,Hyderabad,1,25,143.74,143.74
T0001014,2025-11-08,C00632,P0077,Hyderabad,1,5,1513.44,1513.44
T0001015,2025-10-29,C00294,P0068,Chennai,2,0,343.9,687.8
T0001016,2025-11-14,C00964,P0022,Bengaluru,1,5,448.78,448.78
T0001017,2025-12-12,C00996,P0092,Pune,1,0,337.81,337.81
T0001018,2025-02-14,C00632,P0038,Hyderabad,1,5,534.53,534.53
T0001019,2025-08-16,C00658,P0076,Pune,1,10,353.92,353.92
T0001020,2025-04-09,C00810,P0051,Delhi,1,0,836.11,836.11
T0001021,2025-07-18,C00306,P0030,Pune,3,0,386.5,1159.5
T0001022,2026-04-22,C00659,P0081,Hyderabad,1,0,2194.67,2194.67
T0001023,2026-06-02,C00122,P0081,Mumbai,2,20,1755.74,3511.48
T0001024,2025-01-08,C00197,P0006,Hyderabad,2,0,337.31,674.62
T0001025,2025-02-18,C00172,P0049,Hyderabad,1,10,123.27,123.27
T0001026,2026-07-25,C00464,P0068,Pune,1,5,326.7,326.7
T0001027,2026-02-08,C00821,P0041,Pune,1,0,930.63,930.63
T0001028,2025-04-24,C00773,P0040,Chennai,2,10,658.32,1316.64
T0001029,2025-01-02,C00987,P0077,Bengaluru,1,5,1513.44,1513.44
T0001030,2026-01-03,C00212,P0055,Pune,2,10,3051.36,6102.72
T0001031,2026-03-18,C00742,P0049,Chennai,1,10,123.27,123.27
T0001032,2025-09-21,C00548,P0026,Bengaluru,1,10,514.13,514.13
T0001033,2025-12-15,C00186,P0053,Delhi,2,25,143.74,287.48
T0001034,2025-03-05,C00923,P0024,Bengaluru,1,5,241.63,241.63
T0001035,2025-05-21,C00874,P0067,Pune,1,5,462.0,462.0
T0001036,2025-09-02,C00308,P0083,Kolkata,1,10,4188.81,4188.81
T0001037,2025-06-10,C00450,P0006,Pune,1,5,320.44,320.44
T0001038,2026-02-05,C00140,P0095,Ahmedabad,2,10,312.0,624.0
T0001039,2025-01-15,C00050,P0093,Pune,2,5,538.97,1077.94
T0001040,2026-05-20,C00028,P0041,Kolkata,2,5,884.1,1768.2
T0001041,2025-06-28,C00098,P0084,Pune,2,20,424.27,848.54
T0001042,2025-11-05,C00609,P0072,Delhi,2,10,268.21,536.42
T0001043,2025-05-03,C00262,P0019,Delhi,1,0,173.97,173.97
T0001044,2025-03-07,C00325,P0070,Kolkata,1,0,673.73,673.73
T0001045,2025-09-23,C00827,P0018,Pune,2,5,728.87,1457.74
T0001046,2026-03-17,C00653,P0073,Hyderabad,2,0,287.1,574.2
T0001047,2026-04-14,C00650,P0068,Kolkata,1,20,275.12,275.12
T0001048,2026-02-18,C00918,P0085,Mumbai,3,0,586.1,1758.3
T0001049,2025-10-10,C00702,P0076,Ahmedabad,1,10,353.92,353.92
T0001050,2025-12-07,C00505,P0036,Bengaluru,1,15,400.68,400.68
T0001051,2025-02-13,C00658,P0100,Pune,1,15,422.38,422.38
T0001052,2025-06-09,C00032,P0093,Mumbai,1,20,453.87,453.87
T0001053,2025-08-20,C00845,P0005,Ahmedabad,2,0,149.48,298.96
T0001054,2025-08-27,C00660,P0003,Hyderabad,1,25,267.5,267.5
T0001055,2025-08-14,C00334,P0058,Mumbai,1,10,741.78,741.78
T0001056,2025-07-24,C00652,P0043,Chennai,1,5,274.52,274.52
T0001057,2025-04-27,C00415,P0045,Chennai,1,5,154.18,154.18
T0001058,2025-03-08,C00665,P0090,Chennai,2,5,266.68,533.36
T0001059,2026-08-13,C00238,P0093,Delhi,1,10,510.61,510.61
T0001060,2026-02-07,C00067,P0011,Hyderabad,4,10,343.34,1373.36
T0001061,2025-03-04,C00758,P0014,Kolkata,3,5,880.56,2641.68
T0001062,2025-07-23,C00297,P0045,Ahmedabad,2,5,154.18,308.36
T0001063,2025-07-14,C00646,P0006,Mumbai,2,20,269.85,539.7
T0001064,2026-09-14,C00194,P0054,Chennai,1,0,291.3,291.3
T0001065,2025-04-28,C00925,P0009,Ahmedabad,1,15,102.86,102.86
T0001066,2025-10-28,C00423,P0036,Mumbai,1,20,377.11,377.11
T0001067,2025-04-08,C00724,P0023,Chennai,1,5,427.49,427.49
T0001068,2025-11-20,C00456,P0015,Kolkata,3,25,1930.34,5791.02
T0001069,2026-04-02,C00223,P0016,Ahmedabad,4,20,846.54,3386.16
T0001070,2026-07-30,C00423,P0018,Mumbai,1,20,613.78,613.78
T0001071,2025-03-30,C00380,P0051,Mumbai,1,20,668.89,668.89
T0001072,2026-01-24,C00604,P0093,Delhi,1,5,538.97,538.97
T0001073,2026-05-21,C00081,P0005,Mumbai,1,5,142.01,142.01
T0001074,2025-09-14,C00121,P0036,Kolkata,2,0,471.39,942.78
T0001075,2025-01-19,C00697,P0055,Delhi,1,10,3051.36,3051.36
T0001076,2025-04-02,C00046,P0015,Delhi,1,0,2573.78,2573.78
T0001077,2025-11-07,C00082,P0010,Hyderabad,1,15,930.47,930.47
T0001078,2026-04-13,C00997,P0043,Ahmedabad,1,0,288.97,288.97
T0001079,2025-12-30,C00921,P0043,Pune,2,0,288.97,577.94
T0001080,2025-06-15,C00843,P0045,Ahmedabad,3,0,162.29,486.87
T0001081,2026-07-17,C00075,P0064,Ahmedabad,1,0,693.68,693.68
T0001082,2025-05-10,C00587,P0040,Hyderabad,1,10,658.32,658.32
T0001083,2026-05-10,C00764,P0067,Kolkata,1,0,486.32,486.32
T0001084,2026-05-29,C00622,P0031,Hyderabad,2,25,174.08,348.16
T0001085,2026-04-20,C00321,P0009,Hyderabad,3,0,121.01,363.03
T0001086,2025-07-12,C00023,P0035,Delhi,1,5,348.65,348.65
T0001087,2025-05-12,C00681,P0017,Bengaluru,1,10,280.17,280.17
T0001088,2026-01-27,C00093,P0071,Delhi,1,10,1442.14,1442.14
T0001089,2025-05-23,C00249,P0068,Kolkata,1,0,343.9,343.9
T0001090,2025-10-18,C00237,P0084,Chennai,1,0,530.34,530.34
T0001091,2025-09-25,C00169,P0081,Ahmedabad,2,0,2194.67,4389.34
T0001092,2025-01-21,C00476,P0043,Kolkata,2,0,288.97,577.94
T0001093,2025-05-03,C00316,P0022,Kolkata,1,5,448.78,448.78
T0001094,2026-08-23,C00874,P0055,Pune,1,5,3220.88,3220.88
T0001095,2026-06-17,C00792,P0093,Kolkata,1,10,510.61,510.61
T0001096,2026-06-12,C00863,P0081,Mumbai,1,10,1975.2,1975.2
T0001097,2026-05-08,C00202,P0062,Chennai,1,10,1190.31,1190.31
T0001098,2025-03-01,C00847,P0050,Mumbai,1,10,1019.73,1019.73
T0001099,2026-07-15,C00252,P0098,Hyderabad,2,10,948.52,1897.04
T0001100,2026-04-03,C00078,P0063,Chennai,1,0,141.64,141.64
T0001101,2025-01-29,C00945,P0094,Pune,1,10,952.39,952.39
T0001102,2026-04-24,C00956,P0094,Mumbai,1,0,1058.21,1058.21
T0001103,2025-08-22,C00519,P0001,Chennai,1,0,731.6,731.6
T0001104,2026-06-04,C00938,P0031,Chennai,1,0,232.11,232.11
T0001105,2026-05-13,C00053,P0068,Ahmedabad,4,20,275.12,1100.48
T0001106,2026-06-05,C00172,P0072,Hyderabad,1,10,268.21,268.21
T0001107,2025-10-22,C00627,P0065,Bengaluru,1,10,1142.38,1142.38
T0001108,2025-03-29,C00978,P0058,Pune,1,5,782.99,782.99
T0001109,2026-07-23,C00925,P0092,Ahmedabad,1,15,287.14,287.14
T0001110,2025-04-16,C00769,P0099,Chennai,2,0,306.5,613.0
T0001111,2025-10-20,C00482,P0042,Mumbai,2,0,763.91,1527.82
T0001112,2025-08-13,C00335,P0093,Pune,3,10,510.61,1531.83
T0001113,2026-04-08,C00907,P0067,Kolkata,1,0,486.32,486.32
T0001114,2025-08-26,C00855,P0054,Ahmedabad,1,20,233.04,233.04
T0001115,2025-02-28,C00303,P0018,Kolkata,1,0,767.23,767.23
T0001116,2025-12-18,C00358,P0063,Pune,1,20,113.31,113.31
T0001117,2026-03-14,C00570,P0004,Pune,2,0,560.89,1121.78
T0001118,2025-06-14,C00868,P0020,Delhi,1,5,1025.64,1025.64
T0001119,2025-03-29,C00912,P0085,Hyderabad,1,0,586.1,586.1
T0001120,2025-06-19,C00217,P0072,Pune,3,15,253.31,759.93
T0001121,2026-02-12,C00301,P0027,Chennai,3,15,508.81,1526.43
T0001122,2026-02-25,C00194,P0062,Chennai,1,0,1322.57,1322.57
T0001123,2025-06-15,C00269,P0004,Hyderabad,3,10,504.8,1514.4
T0001124,2025-04-08,C00692,P0047,Ahmedabad,1,0,720.52,720.52
T0001125,2025-08-30,C00880,P0009,Hyderabad,1,0,121.01,121.01
T0001126,2026-02-04,C00554,P0084,Kolkata,3,0,530.34,1591.02
T0001127,2026-05-04,C00506,P0040,Mumbai,2,15,621.75,1243.5
T0001128,2025-01-31,C00226,P0010,Delhi,1,0,1094.67,1094.67
T0001129,2025-05-15,C00709,P0063,Hyderabad,1,15,120.39,120.39
T0001130,2025-03-06,C00525,P0099,Chennai,2,15,260.52,521.04
T0001131,2026-06-28,C00795,P0062,Ahmedabad,3,5,1256.44,3769.32
T0001132,2025-08-22,C00212,P0051,Pune,1,20,668.89,668.89
T0001133,2026-09-07,C00408,P0067,Delhi,1,15,413.37,413.37
T0001134,2025-08-29,C00545,P0011,Chennai,2,0,381.49,762.98
T0001135,2025-11-18,C00778,P0093,Ahmedabad,1,10,510.61,510.61
T0001136,2025-09-09,C00375,P0096,Hyderabad,1,0,971.66,971.66
T0001137,2026-06-21,C00374,P0068,Delhi,4,10,309.51,1238.04
T0001138,2026-01-28,C00368,P0027,Ahmedabad,1,10,538.74,538.74
T0001139,2026-07-09,C00762,P0093,Ahmedabad,1,0,567.34,567.34
T0001140,2025-03-07,C00678,P0033,Pune,1,20,221.24,221.24
T0001141,2025-07-05,C00912,P0015,Hyderabad,1,10,2316.4,2316.4
T0001142,2026-02-18,C00284,P0020,Hyderabad,1,10,971.66,971.66
T0001143,2026-07-30,C00932,P0043,Kolkata,1,20,231.18,231.18
T0001144,2025-08-15,C00879,P0057,Bengaluru,1,0,427.6,427.6
T0001145,2026-03-20,C00118,P0040,Mumbai,1,15,621.75,621.75
T0001146,2026-02-11,C00681,P0002,Bengaluru,1,5,308.74,308.74
T0001147,2026-06-28,C00880,P0021,Hyderabad,1,5,597.11,597.11
T0001148,2026-02-28,C00775,P0093,Chennai,2,15,482.24,964.48
T0001149,2025-11-27,C00469,P0016,Delhi,1,0,1058.17,1058.17
T0001150,2025-06-17,C00330,P0043,Pune,1,0,288.97,288.97
T0001151,2026-03-03,C00995,P0006,Kolkata,1,5,320.44,320.44
T0001152,2025-09-04,C00709,P0094,Hyderabad,1,20,846.57,846.57
T0001153,2025-05-08,C00360,P0058,Chennai,1,20,659.36,659.36
T0001154,2025-02-07,C00699,P0078,Ahmedabad,2,0,361.61,723.22
T0001155,2025-08-02,C00363,P0025,Mumbai,1,20,148.18,148.18
T0001156,2026-02-19,C00995,P0074,Kolkata,1,5,438.34,438.34
T0001157,2025-09-30,C00008,P0044,Kolkata,2,0,399.08,798.16
T0001158,2025-08-09,C00422,P0091,Kolkata,1,10,251.88,251.88
T0001159,2025-12-20,C00369,P0085,Delhi,1,20,468.88,468.88
T0001160,2026-07-13,C00720,P0004,Mumbai,1,5,532.85,532.85
T0001161,2026-01-15,C00428,P0031,Chennai,1,15,197.29,197.29
T0001162,2026-02-07,C00602,P0081,Kolkata,1,5,2084.94,2084.94
T0001163,2025-06-22,C00424,P0031,Pune,1,15,197.29,197.29
T0001164,2026-01-23,C00759,P0018,Delhi,1,5,728.87,728.87
T0001165,2025-05-19,C00401,P0079,Hyderabad,1,20,328.66,328.66
T0001166,2026-05-01,C00418,P0011,Pune,2,10,343.34,686.68
T0001167,2025-10-11,C00992,P0058,Delhi,1,0,824.2,824.2
T0001168,2025-01-25,C00671,P0036,Kolkata,1,10,424.25,424.25
T0001169,2025-02-09,C00935,P0068,Kolkata,4,10,309.51,1238.04
T0001170,2026-08-12,C00235,P0053,Hyderabad,1,20,153.33,153.33
T0001171,2025-07-16,C00571,P0058,Ahmedabad,1,0,824.2,824.2
T0001172,2026-07-16,C00274,P0068,Ahmedabad,1,25,257.92,257.92
T0001173,2026-07-26,C00967,P0099,Ahmedabad,2,10,275.85,551.7
T0001174,2026-09-30,C00545,P0058,Chennai,2,0,824.2,1648.4
T0001175,2025-02-11,C00041,P0093,Pune,1,10,510.61,510.61
T0001176,2025-03-31,C00632,P0061,Hyderabad,1,15,190.32,190.32
T0001177,2026-02-03,C00616,P0020,Chennai,2,10,971.66,1943.32
T0001178,2025-08-08,C00819,P0035,Pune,2,5,348.65,697.3
T0001179,2025-05-26,C00419,P0088,Bengaluru,1,15,175.02,175.02
T0001180,2026-04-26,C00233,P0038,Delhi,1,10,506.39,506.39
T0001181,2025-08-04,C00573,P0087,Chennai,2,0,341.41,682.82
T0001182,2025-05-15,C00725,P0092,Chennai,2,10,304.03,608.06
T0001183,2026-01-16,C00083,P0029,Pune,1,0,417.79,417.79
T0001184,2026-02-03,C00077,P0093,Mumbai,1,0,567.34,567.34
T0001185,2026-08-25,C00100,P0043,Pune,2,5,274.52,549.04
T0001186,2026-07-25,C00345,P0033,Bengaluru,1,20,221.24,221.24
T0001187,2025-04-07,C00195,P0082,Bengaluru,1,0,352.74,352.74
T0001188,2026-04-28,C00462,P0048,Bengaluru,3,10,553.99,1661.97
T0001189,2025-10-24,C00146,P0023,Pune,3,15,382.49,1147.47
T0001190,2026-08-06,C00426,P0086,Hyderabad,1,20,330.89,330.89
T0001191,2026-09-06,C00671,P0047,Kolkata,1,10,648.47,648.47
T0001192,2026-07-27,C00069,P0019,Mumbai,1,0,173.97,173.97
T0001193,2025-06-10,C00874,P0080,Pune,1,5,311.23,311.23
T0001194,2025-02-26,C00746,P0007,Hyderabad,1,0,524.2,524.2
T0001195,2025-10-29,C00240,P0004,Ahmedabad,2,0,560.89,1121.78
T0001196,2025-01-29,C00106,P0013,Hyderabad,1,0,582.69,582.69
T0001197,2026-05-31,C00506,P0056,Mumbai,2,15,453.83,907.66
T0001198,2026-03-22,C00749,P0050,Hyderabad,1,20,906.42,906.42
T0001199,2026-09-01,C00879,P0057,Bengaluru,1,0,427.6,427.6
T0001200,2026-06-11,C00033,P0039,Hyderabad,1,15,608.37,608.37
T0001201,2026-09-22,C00789,P0100,Bengaluru,1,0,496.92,496.92
T0001202,2026-01-26,C00378,P0005,Chennai,2,5,142.01,284.02
T0001203,2026-03-25,C00936,P0031,Delhi,3,0,232.11,696.33
T0001204,2025-05-29,C00694,P0046,Pune,1,15,483.63,483.63
T0001205,2025-12-21,C00472,P0013,Chennai,2,0,582.69,1165.38
T0001206,2026-07-31,C00916,P0038,Ahmedabad,1,5,534.53,534.53
T0001207,2026-08-12,C00024,P0093,Mumbai,4,10,510.61,2042.44
T0001208,2026-08-27,C00580,P0078,Ahmedabad,1,10,325.45,325.45
T0001209,2026-05-07,C00512,P0057,Bengaluru,1,0,427.6,427.6
T0001210,2026-06-04,C00558,P0016,Delhi,1,10,952.35,952.35
T0001211,2025-08-28,C00449,P0054,Delhi,2,10,262.17,524.34
T0001212,2026-01-25,C00258,P0055,Bengaluru,1,0,3390.4,3390.4
T0001213,2025-09-27,C00343,P0023,Pune,1,10,404.99,404.99
T0001214,2025-07-01,C00149,P0087,Kolkata,1,0,341.41,341.41
T0001215,2025-07-08,C00166,P0011,Chennai,1,15,324.27,324.27
T0001216,2026-02-19,C00651,P0095,Bengaluru,1,0,346.67,346.67
T0001217,2025-01-23,C00624,P0015,Chennai,1,5,2445.09,2445.09
T0001218,2025-09-28,C00420,P0030,Delhi,1,5,367.17,367.17
T0001219,2025-07-25,C00933,P0095,Hyderabad,1,0,346.67,346.67
T0001220,2025-12-02,C00590,P0099,Ahmedabad,1,10,275.85,275.85
T0001221,2026-04-28,C00606,P0097,Hyderabad,1,0,1906.89,1906.89
T0001222,2026-03-01,C00134,P0055,Kolkata,2,10,3051.36,6102.72
T0001223,2026-04-19,C00587,P0036,Hyderabad,1,10,424.25,424.25
T0001224,2025-06-28,C00568,P0043,Pune,3,0,288.97,866.91
T0001225,2025-03-14,C00920,P0091,Pune,2,0,279.87,559.74
T0001226,2026-09-17,C00467,P0038,Delhi,1,10,506.39,506.39
T0001227,2025-05-25,C00575,P0020,Kolkata,1,10,971.66,971.66
T0001228,2025-11-09,C00658,P0010,Pune,1,20,875.74,875.74
T0001229,2026-09-23,C00906,P0019,Kolkata,1,5,165.27,165.27
T0001230,2025-07-20,C00204,P0018,Delhi,3,15,652.15,1956.45
T0001231,2026-04-23,C00748,P0065,Pune,2,0,1269.31,2538.62
T0001232,2026-05-31,C00821,P0063,Pune,1,25,106.23,106.23
T0001233,2026-04-23,C00299,P0057,Delhi,2,0,427.6,855.2
T0001234,2026-02-24,C00615,P0040,Hyderabad,2,0,731.47,1462.94
T0001235,2025-03-31,C00877,P0022,Hyderabad,1,5,448.78,448.78
T0001236,2025-12-21,C00282,P0020,Ahmedabad,2,0,1079.62,2159.24
T0001237,2025-06-22,C00204,P0004,Delhi,1,0,560.89,560.89
T0001238,2025-10-05,C00301,P0030,Chennai,1,20,309.2,309.2
T0001239,2026-05-22,C00663,P0065,Hyderabad,1,0,1269.31,1269.31
T0001240,2025-04-21,C00366,P0014,Bengaluru,3,0,926.9,2780.7
T0001241,2025-01-25,C00875,P0035,Delhi,1,0,367.0,367.0
T0001242,2025-02-24,C00843,P0099,Ahmedabad,1,15,260.52,260.52
T0001243,2026-06-30,C00163,P0068,Delhi,1,10,309.51,309.51
T0001244,2025-10-14,C00113,P0043,Chennai,2,0,288.97,577.94
T0001245,2025-12-05,C00155,P0019,Hyderabad,2,20,139.18,278.36
T0001246,2026-05-08,C00938,P0055,Chennai,1,5,3220.88,3220.88
T0001247,2025-11-25,C00679,P0080,Ahmedabad,1,20,262.09,262.09
T0001248,2026-06-15,C00931,P0081,Kolkata,1,0,2194.67,2194.67
T0001249,2025-08-15,C00062,P0039,Hyderabad,1,5,679.94,679.94
T0001250,2025-08-31,C00639,P0077,Mumbai,1,15,1354.13,1354.13
T0001251,2025-11-18,C00367,P0046,Ahmedabad,1,15,483.63,483.63
T0001252,2025-08-28,C00376,P0078,Hyderabad,1,0,361.61,361.61
T0001253,2025-09-08,C00139,P0055,Kolkata,2,0,3390.4,6780.8
T0001254,2025-05-01,C00007,P0071,Kolkata,1,5,1522.26,1522.26
T0001255,2025-01-01,C00124,P0068,Ahmedabad,2,15,292.32,584.64
T0001256,2025-10-26,C00673,P0093,Kolkata,1,10,510.61,510.61
T0001257,2025-04-25,C00760,P0068,Mumbai,1,20,275.12,275.12
T0001258,2026-09-02,C00807,P0003,Ahmedabad,1,10,320.99,320.99
T0001259,2026-08-06,C00600,P0071,Pune,1,15,1362.02,1362.02
T0001260,2025-06-16,C00137,P0073,Kolkata,2,0,287.1,574.2
T0001261,2025-03-06,C00343,P0065,Pune,1,0,1269.31,1269.31
T0001262,2026-08-26,C00581,P0015,Bengaluru,1,10,2316.4,2316.4
T0001263,2026-05-10,C00115,P0027,Delhi,1,5,568.67,568.67
T0001264,2026-05-18,C00269,P0047,Hyderabad,2,10,648.47,1296.94
T0001265,2026-07-14,C00737,P0086,Ahmedabad,1,5,392.93,392.93
T0001266,2026-03-22,C00018,P0085,Bengaluru,2,0,586.1,1172.2
T0001267,2025-09-26,C00340,P0093,Bengaluru,1,20,453.87,453.87
T0001268,2025-06-13,C00637,P0020,Pune,1,10,971.66,971.66
T0001269,2026-01-10,C00583,P0016,Mumbai,2,0,1058.17,2116.34
T0001270,2026-01-18,C00991,P0077,Pune,1,0,1593.09,1593.09
T0001271,2026-07-04,C00633,P0003,Bengaluru,1,25,267.5,267.5
T0001272,2026-08-13,C00929,P0055,Delhi,1,5,3220.88,3220.88
T0001273,2025-03-29,C00880,P0092,Hyderabad,2,10,304.03,608.06
T0001274,2025-11-13,C00010,P0022,Bengaluru,2,5,448.78,897.56
T0001275,2025-12-05,C00996,P0092,Pune,1,5,320.92,320.92
T0001276,2025-07-23,C00936,P0081,Delhi,1,25,1646.0,1646.0
T0001277,2026-05-06,C00853,P0071,Chennai,2,25,1201.79,2403.58
T0001278,2025-04-25,C00433,P0022,Bengaluru,3,0,472.4,1417.2
T0001279,2025-04-06,C00416,P0038,Bengaluru,2,5,534.53,1069.06
T0001280,2025-02-01,C00107,P0037,Mumbai,1,20,234.54,234.54
T0001281,2026-07-03,C00493,P0068,Ahmedabad,2,5,326.7,653.4
T0001282,2025-09-20,C00201,P0050,Kolkata,3,10,1019.73,3059.19
T0001283,2025-01-11,C00133,P0077,Kolkata,2,15,1354.13,2708.26
T0001284,2025-11-03,C00201,P0002,Kolkata,1,15,276.24,276.24
T0001285,2025-04-19,C00980,P0039,Kolkata,1,15,608.37,608.37
T0001286,2025-04-22,C00291,P0073,Kolkata,3,0,287.1,861.3
T0001287,2026-07-28,C00295,P0022,Pune,1,0,472.4,472.4
T0001288,2026-05-16,C00465,P0013,Pune,2,5,553.56,1107.12
T0001289,2025-08-26,C00683,P0006,Delhi,1,0,337.31,337.31
T0001290,2026-05-15,C00336,P0093,Hyderabad,1,15,482.24,482.24
T0001291,2025-04-22,C00541,P0029,Delhi,1,0,417.79,417.79
T0001292,2025-05-18,C00873,P0095,Mumbai,1,25,260.0,260.0
T0001293,2025-12-28,C00135,P0091,Mumbai,1,0,279.87,279.87
T0001294,2025-03-02,C00174,P0077,Hyderabad,1,15,1354.13,1354.13
T0001295,2026-09-16,C00819,P0035,Pune,1,0,367.0,367.0
T0001296,2025-07-25,C00578,P0036,Ahmedabad,1,0,471.39,471.39
T0001297,2026-06-27,C00286,P0076,Hyderabad,1,10,353.92,353.92
T0001298,2026-03-11,C00747,P0012,Hyderabad,1,15,188.85,188.85
T0001299,2025-11-19,C00781,P0022,Ahmedabad,1,15,401.54,401.54
T0001300,2025-02-01,C00848,P0069,Pune,1,10,111.63,111.63
T0001301,2026-04-24,C00177,P0044,Kolkata,1,0,399.08,399.08
T0001302,2026-01-01,C00268,P0024,Ahmedabad,1,10,228.92,228.92
T0001303,2026-08-08,C00082,P0094,Hyderabad,4,5,1005.3,4021.2
T0001304,2025-05-13,C00327,P0098,Chennai,1,25,790.43,790.43
T0001305,2026-08-18,C00503,P0025,Ahmedabad,1,0,185.23,185.23
T0001306,2026-07-24,C00419,P0063,Bengaluru,1,15,120.39,120.39
T0001307,2026-02-25,C00771,P0012,Hyderabad,1,15,188.85,188.85
T0001308,2026-06-19,C00143,P0090,Kolkata,1,0,280.72,280.72
T0001309,2025-04-07,C00867,P0023,Kolkata,1,0,449.99,449.99
T0001310,2025-07-07,C00281,P0079,Pune,1,0,410.82,410.82
T0001311,2026-01-28,C00752,P0068,Kolkata,1,0,343.9,343.9
T0001312,2026-04-29,C00837,P0024,Bengaluru,1,20,203.48,203.48
T0001313,2025-07-03,C00304,P0096,Delhi,1,15,825.91,825.91
T0001314,2025-01-08,C00405,P0003,Ahmedabad,1,0,356.66,356.66
T0001315,2026-01-02,C00705,P0079,Chennai,3,0,410.82,1232.46
T0001316,2025-04-24,C00489,P0002,Chennai,2,0,324.99,649.98
T0001317,2025-11-19,C00692,P0013,Ahmedabad,2,0,582.69,1165.38
T0001318,2026-09-22,C00936,P0058,Delhi,3,0,824.2,2472.6
T0001319,2025-06-30,C00165,P0083,Delhi,2,0,4654.23,9308.46
T0001320,2025-04-02,C00077,P0068,Mumbai,1,10,309.51,309.51
T0001321,2025-10-31,C00758,P0087,Kolkata,1,5,324.34,324.34
T0001322,2026-03-25,C00398,P0093,Kolkata,2,10,510.61,1021.22
T0001323,2026-03-01,C00418,P0091,Pune,1,15,237.89,237.89
T0001324,2025-09-11,C00429,P0025,Pune,1,0,185.23,185.23
T0001325,2026-09-05,C00560,P0084,Bengaluru,1,5,503.82,503.82
T0001326,2026-08-02,C00484,P0072,Kolkata,2,0,298.01,596.02
T0001327,2026-07-29,C00004,P0097,Bengaluru,1,15,1620.86,1620.86
T0001328,2026-05-25,C00460,P0059,Bengaluru,1,5,244.36,244.36
T0001329,2025-08-01,C00944,P0093,Mumbai,1,0,567.34,567.34
T0001330,2025-07-29,C00234,P0065,Ahmedabad,2,5,1205.84,2411.68
T0001331,2026-04-09,C00396,P0021,Hyderabad,2,15,534.26,1068.52
T0001332,2025-05-30,C00700,P0043,Mumbai,2,0,288.97,577.94
T0001333,2026-02-06,C00127,P0046,Pune,1,0,568.98,568.98
T0001334,2025-04-13,C00274,P0043,Ahmedabad,1,0,288.97,288.97
T0001335,2025-08-12,C00242,P0025,Kolkata,2,5,175.97,351.94
T0001336,2025-12-31,C00270,P0091,Mumbai,1,0,279.87,279.87
T0001337,2026-06-04,C00232,P0080,Delhi,1,5,311.23,311.23
T0001338,2026-02-12,C00468,P0005,Mumbai,1,5,142.01,142.01
T0001339,2026-08-08,C00158,P0047,Delhi,1,0,720.52,720.52
T0001340,2026-07-14,C00991,P0010,Pune,2,15,930.47,1860.94
T0001341,2026-01-03,C00279,P0068,Hyderabad,3,10,309.51,928.53
T0001342,2025-03-01,C00744,P0069,Delhi,2,10,111.63,223.26
T0001343,2025-05-20,C00500,P0055,Pune,2,0,3390.4,6780.8
T0001344,2025-06-12,C00909,P0046,Ahmedabad,2,0,568.98,1137.96
T0001345,2025-11-13,C00060,P0078,Delhi,1,20,289.29,289.29
T0001346,2025-11-11,C00770,P0003,Chennai,1,15,303.16,303.16
T0001347,2025-08-03,C00296,P0058,Bengaluru,1,20,659.36,659.36
T0001348,2025-09-26,C00856,P0066,Delhi,1,5,948.67,948.67
T0001349,2025-05-22,C00551,P0039,Bengaluru,1,10,644.16,644.16
T0001350,2025-04-22,C00145,P0043,Hyderabad,2,15,245.62,491.24
T0001351,2025-01-07,C00214,P0059,Bengaluru,3,10,231.5,694.5
T0001352,2026-02-20,C00858,P0075,Bengaluru,2,10,152.18,304.36
T0001353,2026-03-04,C00784,P0084,Bengaluru,1,0,530.34,530.34
T0001354,2026-04-13,C00808,P0078,Delhi,2,10,325.45,650.9
T0001355,2025-11-17,C00319,P0064,Pune,1,5,659.0,659.0
T0001356,2025-03-24,C00739,P0043,Delhi,1,5,274.52,274.52
T0001357,2026-03-25,C00543,P0009,Mumbai,1,20,96.81,96.81
T0001358,2025-06-24,C00239,P0033,Pune,2,0,276.55,553.1
T0001359,2025-03-16,C00706,P0028,Mumbai,1,5,591.98,591.98
T0001360,2025-06-20,C00344,P0070,Chennai,2,0,673.73,1347.46
T0001361,2025-03-03,C00406,P0090,Bengaluru,1,15,238.61,238.61
T0001362,2026-08-07,C00327,P0083,Chennai,1,0,4654.23,4654.23
T0001363,2025-08-12,C00590,P0028,Ahmedabad,1,0,623.14,623.14
T0001364,2025-04-12,C00328,P0064,Pune,1,10,624.31,624.31
T0001365,2026-06-16,C00606,P0024,Hyderabad,1,5,241.63,241.63
T0001366,2026-07-28,C00241,P0093,Chennai,1,0,567.34,567.34
T0001367,2025-07-21,C00619,P0043,Kolkata,2,10,260.07,520.14
T0001368,2025-04-08,C00674,P0068,Chennai,1,0,343.9,343.9
T0001369,2025-09-07,C00984,P0093,Pune,1,25,425.5,425.5
T0001370,2025-01-23,C00226,P0076,Delhi,3,15,334.25,1002.75
T0001371,2025-06-09,C00930,P0021,Bengaluru,3,25,471.4,1414.2
T0001372,2026-09-14,C00373,P0043,Bengaluru,1,0,288.97,288.97
T0001373,2025-06-26,C00581,P0030,Bengaluru,1,0,386.5,386.5
T0001374,2025-05-12,C00873,P0095,Mumbai,1,20,277.34,277.34
T0001375,2026-03-15,C00044,P0093,Hyderabad,1,5,538.97,538.97
T0001376,2025-05-17,C00787,P0086,Hyderabad,2,10,372.25,744.5
T0001377,2025-11-22,C00158,P0047,Delhi,1,10,648.47,648.47
T0001378,2025-06-24,C00640,P0070,Ahmedabad,2,0,673.73,1347.46
T0001379,2025-10-05,C00657,P0056,Chennai,1,10,480.53,480.53
T0001380,2026-08-30,C00485,P0038,Chennai,1,5,534.53,534.53
T0001381,2025-11-15,C00877,P0005,Hyderabad,1,15,127.06,127.06
T0001382,2026-05-29,C00199,P0068,Bengaluru,4,15,292.32,1169.28
T0001383,2026-01-06,C00895,P0002,Mumbai,1,15,276.24,276.24
T0001384,2026-05-29,C00165,P0003,Delhi,1,0,356.66,356.66
T0001385,2026-07-28,C00801,P0074,Pune,2,10,415.27,830.54
T0001386,2025-07-07,C00811,P0058,Bengaluru,1,5,782.99,782.99
T0001387,2026-06-17,C00063,P0017,Pune,1,0,311.3,311.3
T0001388,2025-03-28,C00299,P0060,Delhi,1,5,312.78,312.78
T0001389,2026-05-11,C00031,P0091,Mumbai,1,10,251.88,251.88
T0001390,2025-09-20,C00924,P0068,Kolkata,1,0,343.9,343.9
T0001391,2026-09-20,C00293,P0097,Bengaluru,1,25,1430.17,1430.17
T0001392,2025-04-14,C00118,P0087,Mumbai,1,0,341.41,341.41
T0001393,2026-07-16,C00653,P0029,Hyderabad,3,0,417.79,1253.37
T0001394,2026-06-12,C00883,P0018,Chennai,1,0,767.23,767.23
T0001395,2025-11-08,C00821,P0048,Pune,2,0,615.54,1231.08
T0001396,2025-06-26,C00376,P0033,Hyderabad,2,0,276.55,553.1
T0001397,2026-04-23,C00354,P0012,Bengaluru,1,0,222.18,222.18
T0001398,2026-03-26,C00414,P0088,Ahmedabad,3,15,175.02,525.06
T0001399,2025-02-21,C00496,P0014,Delhi,1,5,880.56,880.56
T0001400,2026-07-27,C00263,P0097,Delhi,1,10,1716.2,1716.2
T0001401,2025-02-17,C00877,P0023,Hyderabad,1,10,404.99,404.99
T0001402,2025-02-10,C00747,P0032,Hyderabad,2,15,806.34,1612.68
T0001403,2026-08-13,C00456,P0027,Kolkata,1,10,538.74,538.74
T0001404,2025-10-05,C00231,P0060,Mumbai,2,0,329.24,658.48
T0001405,2026-04-09,C00749,P0096,Hyderabad,1,0,971.66,971.66
T0001406,2025-01-21,C00754,P0001,Chennai,1,0,731.6,731.6
T0001407,2025-10-12,C00282,P0032,Ahmedabad,1,20,758.91,758.91
T0001408,2025-04-30,C00532,P0020,Mumbai,3,10,971.66,2914.98
T0001409,2026-05-31,C00097,P0046,Pune,1,0,568.98,568.98
T0001410,2025-08-08,C00393,P0086,Ahmedabad,1,20,330.89,330.89
T0001411,2025-02-01,C00839,P0097,Hyderabad,1,0,1906.89,1906.89
T0001412,2025-12-18,C00777,P0068,Delhi,1,0,343.9,343.9
T0001413,2026-06-14,C00339,P0085,Ahmedabad,1,10,527.49,527.49
T0001414,2025-03-01,C00909,P0095,Ahmedabad,3,5,329.34,988.02
T0001415,2025-07-11,C00477,P0028,Kolkata,1,10,560.83,560.83
T0001416,2025-06-07,C00034,P0031,Hyderabad,1,5,220.5,220.5
T0001417,2026-08-06,C00757,P0017,Mumbai,1,20,249.04,249.04
T0001418,2025-05-23,C00327,P0005,Chennai,1,5,142.01,142.01
T0001419,2025-07-24,C00609,P0099,Delhi,1,15,260.52,260.52
T0001420,2026-01-26,C00364,P0057,Pune,1,10,384.84,384.84
T0001421,2025-07-21,C00520,P0039,Kolkata,1,0,715.73,715.73
T0001422,2025-05-22,C00214,P0092,Bengaluru,1,10,304.03,304.03
T0001423,2025-05-26,C00590,P0009,Ahmedabad,3,10,108.91,326.73
T0001424,2026-05-31,C00054,P0055,Kolkata,2,5,3220.88,6441.76
T0001425,2025-05-24,C00499,P0089,Mumbai,3,25,157.62,472.86
T0001426,2026-05-07,C00374,P0043,Delhi,1,5,274.52,274.52
T0001427,2026-05-27,C00164,P0068,Delhi,1,15,292.32,292.32
T0001428,2026-08-18,C00597,P0027,Pune,2,20,478.88,957.76
T0001429,2026-03-16,C00870,P0079,Mumbai,1,0,410.82,410.82
T0001430,2025-09-19,C00888,P0086,Kolkata,3,10,372.25,1116.75
T0001431,2025-05-29,C00727,P0038,Hyderabad,1,5,534.53,534.53
T0001432,2025-03-05,C00852,P0010,Delhi,2,15,930.47,1860.94
T0001433,2025-01-13,C00638,P0031,Pune,1,15,197.29,197.29
T0001434,2025-01-21,C00934,P0060,Mumbai,2,0,329.24,658.48
T0001435,2025-03-17,C00694,P0098,Pune,1,15,895.82,895.82
T0001436,2025-08-13,C00329,P0088,Pune,2,10,185.32,370.64
T0001437,2026-09-01,C00473,P0003,Mumbai,1,10,320.99,320.99
T0001438,2025-10-18,C00046,P0001,Delhi,2,10,658.44,1316.88
T0001439,2026-05-26,C00458,P0074,Kolkata,2,5,438.34,876.68
T0001440,2025-12-22,C00924,P0068,Kolkata,2,10,309.51,619.02
T0001441,2025-08-02,C00830,P0087,Kolkata,2,10,307.27,614.54
T0001442,2026-02-24,C00697,P0011,Delhi,1,0,381.49,381.49
T0001443,2025-01-24,C00499,P0042,Mumbai,1,15,649.32,649.32
T0001444,2025-02-10,C00539,P0001,Ahmedabad,2,0,731.6,1463.2
T0001445,2026-09-02,C00750,P0093,Hyderabad,1,0,567.34,567.34
T0001446,2025-08-27,C00658,P0026,Pune,1,20,457.01,457.01
T0001447,2025-09-22,C00042,P0028,Chennai,1,5,591.98,591.98
T0001448,2025-03-15,C00581,P0078,Bengaluru,1,10,325.45,325.45
T0001449,2025-06-10,C00615,P0004,Hyderabad,2,5,532.85,1065.7
T0001450,2025-08-15,C00233,P0088,Delhi,4,0,205.91,823.64
T0001451,2026-04-14,C00273,P0077,Mumbai,1,10,1433.78,1433.78
T0001452,2026-03-03,C00729,P0045,Ahmedabad,1,10,146.06,146.06
T0001453,2026-06-17,C00375,P0050,Hyderabad,2,15,963.08,1926.16
T0001454,2025-03-09,C00307,P0085,Mumbai,2,0,586.1,1172.2
T0001455,2026-03-18,C00107,P0092,Mumbai,1,0,337.81,337.81
T0001456,2026-08-27,C00001,P0036,Delhi,1,0,471.39,471.39
T0001457,2026-08-08,C00274,P0068,Ahmedabad,2,10,309.51,619.02
T0001458,2026-08-22,C00433,P0003,Bengaluru,3,20,285.33,855.99
T0001459,2025-12-25,C00309,P0064,Chennai,1,20,554.94,554.94
T0001460,2026-02-25,C00036,P0006,Mumbai,1,0,337.31,337.31
T0001461,2026-04-13,C00553,P0086,Ahmedabad,1,15,351.57,351.57
T0001462,2026-01-02,C00880,P0028,Hyderabad,2,0,623.14,1246.28
T0001463,2026-09-22,C00488,P0068,Pune,1,10,309.51,309.51
T0001464,2025-02-01,C00794,P0025,Ahmedabad,1,5,175.97,175.97
T0001465,2025-08-19,C00908,P0058,Bengaluru,1,0,824.2,824.2
T0001466,2026-04-19,C00301,P0032,Chennai,1,15,806.34,806.34
T0001467,2026-02-24,C00387,P0075,Kolkata,1,5,160.64,160.64
T0001468,2026-08-21,C00113,P0068,Chennai,1,0,343.9,343.9
T0001469,2026-01-17,C00285,P0037,Chennai,2,0,293.17,586.34
T0001470,2026-05-09,C00213,P0070,Chennai,1,5,640.04,640.04
T0001471,2025-04-13,C00510,P0003,Chennai,1,25,267.5,267.5
T0001472,2026-02-02,C00161,P0063,Mumbai,2,5,134.56,269.12
T0001473,2025-02-23,C00738,P0081,Mumbai,1,10,1975.2,1975.2
T0001474,2026-04-27,C00277,P0093,Ahmedabad,1,0,567.34,567.34
T0001475,2026-01-27,C00189,P0004,Hyderabad,3,0,560.89,1682.67
T0001476,2025-05-26,C00184,P0002,Delhi,2,15,276.24,552.48
T0001477,2025-06-19,C00282,P0086,Ahmedabad,1,10,372.25,372.25
T0001478,2025-05-22,C00765,P0065,Delhi,2,5,1205.84,2411.68
T0001479,2025-04-28,C00897,P0043,Hyderabad,1,0,288.97,288.97
T0001480,2026-07-11,C00365,P0047,Ahmedabad,2,0,720.52,1441.04
T0001481,2025-11-20,C00018,P0015,Bengaluru,1,0,2573.78,2573.78
T0001482,2026-04-24,C00595,P0013,Pune,1,0,582.69,582.69
T0001483,2025-07-27,C00164,P0093,Delhi,1,25,425.5,425.5
T0001484,2025-03-29,C00315,P0043,Chennai,1,0,288.97,288.97
T0001485,2025-03-07,C00537,P0094,Hyderabad,1,5,1005.3,1005.3
T0001486,2026-01-20,C00592,P0061,Kolkata,1,15,190.32,190.32
T0001487,2025-09-24,C00447,P0007,Chennai,4,0,524.2,2096.8
T0001488,2026-07-02,C00790,P0056,Mumbai,1,15,453.83,453.83
T0001489,2026-03-10,C00599,P0050,Pune,1,0,1133.03,1133.03
T0001490,2025-12-27,C00359,P0034,Kolkata,1,5,267.08,267.08
T0001491,2026-08-11,C00585,P0093,Pune,2,0,567.34,1134.68
T0001492,2026-05-24,C00733,P0087,Ahmedabad,1,15,290.2,290.2
T0001493,2025-01-31,C00666,P0072,Hyderabad,1,15,253.31,253.31
T0001494,2026-07-10,C00223,P0022,Ahmedabad,1,15,401.54,401.54
T0001495,2026-06-20,C00062,P0053,Hyderabad,4,25,143.74,574.96
T0001496,2026-06-12,C00140,P0083,Ahmedabad,1,20,3723.38,3723.38
T0001497,2025-02-22,C00541,P0097,Delhi,2,0,1906.89,3813.78
T0001498,2026-04-28,C00788,P0016,Bengaluru,4,25,793.63,3174.52
T0001499,2025-03-10,C00042,P0066,Chennai,1,5,948.67,948.67
T0001500,2026-04-08,C00053,P0043,Ahmedabad,1,15,245.62,245.62
T0001501,2025-05-01,C00527,P0068,Bengaluru,1,0,343.9,343.9
T0001502,2025-01-16,C00858,P0096,Bengaluru,2,0,971.66,1943.32
T0001503,2026-08-28,C00355,P0068,Delhi,1,0,343.9,343.9
T0001504,2026-03-10,C00181,P0013,Mumbai,1,5,553.56,553.56
T0001505,2026-07-28,C00905,P0070,Pune,1,10,606.36,606.36
T0001506,2025-02-13,C00980,P0022,Kolkata,2,20,377.92,755.84
T0001507,2026-04-23,C00153,P0100,Kolkata,1,15,422.38,422.38
T0001508,2025-03-20,C00275,P0027,Hyderabad,1,10,538.74,538.74
T0001509,2025-06-05,C00139,P0067,Kolkata,1,15,413.37,413.37
T0001510,2025-05-29,C00050,P0093,Pune,1,0,567.34,567.34
T0001511,2026-01-30,C00058,P0009,Pune,2,20,96.81,193.62
T0001512,2026-03-24,C00801,P0069,Pune,1,15,105.43,105.43
T0001513,2026-03-14,C00087,P0054,Mumbai,1,10,262.17,262.17
T0001514,2025-06-29,C00516,P0004,Bengaluru,2,0,560.89,1121.78
T0001515,2026-02-04,C00686,P0058,Delhi,1,5,782.99,782.99
T0001516,2026-02-08,C00868,P0032,Delhi,4,20,758.91,3035.64
T0001517,2025-02-17,C00965,P0017,Ahmedabad,1,20,249.04,249.04
T0001518,2026-02-23,C00978,P0031,Pune,1,10,208.9,208.9
T0001519,2026-09-17,C00111,P0079,Kolkata,1,0,410.82,410.82
T0001520,2025-03-16,C00836,P0051,Chennai,1,5,794.3,794.3
T0001521,2026-09-17,C00793,P0083,Pune,2,15,3956.1,7912.2
T0001522,2026-01-26,C00804,P0084,Pune,2,25,397.76,795.52
T0001523,2026-06-21,C00102,P0053,Mumbai,1,0,191.66,191.66
T0001524,2025-07-13,C00977,P0025,Hyderabad,1,10,166.71,166.71
T0001525,2025-12-15,C00742,P0054,Chennai,1,0,291.3,291.3
T0001526,2026-04-16,C00876,P0039,Pune,2,5,679.94,1359.88
T0001527,2025-02-11,C00452,P0058,Kolkata,2,5,782.99,1565.98
T0001528,2025-02-07,C00947,P0051,Delhi,1,0,836.11,836.11
T0001529,2025-11-22,C00502,P0078,Delhi,1,10,325.45,325.45
T0001530,2025-02-26,C00038,P0003,Mumbai,1,10,320.99,320.99
T0001531,2025-09-11,C00878,P0086,Hyderabad,2,0,413.61,827.22
T0001532,2026-05-10,C00385,P0057,Ahmedabad,2,0,427.6,855.2
T0001533,2026-06-25,C00326,P0037,Delhi,1,5,278.51,278.51
T0001534,2025-04-27,C00739,P0068,Delhi,2,0,343.9,687.8
T0001535,2026-08-10,C00207,P0092,Kolkata,1,15,287.14,287.14
T0001536,2025-01-09,C00233,P0010,Delhi,1,0,1094.67,1094.67
T0001537,2025-12-26,C00715,P0048,Pune,1,0,615.54,615.54
T0001538,2025-06-06,C00176,P0044,Chennai,1,5,379.13,379.13
T0001539,2026-03-22,C00565,P0068,Delhi,1,0,343.9,343.9
T0001540,2025-07-02,C00074,P0091,Pune,1,10,251.88,251.88
T0001541,2025-08-19,C00323,P0001,Ahmedabad,1,15,621.86,621.86
T0001542,2025-01-27,C00759,P0004,Delhi,1,15,476.76,476.76
T0001543,2026-08-14,C00246,P0061,Hyderabad,1,0,223.9,223.9
T0001544,2025-02-24,C00670,P0100,Kolkata,2,15,422.38,844.76
T0001545,2025-04-22,C00911,P0041,Kolkata,1,0,930.63,930.63
T0001546,2026-04-06,C00146,P0035,Pune,2,0,367.0,734.0
T0001547,2026-03-04,C00807,P0022,Ahmedabad,1,0,472.4,472.4
T0001548,2026-08-16,C00728,P0018,Chennai,2,0,767.23,1534.46
T0001549,2025-10-04,C00305,P0016,Delhi,2,0,1058.17,2116.34
T0001550,2025-03-21,C00873,P0046,Mumbai,1,15,483.63,483.63
T0001551,2026-08-19,C00057,P0018,Delhi,2,10,690.51,1381.02
T0001552,2025-12-15,C00493,P0093,Ahmedabad,1,5,538.97,538.97
T0001553,2025-09-23,C00067,P0055,Hyderabad,1,10,3051.36,3051.36
T0001554,2026-02-27,C00168,P0004,Mumbai,1,0,560.89,560.89
T0001555,2026-05-31,C00786,P0032,Kolkata,1,0,948.64,948.64
T0001556,2025-01-23,C00788,P0083,Bengaluru,2,5,4421.52,8843.04
T0001557,2026-01-10,C00953,P0080,Chennai,1,10,294.85,294.85
T0001558,2025-03-15,C00677,P0043,Ahmedabad,2,10,260.07,520.14
T0001559,2025-12-14,C00438,P0003,Chennai,1,15,303.16,303.16
T0001560,2025-09-06,C00476,P0093,Kolkata,1,5,538.97,538.97
T0001561,2025-07-10,C00631,P0091,Kolkata,1,0,279.87,279.87
T0001562,2025-05-11,C00137,P0073,Kolkata,1,0,287.1,287.1
T0001563,2026-07-28,C00457,P0091,Chennai,1,15,237.89,237.89
T0001564,2025-09-12,C00119,P0095,Hyderabad,2,5,329.34,658.68
T0001565,2026-05-10,C00685,P0019,Delhi,1,20,139.18,139.18
T0001566,2026-01-04,C00057,P0036,Delhi,1,20,377.11,377.11
T0001567,2026-07-28,C00605,P0057,Delhi,2,5,406.22,812.44
T0001568,2025-02-24,C00267,P0032,Bengaluru,2,0,948.64,1897.28
T0001569,2025-01-08,C00153,P0076,Kolkata,1,10,353.92,353.92
T0001570,2025-04-17,C00714,P0032,Chennai,2,0,948.64,1897.28
T0001571,2026-09-14,C00009,P0054,Ahmedabad,4,5,276.74,1106.96
T0001572,2026-07-29,C00995,P0002,Kolkata,1,15,276.24,276.24
T0001573,2025-07-20,C00399,P0014,Delhi,4,15,787.86,3151.44
T0001574,2026-01-24,C00276,P0023,Kolkata,1,0,449.99,449.99
T0001575,2025-02-15,C00576,P0029,Chennai,1,10,376.01,376.01
T0001576,2025-09-22,C00168,P0018,Mumbai,2,15,652.15,1304.3
T0001577,2025-08-20,C00777,P0068,Delhi,1,0,343.9,343.9
T0001578,2026-04-08,C00186,P0035,Delhi,1,15,311.95,311.95
T0001579,2025-01-17,C00417,P0065,Delhi,1,15,1078.91,1078.91
T0001580,2026-04-27,C00836,P0080,Chennai,2,0,327.61,655.22
T0001581,2026-01-29,C00263,P0085,Delhi,3,10,527.49,1582.47
T0001582,2025-03-02,C00772,P0051,Mumbai,1,0,836.11,836.11
T0001583,2026-04-28,C00166,P0080,Chennai,1,20,262.09,262.09
T0001584,2025-03-24,C00013,P0013,Bengaluru,3,0,582.69,1748.07
T0001585,2026-03-30,C00777,P0068,Delhi,1,0,343.9,343.9
T0001586,2026-02-24,C00673,P0043,Kolkata,1,15,245.62,245.62
T0001587,2025-02-13,C00609,P0009,Delhi,1,0,121.01,121.01
T0001588,2026-05-08,C00763,P0031,Kolkata,1,10,208.9,208.9
T0001589,2026-05-28,C00169,P0031,Ahmedabad,1,0,232.11,232.11
T0001590,2025-05-18,C00130,P0082,Bengaluru,1,0,352.74,352.74
T0001591,2026-04-01,C00275,P0033,Hyderabad,1,0,276.55,276.55
T0001592,2026-03-15,C00952,P0066,Kolkata,2,10,898.74,1797.48
T0001593,2026-07-15,C00057,P0013,Delhi,1,25,437.02,437.02
T0001594,2025-07-21,C00428,P0051,Chennai,1,5,794.3,794.3
T0001595,2025-04-22,C00179,P0028,Hyderabad,3,5,591.98,1775.94
T0001596,2025-12-14,C00148,P0075,Chennai,1,20,135.27,135.27
T0001597,2025-02-23,C00358,P0063,Pune,1,20,113.31,113.31
T0001598,2026-05-23,C00037,P0038,Pune,1,5,534.53,534.53
T0001599,2026-05-18,C00228,P0036,Mumbai,1,5,447.82,447.82
T0001600,2026-07-15,C00448,P0043,Delhi,1,5,274.52,274.52
T0001601,2025-07-30,C00559,P0015,Chennai,2,15,2187.71,4375.42
T0001602,2025-09-21,C00565,P0043,Delhi,1,0,288.97,288.97
T0001603,2026-05-31,C00807,P0082,Ahmedabad,2,0,352.74,705.48
T0001604,2025-07-12,C00876,P0095,Pune,1,5,329.34,329.34
T0001605,2026-09-20,C00515,P0048,Kolkata,1,5,584.76,584.76
T0001606,2026-06-06,C00084,P0084,Mumbai,1,0,530.34,530.34
T0001607,2026-01-28,C00199,P0093,Bengaluru,3,5,538.97,1616.91
T0001608,2025-06-02,C00566,P0100,Chennai,2,20,397.54,795.08
T0001609,2026-08-18,C00110,P0012,Mumbai,2,0,222.18,444.36
T0001610,2025-06-25,C00955,P0087,Chennai,2,15,290.2,580.4
T0001611,2025-02-04,C00525,P0021,Chennai,1,0,628.54,628.54
T0001612,2026-04-17,C00934,P0060,Mumbai,2,0,329.24,658.48
T0001613,2026-06-20,C00582,P0033,Ahmedabad,1,5,262.72,262.72
T0001614,2025-10-04,C00274,P0093,Ahmedabad,1,0,567.34,567.34
T0001615,2025-06-25,C00443,P0009,Hyderabad,1,20,96.81,96.81
T0001616,2026-06-15,C00566,P0026,Chennai,1,5,542.7,542.7
T0001617,2026-08-08,C00854,P0007,Ahmedabad,1,20,419.36,419.36
T0001618,2025-05-16,C00815,P0058,Bengaluru,2,10,741.78,1483.56
T0001619,2025-10-26,C00628,P0075,Hyderabad,1,0,169.09,169.09
T0001620,2026-03-23,C00522,P0014,Pune,2,0,926.9,1853.8
T0001621,2025-09-16,C00619,P0043,Kolkata,1,15,245.62,245.62
T0001622,2026-02-22,C00239,P0085,Pune,1,15,498.18,498.18
T0001623,2026-09-18,C00206,P0063,Kolkata,1,5,134.56,134.56
T0001624,2025-04-05,C00079,P0019,Bengaluru,1,15,147.87,147.87
T0001625,2025-04-21,C00770,P0095,Chennai,1,0,346.67,346.67
T0001626,2026-08-20,C00616,P0086,Chennai,1,15,351.57,351.57
T0001627,2026-07-23,C00009,P0021,Ahmedabad,1,0,628.54,628.54
T0001628,2025-10-02,C00656,P0022,Kolkata,1,10,425.16,425.16
T0001629,2025-06-13,C00494,P0043,Hyderabad,2,10,260.07,520.14
T0001630,2025-01-17,C00779,P0014,Hyderabad,2,10,834.21,1668.42
T0001631,2026-06-03,C00446,P0065,Chennai,1,0,1269.31,1269.31
T0001632,2025-05-28,C00910,P0093,Ahmedabad,1,15,482.24,482.24
T0001633,2025-09-06,C00566,P0061,Chennai,2,0,223.9,447.8
T0001634,2026-09-26,C00639,P0100,Mumbai,4,10,447.23,1788.92
T0001635,2025-02-19,C00356,P0061,Hyderabad,1,25,167.92,167.92
T0001636,2025-12-01,C00464,P0068,Pune,1,5,326.7,326.7
T0001637,2025-03-22,C00352,P0043,Delhi,1,0,288.97,288.97
T0001638,2025-05-03,C00087,P0049,Mumbai,1,0,136.97,136.97
T0001639,2026-05-29,C00889,P0096,Hyderabad,1,10,874.49,874.49
T0001640,2025-10-12,C00991,P0100,Pune,1,0,496.92,496.92
T0001641,2026-05-06,C00657,P0070,Chennai,2,0,673.73,1347.46
T0001642,2026-06-21,C00738,P0080,Mumbai,1,15,278.47,278.47
T0001643,2025-10-28,C00918,P0034,Mumbai,1,15,238.97,238.97
T0001644,2025-08-02,C00111,P0096,Kolkata,2,5,923.08,1846.16
T0001645,2025-08-28,C00447,P0006,Chennai,1,20,269.85,269.85
T0001646,2026-07-20,C00846,P0076,Delhi,2,15,334.25,668.5
T0001647,2025-08-04,C00599,P0019,Pune,2,15,147.87,295.74
T0001648,2025-08-25,C00420,P0024,Delhi,1,0,254.35,254.35
T0001649,2026-05-02,C00644,P0069,Ahmedabad,1,0,124.03,124.03
T0001650,2026-01-16,C00549,P0051,Kolkata,1,20,668.89,668.89
T0001651,2026-06-09,C00087,P0066,Mumbai,2,0,998.6,1997.2
T0001652,2026-09-30,C00447,P0074,Chennai,1,0,461.41,461.41
T0001653,2025-07-24,C00747,P0033,Hyderabad,1,10,248.9,248.9
T0001654,2026-01-11,C00078,P0010,Chennai,1,0,1094.67,1094.67
T0001655,2025-07-20,C00287,P0028,Delhi,1,0,623.14,623.14
T0001656,2025-12-30,C00536,P0051,Delhi,3,5,794.3,2382.9
T0001657,2025-04-18,C00718,P0049,Delhi,1,10,123.27,123.27
T0001658,2025-09-19,C00316,P0005,Kolkata,3,20,119.58,358.74
T0001659,2025-10-10,C00251,P0067,Hyderabad,1,10,437.69,437.69
T0001660,2025-05-16,C00054,P0081,Kolkata,1,10,1975.2,1975.2
T0001661,2026-02-05,C00489,P0075,Chennai,1,0,169.09,169.09
T0001662,2025-09-27,C00871,P0073,Mumbai,1,0,287.1,287.1
T0001663,2025-10-12,C00017,P0013,Chennai,1,5,553.56,553.56
T0001664,2025-08-27,C00037,P0061,Pune,1,10,201.51,201.51
T0001665,2026-08-30,C00741,P0058,Pune,1,5,782.99,782.99
T0001666,2026-06-14,C00926,P0054,Ahmedabad,1,25,218.48,218.48
T0001667,2026-07-15,C00676,P0068,Bengaluru,1,0,343.9,343.9
T0001668,2025-02-19,C00176,P0026,Chennai,1,0,571.26,571.26
T0001669,2025-08-11,C00004,P0029,Bengaluru,2,15,355.12,710.24
T0001670,2026-01-11,C00870,P0074,Mumbai,1,0,461.41,461.41
T0001671,2026-07-11,C00061,P0020,Kolkata,2,20,863.7,1727.4
T0001672,2025-01-29,C00691,P0028,Hyderabad,1,10,560.83,560.83
T0001673,2026-07-21,C00357,P0066,Delhi,1,15,848.81,848.81
T0001674,2026-05-31,C00153,P0088,Kolkata,1,0,205.91,205.91
T0001675,2026-07-31,C00362,P0070,Kolkata,1,5,640.04,640.04
T0001676,2025-08-14,C00082,P0076,Hyderabad,1,10,353.92,353.92
T0001677,2025-11-29,C00371,P0074,Bengaluru,1,0,461.41,461.41
T0001678,2026-03-30,C00483,P0070,Hyderabad,1,0,673.73,673.73
T0001679,2025-09-02,C00882,P0036,Delhi,1,5,447.82,447.82
T0001680,2025-05-01,C00871,P0078,Mumbai,1,0,361.61,361.61
T0001681,2025-03-09,C00259,P0031,Pune,1,0,232.11,232.11
T0001682,2025-10-25,C00114,P0056,Pune,1,15,453.83,453.83
T0001683,2026-01-15,C00930,P0064,Bengaluru,1,10,624.31,624.31
T0001684,2026-06-12,C00770,P0082,Chennai,1,0,352.74,352.74
T0001685,2026-06-19,C00916,P0077,Ahmedabad,3,5,1513.44,4540.32
T0001686,2025-05-30,C00554,P0019,Kolkata,1,0,173.97,173.97
T0001687,2025-10-20,C00518,P0048,Mumbai,1,10,553.99,553.99
T0001688,2026-02-20,C00919,P0010,Mumbai,3,15,930.47,2791.41
T0001689,2026-02-02,C00383,P0068,Chennai,4,0,343.9,1375.6
T0001690,2026-08-29,C00912,P0015,Hyderabad,1,5,2445.09,2445.09
T0001691,2025-05-11,C00478,P0080,Ahmedabad,1,10,294.85,294.85
T0001692,2025-03-07,C00740,P0003,Delhi,3,0,356.66,1069.98
T0001693,2026-08-01,C00718,P0037,Delhi,4,0,293.17,1172.68
T0001694,2026-08-18,C00415,P0089,Chennai,2,0,210.16,420.32
T0001695,2026-07-12,C00046,P0032,Delhi,1,25,711.48,711.48
T0001696,2025-10-28,C00257,P0053,Hyderabad,4,15,162.91,651.64
T0001697,2026-08-31,C00077,P0093,Mumbai,2,0,567.34,1134.68
T0001698,2026-01-09,C00058,P0049,Pune,1,15,116.42,116.42
T0001699,2026-02-12,C00759,P0036,Delhi,1,0,471.39,471.39
T0001700,2025-03-29,C00054,P0031,Kolkata,1,15,197.29,197.29
T0001701,2026-08-05,C00740,P0083,Delhi,2,15,3956.1,7912.2
T0001702,2025-09-12,C00370,P0040,Delhi,1,20,585.18,585.18
T0001703,2026-06-07,C00452,P0058,Kolkata,1,10,741.78,741.78
T0001704,2025-02-07,C00660,P0039,Hyderabad,2,15,608.37,1216.74
T0001705,2026-01-16,C00857,P0005,Bengaluru,2,15,127.06,254.12
T0001706,2025-02-01,C00828,P0032,Kolkata,4,5,901.21,3604.84
T0001707,2025-03-02,C00545,P0081,Chennai,1,0,2194.67,2194.67
T0001708,2026-01-06,C00553,P0032,Ahmedabad,1,20,758.91,758.91
T0001709,2025-06-21,C00924,P0093,Kolkata,1,25,425.5,425.5
T0001710,2026-06-17,C00613,P0071,Chennai,1,10,1442.14,1442.14
T0001711,2025-02-02,C00810,P0055,Delhi,1,0,3390.4,3390.4
T0001712,2026-01-25,C00069,P0096,Mumbai,1,0,971.66,971.66
T0001713,2025-06-08,C00565,P0068,Delhi,3,0,343.9,1031.7
T0001714,2025-06-04,C00446,P0046,Chennai,1,0,568.98,568.98
T0001715,2025-05-28,C00339,P0032,Ahmedabad,1,5,901.21,901.21
T0001716,2026-02-28,C00899,P0080,Ahmedabad,1,0,327.61,327.61
T0001717,2025-01-30,C00119,P0003,Hyderabad,1,10,320.99,320.99
T0001718,2025-08-22,C00872,P0070,Mumbai,1,0,673.73,673.73
T0001719,2025-03-30,C00055,P0014,Mumbai,1,25,695.18,695.18
T0001720,2026-02-13,C00212,P0055,Pune,3,0,3390.4,10171.2
T0001721,2025-07-03,C00240,P0056,Ahmedabad,1,0,533.92,533.92
T0001722,2025-09-14,C00703,P0018,Pune,1,10,690.51,690.51
T0001723,2026-09-17,C00090,P0009,Chennai,1,10,108.91,108.91
T0001724,2025-12-21,C00408,P0080,Delhi,1,5,311.23,311.23
T0001725,2026-07-24,C00621,P0005,Chennai,1,20,119.58,119.58
T0001726,2026-09-25,C00975,P0030,Bengaluru,1,15,328.52,328.52
T0001727,2025-07-01,C00288,P0088,Chennai,2,25,154.43,308.86
T0001728,2026-07-09,C00850,P0025,Delhi,1,10,166.71,166.71
T0001729,2025-12-28,C00923,P0015,Bengaluru,1,5,2445.09,2445.09
T0001730,2026-07-10,C00568,P0043,Pune,1,10,260.07,260.07
T0001731,2025-07-13,C00143,P0077,Kolkata,1,15,1354.13,1354.13
T0001732,2025-10-04,C00667,P0036,Hyderabad,1,10,424.25,424.25
T0001733,2025-08-08,C00072,P0011,Mumbai,1,15,324.27,324.27
T0001734,2025-01-17,C00006,P0040,Hyderabad,2,25,548.6,1097.2
T0001735,2026-05-17,C00585,P0068,Pune,1,0,343.9,343.9
T0001736,2025-09-16,C00070,P0064,Ahmedabad,1,10,624.31,624.31
T0001737,2026-07-08,C00482,P0049,Mumbai,1,15,116.42,116.42
T0001738,2026-04-25,C00555,P0091,Kolkata,1,25,209.9,209.9
T0001739,2025-11-27,C00132,P0012,Hyderabad,1,10,199.96,199.96
T0001740,2026-01-26,C00577,P0068,Bengaluru,2,15,292.32,584.64
T0001741,2025-03-31,C00834,P0063,Hyderabad,4,25,106.23,424.92
T0001742,2026-05-09,C00808,P0078,Delhi,1,0,361.61,361.61
T0001743,2025-08-23,C00553,P0024,Ahmedabad,1,0,254.35,254.35
T0001744,2025-06-25,C00608,P0046,Hyderabad,1,10,512.08,512.08
T0001745,2026-09-24,C00052,P0048,Chennai,4,15,523.21,2092.84
T0001746,2025-12-08,C00838,P0002,Kolkata,1,5,308.74,308.74
T0001747,2025-01-26,C00717,P0004,Bengaluru,3,0,560.89,1682.67
T0001748,2026-08-06,C00252,P0016,Hyderabad,2,0,1058.17,2116.34
T0001749,2025-07-20,C00004,P0001,Bengaluru,1,15,621.86,621.86
T0001750,2025-06-03,C00308,P0083,Kolkata,1,20,3723.38,3723.38
T0001751,2026-05-24,C00924,P0043,Kolkata,3,15,245.62,736.86
T0001752,2026-02-10,C00353,P0019,Hyderabad,2,25,130.48,260.96
T0001753,2026-09-26,C00436,P0089,Ahmedabad,1,10,189.14,189.14
T0001754,2026-08-17,C00412,P0093,Ahmedabad,1,0,567.34,567.34
T0001755,2026-07-06,C00401,P0017,Hyderabad,4,15,264.6,1058.4
T0001756,2026-06-19,C00680,P0071,Bengaluru,2,0,1602.38,3204.76
T0001757,2026-09-07,C00607,P0096,Hyderabad,3,10,874.49,2623.47
T0001758,2025-06-28,C00826,P0035,Hyderabad,1,10,330.3,330.3
T0001759,2025-11-08,C00616,P0024,Chennai,1,5,241.63,241.63
T0001760,2025-04-12,C00736,P0056,Pune,3,0,533.92,1601.76
T0001761,2026-04-07,C00450,P0069,Pune,1,10,111.63,111.63
T0001762,2026-08-04,C00365,P0047,Ahmedabad,3,10,648.47,1945.41
T0001763,2025-09-07,C00870,P0006,Mumbai,1,15,286.71,286.71
T0001764,2026-05-19,C00482,P0062,Mumbai,1,0,1322.57,1322.57
T0001765,2026-06-28,C00546,P0033,Bengaluru,2,15,235.07,470.14
T0001766,2025-04-17,C00209,P0041,Kolkata,1,20,744.5,744.5
T0001767,2026-09-29,C00265,P0068,Mumbai,1,10,309.51,309.51
T0001768,2025-02-04,C00788,P0039,Bengaluru,1,10,644.16,644.16
T0001769,2025-04-11,C00407,P0050,Pune,1,10,1019.73,1019.73
T0001770,2026-01-04,C00569,P0029,Mumbai,2,15,355.12,710.24
T0001771,2025-01-26,C00368,P0085,Ahmedabad,1,0,586.1,586.1
T0001772,2025-02-05,C00435,P0053,Pune,1,10,172.49,172.49
T0001773,2025-08-09,C00410,P0002,Kolkata,1,0,324.99,324.99
T0001774,2025-04-20,C00791,P0042,Kolkata,1,0,763.91,763.91
T0001775,2026-02-14,C00149,P0036,Kolkata,1,0,471.39,471.39
T0001776,2025-03-09,C00129,P0018,Ahmedabad,3,10,690.51,2071.53
T0001777,2026-05-19,C00944,P0068,Mumbai,1,10,309.51,309.51
T0001778,2026-08-03,C00504,P0062,Ahmedabad,2,15,1124.18,2248.36
T0001779,2026-07-18,C00447,P0079,Chennai,4,5,390.28,1561.12
T0001780,2025-06-12,C00628,P0075,Hyderabad,1,5,160.64,160.64
T0001781,2026-03-02,C00977,P0047,Hyderabad,1,20,576.42,576.42
T0001782,2026-03-20,C00327,P0065,Chennai,1,15,1078.91,1078.91
T0001783,2025-02-15,C00113,P0068,Chennai,2,5,326.7,653.4
T0001784,2025-03-21,C00171,P0006,Pune,1,20,269.85,269.85
T0001785,2026-03-11,C00310,P0051,Ahmedabad,1,10,752.5,752.5
T0001786,2026-02-18,C00538,P0003,Mumbai,1,0,356.66,356.66
T0001787,2025-03-07,C00095,P0043,Kolkata,2,20,231.18,462.36
T0001788,2026-07-25,C00397,P0093,Hyderabad,1,10,510.61,510.61
T0001789,2025-03-09,C00696,P0055,Kolkata,1,0,3390.4,3390.4
T0001790,2025-02-11,C00939,P0060,Hyderabad,1,10,296.32,296.32
T0001791,2025-09-01,C00543,P0042,Mumbai,1,5,725.71,725.71
T0001792,2026-08-21,C00862,P0044,Hyderabad,3,5,379.13,1137.39
T0001793,2025-04-14,C00174,P0041,Hyderabad,1,0,930.63,930.63
T0001794,2025-07-03,C00651,P0016,Bengaluru,1,0,1058.17,1058.17
T0001795,2026-04-19,C00657,P0036,Chennai,1,0,471.39,471.39
T0001796,2025-01-01,C00946,P0088,Bengaluru,1,5,195.61,195.61
T0001797,2026-02-03,C00807,P0082,Ahmedabad,2,5,335.1,670.2
T0001798,2025-05-30,C00543,P0042,Mumbai,1,5,725.71,725.71
T0001799,2025-09-14,C00031,P0055,Mumbai,2,0,3390.4,6780.8
T0001800,2025-07-24,C00940,P0032,Pune,1,10,853.78,853.78
T0001801,2025-04-13,C00024,P0043,Mumbai,1,10,260.07,260.07
T0001802,2026-08-19,C00060,P0027,Delhi,1,0,598.6,598.6
T0001803,2025-06-05,C00970,P0059,Ahmedabad,2,0,257.22,514.44
T0001804,2026-06-15,C00973,P0084,Hyderabad,2,15,450.79,901.58
T0001805,2025-09-28,C00480,P0093,Kolkata,2,0,567.34,1134.68
T0001806,2026-06-13,C00960,P0018,Delhi,2,0,767.23,1534.46
T0001807,2025-11-19,C00354,P0020,Bengaluru,2,0,1079.62,2159.24
T0001808,2025-12-30,C00563,P0037,Kolkata,2,0,293.17,586.34
T0001809,2025-09-28,C00462,P0061,Bengaluru,1,5,212.7,212.7
T0001810,2025-03-29,C00851,P0080,Mumbai,1,0,327.61,327.61
T0001811,2026-03-09,C00390,P0077,Mumbai,1,15,1354.13,1354.13
T0001812,2025-08-06,C00374,P0093,Delhi,1,10,510.61,510.61
T0001813,2026-06-06,C00108,P0038,Bengaluru,2,0,562.66,1125.32
T0001814,2026-06-08,C00026,P0087,Mumbai,3,5,324.34,973.02
T0001815,2026-09-26,C00884,P0071,Chennai,1,10,1442.14,1442.14
T0001816,2025-01-29,C00905,P0047,Pune,1,0,720.52,720.52
T0001817,2025-10-22,C00956,P0038,Mumbai,1,0,562.66,562.66
T0001818,2026-09-21,C00656,P0005,Kolkata,1,15,127.06,127.06
T0001819,2026-01-30,C00686,P0058,Delhi,1,5,782.99,782.99
T0001820,2025-04-28,C00626,P0002,Hyderabad,1,0,324.99,324.99
T0001821,2025-08-15,C00512,P0017,Bengaluru,1,5,295.74,295.74
T0001822,2025-04-14,C00935,P0068,Kolkata,1,10,309.51,309.51
T0001823,2026-08-20,C00982,P0001,Pune,1,0,731.6,731.6
T0001824,2026-07-25,C00621,P0082,Chennai,1,5,335.1,335.1
T0001825,2026-01-06,C00973,P0050,Hyderabad,1,10,1019.73,1019.73
T0001826,2025-06-18,C00112,P0093,Ahmedabad,2,0,567.34,1134.68
T0001827,2025-10-27,C00888,P0015,Kolkata,1,5,2445.09,2445.09
T0001828,2025-12-08,C00951,P0040,Bengaluru,1,5,694.9,694.9
T0001829,2026-01-15,C00765,P0039,Delhi,1,0,715.73,715.73
T0001830,2025-12-11,C00798,P0017,Bengaluru,1,25,233.48,233.48
T0001831,2025-11-09,C00599,P0019,Pune,1,5,165.27,165.27
T0001832,2025-02-20,C00731,P0053,Kolkata,2,20,153.33,306.66
T0001833,2026-05-23,C00618,P0049,Pune,1,0,136.97,136.97
T0001834,2025-04-06,C00662,P0009,Bengaluru,1,15,102.86,102.86
T0001835,2025-08-30,C00106,P0087,Hyderabad,1,0,341.41,341.41
T0001836,2025-03-02,C00856,P0062,Delhi,1,25,991.93,991.93
T0001837,2025-02-10,C00416,P0048,Bengaluru,3,0,615.54,1846.62
T0001838,2025-10-24,C00231,P0060,Mumbai,4,15,279.85,1119.4
T0001839,2025-03-04,C00455,P0072,Bengaluru,1,10,268.21,268.21
T0001840,2025-08-14,C00551,P0065,Bengaluru,1,10,1142.38,1142.38
T0001841,2025-04-17,C00443,P0072,Hyderabad,1,0,298.01,298.01
T0001842,2025-09-29,C00444,P0055,Pune,1,5,3220.88,3220.88
T0001843,2026-05-24,C00547,P0041,Pune,1,25,697.97,697.97
T0001844,2026-07-29,C00441,P0044,Mumbai,2,5,379.13,758.26
T0001845,2025-06-02,C00326,P0021,Delhi,1,0,628.54,628.54
T0001846,2026-02-27,C00017,P0040,Chennai,4,0,731.47,2925.88
T0001847,2025-12-21,C00280,P0068,Chennai,1,5,326.7,326.7
T0001848,2025-08-21,C00582,P0033,Ahmedabad,1,0,276.55,276.55
T0001849,2026-08-20,C00480,P0068,Kolkata,1,0,343.9,343.9
T0001850,2026-07-06,C00557,P0061,Bengaluru,1,20,179.12,179.12
T0001851,2026-07-04,C00430,P0048,Hyderabad,1,10,553.99,553.99
T0001852,2026-06-26,C00868,P0020,Delhi,1,0,1079.62,1079.62
T0001853,2025-02-23,C00495,P0069,Ahmedabad,1,5,117.83,117.83
T0001854,2026-08-26,C00609,P0008,Delhi,1,0,184.43,184.43
T0001855,2025-12-03,C00089,P0039,Kolkata,1,5,679.94,679.94
T0001856,2026-09-05,C00571,P0091,Ahmedabad,2,0,279.87,559.74
T0001857,2025-03-18,C00893,P0004,Mumbai,1,0,560.89,560.89
T0001858,2025-09-23,C00296,P0058,Bengaluru,2,5,782.99,1565.98
T0001859,2025-03-04,C00953,P0055,Chennai,1,5,3220.88,3220.88
T0001860,2026-07-22,C00171,P0007,Pune,1,15,445.57,445.57
T0001861,2025-05-10,C00683,P0057,Delhi,1,10,384.84,384.84
T0001862,2025-01-17,C00394,P0089,Ahmedabad,1,10,189.14,189.14
T0001863,2026-06-28,C00594,P0072,Bengaluru,2,5,283.11,566.22
T0001864,2025-04-14,C00023,P0035,Delhi,3,15,311.95,935.85
T0001865,2026-08-06,C00382,P0061,Pune,3,10,201.51,604.53
T0001866,2025-04-17,C00274,P0043,Ahmedabad,1,5,274.52,274.52
T0001867,2026-05-11,C00660,P0082,Hyderabad,1,5,335.1,335.1
T0001868,2026-02-10,C00972,P0065,Delhi,1,0,1269.31,1269.31
T0001869,2025-03-06,C00377,P0057,Chennai,1,10,384.84,384.84
T0001870,2026-01-24,C00893,P0056,Mumbai,1,0,533.92,533.92
T0001871,2026-01-29,C00321,P0008,Hyderabad,2,5,175.21,350.42
T0001872,2026-06-30,C00226,P0063,Delhi,1,15,120.39,120.39
T0001873,2025-07-15,C00932,P0068,Kolkata,3,20,275.12,825.36
T0001874,2025-02-05,C00838,P0007,Kolkata,1,5,497.99,497.99
T0001875,2025-04-03,C00242,P0040,Kolkata,1,15,621.75,621.75
T0001876,2025-04-08,C00005,P0048,Bengaluru,1,0,615.54,615.54
T0001877,2025-04-19,C00268,P0027,Ahmedabad,1,10,538.74,538.74
T0001878,2026-05-08,C00027,P0048,Hyderabad,2,20,492.43,984.86
T0001879,2026-09-11,C00765,P0095,Delhi,1,15,294.67,294.67
T0001880,2025-03-30,C00909,P0082,Ahmedabad,1,0,352.74,352.74
T0001881,2025-11-11,C00203,P0031,Mumbai,2,0,232.11,464.22
T0001882,2025-02-12,C00685,P0050,Delhi,1,5,1076.38,1076.38
T0001883,2026-09-05,C00330,P0093,Pune,2,10,510.61,1021.22
T0001884,2025-08-20,C00162,P0094,Chennai,2,5,1005.3,2010.6
T0001885,2025-02-10,C00952,P0072,Kolkata,1,5,283.11,283.11
T0001886,2025-04-27,C00560,P0006,Bengaluru,1,0,337.31,337.31
T0001887,2026-03-27,C00434,P0014,Chennai,2,20,741.52,1483.04
T0001888,2025-09-08,C00425,P0077,Kolkata,4,25,1194.82,4779.28
T0001889,2025-08-16,C00638,P0051,Pune,3,5,794.3,2382.9
T0001890,2025-06-03,C00633,P0082,Bengaluru,1,10,317.47,317.47
T0001891,2026-06-27,C00619,P0068,Kolkata,1,10,309.51,309.51
T0001892,2026-08-11,C00093,P0060,Delhi,1,15,279.85,279.85
T0001893,2025-03-15,C00063,P0017,Pune,1,25,233.48,233.48
T0001894,2025-02-08,C00826,P0098,Hyderabad,1,0,1053.91,1053.91
T0001895,2026-08-10,C00055,P0013,Mumbai,3,10,524.42,1573.26
T0001896,2026-01-28,C00577,P0043,Bengaluru,1,5,274.52,274.52
T0001897,2025-07-17,C00941,P0074,Bengaluru,1,25,346.06,346.06
T0001898,2026-09-09,C00699,P0020,Ahmedabad,2,20,863.7,1727.4
T0001899,2026-02-23,C00305,P0016,Delhi,1,0,1058.17,1058.17
T0001900,2025-09-09,C00974,P0099,Hyderabad,1,5,291.18,291.18
T0001901,2025-01-28,C00728,P0013,Chennai,1,0,582.69,582.69
T0001902,2026-05-26,C00848,P0069,Pune,1,10,111.63,111.63
T0001903,2026-07-07,C00207,P0028,Kolkata,2,15,529.67,1059.34
T0001904,2025-05-17,C00201,P0007,Kolkata,1,10,471.78,471.78
T0001905,2025-03-10,C00130,P0016,Bengaluru,3,15,899.44,2698.32
T0001906,2025-01-16,C00458,P0074,Kolkata,1,0,461.41,461.41
T0001907,2025-12-03,C00990,P0081,Bengaluru,2,10,1975.2,3950.4
T0001908,2025-11-01,C00739,P0043,Delhi,1,10,260.07,260.07
T0001909,2025-08-31,C00345,P0012,Bengaluru,1,20,177.74,177.74
T0001910,2026-09-07,C00993,P0001,Pune,2,0,731.6,1463.2
T0001911,2025-01-18,C00729,P0042,Ahmedabad,2,25,572.93,1145.86
T0001912,2026-07-21,C00728,P0004,Chennai,1,10,504.8,504.8
T0001913,2026-01-03,C00487,P0044,Kolkata,1,10,359.17,359.17
T0001914,2026-07-24,C00620,P0089,Ahmedabad,2,10,189.14,378.28
T0001915,2025-08-19,C00143,P0010,Kolkata,1,5,1039.94,1039.94
T0001916,2026-09-16,C00939,P0017,Hyderabad,1,15,264.6,264.6
T0001917,2025-03-15,C00453,P0013,Delhi,1,20,466.15,466.15
T0001918,2025-08-23,C00453,P0070,Delhi,1,0,673.73,673.73
T0001919,2026-06-24,C00392,P0005,Chennai,1,20,119.58,119.58
T0001920,2026-07-16,C00589,P0094,Pune,1,10,952.39,952.39
T0001921,2025-05-07,C00857,P0003,Bengaluru,3,5,338.83,1016.49
T0001922,2026-02-24,C00349,P0058,Chennai,2,10,741.78,1483.56
T0001923,2025-03-16,C00152,P0082,Delhi,1,5,335.1,335.1
T0001924,2025-05-19,C00878,P0012,Hyderabad,2,15,188.85,377.7
T0001925,2026-09-23,C00246,P0038,Hyderabad,1,0,562.66,562.66
T0001926,2025-01-03,C00610,P0003,Delhi,1,20,285.33,285.33
T0001927,2026-04-28,C00571,P0055,Ahmedabad,1,0,3390.4,3390.4
T0001928,2026-09-02,C00401,P0060,Hyderabad,1,0,329.24,329.24
T0001929,2026-04-14,C00216,P0043,Kolkata,1,0,288.97,288.97
T0001930,2025-04-08,C00418,P0058,Pune,2,0,824.2,1648.4
T0001931,2026-09-16,C00279,P0068,Hyderabad,1,0,343.9,343.9
T0001932,2025-08-27,C00207,P0072,Kolkata,1,0,298.01,298.01
T0001933,2026-04-08,C00250,P0061,Ahmedabad,2,10,201.51,403.02
T0001934,2025-07-02,C00783,P0043,Mumbai,2,5,274.52,549.04
T0001935,2026-09-07,C00699,P0024,Ahmedabad,1,15,216.2,216.2
T0001936,2026-07-26,C00419,P0094,Bengaluru,1,0,1058.21,1058.21
T0001937,2026-05-30,C00024,P0068,Mumbai,1,10,309.51,309.51
T0001938,2026-07-25,C00512,P0050,Bengaluru,2,20,906.42,1812.84
T0001939,2025-03-19,C00764,P0091,Kolkata,1,20,223.9,223.9
T0001940,2026-06-30,C00592,P0077,Kolkata,1,0,1593.09,1593.09
T0001941,2025-04-08,C00121,P0025,Kolkata,1,0,185.23,185.23
T0001942,2025-04-24,C00241,P0043,Chennai,1,5,274.52,274.52
T0001943,2026-08-15,C00487,P0044,Kolkata,1,15,339.22,339.22
T0001944,2025-10-26,C00312,P0080,Delhi,1,0,327.61,327.61
T0001945,2026-02-27,C00562,P0068,Bengaluru,2,5,326.7,653.4
T0001946,2025-06-18,C00396,P0028,Hyderabad,1,5,591.98,591.98
T0001947,2026-01-26,C00266,P0093,Chennai,3,15,482.24,1446.72
T0001948,2026-02-04,C00772,P0080,Mumbai,1,25,245.71,245.71
T0001949,2026-04-15,C00166,P0055,Chennai,2,20,2712.32,5424.64
T0001950,2025-03-11,C00470,P0011,Ahmedabad,2,0,381.49,762.98
T0001951,2025-01-05,C00694,P0003,Pune,1,15,303.16,303.16
T0001952,2025-05-20,C00197,P0084,Hyderabad,1,5,503.82,503.82
T0001953,2026-07-15,C00862,P0076,Hyderabad,2,15,334.25,668.5
T0001954,2026-04-04,C00854,P0050,Ahmedabad,1,0,1133.03,1133.03
T0001955,2026-03-07,C00733,P0070,Ahmedabad,1,5,640.04,640.04
T0001956,2026-05-28,C00885,P0068,Kolkata,1,10,309.51,309.51
T0001957,2025-10-24,C00182,P0100,Kolkata,1,0,496.92,496.92
T0001958,2025-11-13,C00776,P0091,Pune,1,5,265.88,265.88
T0001959,2025-05-06,C00737,P0078,Ahmedabad,3,10,325.45,976.35
T0001960,2026-03-04,C00573,P0047,Chennai,1,5,684.49,684.49
T0001961,2025-01-11,C00560,P0069,Bengaluru,2,10,111.63,223.26
T0001962,2025-02-03,C00793,P0095,Pune,1,0,346.67,346.67
T0001963,2025-04-03,C00340,P0093,Bengaluru,1,0,567.34,567.34
T0001964,2026-04-13,C00628,P0074,Hyderabad,1,5,438.34,438.34
T0001965,2025-03-02,C00805,P0043,Mumbai,1,10,260.07,260.07
T0001966,2026-03-24,C00458,P0075,Kolkata,2,10,152.18,304.36
T0001967,2025-03-18,C00953,P0055,Chennai,1,5,3220.88,3220.88
T0001968,2026-04-11,C00633,P0016,Bengaluru,3,5,1005.26,3015.78
T0001969,2026-07-08,C00466,P0049,Mumbai,2,0,136.97,273.94
T0001970,2025-04-19,C00797,P0031,Pune,1,0,232.11,232.11
T0001971,2025-08-28,C00415,P0062,Chennai,1,10,1190.31,1190.31
T0001972,2026-04-13,C00435,P0022,Pune,2,15,401.54,803.08
T0001973,2025-03-14,C00170,P0015,Ahmedabad,1,5,2445.09,2445.09
T0001974,2025-06-03,C00147,P0055,Delhi,1,0,3390.4,3390.4
T0001975,2025-05-14,C00255,P0093,Mumbai,1,0,567.34,567.34
T0001976,2025-09-09,C00948,P0008,Delhi,1,15,156.77,156.77
T0001977,2026-03-29,C00135,P0055,Mumbai,1,15,2881.84,2881.84
T0001978,2026-08-19,C00344,P0040,Chennai,1,25,548.6,548.6
T0001979,2026-07-03,C00502,P0027,Delhi,2,15,508.81,1017.62
T0001980,2025-11-12,C00246,P0088,Hyderabad,3,0,205.91,617.73
T0001981,2025-09-02,C00838,P0096,Kolkata,2,10,874.49,1748.98
T0001982,2025-01-22,C00387,P0002,Kolkata,1,0,324.99,324.99
T0001983,2026-08-26,C00019,P0022,Delhi,4,10,425.16,1700.64
T0001984,2026-08-13,C00072,P0067,Mumbai,1,10,437.69,437.69
T0001985,2025-05-27,C00199,P0043,Bengaluru,1,10,260.07,260.07
T0001986,2025-12-18,C00210,P0068,Kolkata,1,0,343.9,343.9
T0001987,2025-01-10,C00163,P0093,Delhi,2,10,510.61,1021.22
T0001988,2025-11-29,C00353,P0071,Hyderabad,1,0,1602.38,1602.38
T0001989,2026-01-12,C00944,P0043,Mumbai,2,10,260.07,520.14
T0001990,2025-11-06,C00640,P0036,Ahmedabad,4,10,424.25,1697.0
T0001991,2026-07-23,C00399,P0036,Delhi,3,0,471.39,1414.17
T0001992,2026-04-17,C00502,P0012,Delhi,1,0,222.18,222.18
T0001993,2025-03-04,C00149,P0004,Kolkata,1,5,532.85,532.85
T0001994,2025-08-05,C00733,P0036,Ahmedabad,1,0,471.39,471.39
T0001995,2026-04-21,C00479,P0066,Kolkata,2,5,948.67,1897.34
T0001996,2025-06-14,C00972,P0016,Delhi,3,5,1005.26,3015.78
T0001997,2025-05-21,C00277,P0043,Ahmedabad,2,15,245.62,491.24
T0001998,2025-02-20,C00686,P0011,Delhi,1,0,381.49,381.49
T0001999,2025-11-14,C00503,P0014,Ahmedabad,1,20,741.52,741.52
T0002000,2026-08-16,C00666,P0021,Hyderabad,1,0,628.54,628.54
T0002001,2025-12-23,C00678,P0086,Pune,2,0,413.61,827.22
T0002002,2026-08-14,C00483,P0070,Hyderabad,1,15,572.67,572.67
T0002003,2026-02-01,C00194,P0037,Chennai,1,15,249.19,249.19
T0002004,2026-05-14,C00107,P0099,Mumbai,2,15,260.52,521.04
T0002005,2026-08-16,C00525,P0028,Chennai,2,25,467.36,934.72
T0002006,2026-03-31,C00350,P0078,Chennai,1,0,361.61,361.61
T0002007,2026-07-03,C00778,P0093,Ahmedabad,1,0,567.34,567.34
T0002008,2025-08-02,C00899,P0091,Ahmedabad,3,0,279.87,839.61
T0002009,2026-01-22,C00422,P0080,Kolkata,1,15,278.47,278.47
T0002010,2026-03-23,C00681,P0057,Bengaluru,1,5,406.22,406.22
T0002011,2025-06-27,C00833,P0018,Bengaluru,1,10,690.51,690.51
T0002012,2025-09-30,C00663,P0095,Hyderabad,1,0,346.67,346.67
T0002013,2025-04-14,C00534,P0018,Kolkata,4,0,767.23,3068.92
T0002014,2025-10-29,C00259,P0055,Pune,1,5,3220.88,3220.88
T0002015,2025-10-25,C00560,P0071,Bengaluru,1,25,1201.79,1201.79
T0002016,2025-01-30,C00777,P0043,Delhi,1,0,288.97,288.97
T0002017,2026-03-19,C00439,P0068,Ahmedabad,1,5,326.7,326.7
T0002018,2026-01-29,C00263,P0030,Delhi,4,0,386.5,1546.0
T0002019,2025-12-06,C00306,P0012,Pune,1,0,222.18,222.18
T0002020,2026-09-28,C00919,P0077,Mumbai,1,15,1354.13,1354.13
T0002021,2025-04-04,C00015,P0033,Kolkata,1,15,235.07,235.07
T0002022,2025-02-07,C00107,P0021,Mumbai,2,5,597.11,1194.22
T0002023,2026-07-10,C00609,P0042,Delhi,1,10,687.52,687.52
T0002024,2025-12-09,C00332,P0061,Bengaluru,1,10,201.51,201.51
T0002025,2026-08-28,C00601,P0064,Kolkata,1,10,624.31,624.31
T0002026,2026-03-23,C00650,P0043,Kolkata,1,10,260.07,260.07
T0002027,2026-01-20,C00610,P0046,Delhi,2,20,455.18,910.36
T0002028,2025-05-18,C00056,P0043,Ahmedabad,2,0,288.97,577.94
T0002029,2025-02-25,C00108,P0041,Bengaluru,1,10,837.57,837.57
T0002030,2025-11-03,C00620,P0042,Ahmedabad,2,0,763.91,1527.82
T0002031,2026-09-03,C00874,P0091,Pune,1,15,237.89,237.89
T0002032,2026-05-25,C00678,P0024,Pune,1,10,228.92,228.92
T0002033,2025-01-10,C00073,P0043,Kolkata,1,5,274.52,274.52
T0002034,2025-04-09,C00302,P0040,Pune,2,10,658.32,1316.64
T0002035,2025-01-11,C00593,P0095,Delhi,1,0,346.67,346.67
T0002036,2025-08-10,C00081,P0023,Mumbai,1,0,449.99,449.99
T0002037,2025-08-09,C00917,P0059,Bengaluru,1,0,257.22,257.22
T0002038,2025-07-12,C00962,P0099,Mumbai,1,15,260.52,260.52
T0002039,2026-09-07,C00956,P0077,Mumbai,1,0,1593.09,1593.09
T0002040,2025-10-05,C00398,P0068,Kolkata,1,0,343.9,343.9
T0002041,2026-01-10,C00464,P0043,Pune,3,0,288.97,866.91
T0002042,2025-11-23,C00598,P0046,Hyderabad,1,5,540.53,540.53
T0002043,2026-04-25,C00373,P0043,Bengaluru,1,15,245.62,245.62
T0002044,2026-01-21,C00689,P0015,Hyderabad,1,10,2316.4,2316.4
T0002045,2025-12-08,C00085,P0017,Ahmedabad,2,5,295.74,591.48
T0002046,2026-06-16,C00177,P0026,Kolkata,1,0,571.26,571.26
T0002047,2026-05-22,C00742,P0064,Chennai,2,15,589.63,1179.26
T0002048,2025-03-30,C00354,P0097,Bengaluru,1,5,1811.55,1811.55
T0002049,2026-06-22,C00701,P0098,Chennai,1,0,1053.91,1053.91
T0002050,2026-04-28,C00176,P0090,Chennai,1,5,266.68,266.68
T0002051,2026-03-13,C00987,P0061,Bengaluru,1,20,179.12,179.12
T0002052,2026-02-06,C00439,P0043,Ahmedabad,1,10,260.07,260.07
T0002053,2026-03-15,C00586,P0064,Mumbai,4,5,659.0,2636.0
T0002054,2025-04-08,C00550,P0085,Chennai,1,10,527.49,527.49
T0002055,2025-03-31,C00787,P0029,Hyderabad,1,0,417.79,417.79
T0002056,2026-08-31,C00430,P0088,Hyderabad,1,5,195.61,195.61
T0002057,2025-04-30,C00915,P0051,Hyderabad,3,10,752.5,2257.5
T0002058,2025-03-23,C00786,P0073,Kolkata,1,0,287.1,287.1
T0002059,2025-03-02,C00448,P0093,Delhi,1,5,538.97,538.97
T0002060,2026-01-10,C00823,P0018,Bengaluru,1,0,767.23,767.23
T0002061,2026-03-21,C00072,P0011,Mumbai,3,5,362.42,1087.26
T0002062,2025-07-31,C00686,P0051,Delhi,1,10,752.5,752.5
T0002063,2026-05-09,C00432,P0018,Kolkata,2,5,728.87,1457.74
T0002064,2026-09-13,C00143,P0048,Kolkata,2,0,615.54,1231.08
T0002065,2026-03-13,C00715,P0076,Pune,1,0,393.24,393.24
T0002066,2025-08-02,C00718,P0089,Delhi,1,20,168.13,168.13
T0002067,2026-01-23,C00546,P0012,Bengaluru,2,0,222.18,444.36
T0002068,2025-07-29,C00784,P0050,Bengaluru,2,0,1133.03,2266.06
T0002069,2026-05-30,C00272,P0049,Chennai,3,0,136.97,410.91
T0002070,2026-06-19,C00015,P0027,Kolkata,2,10,538.74,1077.48
T0002071,2025-07-04,C00235,P0016,Hyderabad,3,0,1058.17,3174.51
T0002072,2026-07-10,C00391,P0052,Kolkata,2,5,243.51,487.02
T0002073,2026-06-25,C00012,P0043,Bengaluru,1,20,231.18,231.18
T0002074,2025-05-21,C00272,P0037,Chennai,1,10,263.85,263.85
T0002075,2026-07-12,C00483,P0004,Hyderabad,1,5,532.85,532.85
T0002076,2025-06-24,C00474,P0012,Delhi,1,15,188.85,188.85
T0002077,2025-04-01,C00828,P0033,Kolkata,1,15,235.07,235.07
T0002078,2026-07-26,C00469,P0005,Delhi,2,10,134.53,269.06
T0002079,2026-04-16,C00881,P0010,Ahmedabad,3,20,875.74,2627.22
T0002080,2025-07-27,C00463,P0001,Mumbai,3,0,731.6,2194.8
T0002081,2025-06-09,C00060,P0078,Delhi,1,10,325.45,325.45
T0002082,2026-01-16,C00397,P0068,Hyderabad,2,15,292.32,584.64
T0002083,2026-03-08,C00433,P0003,Bengaluru,1,5,338.83,338.83
T0002084,2025-10-25,C00274,P0093,Ahmedabad,1,15,482.24,482.24
T0002085,2025-06-28,C00117,P0020,Ahmedabad,2,0,1079.62,2159.24
T0002086,2026-06-10,C00148,P0002,Chennai,2,15,276.24,552.48
T0002087,2026-05-30,C00280,P0093,Chennai,2,10,510.61,1021.22
T0002088,2025-05-12,C00887,P0032,Kolkata,2,20,758.91,1517.82
T0002089,2025-07-21,C00393,P0001,Ahmedabad,1,0,731.6,731.6
T0002090,2025-06-01,C00652,P0068,Chennai,1,0,343.9,343.9
T0002091,2025-08-01,C00897,P0068,Hyderabad,1,0,343.9,343.9
T0002092,2026-09-16,C00143,P0100,Kolkata,1,15,422.38,422.38
T0002093,2025-02-13,C00135,P0091,Mumbai,1,0,279.87,279.87
T0002094,2026-01-23,C00397,P0068,Hyderabad,1,15,292.32,292.32
T0002095,2025-04-12,C00476,P0068,Kolkata,1,15,292.32,292.32
T0002096,2026-07-27,C00186,P0039,Delhi,1,10,644.16,644.16
T0002097,2026-07-23,C00018,P0012,Bengaluru,1,5,211.07,211.07
T0002098,2025-06-12,C00097,P0039,Pune,4,10,644.16,2576.64
T0002099,2025-02-14,C00283,P0060,Chennai,1,15,279.85,279.85
T0002100,2026-09-06,C00970,P0099,Ahmedabad,1,15,260.52,260.52
T0002101,2026-08-12,C00974,P0059,Hyderabad,1,15,218.64,218.64
T0002102,2025-02-08,C00234,P0035,Ahmedabad,3,25,275.25,825.75
T0002103,2025-03-25,C00011,P0053,Hyderabad,1,10,172.49,172.49
T0002104,2026-08-28,C00058,P0037,Pune,1,5,278.51,278.51
T0002105,2026-02-07,C00992,P0091,Delhi,1,5,265.88,265.88
T0002106,2026-06-15,C00940,P0012,Pune,1,5,211.07,211.07
T0002107,2026-01-08,C00806,P0037,Kolkata,1,0,293.17,293.17
T0002108,2026-09-28,C00162,P0026,Chennai,2,0,571.26,1142.52
T0002109,2026-09-16,C00539,P0097,Ahmedabad,1,15,1620.86,1620.86
T0002110,2025-10-08,C00089,P0035,Kolkata,2,0,367.0,734.0
T0002111,2025-12-04,C00910,P0068,Ahmedabad,3,0,343.9,1031.7
T0002112,2025-08-05,C00266,P0093,Chennai,3,0,567.34,1702.02
T0002113,2025-07-22,C00321,P0089,Hyderabad,2,10,189.14,378.28
T0002114,2026-03-05,C00717,P0056,Bengaluru,1,0,533.92,533.92
T0002115,2026-05-11,C00753,P0086,Kolkata,1,20,330.89,330.89
T0002116,2025-11-22,C00604,P0043,Delhi,2,0,288.97,577.94
T0002117,2026-07-11,C00939,P0075,Hyderabad,3,5,160.64,481.92
T0002118,2025-12-06,C00581,P0012,Bengaluru,1,10,199.96,199.96
T0002119,2025-08-08,C00308,P0022,Kolkata,2,10,425.16,850.32
T0002120,2026-05-09,C00397,P0068,Hyderabad,1,0,343.9,343.9
T0002121,2025-08-19,C00959,P0050,Hyderabad,1,10,1019.73,1019.73
T0002122,2025-08-20,C00102,P0082,Mumbai,1,5,335.1,335.1
T0002123,2025-05-15,C00012,P0068,Bengaluru,1,5,326.7,326.7
T0002124,2026-03-07,C00757,P0084,Mumbai,1,0,530.34,530.34
T0002125,2025-07-26,C00382,P0044,Pune,2,0,399.08,798.16
T0002126,2025-05-02,C00647,P0086,Bengaluru,1,15,351.57,351.57
T0002127,2025-10-08,C00462,P0041,Bengaluru,1,0,930.63,930.63
T0002128,2025-08-28,C00479,P0062,Kolkata,1,0,1322.57,1322.57
T0002129,2025-07-08,C00060,P0033,Delhi,1,0,276.55,276.55
T0002130,2026-05-24,C00487,P0044,Kolkata,1,0,399.08,399.08
T0002131,2026-08-02,C00075,P0066,Ahmedabad,1,5,948.67,948.67
T0002132,2025-05-04,C00474,P0086,Delhi,1,0,413.61,413.61
T0002133,2025-05-14,C00694,P0046,Pune,1,0,568.98,568.98
T0002134,2026-05-06,C00865,P0090,Chennai,2,0,280.72,561.44
T0002135,2026-02-05,C00849,P0056,Bengaluru,1,25,400.44,400.44
T0002136,2025-06-30,C00488,P0043,Pune,1,5,274.52,274.52
T0002137,2026-04-29,C00145,P0093,Hyderabad,2,10,510.61,1021.22
T0002138,2025-09-23,C00482,P0066,Mumbai,2,0,998.6,1997.2
T0002139,2026-09-07,C00528,P0081,Bengaluru,1,0,2194.67,2194.67
T0002140,2026-01-28,C00095,P0068,Kolkata,2,10,309.51,619.02
T0002141,2026-02-05,C00573,P0014,Chennai,1,0,926.9,926.9
T0002142,2025-06-14,C00823,P0047,Bengaluru,2,0,720.52,1441.04
T0002143,2026-09-26,C00013,P0056,Bengaluru,1,10,480.53,480.53
T0002144,2026-08-11,C00547,P0077,Pune,1,15,1354.13,1354.13
T0002145,2026-08-28,C00616,P0030,Chennai,1,0,386.5,386.5
T0002146,2025-10-19,C00656,P0098,Kolkata,2,0,1053.91,2107.82
T0002147,2025-04-19,C00214,P0049,Bengaluru,3,0,136.97,410.91
T0002148,2025-12-13,C00693,P0031,Chennai,1,10,208.9,208.9
T0002149,2025-12-28,C00170,P0012,Ahmedabad,1,0,222.18,222.18
T0002150,2025-10-16,C00721,P0049,Ahmedabad,1,0,136.97,136.97
T0002151,2026-08-23,C00062,P0035,Hyderabad,2,0,367.0,734.0
T0002152,2026-05-08,C00846,P0044,Delhi,1,0,399.08,399.08
T0002153,2025-06-18,C00433,P0003,Bengaluru,1,15,303.16,303.16
T0002154,2025-08-03,C00977,P0014,Hyderabad,1,10,834.21,834.21
T0002155,2025-12-03,C00995,P0002,Kolkata,2,0,324.99,649.98
T0002156,2025-12-13,C00359,P0012,Kolkata,1,5,211.07,211.07
T0002157,2026-02-26,C00124,P0043,Ahmedabad,1,5,274.52,274.52
T0002158,2025-03-17,C00336,P0093,Hyderabad,1,0,567.34,567.34
T0002159,2026-04-22,C00466,P0072,Mumbai,3,0,298.01,894.03
T0002160,2026-01-28,C00696,P0081,Kolkata,1,10,1975.2,1975.2
T0002161,2026-05-21,C00600,P0002,Pune,2,15,276.24,552.48
T0002162,2026-07-30,C00086,P0061,Delhi,1,0,223.9,223.9
T0002163,2026-07-13,C00312,P0091,Delhi,1,10,251.88,251.88
T0002164,2025-06-11,C00791,P0066,Kolkata,1,10,898.74,898.74
T0002165,2025-09-10,C00992,P0058,Delhi,1,5,782.99,782.99
T0002166,2026-08-26,C00007,P0060,Kolkata,1,0,329.24,329.24
T0002167,2025-06-14,C00163,P0068,Delhi,1,0,343.9,343.9
T0002168,2026-09-11,C00232,P0081,Delhi,2,15,1865.47,3730.94
T0002169,2025-05-31,C00250,P0090,Ahmedabad,1,5,266.68,266.68
T0002170,2025-08-04,C00798,P0060,Bengaluru,1,10,296.32,296.32
T0002171,2026-05-26,C00335,P0093,Pune,3,10,510.61,1531.83
T0002172,2025-11-26,C00918,P0078,Mumbai,2,5,343.53,687.06
T0002173,2025-05-03,C00563,P0066,Kolkata,3,0,998.6,2995.8
T0002174,2025-09-14,C00653,P0027,Hyderabad,3,25,448.95,1346.85
T0002175,2026-05-08,C00954,P0058,Hyderabad,1,0,824.2,824.2
T0002176,2025-01-09,C00180,P0040,Delhi,1,0,731.47,731.47
T0002177,2025-02-25,C00178,P0073,Mumbai,1,20,229.68,229.68
T0002178,2025-12-21,C00207,P0054,Kolkata,2,15,247.6,495.2
T0002179,2025-03-28,C00659,P0091,Hyderabad,2,0,279.87,559.74
T0002180,2025-12-28,C00703,P0004,Pune,2,15,476.76,953.52
T0002181,2025-08-31,C00381,P0077,Kolkata,1,0,1593.09,1593.09
T0002182,2025-08-10,C00129,P0056,Ahmedabad,2,10,480.53,961.06
T0002183,2025-11-21,C00325,P0014,Kolkata,1,5,880.56,880.56
T0002184,2025-08-26,C00523,P0068,Pune,2,20,275.12,550.24
T0002185,2025-07-29,C00983,P0002,Chennai,4,0,324.99,1299.96
T0002186,2026-02-04,C00484,P0066,Kolkata,1,0,998.6,998.6
T0002187,2026-01-15,C00772,P0091,Mumbai,2,0,279.87,559.74
T0002188,2026-01-02,C00117,P0012,Ahmedabad,1,0,222.18,222.18
T0002189,2026-09-22,C00775,P0043,Chennai,1,10,260.07,260.07
T0002190,2025-04-02,C00023,P0053,Delhi,1,25,143.74,143.74
T0002191,2025-03-22,C00469,P0065,Delhi,1,10,1142.38,1142.38
T0002192,2025-08-28,C00615,P0014,Hyderabad,1,0,926.9,926.9
T0002193,2025-10-07,C00265,P0043,Mumbai,2,0,288.97,577.94
T0002194,2026-06-21,C00984,P0068,Pune,1,10,309.51,309.51
T0002195,2026-03-29,C00756,P0042,Hyderabad,1,0,763.91,763.91
T0002196,2025-01-16,C00620,P0008,Ahmedabad,1,0,184.43,184.43
T0002197,2026-04-16,C00739,P0093,Delhi,2,15,482.24,964.48
T0002198,2025-12-18,C00439,P0043,Ahmedabad,1,0,288.97,288.97
T0002199,2025-10-12,C00930,P0064,Bengaluru,1,5,659.0,659.0
T0002200,2025-06-19,C00947,P0091,Delhi,3,0,279.87,839.61
T0002201,2025-09-27,C00077,P0043,Mumbai,3,10,260.07,780.21
T0002202,2025-04-03,C00216,P0068,Kolkata,1,5,326.7,326.7
T0002203,2025-07-01,C00053,P0068,Ahmedabad,2,5,326.7,653.4
T0002204,2025-03-24,C00267,P0073,Bengaluru,1,0,287.1,287.1
T0002205,2025-12-14,C00186,P0095,Delhi,4,10,312.0,1248.0
T0002206,2026-05-22,C00423,P0025,Mumbai,2,15,157.45,314.9
T0002207,2026-07-26,C00142,P0073,Ahmedabad,1,0,287.1,287.1
T0002208,2025-04-20,C00916,P0048,Ahmedabad,1,15,523.21,523.21
T0002209,2025-03-17,C00570,P0047,Pune,1,20,576.42,576.42
T0002210,2026-03-28,C00019,P0023,Delhi,2,10,404.99,809.98
T0002211,2026-03-21,C00079,P0017,Bengaluru,1,20,249.04,249.04
T0002212,2025-06-29,C00149,P0070,Kolkata,1,0,673.73,673.73
T0002213,2026-02-17,C00744,P0075,Delhi,2,5,160.64,321.28
T0002214,2025-06-12,C00759,P0070,Delhi,1,0,673.73,673.73
T0002215,2026-08-13,C00946,P0063,Bengaluru,3,10,127.48,382.44
T0002216,2025-07-12,C00725,P0092,Chennai,1,15,287.14,287.14
T0002217,2025-09-27,C00253,P0068,Ahmedabad,3,15,292.32,876.96
T0002218,2026-03-26,C00841,P0093,Pune,1,0,567.34,567.34
T0002219,2026-08-30,C00539,P0078,Ahmedabad,1,0,361.61,361.61
T0002220,2025-11-19,C00319,P0054,Pune,3,15,247.6,742.8
T0002221,2025-11-16,C00488,P0093,Pune,1,15,482.24,482.24
T0002222,2026-04-24,C00165,P0023,Delhi,1,0,449.99,449.99
T0002223,2025-12-11,C00713,P0011,Mumbai,1,25,286.12,286.12
T0002224,2025-11-02,C00179,P0054,Hyderabad,1,0,291.3,291.3
T0002225,2025-05-26,C00367,P0022,Ahmedabad,1,5,448.78,448.78
T0002226,2026-05-12,C00380,P0081,Mumbai,2,0,2194.67,4389.34
T0002227,2025-10-01,C00797,P0031,Pune,1,5,220.5,220.5
T0002228,2026-06-27,C00706,P0042,Mumbai,1,15,649.32,649.32
T0002229,2025-06-18,C00105,P0047,Ahmedabad,2,25,540.39,1080.78
T0002230,2025-10-08,C00748,P0005,Pune,4,5,142.01,568.04
T0002231,2026-09-10,C00519,P0012,Chennai,1,15,188.85,188.85
T0002232,2025-11-17,C00232,P0011,Delhi,1,5,362.42,362.42
T0002233,2026-01-19,C00575,P0024,Kolkata,1,0,254.35,254.35
T0002234,2025-06-23,C00364,P0057,Pune,1,20,342.08,342.08
T0002235,2025-07-20,C00392,P0035,Chennai,2,0,367.0,734.0
T0002236,2025-03-07,C00685,P0075,Delhi,1,10,152.18,152.18
T0002237,2026-08-04,C00958,P0038,Mumbai,1,5,534.53,534.53
T0002238,2025-11-01,C00023,P0098,Delhi,1,0,1053.91,1053.91
T0002239,2025-05-30,C00177,P0038,Kolkata,1,15,478.26,478.26
T0002240,2026-08-17,C00341,P0095,Mumbai,2,0,346.67,693.34
T0002241,2025-08-25,C00580,P0001,Ahmedabad,3,25,548.7,1646.1
T0002242,2026-01-02,C00708,P0038,Ahmedabad,1,10,506.39,506.39
T0002243,2025-03-11,C00548,P0048,Bengaluru,1,20,492.43,492.43
T0002244,2025-10-01,C00746,P0017,Hyderabad,2,15,264.6,529.2
T0002245,2026-04-09,C00524,P0089,Mumbai,1,0,210.16,210.16
T0002246,2026-07-05,C00789,P0010,Bengaluru,1,10,985.2,985.2
T0002247,2025-08-27,C00933,P0083,Hyderabad,1,0,4654.23,4654.23
T0002248,2025-05-27,C00104,P0091,Ahmedabad,1,0,279.87,279.87
T0002249,2026-05-01,C00314,P0028,Kolkata,1,5,591.98,591.98
T0002250,2026-09-09,C00101,P0087,Kolkata,1,0,341.41,341.41
T0002251,2025-02-19,C00733,P0014,Ahmedabad,1,15,787.86,787.86
T0002252,2025-03-18,C00868,P0033,Delhi,2,0,276.55,553.1
T0002253,2025-04-17,C00735,P0043,Mumbai,1,0,288.97,288.97
T0002254,2026-06-17,C00241,P0093,Chennai,1,15,482.24,482.24
T0002255,2026-07-23,C00472,P0087,Chennai,1,15,290.2,290.2
T0002256,2026-04-29,C00631,P0058,Kolkata,1,15,700.57,700.57
T0002257,2025-03-02,C00158,P0040,Delhi,2,0,731.47,1462.94
T0002258,2026-01-15,C00864,P0055,Delhi,1,0,3390.4,3390.4
T0002259,2025-01-02,C00443,P0054,Hyderabad,1,15,247.6,247.6
T0002260,2025-11-07,C00929,P0031,Delhi,1,0,232.11,232.11
T0002261,2025-11-20,C00204,P0087,Delhi,1,5,324.34,324.34
T0002262,2025-08-30,C00167,P0002,Mumbai,2,0,324.99,649.98
T0002263,2026-03-29,C00790,P0070,Mumbai,1,15,572.67,572.67
T0002264,2026-08-30,C00858,P0052,Bengaluru,4,5,243.51,974.04
T0002265,2025-10-17,C00221,P0019,Kolkata,1,15,147.87,147.87
T0002266,2026-08-05,C00879,P0069,Bengaluru,1,0,124.03,124.03
T0002267,2026-09-03,C00773,P0036,Chennai,2,10,424.25,848.5
T0002268,2025-01-10,C00329,P0038,Pune,1,0,562.66,562.66
T0002269,2025-03-07,C00202,P0008,Chennai,1,0,184.43,184.43
T0002270,2026-07-11,C00806,P0008,Kolkata,1,0,184.43,184.43
T0002271,2025-09-13,C00662,P0062,Bengaluru,1,20,1058.06,1058.06
T0002272,2025-01-07,C00728,P0047,Chennai,2,10,648.47,1296.94
T0002273,2026-02-22,C00497,P0045,Kolkata,1,15,137.95,137.95
T0002274,2025-03-07,C00662,P0042,Bengaluru,1,0,763.91,763.91
T0002275,2025-11-23,C00010,P0065,Bengaluru,2,5,1205.84,2411.68
T0002276,2025-05-04,C00050,P0043,Pune,1,0,288.97,288.97
T0002277,2026-06-25,C00504,P0008,Ahmedabad,1,25,138.32,138.32
T0002278,2026-03-05,C00358,P0038,Pune,2,15,478.26,956.52
T0002279,2025-10-27,C00797,P0011,Pune,2,20,305.19,610.38
T0002280,2025-11-16,C00738,P0055,Mumbai,1,10,3051.36,3051.36
T0002281,2026-06-23,C00204,P0014,Delhi,1,5,880.56,880.56
T0002282,2025-04-25,C00017,P0087,Chennai,2,0,341.41,682.82
T0002283,2026-02-19,C00450,P0050,Pune,2,10,1019.73,2039.46
T0002284,2026-01-16,C00689,P0034,Hyderabad,3,0,281.14,843.42
T0002285,2025-12-21,C00846,P0094,Delhi,2,25,793.66,1587.32
T0002286,2025-03-11,C00161,P0088,Mumbai,1,0,205.91,205.91
T0002287,2025-01-13,C00835,P0042,Pune,1,20,611.13,611.13
T0002288,2026-06-13,C00761,P0004,Delhi,1,10,504.8,504.8
T0002289,2025-08-11,C00649,P0056,Hyderabad,1,20,427.14,427.14
T0002290,2026-09-04,C00634,P0068,Hyderabad,2,10,309.51,619.02
T0002291,2026-09-15,C00938,P0055,Chennai,1,0,3390.4,3390.4
T0002292,2026-06-08,C00090,P0008,Chennai,1,10,165.99,165.99
T0002293,2026-09-26,C00244,P0053,Hyderabad,1,10,172.49,172.49
T0002294,2025-06-28,C00053,P0068,Ahmedabad,2,5,326.7,653.4
T0002295,2025-09-02,C00293,P0029,Bengaluru,2,0,417.79,835.58
T0002296,2025-09-01,C00149,P0036,Kolkata,1,5,447.82,447.82
T0002297,2025-01-03,C00426,P0012,Hyderabad,1,15,188.85,188.85
T0002298,2026-06-20,C00479,P0092,Kolkata,1,15,287.14,287.14
T0002299,2025-05-03,C00916,P0038,Ahmedabad,1,5,534.53,534.53
T0002300,2026-08-31,C00112,P0093,Ahmedabad,1,25,425.5,425.5
T0002301,2025-08-18,C00657,P0004,Chennai,1,0,560.89,560.89
T0002302,2026-07-06,C00160,P0035,Kolkata,2,10,330.3,660.6
T0002303,2025-05-27,C00224,P0063,Bengaluru,1,20,113.31,113.31
T0002304,2026-09-02,C00285,P0099,Chennai,1,20,245.2,245.2
T0002305,2025-12-02,C00843,P0099,Ahmedabad,1,0,306.5,306.5
T0002306,2025-11-11,C00831,P0091,Chennai,1,5,265.88,265.88
T0002307,2025-04-08,C00960,P0036,Delhi,2,0,471.39,942.78
T0002308,2025-01-23,C00300,P0091,Bengaluru,1,20,223.9,223.9
T0002309,2026-08-05,C00181,P0025,Mumbai,2,0,185.23,370.46
T0002310,2025-10-04,C00364,P0017,Pune,1,0,311.3,311.3
T0002311,2026-04-04,C00156,P0038,Ahmedabad,1,10,506.39,506.39
T0002312,2026-09-20,C00050,P0068,Pune,2,15,292.32,584.64
T0002313,2026-09-27,C00092,P0095,Delhi,1,5,329.34,329.34
T0002314,2025-10-17,C00853,P0006,Chennai,3,0,337.31,1011.93
T0002315,2026-01-28,C00073,P0043,Kolkata,1,15,245.62,245.62
T0002316,2026-07-04,C00208,P0017,Mumbai,3,10,280.17,840.51
T0002317,2025-12-29,C00203,P0055,Mumbai,1,5,3220.88,3220.88
T0002318,2025-05-22,C00045,P0034,Mumbai,1,15,238.97,238.97
T0002319,2026-09-24,C00258,P0031,Bengaluru,1,0,232.11,232.11
T0002320,2025-09-26,C00046,P0073,Delhi,2,0,287.1,574.2
T0002321,2026-08-04,C00900,P0039,Delhi,1,5,679.94,679.94
T0002322,2025-03-12,C00242,P0047,Kolkata,1,0,720.52,720.52
T0002323,2026-09-23,C00835,P0028,Pune,2,15,529.67,1059.34
T0002324,2026-08-28,C00529,P0011,Bengaluru,1,10,343.34,343.34
T0002325,2026-07-28,C00889,P0075,Hyderabad,1,5,160.64,160.64
T0002326,2025-04-19,C00434,P0087,Chennai,2,5,324.34,648.68
T0002327,2025-04-28,C00968,P0074,Pune,1,15,392.2,392.2
T0002328,2026-05-06,C00932,P0093,Kolkata,3,0,567.34,1702.02
T0002329,2025-05-22,C00019,P0023,Delhi,1,5,427.49,427.49
T0002330,2026-01-08,C00463,P0001,Mumbai,4,0,731.6,2926.4
T0002331,2026-03-19,C00468,P0039,Mumbai,2,15,608.37,1216.74
T0002332,2025-08-10,C00456,P0030,Kolkata,2,15,328.52,657.04
T0002333,2025-07-07,C00737,P0012,Ahmedabad,1,10,199.96,199.96
T0002334,2026-04-30,C00113,P0043,Chennai,1,5,274.52,274.52
T0002335,2025-01-03,C00399,P0070,Delhi,2,15,572.67,1145.34
T0002336,2025-11-14,C00478,P0067,Ahmedabad,1,25,364.74,364.74
T0002337,2026-01-06,C00098,P0060,Pune,2,20,263.39,526.78
T0002338,2025-04-01,C00375,P0017,Hyderabad,1,0,311.3,311.3
T0002339,2025-02-12,C00039,P0066,Delhi,1,5,948.67,948.67
T0002340,2025-04-19,C00209,P0063,Kolkata,1,0,141.64,141.64
T0002341,2026-09-25,C00559,P0027,Chennai,1,5,568.67,568.67
T0002342,2025-06-11,C00077,P0093,Mumbai,2,10,510.61,1021.22
T0002343,2025-07-06,C00465,P0040,Pune,1,0,731.47,731.47
T0002344,2025-04-02,C00882,P0047,Delhi,2,10,648.47,1296.94
T0002345,2025-05-24,C00651,P0023,Bengaluru,1,0,449.99,449.99
T0002346,2025-08-05,C00199,P0093,Bengaluru,2,20,453.87,907.74
T0002347,2026-05-18,C00701,P0083,Chennai,2,0,4654.23,9308.46
T0002348,2025-08-27,C00469,P0065,Delhi,1,0,1269.31,1269.31
T0002349,2026-01-31,C00624,P0024,Chennai,1,0,254.35,254.35
T0002350,2026-01-05,C00395,P0015,Ahmedabad,2,10,2316.4,4632.8
T0002351,2025-12-08,C00285,P0092,Chennai,1,20,270.25,270.25
T0002352,2025-12-16,C00896,P0068,Ahmedabad,1,10,309.51,309.51
T0002353,2025-03-22,C00955,P0040,Chennai,1,0,731.47,731.47
T0002354,2025-03-15,C00361,P0081,Mumbai,1,5,2084.94,2084.94
T0002355,2026-03-06,C00439,P0093,Ahmedabad,1,15,482.24,482.24
T0002356,2025-02-05,C00448,P0068,Delhi,1,15,292.32,292.32
T0002357,2025-02-15,C00090,P0072,Chennai,1,5,283.11,283.11
T0002358,2026-07-27,C00488,P0093,Pune,1,15,482.24,482.24
T0002359,2026-08-30,C00936,P0051,Delhi,1,15,710.69,710.69
T0002360,2026-06-17,C00576,P0027,Chennai,2,15,508.81,1017.62
T0002361,2026-04-25,C00574,P0051,Ahmedabad,2,15,710.69,1421.38
T0002362,2026-06-21,C00579,P0100,Mumbai,1,0,496.92,496.92
T0002363,2026-08-16,C00011,P0003,Hyderabad,1,10,320.99,320.99
T0002364,2026-05-20,C00798,P0007,Bengaluru,2,15,445.57,891.14
T0002365,2026-05-02,C00034,P0011,Hyderabad,2,0,381.49,762.98
T0002366,2025-08-01,C00598,P0082,Hyderabad,2,15,299.83,599.66
T0002367,2025-10-12,C00833,P0014,Bengaluru,1,0,926.9,926.9
T0002368,2026-05-02,C00227,P0071,Pune,4,0,1602.38,6409.52
T0002369,2026-09-14,C00321,P0021,Hyderabad,2,5,597.11,1194.22
T0002370,2026-06-03,C00327,P0003,Chennai,1,0,356.66,356.66
T0002371,2025-12-14,C00128,P0009,Ahmedabad,2,5,114.96,229.92
T0002372,2025-12-27,C00481,P0021,Hyderabad,1,0,628.54,628.54
T0002373,2025-01-21,C00287,P0021,Delhi,2,10,565.69,1131.38
T0002374,2026-09-05,C00696,P0058,Kolkata,1,10,741.78,741.78
T0002375,2026-04-22,C00119,P0023,Hyderabad,1,0,449.99,449.99
T0002376,2026-04-04,C00959,P0057,Hyderabad,2,25,320.7,641.4
T0002377,2026-01-24,C00130,P0003,Bengaluru,1,0,356.66,356.66
T0002378,2026-09-04,C00937,P0098,Mumbai,1,15,895.82,895.82
T0002379,2026-01-09,C00411,P0099,Hyderabad,1,20,245.2,245.2
T0002380,2026-04-24,C00976,P0067,Hyderabad,3,5,462.0,1386.0
T0002381,2025-03-24,C00404,P0043,Bengaluru,4,0,288.97,1155.88
T0002382,2025-09-16,C00319,P0021,Pune,1,10,565.69,565.69
T0002383,2026-03-14,C00689,P0033,Hyderabad,1,10,248.9,248.9
T0002384,2025-01-29,C00692,P0018,Ahmedabad,2,0,767.23,1534.46
T0002385,2026-09-18,C00179,P0054,Hyderabad,1,0,291.3,291.3
T0002386,2025-12-03,C00278,P0038,Pune,2,15,478.26,956.52
T0002387,2025-03-09,C00863,P0011,Mumbai,2,10,343.34,686.68
T0002388,2025-06-04,C00619,P0068,Kolkata,1,15,292.32,292.32
T0002389,2025-12-25,C00072,P0058,Mumbai,2,15,700.57,1401.14
T0002390,2025-08-07,C00277,P0093,Ahmedabad,1,0,567.34,567.34
T0002391,2025-11-28,C00682,P0072,Hyderabad,1,0,298.01,298.01
T0002392,2026-07-22,C00547,P0026,Pune,1,10,514.13,514.13
T0002393,2025-05-26,C00657,P0018,Chennai,3,0,767.23,2301.69
T0002394,2026-04-25,C00761,P0013,Delhi,2,20,466.15,932.3
T0002395,2025-01-30,C00712,P0051,Ahmedabad,2,5,794.3,1588.6
T0002396,2025-06-01,C00056,P0093,Ahmedabad,2,25,425.5,851.0
T0002397,2026-06-17,C00502,P0027,Delhi,1,0,598.6,598.6
T0002398,2026-05-04,C00965,P0052,Ahmedabad,2,20,205.06,410.12
T0002399,2026-04-02,C00612,P0034,Kolkata,1,0,281.14,281.14
T0002400,2025-04-25,C00986,P0004,Ahmedabad,1,5,532.85,532.85
T0002401,2026-06-22,C00452,P0080,Kolkata,1,10,294.85,294.85
T0002402,2025-05-11,C00433,P0065,Bengaluru,1,20,1015.45,1015.45
T0002403,2025-01-01,C00733,P0056,Ahmedabad,1,10,480.53,480.53
T0002404,2025-09-13,C00685,P0079,Delhi,1,0,410.82,410.82
T0002405,2026-06-23,C00395,P0030,Ahmedabad,1,0,386.5,386.5
T0002406,2025-05-20,C00745,P0010,Kolkata,2,15,930.47,1860.94
T0002407,2025-02-02,C00157,P0024,Kolkata,1,0,254.35,254.35
T0002408,2025-02-06,C00810,P0055,Delhi,1,15,2881.84,2881.84
T0002409,2025-08-25,C00659,P0051,Hyderabad,1,20,668.89,668.89
T0002410,2025-12-27,C00212,P0058,Pune,1,0,824.2,824.2
T0002411,2026-08-23,C00304,P0057,Delhi,1,0,427.6,427.6
T0002412,2026-01-02,C00299,P0002,Delhi,1,10,292.49,292.49
T0002413,2026-05-10,C00481,P0042,Hyderabad,1,20,611.13,611.13
T0002414,2025-10-21,C00969,P0014,Bengaluru,1,10,834.21,834.21
T0002415,2025-07-08,C00171,P0096,Pune,1,20,777.33,777.33
T0002416,2025-09-18,C00786,P0029,Kolkata,2,10,376.01,752.02
T0002417,2026-08-25,C00182,P0076,Kolkata,1,5,373.58,373.58
T0002418,2025-11-30,C00847,P0050,Mumbai,1,10,1019.73,1019.73
T0002419,2025-08-19,C00804,P0084,Pune,1,10,477.31,477.31
T0002420,2026-04-11,C00318,P0029,Bengaluru,1,5,396.9,396.9
T0002421,2025-02-26,C00079,P0075,Bengaluru,1,0,169.09,169.09
T0002422,2025-06-22,C00975,P0086,Bengaluru,2,5,392.93,785.86
T0002423,2025-06-14,C00679,P0067,Ahmedabad,1,15,413.37,413.37
T0002424,2025-09-20,C00755,P0069,Hyderabad,1,0,124.03,124.03
T0002425,2025-08-07,C00648,P0068,Ahmedabad,4,5,326.7,1306.8
T0002426,2025-08-13,C00009,P0072,Ahmedabad,1,0,298.01,298.01
T0002427,2026-05-18,C00743,P0012,Bengaluru,1,10,199.96,199.96
T0002428,2025-08-29,C00184,P0075,Delhi,1,10,152.18,152.18
T0002429,2025-09-01,C00455,P0089,Bengaluru,2,20,168.13,336.26
T0002430,2026-04-29,C00563,P0009,Kolkata,3,0,121.01,363.03
T0002431,2025-08-31,C00310,P0011,Ahmedabad,3,5,362.42,1087.26
T0002432,2026-01-17,C00553,P0020,Ahmedabad,1,10,971.66,971.66
T0002433,2026-08-28,C00599,P0006,Pune,4,0,337.31,1349.24
T0002434,2026-02-03,C00447,P0074,Chennai,1,20,369.13,369.13
T0002435,2026-07-03,C00391,P0057,Kolkata,1,20,342.08,342.08
T0002436,2025-04-14,C00059,P0046,Pune,1,10,512.08,512.08
T0002437,2026-07-09,C00254,P0036,Bengaluru,1,5,447.82,447.82
T0002438,2025-12-26,C00628,P0019,Hyderabad,1,25,130.48,130.48
T0002439,2025-04-06,C00087,P0064,Mumbai,2,10,624.31,1248.62
T0002440,2026-05-01,C00255,P0068,Mumbai,1,10,309.51,309.51
T0002441,2025-09-04,C00402,P0073,Bengaluru,2,15,244.04,488.08
T0002442,2025-04-21,C00770,P0082,Chennai,1,5,335.1,335.1
T0002443,2025-07-19,C00290,P0052,Kolkata,1,0,256.33,256.33
T0002444,2026-06-19,C00242,P0025,Kolkata,1,15,157.45,157.45
T0002445,2025-10-23,C00294,P0043,Chennai,2,10,260.07,520.14
T0002446,2026-07-15,C00651,P0098,Bengaluru,1,0,1053.91,1053.91
T0002447,2026-09-13,C00123,P0093,Ahmedabad,1,15,482.24,482.24
T0002448,2026-05-27,C00637,P0029,Pune,1,20,334.23,334.23
T0002449,2025-01-18,C00849,P0070,Bengaluru,1,0,673.73,673.73
T0002450,2026-09-27,C00027,P0063,Hyderabad,1,0,141.64,141.64
T0002451,2025-02-11,C00640,P0025,Ahmedabad,3,0,185.23,555.69
T0002452,2025-08-01,C00160,P0083,Kolkata,1,5,4421.52,4421.52
T0002453,2025-03-21,C00963,P0043,Chennai,1,20,231.18,231.18
T0002454,2026-05-31,C00955,P0018,Chennai,1,0,767.23,767.23
T0002455,2025-02-11,C00165,P0065,Delhi,1,0,1269.31,1269.31
T0002456,2025-10-27,C00797,P0058,Pune,3,0,824.2,2472.6
T0002457,2025-11-30,C00055,P0025,Mumbai,4,20,148.18,592.72
T0002458,2025-08-09,C00741,P0067,Pune,1,15,413.37,413.37
T0002459,2025-11-17,C00827,P0013,Pune,4,0,582.69,2330.76
T0002460,2026-02-16,C00039,P0099,Delhi,1,0,306.5,306.5
T0002461,2025-03-13,C00492,P0035,Pune,2,20,293.6,587.2
T0002462,2025-10-17,C00582,P0073,Ahmedabad,1,0,287.1,287.1
T0002463,2025-03-21,C00380,P0067,Mumbai,1,5,462.0,462.0
T0002464,2025-02-28,C00066,P0047,Bengaluru,1,5,684.49,684.49
T0002465,2025-08-25,C00778,P0093,Ahmedabad,3,0,567.34,1702.02
T0002466,2025-04-25,C00780,P0086,Mumbai,1,0,413.61,413.61
T0002467,2026-05-15,C00986,P0013,Ahmedabad,1,20,466.15,466.15
T0002468,2026-01-20,C00829,P0027,Mumbai,2,15,508.81,1017.62
T0002469,2025-08-22,C00205,P0062,Ahmedabad,2,0,1322.57,2645.14
T0002470,2026-04-01,C00016,P0023,Bengaluru,1,0,449.99,449.99
T0002471,2026-09-16,C00300,P0051,Bengaluru,1,10,752.5,752.5
T0002472,2026-01-31,C00921,P0093,Pune,1,25,425.5,425.5
T0002473,2026-03-03,C00231,P0017,Mumbai,4,15,264.6,1058.4
T0002474,2025-03-31,C00872,P0087,Mumbai,1,5,324.34,324.34
T0002475,2026-04-15,C00757,P0069,Mumbai,1,10,111.63,111.63
T0002476,2026-02-17,C00740,P0016,Delhi,2,15,899.44,1798.88
T0002477,2026-03-25,C00209,P0026,Kolkata,2,10,514.13,1028.26
T0002478,2026-04-12,C00068,P0069,Bengaluru,1,5,117.83,117.83
T0002479,2026-04-30,C00360,P0051,Chennai,1,5,794.3,794.3
T0002480,2025-08-17,C00244,P0082,Hyderabad,1,5,335.1,335.1
T0002481,2026-07-16,C00368,P0033,Ahmedabad,3,20,221.24,663.72
T0002482,2026-02-16,C00593,P0083,Delhi,1,0,4654.23,4654.23
T0002483,2026-02-03,C00786,P0029,Kolkata,1,0,417.79,417.79
T0002484,2026-08-29,C00957,P0093,Bengaluru,1,10,510.61,510.61
T0002485,2025-08-28,C00250,P0010,Ahmedabad,1,15,930.47,930.47
T0002486,2025-10-14,C00059,P0095,Pune,1,0,346.67,346.67
T0002487,2025-07-22,C00073,P0068,Kolkata,1,0,343.9,343.9
T0002488,2025-10-07,C00231,P0057,Mumbai,2,0,427.6,855.2
T0002489,2025-09-23,C00809,P0003,Ahmedabad,2,15,303.16,606.32
T0002490,2026-04-20,C00247,P0072,Chennai,1,10,268.21,268.21
T0002491,2025-09-11,C00176,P0044,Chennai,1,0,399.08,399.08
T0002492,2025-12-08,C00520,P0039,Kolkata,2,0,715.73,1431.46
T0002493,2025-08-07,C00942,P0026,Chennai,1,15,485.57,485.57
T0002494,2026-04-01,C00738,P0058,Mumbai,1,0,824.2,824.2
T0002495,2025-10-14,C00659,P0058,Hyderabad,1,15,700.57,700.57
T0002496,2025-06-20,C00141,P0048,Bengaluru,1,5,584.76,584.76
T0002497,2025-04-21,C00355,P0043,Delhi,1,0,288.97,288.97
T0002498,2025-09-19,C00068,P0052,Bengaluru,1,15,217.88,217.88
T0002499,2026-02-27,C00887,P0073,Kolkata,2,25,215.32,430.64
T0002500,2026-02-20,C00035,P0080,Ahmedabad,1,10,294.85,294.85
T0002501,2025-08-15,C01000,P0043,Kolkata,1,15,245.62,245.62
T0002502,2025-04-15,C00796,P0037,Pune,2,5,278.51,557.02
T0002503,2025-09-23,C00018,P0078,Bengaluru,1,25,271.21,271.21
T0002504,2025-03-24,C00134,P0091,Kolkata,1,0,279.87,279.87
T0002505,2025-12-02,C00929,P0055,Delhi,3,10,3051.36,9154.08
T0002506,2025-05-05,C00962,P0099,Mumbai,1,0,306.5,306.5
T0002507,2026-05-07,C00956,P0061,Mumbai,1,5,212.7,212.7
T0002508,2025-11-01,C00869,P0072,Chennai,2,15,253.31,506.62
T0002509,2025-06-18,C00510,P0046,Chennai,1,10,512.08,512.08
T0002510,2026-04-22,C00334,P0055,Mumbai,2,0,3390.4,6780.8
T0002511,2025-09-10,C00535,P0056,Pune,2,0,533.92,1067.84
T0002512,2026-02-21,C00358,P0077,Pune,1,15,1354.13,1354.13
T0002513,2025-06-02,C00393,P0015,Ahmedabad,1,5,2445.09,2445.09
T0002514,2025-01-20,C00893,P0047,Mumbai,1,20,576.42,576.42
T0002515,2026-01-03,C00593,P0035,Delhi,1,0,367.0,367.0
T0002516,2026-05-19,C00899,P0091,Ahmedabad,4,0,279.87,1119.48
T0002517,2026-01-04,C00430,P0063,Hyderabad,1,5,134.56,134.56
T0002518,2026-06-02,C00240,P0013,Ahmedabad,1,5,553.56,553.56
T0002519,2026-06-29,C00795,P0045,Ahmedabad,1,10,146.06,146.06
T0002520,2026-04-23,C00303,P0018,Kolkata,2,20,613.78,1227.56
T0002521,2025-02-16,C00022,P0091,Mumbai,4,15,237.89,951.56
T0002522,2025-05-25,C00027,P0061,Hyderabad,2,0,223.9,447.8
T0002523,2026-01-17,C00587,P0087,Hyderabad,1,15,290.2,290.2
T0002524,2025-10-24,C00776,P0011,Pune,4,0,381.49,1525.96
T0002525,2025-06-20,C00630,P0022,Bengaluru,2,25,354.3,708.6
T0002526,2026-07-23,C00334,P0081,Mumbai,2,10,1975.2,3950.4
T0002527,2026-09-06,C00347,P0070,Delhi,1,0,673.73,673.73
T0002528,2025-09-19,C00988,P0069,Delhi,4,25,93.02,372.08
T0002529,2025-10-17,C00842,P0072,Ahmedabad,1,0,298.01,298.01
T0002530,2025-11-25,C00263,P0001,Delhi,1,15,621.86,621.86
T0002531,2025-11-25,C00045,P0086,Mumbai,1,0,413.61,413.61
T0002532,2025-12-25,C00680,P0096,Bengaluru,2,0,971.66,1943.32
T0002533,2026-04-10,C00998,P0044,Mumbai,1,0,399.08,399.08
T0002534,2026-02-18,C00222,P0014,Ahmedabad,1,15,787.86,787.86
T0002535,2025-11-08,C00127,P0039,Pune,1,0,715.73,715.73
T0002536,2025-11-20,C00444,P0031,Pune,1,10,208.9,208.9
T0002537,2026-04-08,C00239,P0078,Pune,1,15,307.37,307.37
T0002538,2026-02-11,C00462,P0076,Bengaluru,2,0,393.24,786.48
T0002539,2025-09-22,C00162,P0061,Chennai,1,10,201.51,201.51
T0002540,2026-05-20,C00132,P0012,Hyderabad,1,0,222.18,222.18
T0002541,2025-07-06,C00300,P0058,Bengaluru,1,0,824.2,824.2
T0002542,2025-06-27,C00036,P0002,Mumbai,2,10,292.49,584.98
T0002543,2025-06-15,C00242,P0056,Kolkata,1,0,533.92,533.92
T0002544,2026-02-06,C00504,P0072,Ahmedabad,2,0,298.01,596.02
T0002545,2025-11-02,C00833,P0036,Bengaluru,1,5,447.82,447.82
T0002546,2026-01-27,C00209,P0038,Kolkata,2,20,450.13,900.26
T0002547,2026-09-14,C00153,P0061,Kolkata,1,25,167.92,167.92
T0002548,2025-01-27,C00543,P0064,Mumbai,2,5,659.0,1318.0
T0002549,2026-09-04,C00046,P0029,Delhi,1,10,376.01,376.01
T0002550,2026-08-07,C00961,P0043,Pune,1,0,288.97,288.97
T0002551,2025-08-12,C00451,P0093,Bengaluru,1,0,567.34,567.34
T0002552,2026-07-25,C00381,P0094,Kolkata,1,0,1058.21,1058.21
T0002553,2025-01-09,C00957,P0068,Bengaluru,2,20,275.12,550.24
T0002554,2026-08-17,C00532,P0024,Mumbai,2,20,203.48,406.96
T0002555,2025-02-23,C00579,P0044,Mumbai,1,15,339.22,339.22
T0002556,2025-06-18,C00999,P0077,Pune,1,5,1513.44,1513.44
T0002557,2026-02-16,C00909,P0003,Ahmedabad,1,5,338.83,338.83
T0002558,2026-04-19,C00522,P0056,Pune,1,0,533.92,533.92
T0002559,2025-03-13,C00381,P0094,Kolkata,1,20,846.57,846.57
T0002560,2025-06-24,C00982,P0012,Pune,1,0,222.18,222.18
T0002561,2025-05-14,C00199,P0093,Bengaluru,1,0,567.34,567.34
T0002562,2026-05-07,C00631,P0011,Kolkata,1,5,362.42,362.42
T0002563,2025-02-20,C00599,P0002,Pune,4,15,276.24,1104.96
T0002564,2025-06-28,C00839,P0033,Hyderabad,1,15,235.07,235.07
T0002565,2026-05-12,C00551,P0039,Bengaluru,1,15,608.37,608.37
T0002566,2025-02-06,C00597,P0078,Pune,1,0,361.61,361.61
T0002567,2025-12-22,C00599,P0002,Pune,4,0,324.99,1299.96
T0002568,2026-05-02,C00671,P0056,Kolkata,1,15,453.83,453.83
T0002569,2025-01-25,C00561,P0097,Hyderabad,2,0,1906.89,3813.78
T0002570,2025-12-18,C00131,P0013,Pune,4,0,582.69,2330.76
T0002571,2025-08-08,C00802,P0044,Chennai,4,0,399.08,1596.32
T0002572,2025-01-08,C00776,P0031,Pune,4,15,197.29,789.16
T0002573,2026-01-02,C00636,P0043,Delhi,1,0,288.97,288.97
T0002574,2025-12-22,C00462,P0077,Bengaluru,1,10,1433.78,1433.78
T0002575,2025-05-02,C00011,P0082,Hyderabad,1,5,335.1,335.1
T0002576,2025-07-10,C00920,P0011,Pune,1,5,362.42,362.42
T0002577,2025-06-08,C00775,P0068,Chennai,2,10,309.51,619.02
T0002578,2026-02-10,C00353,P0017,Hyderabad,1,0,311.3,311.3
T0002579,2025-12-21,C00996,P0099,Pune,1,10,275.85,275.85
T0002580,2025-05-23,C00489,P0050,Chennai,1,10,1019.73,1019.73
T0002581,2025-09-05,C00317,P0043,Ahmedabad,1,15,245.62,245.62
T0002582,2026-06-14,C00283,P0084,Chennai,1,0,530.34,530.34
T0002583,2025-10-22,C00381,P0038,Kolkata,1,0,562.66,562.66
T0002584,2025-03-13,C00179,P0037,Hyderabad,1,20,234.54,234.54
T0002585,2026-09-13,C00318,P0015,Bengaluru,1,0,2573.78,2573.78
T0002586,2026-06-07,C00378,P0039,Chennai,1,0,715.73,715.73
T0002587,2026-07-27,C00650,P0093,Kolkata,1,20,453.87,453.87
T0002588,2026-03-14,C01000,P0068,Kolkata,1,10,309.51,309.51
T0002589,2025-06-26,C00563,P0062,Kolkata,3,5,1256.44,3769.32
T0002590,2026-04-18,C00674,P0093,Chennai,1,0,567.34,567.34
T0002591,2026-01-10,C00563,P0009,Kolkata,1,5,114.96,114.96
T0002592,2025-09-17,C00170,P0027,Ahmedabad,1,5,568.67,568.67
T0002593,2025-06-23,C00641,P0006,Mumbai,1,15,286.71,286.71
T0002594,2025-12-10,C00795,P0059,Ahmedabad,1,0,257.22,257.22
T0002595,2025-02-24,C00536,P0058,Delhi,1,0,824.2,824.2
T0002596,2026-07-04,C00078,P0088,Chennai,1,10,185.32,185.32
T0002597,2025-10-02,C00111,P0084,Kolkata,2,15,450.79,901.58
T0002598,2026-06-28,C00494,P0043,Hyderabad,1,0,288.97,288.97
T0002599,2026-04-04,C00991,P0076,Pune,1,10,353.92,353.92
T0002600,2026-05-11,C00855,P0064,Ahmedabad,1,10,624.31,624.31
T0002601,2025-10-19,C00149,P0004,Kolkata,2,5,532.85,1065.7
T0002602,2025-09-19,C00335,P0093,Pune,1,0,567.34,567.34
T0002603,2026-05-29,C00927,P0050,Kolkata,2,0,1133.03,2266.06
T0002604,2025-07-19,C00826,P0083,Hyderabad,1,0,4654.23,4654.23
T0002605,2025-12-17,C00385,P0057,Ahmedabad,2,0,427.6,855.2
T0002606,2026-06-12,C00028,P0088,Kolkata,1,10,185.32,185.32
T0002607,2026-03-03,C00287,P0045,Delhi,1,25,121.72,121.72
T0002608,2025-05-02,C00027,P0090,Hyderabad,1,10,252.65,252.65
T0002609,2026-02-02,C00894,P0031,Kolkata,1,0,232.11,232.11
T0002610,2025-01-30,C00525,P0037,Chennai,2,5,278.51,557.02
T0002611,2026-01-30,C00049,P0062,Kolkata,1,15,1124.18,1124.18
T0002612,2026-08-06,C00590,P0092,Ahmedabad,1,10,304.03,304.03
T0002613,2025-08-31,C00413,P0036,Ahmedabad,2,5,447.82,895.64
T0002614,2025-06-06,C00010,P0095,Bengaluru,1,15,294.67,294.67
T0002615,2025-09-21,C00855,P0037,Ahmedabad,1,20,234.54,234.54
T0002616,2025-11-22,C00529,P0067,Bengaluru,1,0,486.32,486.32
T0002617,2025-07-17,C00338,P0017,Mumbai,1,10,280.17,280.17
T0002618,2026-01-15,C00374,P0068,Delhi,1,25,257.92,257.92
T0002619,2025-04-22,C00880,P0008,Hyderabad,2,10,165.99,331.98
T0002620,2026-05-22,C00368,P0027,Ahmedabad,1,5,568.67,568.67
T0002621,2026-05-31,C00611,P0093,Kolkata,1,25,425.5,425.5
T0002622,2026-06-08,C00497,P0037,Kolkata,1,10,263.85,263.85
T0002623,2026-08-17,C00283,P0075,Chennai,1,0,169.09,169.09
T0002624,2025-10-19,C00014,P0057,Kolkata,1,0,427.6,427.6
T0002625,2025-04-26,C00658,P0076,Pune,1,5,373.58,373.58
T0002626,2025-03-17,C00142,P0097,Ahmedabad,1,5,1811.55,1811.55
T0002627,2025-10-19,C00530,P0022,Pune,1,5,448.78,448.78
T0002628,2026-05-21,C00125,P0080,Pune,1,10,294.85,294.85
T0002629,2026-05-17,C00882,P0025,Delhi,1,5,175.97,175.97
T0002630,2026-02-20,C00943,P0019,Delhi,2,0,173.97,347.94
T0002631,2026-06-13,C00640,P0047,Ahmedabad,1,5,684.49,684.49
T0002632,2025-10-18,C00537,P0076,Hyderabad,1,5,373.58,373.58
T0002633,2026-08-08,C00805,P0093,Mumbai,1,10,510.61,510.61
T0002634,2025-06-09,C00183,P0043,Ahmedabad,1,5,274.52,274.52
T0002635,2025-04-08,C00284,P0024,Hyderabad,2,0,254.35,508.7
T0002636,2025-10-16,C00087,P0059,Mumbai,2,25,192.92,385.84
T0002637,2026-03-06,C00749,P0017,Hyderabad,1,0,311.3,311.3
T0002638,2025-11-28,C00096,P0037,Chennai,4,5,278.51,1114.04
T0002639,2026-08-20,C00052,P0090,Chennai,1,0,280.72,280.72
T0002640,2025-06-08,C00194,P0089,Chennai,1,0,210.16,210.16
T0002641,2025-09-20,C00310,P0080,Ahmedabad,1,15,278.47,278.47
T0002642,2026-02-17,C00472,P0040,Chennai,3,0,731.47,2194.41
T0002643,2026-08-10,C00665,P0063,Chennai,2,0,141.64,283.28
T0002644,2025-01-15,C00797,P0051,Pune,1,10,752.5,752.5
T0002645,2025-03-22,C00318,P0085,Bengaluru,2,0,586.1,1172.2
T0002646,2025-10-14,C00656,P0022,Kolkata,2,5,448.78,897.56
T0002647,2026-04-11,C00780,P0001,Mumbai,1,5,695.02,695.02
T0002648,2026-02-23,C00083,P0029,Pune,2,15,355.12,710.24
T0002649,2026-06-29,C00051,P0071,Kolkata,1,0,1602.38,1602.38
T0002650,2025-01-04,C00062,P0003,Hyderabad,1,0,356.66,356.66
T0002651,2025-04-10,C00066,P0056,Bengaluru,1,10,480.53,480.53
T0002652,2025-08-11,C00119,P0023,Hyderabad,1,10,404.99,404.99
T0002653,2026-07-29,C00677,P0068,Ahmedabad,1,0,343.9,343.9
T0002654,2025-09-14,C00886,P0026,Delhi,1,15,485.57,485.57
T0002655,2025-02-07,C00063,P0057,Pune,3,5,406.22,1218.66
T0002656,2026-08-29,C00308,P0098,Kolkata,1,0,1053.91,1053.91
T0002657,2026-01-07,C00452,P0080,Kolkata,2,0,327.61,655.22
T0002658,2025-01-08,C00959,P0096,Hyderabad,3,0,971.66,2914.98
T0002659,2026-09-24,C00251,P0080,Hyderabad,1,0,327.61,327.61
T0002660,2026-04-30,C00439,P0093,Ahmedabad,1,5,538.97,538.97
T0002661,2025-08-26,C00092,P0022,Delhi,2,0,472.4,944.8
T0002662,2025-09-07,C00686,P0051,Delhi,1,15,710.69,710.69
T0002663,2026-09-30,C00765,P0039,Delhi,1,0,715.73,715.73
T0002664,2025-07-03,C00849,P0056,Bengaluru,1,15,453.83,453.83
T0002665,2025-01-28,C00780,P0033,Mumbai,1,10,248.9,248.9
T0002666,2026-03-02,C00519,P0085,Chennai,4,15,498.18,1992.72
T0002667,2025-04-17,C00136,P0031,Mumbai,1,0,232.11,232.11
T0002668,2026-01-03,C00560,P0069,Bengaluru,2,0,124.03,248.06
T0002669,2025-03-07,C00006,P0087,Hyderabad,1,0,341.41,341.41
T0002670,2025-05-11,C00420,P0015,Delhi,1,20,2059.02,2059.02
T0002671,2026-04-08,C00994,P0089,Mumbai,1,10,189.14,189.14
T0002672,2025-07-29,C00350,P0001,Chennai,1,0,731.6,731.6
T0002673,2025-05-13,C00611,P0043,Kolkata,1,0,288.97,288.97
T0002674,2025-04-14,C00014,P0060,Kolkata,2,0,329.24,658.48
T0002675,2025-11-17,C00445,P0025,Delhi,1,10,166.71,166.71
T0002676,2025-08-04,C00131,P0087,Pune,1,0,341.41,341.41
T0002677,2026-02-12,C00586,P0092,Mumbai,2,20,270.25,540.5
T0002678,2026-07-17,C00086,P0038,Delhi,4,0,562.66,2250.64
T0002679,2026-03-28,C00832,P0096,Bengaluru,2,0,971.66,1943.32
T0002680,2026-05-29,C00756,P0008,Hyderabad,1,0,184.43,184.43
T0002681,2025-03-21,C00979,P0049,Chennai,1,20,109.58,109.58
T0002682,2026-04-11,C00623,P0024,Mumbai,3,0,254.35,763.05
T0002683,2025-12-03,C00794,P0036,Ahmedabad,1,10,424.25,424.25
T0002684,2026-02-15,C00510,P0098,Chennai,1,10,948.52,948.52
T0002685,2025-07-15,C00788,P0035,Bengaluru,4,15,311.95,1247.8
T0002686,2026-02-09,C00377,P0017,Chennai,2,0,311.3,622.6
T0002687,2026-04-26,C00492,P0005,Pune,1,25,112.11,112.11
T0002688,2025-04-23,C00777,P0043,Delhi,1,15,245.62,245.62
T0002689,2025-07-24,C00652,P0043,Chennai,2,5,274.52,549.04
T0002690,2026-02-23,C00742,P0042,Chennai,1,25,572.93,572.93
T0002691,2026-09-30,C00538,P0039,Mumbai,1,10,644.16,644.16
T0002692,2025-04-27,C00627,P0083,Bengaluru,2,10,4188.81,8377.62
T0002693,2025-10-28,C00219,P0003,Delhi,2,0,356.66,713.32
T0002694,2026-09-09,C00829,P0073,Mumbai,1,0,287.1,287.1
T0002695,2025-11-30,C00026,P0018,Mumbai,2,10,690.51,1381.02
T0002696,2025-05-04,C00548,P0041,Bengaluru,2,0,930.63,1861.26
T0002697,2026-07-21,C00088,P0010,Kolkata,2,0,1094.67,2189.34
T0002698,2026-01-01,C00929,P0058,Delhi,1,0,824.2,824.2
T0002699,2025-02-14,C00908,P0067,Bengaluru,4,15,413.37,1653.48
T0002700,2026-04-20,C00269,P0040,Hyderabad,1,5,694.9,694.9
T0002701,2025-05-16,C00567,P0010,Kolkata,1,10,985.2,985.2
T0002702,2025-11-19,C00445,P0004,Delhi,1,0,560.89,560.89
T0002703,2025-02-03,C00183,P0043,Ahmedabad,1,20,231.18,231.18
T0002704,2025-07-29,C00705,P0007,Chennai,3,10,471.78,1415.34
T0002705,2025-07-09,C00462,P0010,Bengaluru,1,10,985.2,985.2
T0002706,2026-03-19,C00950,P0074,Mumbai,1,0,461.41,461.41
T0002707,2026-01-21,C00763,P0081,Kolkata,2,0,2194.67,4389.34
T0002708,2025-03-03,C00381,P0076,Kolkata,1,15,334.25,334.25
T0002709,2025-03-06,C00467,P0100,Delhi,1,0,496.92,496.92
T0002710,2025-06-10,C00429,P0036,Pune,2,0,471.39,942.78
T0002711,2025-06-18,C00975,P0012,Bengaluru,1,0,222.18,222.18
T0002712,2026-08-11,C00459,P0055,Ahmedabad,1,15,2881.84,2881.84
T0002713,2025-09-10,C00762,P0093,Ahmedabad,1,15,482.24,482.24
T0002714,2026-01-03,C00410,P0084,Kolkata,3,25,397.76,1193.28
T0002715,2026-02-06,C00584,P0086,Hyderabad,1,10,372.25,372.25
T0002716,2026-07-03,C00175,P0063,Kolkata,1,20,113.31,113.31
T0002717,2025-05-06,C00232,P0058,Delhi,1,10,741.78,741.78
T0002718,2025-09-18,C00715,P0026,Pune,2,0,571.26,1142.52
T0002719,2025-04-10,C00387,P0074,Kolkata,1,0,461.41,461.41
T0002720,2025-04-27,C00797,P0091,Pune,2,5,265.88,531.76
T0002721,2025-12-20,C00199,P0093,Bengaluru,1,5,538.97,538.97
T0002722,2026-05-18,C00526,P0092,Pune,1,5,320.92,320.92
T0002723,2025-01-06,C00260,P0064,Pune,2,10,624.31,1248.62
T0002724,2025-05-27,C00910,P0093,Ahmedabad,1,0,567.34,567.34
T0002725,2025-04-24,C00569,P0001,Mumbai,1,20,585.28,585.28
T0002726,2025-05-06,C00794,P0056,Ahmedabad,1,0,533.92,533.92
T0002727,2025-10-10,C00313,P0055,Delhi,1,5,3220.88,3220.88
T0002728,2026-06-26,C00651,P0023,Bengaluru,1,15,382.49,382.49
T0002729,2025-10-18,C00606,P0020,Hyderabad,1,0,1079.62,1079.62
T0002730,2026-06-22,C00039,P0049,Delhi,1,10,123.27,123.27
T0002731,2025-04-11,C00692,P0047,Ahmedabad,1,10,648.47,648.47
T0002732,2026-08-07,C00575,P0078,Kolkata,1,10,325.45,325.45
T0002733,2026-01-29,C00060,P0032,Delhi,1,0,948.64,948.64
T0002734,2026-03-14,C00869,P0059,Chennai,1,20,205.78,205.78
T0002735,2025-07-16,C00952,P0028,Kolkata,1,15,529.67,529.67
T0002736,2026-04-07,C00756,P0049,Hyderabad,1,5,130.12,130.12
T0002737,2026-02-21,C00496,P0013,Delhi,3,0,582.69,1748.07
T0002738,2026-07-01,C00467,P0026,Delhi,1,0,571.26,571.26
T0002739,2025-09-09,C00725,P0072,Chennai,2,0,298.01,596.02
T0002740,2025-08-22,C00395,P0027,Ahmedabad,1,0,598.6,598.6
T0002741,2026-03-05,C00688,P0047,Pune,2,0,720.52,1441.04
T0002742,2026-03-26,C00237,P0002,Chennai,1,10,292.49,292.49
T0002743,2025-08-02,C00569,P0034,Mumbai,1,10,253.03,253.03
T0002744,2025-10-01,C00751,P0043,Chennai,1,0,288.97,288.97
T0002745,2026-08-07,C00011,P0039,Hyderabad,1,0,715.73,715.73
T0002746,2026-01-24,C00671,P0047,Kolkata,1,20,576.42,576.42
T0002747,2026-08-25,C00135,P0055,Mumbai,4,5,3220.88,12883.52
T0002748,2025-12-23,C00771,P0032,Hyderabad,1,0,948.64,948.64
T0002749,2026-03-31,C00983,P0052,Chennai,1,10,230.7,230.7
T0002750,2025-05-03,C00891,P0009,Mumbai,1,0,121.01,121.01
T0002751,2026-05-01,C00027,P0100,Hyderabad,1,5,472.07,472.07
T0002752,2025-03-24,C00460,P0021,Bengaluru,1,10,565.69,565.69
T0002753,2025-04-13,C00535,P0087,Pune,1,0,341.41,341.41
T0002754,2025-07-11,C00755,P0052,Hyderabad,1,15,217.88,217.88
T0002755,2026-01-08,C00626,P0052,Hyderabad,1,10,230.7,230.7
T0002756,2026-08-05,C00444,P0081,Pune,2,10,1975.2,3950.4
T0002757,2026-04-10,C00871,P0030,Mumbai,1,10,347.85,347.85
T0002758,2026-05-16,C00022,P0067,Mumbai,1,25,364.74,364.74
T0002759,2025-05-27,C00735,P0043,Mumbai,2,15,245.62,491.24
T0002760,2026-07-22,C00794,P0070,Ahmedabad,2,20,538.98,1077.96
T0002761,2025-09-23,C00685,P0017,Delhi,1,0,311.3,311.3
T0002762,2026-03-21,C00022,P0080,Mumbai,2,10,294.85,589.7
T0002763,2026-01-27,C00263,P0030,Delhi,1,0,386.5,386.5
T0002764,2025-08-16,C00889,P0060,Hyderabad,1,0,329.24,329.24
T0002765,2025-02-06,C00473,P0022,Mumbai,1,0,472.4,472.4
T0002766,2025-04-05,C00101,P0013,Kolkata,2,5,553.56,1107.12
T0002767,2026-05-05,C00631,P0081,Kolkata,1,10,1975.2,1975.2
T0002768,2025-03-18,C00325,P0040,Kolkata,1,15,621.75,621.75
T0002769,2026-04-12,C00234,P0098,Ahmedabad,2,0,1053.91,2107.82
T0002770,2026-08-28,C00469,P0046,Delhi,1,5,540.53,540.53
T0002771,2026-09-29,C00965,P0069,Ahmedabad,1,0,124.03,124.03
T0002772,2025-09-27,C00027,P0090,Hyderabad,2,0,280.72,561.44
T0002773,2026-09-24,C00116,P0025,Bengaluru,2,10,166.71,333.42
T0002774,2026-05-22,C00450,P0017,Pune,1,10,280.17,280.17
T0002775,2025-10-13,C00408,P0058,Delhi,4,15,700.57,2802.28
T0002776,2026-05-02,C00035,P0058,Ahmedabad,1,25,618.15,618.15
T0002777,2026-08-27,C00145,P0068,Hyderabad,1,5,326.7,326.7
T0002778,2026-09-22,C00828,P0015,Kolkata,1,0,2573.78,2573.78
T0002779,2026-03-12,C00881,P0010,Ahmedabad,4,10,985.2,3940.8
T0002780,2026-01-14,C00976,P0067,Hyderabad,1,0,486.32,486.32
T0002781,2026-02-19,C00160,P0022,Kolkata,2,10,425.16,850.32
T0002782,2026-08-31,C00059,P0039,Pune,2,10,644.16,1288.32
T0002783,2025-12-13,C00555,P0031,Kolkata,1,15,197.29,197.29
T0002784,2026-04-13,C00812,P0040,Hyderabad,1,0,731.47,731.47
T0002785,2026-04-16,C00998,P0076,Mumbai,1,20,314.59,314.59
T0002786,2025-03-05,C00690,P0089,Delhi,1,20,168.13,168.13
T0002787,2025-08-22,C00756,P0042,Hyderabad,1,0,763.91,763.91
T0002788,2025-05-17,C00073,P0043,Kolkata,1,10,260.07,260.07
T0002789,2025-07-25,C00779,P0018,Hyderabad,1,15,652.15,652.15
T0002790,2025-09-19,C00410,P0050,Kolkata,1,0,1133.03,1133.03
T0002791,2025-07-05,C00131,P0004,Pune,1,0,560.89,560.89
T0002792,2025-02-05,C00274,P0093,Ahmedabad,1,10,510.61,510.61
T0002793,2026-07-10,C00326,P0099,Delhi,1,0,306.5,306.5
T0002794,2026-08-09,C00300,P0055,Bengaluru,1,0,3390.4,3390.4
T0002795,2025-08-23,C00807,P0098,Ahmedabad,1,15,895.82,895.82
T0002796,2025-07-31,C00003,P0016,Hyderabad,1,0,1058.17,1058.17
T0002797,2026-04-05,C00216,P0068,Kolkata,2,15,292.32,584.64
T0002798,2025-01-17,C00016,P0022,Bengaluru,2,5,448.78,897.56
T0002799,2026-06-12,C00623,P0030,Mumbai,2,0,386.5,773.0
T0002800,2026-01-12,C00489,P0096,Chennai,1,0,971.66,971.66
T0002801,2026-06-20,C00668,P0072,Pune,1,5,283.11,283.11
T0002802,2026-05-18,C00787,P0034,Hyderabad,1,5,267.08,267.08
T0002803,2026-08-17,C00999,P0044,Pune,1,5,379.13,379.13
T0002804,2025-12-10,C00189,P0070,Hyderabad,2,10,606.36,1212.72
T0002805,2025-01-12,C00371,P0002,Bengaluru,1,0,324.99,324.99
T0002806,2026-04-01,C00863,P0091,Mumbai,1,10,251.88,251.88
T0002807,2026-07-24,C00870,P0007,Mumbai,1,10,471.78,471.78
T0002808,2025-10-23,C00004,P0073,Bengaluru,1,10,258.39,258.39
T0002809,2026-02-12,C00840,P0097,Chennai,2,15,1620.86,3241.72
T0002810,2025-05-26,C00641,P0002,Mumbai,1,0,324.99,324.99
T0002811,2025-08-31,C00272,P0099,Chennai,2,25,229.88,459.76
T0002812,2026-05-23,C00479,P0054,Kolkata,1,0,291.3,291.3
T0002813,2026-08-01,C00453,P0070,Delhi,1,5,640.04,640.04
T0002814,2026-03-24,C00338,P0075,Mumbai,2,20,135.27,270.54
T0002815,2025-10-20,C00584,P0034,Hyderabad,1,20,224.91,224.91
T0002816,2025-09-17,C00689,P0020,Hyderabad,1,0,1079.62,1079.62
T0002817,2026-07-01,C00322,P0066,Delhi,2,10,898.74,1797.48
T0002818,2025-05-31,C00423,P0070,Mumbai,2,0,673.73,1347.46
T0002819,2026-09-28,C00546,P0073,Bengaluru,2,5,272.74,545.48
T0002820,2025-03-21,C00924,P0068,Kolkata,2,0,343.9,687.8
T0002821,2026-07-12,C00886,P0090,Delhi,2,0,280.72,561.44
T0002822,2025-12-03,C00491,P0076,Hyderabad,3,5,373.58,1120.74
T0002823,2026-06-08,C00521,P0036,Delhi,1,5,447.82,447.82
T0002824,2025-09-29,C00481,P0009,Hyderabad,1,5,114.96,114.96
T0002825,2026-07-03,C00690,P0066,Delhi,1,0,998.6,998.6
T0002826,2026-09-30,C00265,P0068,Mumbai,1,0,343.9,343.9
T0002827,2025-11-12,C00848,P0079,Pune,1,0,410.82,410.82
T0002828,2025-09-13,C00256,P0076,Ahmedabad,4,10,353.92,1415.68
T0002829,2026-04-08,C00651,P0098,Bengaluru,1,15,895.82,895.82
T0002830,2026-04-01,C00350,P0034,Chennai,1,20,224.91,224.91
T0002831,2025-09-13,C00286,P0041,Hyderabad,1,0,930.63,930.63
T0002832,2025-03-16,C00178,P0020,Mumbai,1,5,1025.64,1025.64
T0002833,2025-02-06,C00993,P0086,Pune,1,0,413.61,413.61
T0002834,2025-11-07,C00971,P0047,Bengaluru,1,25,540.39,540.39
T0002835,2026-05-19,C00208,P0069,Mumbai,2,0,124.03,248.06
T0002836,2026-05-05,C00619,P0093,Kolkata,3,10,510.61,1531.83
T0002837,2025-01-07,C00007,P0006,Kolkata,3,0,337.31,1011.93
T0002838,2025-01-30,C00500,P0055,Pune,1,25,2542.8,2542.8
T0002839,2025-05-27,C00367,P0065,Ahmedabad,1,10,1142.38,1142.38
T0002840,2025-09-10,C00364,P0052,Pune,1,0,256.33,256.33
T0002841,2025-11-19,C00443,P0028,Hyderabad,2,0,623.14,1246.28
T0002842,2026-02-24,C00140,P0095,Ahmedabad,3,10,312.0,936.0
T0002843,2026-09-24,C00514,P0027,Bengaluru,1,5,568.67,568.67
T0002844,2026-09-22,C00237,P0079,Chennai,1,0,410.82,410.82
T0002845,2025-01-11,C00864,P0081,Delhi,1,15,1865.47,1865.47
T0002846,2025-10-03,C00613,P0060,Chennai,1,15,279.85,279.85
T0002847,2025-11-07,C00370,P0070,Delhi,2,5,640.04,1280.08
T0002848,2025-01-04,C00731,P0053,Kolkata,1,25,143.74,143.74
T0002849,2025-05-17,C00846,P0063,Delhi,1,10,127.48,127.48
T0002850,2025-04-27,C00834,P0088,Hyderabad,1,0,205.91,205.91
T0002851,2025-03-23,C00179,P0042,Hyderabad,1,5,725.71,725.71
T0002852,2026-07-31,C00342,P0031,Kolkata,2,20,185.69,371.38
T0002853,2025-05-31,C00521,P0018,Delhi,4,5,728.87,2915.48
T0002854,2025-08-25,C00319,P0059,Pune,1,10,231.5,231.5
T0002855,2026-04-04,C00333,P0001,Hyderabad,3,20,585.28,1755.84
T0002856,2026-02-07,C00460,P0054,Bengaluru,2,0,291.3,582.6
T0002857,2025-07-07,C00331,P0091,Pune,1,0,279.87,279.87
T0002858,2025-09-01,C00140,P0053,Ahmedabad,1,15,162.91,162.91
T0002859,2025-03-29,C00845,P0082,Ahmedabad,1,20,282.19,282.19
T0002860,2025-02-23,C00618,P0042,Pune,1,0,763.91,763.91
T0002861,2025-08-09,C00928,P0007,Kolkata,1,5,497.99,497.99
T0002862,2025-02-06,C00761,P0018,Delhi,2,5,728.87,1457.74
T0002863,2025-10-02,C00846,P0094,Delhi,1,0,1058.21,1058.21
T0002864,2025-10-23,C00983,P0060,Chennai,1,0,329.24,329.24
T0002865,2026-07-31,C00537,P0038,Hyderabad,1,25,422.0,422.0
T0002866,2026-04-07,C00662,P0028,Bengaluru,1,15,529.67,529.67
T0002867,2025-01-04,C00865,P0041,Chennai,1,15,791.04,791.04
T0002868,2026-08-06,C00129,P0070,Ahmedabad,1,5,640.04,640.04
T0002869,2025-09-25,C00064,P0060,Chennai,1,5,312.78,312.78
T0002870,2025-06-13,C00826,P0082,Hyderabad,1,10,317.47,317.47
T0002871,2025-07-19,C00877,P0035,Hyderabad,2,10,330.3,660.6
T0002872,2025-09-09,C00985,P0083,Hyderabad,2,25,3490.67,6981.34
T0002873,2025-09-11,C00299,P0074,Delhi,1,0,461.41,461.41
T0002874,2025-11-27,C00941,P0060,Bengaluru,1,20,263.39,263.39
T0002875,2025-09-10,C00898,P0044,Mumbai,3,15,339.22,1017.66
T0002876,2025-05-06,C00461,P0039,Bengaluru,1,10,644.16,644.16
T0002877,2026-09-26,C00941,P0075,Bengaluru,1,10,152.18,152.18
T0002878,2025-12-25,C00413,P0047,Ahmedabad,2,0,720.52,1441.04
T0002879,2026-06-26,C00151,P0068,Hyderabad,1,25,257.92,257.92
T0002880,2025-06-05,C00755,P0069,Hyderabad,1,0,124.03,124.03
T0002881,2026-07-26,C00406,P0048,Bengaluru,1,25,461.66,461.66
T0002882,2025-07-06,C00375,P0075,Hyderabad,1,0,169.09,169.09
T0002883,2026-08-12,C00608,P0035,Hyderabad,1,10,330.3,330.3
T0002884,2025-06-14,C00543,P0045,Mumbai,1,0,162.29,162.29
T0002885,2025-07-17,C00758,P0047,Kolkata,1,20,576.42,576.42
T0002886,2025-09-23,C00023,P0053,Delhi,1,0,191.66,191.66
T0002887,2025-03-06,C00073,P0043,Kolkata,2,0,288.97,577.94
T0002888,2026-07-20,C00961,P0043,Pune,1,0,288.97,288.97
T0002889,2025-01-09,C00575,P0001,Kolkata,1,0,731.6,731.6
T0002890,2025-06-24,C00470,P0081,Ahmedabad,1,5,2084.94,2084.94
T0002891,2025-12-19,C00515,P0026,Kolkata,1,20,457.01,457.01
T0002892,2026-05-24,C00224,P0088,Bengaluru,1,10,185.32,185.32
T0002893,2025-03-13,C00368,P0033,Ahmedabad,1,0,276.55,276.55
T0002894,2026-05-23,C00433,P0003,Bengaluru,1,0,356.66,356.66
T0002895,2026-07-28,C00617,P0018,Kolkata,2,0,767.23,1534.46
T0002896,2025-05-01,C00146,P0098,Pune,1,15,895.82,895.82
T0002897,2025-08-02,C00499,P0062,Mumbai,2,0,1322.57,2645.14
T0002898,2025-04-22,C00463,P0024,Mumbai,1,0,254.35,254.35
T0002899,2025-07-29,C00911,P0088,Kolkata,2,15,175.02,350.04
T0002900,2025-12-09,C00739,P0043,Delhi,3,10,260.07,780.21
T0002901,2026-02-01,C00400,P0050,Pune,1,0,1133.03,1133.03
T0002902,2026-07-14,C00536,P0011,Delhi,3,10,343.34,1030.02
T0002903,2026-06-10,C00865,P0048,Chennai,1,0,615.54,615.54
T0002904,2025-03-25,C00542,P0068,Kolkata,1,0,343.9,343.9
T0002905,2026-08-09,C00956,P0063,Mumbai,1,0,141.64,141.64
T0002906,2026-04-22,C00220,P0086,Ahmedabad,1,0,413.61,413.61
T0002907,2026-09-21,C00783,P0068,Mumbai,1,25,257.92,257.92
T0002908,2025-12-05,C00329,P0063,Pune,4,20,113.31,453.24
T0002909,2025-02-18,C00872,P0087,Mumbai,1,0,341.41,341.41
T0002910,2026-05-17,C00827,P0070,Pune,1,0,673.73,673.73
T0002911,2025-09-06,C00546,P0032,Bengaluru,1,0,948.64,948.64
T0002912,2026-07-29,C00852,P0048,Delhi,1,20,492.43,492.43
T0002913,2026-01-20,C00780,P0032,Mumbai,1,10,853.78,853.78
T0002914,2025-04-09,C00388,P0084,Chennai,1,5,503.82,503.82
T0002915,2026-03-16,C00973,P0006,Hyderabad,3,5,320.44,961.32
T0002916,2025-04-24,C00327,P0053,Chennai,1,20,153.33,153.33
T0002917,2026-06-30,C00508,P0063,Ahmedabad,3,10,127.48,382.44
T0002918,2025-03-24,C00270,P0055,Mumbai,1,20,2712.32,2712.32
T0002919,2025-11-02,C00742,P0054,Chennai,1,10,262.17,262.17
T0002920,2026-07-03,C00311,P0020,Mumbai,1,0,1079.62,1079.62
T0002921,2026-06-08,C00506,P0018,Mumbai,1,20,613.78,613.78
T0002922,2025-03-06,C00681,P0057,Bengaluru,1,15,363.46,363.46
T0002923,2026-08-08,C00372,P0029,Hyderabad,1,20,334.23,334.23
T0002924,2026-06-26,C00248,P0051,Ahmedabad,1,15,710.69,710.69
T0002925,2026-09-12,C00094,P0093,Bengaluru,1,0,567.34,567.34
T0002926,2025-04-20,C00614,P0033,Pune,1,5,262.72,262.72
T0002927,2025-12-27,C00775,P0043,Chennai,1,10,260.07,260.07
T0002928,2026-03-31,C00378,P0098,Chennai,2,10,948.52,1897.04
T0002929,2025-08-17,C00908,P0051,Bengaluru,1,5,794.3,794.3
T0002930,2025-09-21,C00951,P0070,Bengaluru,1,10,606.36,606.36
T0002931,2025-12-23,C00113,P0043,Chennai,1,25,216.73,216.73
T0002932,2025-03-12,C00006,P0018,Hyderabad,2,0,767.23,1534.46
T0002933,2025-05-23,C00939,P0017,Hyderabad,2,5,295.74,591.48
T0002934,2026-03-10,C00244,P0035,Hyderabad,1,10,330.3,330.3
T0002935,2026-08-15,C00867,P0005,Kolkata,2,15,127.06,254.12
T0002936,2026-03-24,C00907,P0011,Kolkata,1,25,286.12,286.12
T0002937,2026-05-29,C00035,P0080,Ahmedabad,2,10,294.85,589.7
T0002938,2025-05-19,C00594,P0042,Bengaluru,4,5,725.71,2902.84
T0002939,2025-08-07,C00705,P0069,Chennai,4,15,105.43,421.72
T0002940,2026-01-12,C00568,P0068,Pune,4,10,309.51,1238.04
T0002941,2025-05-29,C00893,P0004,Mumbai,1,0,560.89,560.89
T0002942,2026-02-26,C00084,P0017,Mumbai,3,5,295.74,887.22
T0002943,2025-02-25,C00654,P0077,Hyderabad,3,5,1513.44,4540.32
T0002944,2025-05-12,C00374,P0093,Delhi,3,10,510.61,1531.83
T0002945,2025-05-06,C00493,P0068,Ahmedabad,1,5,326.7,326.7
T0002946,2025-07-16,C00860,P0049,Ahmedabad,2,0,136.97,273.94
T0002947,2025-01-09,C00773,P0025,Chennai,1,0,185.23,185.23
T0002948,2025-05-06,C00413,P0036,Ahmedabad,1,10,424.25,424.25
T0002949,2025-04-28,C00546,P0024,Bengaluru,1,10,228.92,228.92
T0002950,2025-08-22,C00866,P0018,Chennai,1,0,767.23,767.23
T0002951,2026-07-05,C00913,P0074,Ahmedabad,1,5,438.34,438.34
T0002952,2025-02-27,C00094,P0068,Bengaluru,1,15,292.32,292.32
T0002953,2025-04-27,C00965,P0019,Ahmedabad,1,20,139.18,139.18
T0002954,2025-06-04,C00136,P0080,Mumbai,1,0,327.61,327.61
T0002955,2026-02-05,C00594,P0054,Bengaluru,2,0,291.3,582.6
T0002956,2025-05-04,C00572,P0067,Pune,1,0,486.32,486.32
T0002957,2025-04-12,C00360,P0091,Chennai,2,25,209.9,419.8
T0002958,2025-03-05,C00561,P0024,Hyderabad,1,15,216.2,216.2
T0002959,2026-04-09,C00157,P0034,Kolkata,1,15,238.97,238.97
T0002960,2025-02-04,C00645,P0086,Ahmedabad,2,25,310.21,620.42
T0002961,2026-06-01,C00420,P0032,Delhi,1,10,853.78,853.78
T0002962,2025-10-24,C00583,P0035,Mumbai,1,10,330.3,330.3
T0002963,2025-10-25,C00938,P0011,Chennai,4,5,362.42,1449.68
T0002964,2026-06-18,C00760,P0043,Mumbai,2,20,231.18,462.36
T0002965,2026-01-10,C00795,P0054,Ahmedabad,1,10,262.17,262.17
T0002966,2026-01-25,C00450,P0075,Pune,1,25,126.82,126.82
T0002967,2025-09-10,C00212,P0080,Pune,1,0,327.61,327.61
T0002968,2025-11-04,C00141,P0041,Bengaluru,1,10,837.57,837.57
T0002969,2026-08-04,C00560,P0075,Bengaluru,1,10,152.18,152.18
T0002970,2025-04-06,C00597,P0033,Pune,1,0,276.55,276.55
T0002971,2025-11-29,C00452,P0067,Kolkata,1,0,486.32,486.32
T0002972,2025-11-25,C00393,P0027,Ahmedabad,3,15,508.81,1526.43
T0002973,2025-09-30,C00889,P0069,Hyderabad,2,0,124.03,248.06
T0002974,2026-09-13,C00967,P0064,Ahmedabad,1,10,624.31,624.31
T0002975,2025-09-24,C00306,P0012,Pune,1,0,222.18,222.18
T0002976,2026-05-18,C00867,P0003,Kolkata,1,15,303.16,303.16
T0002977,2025-03-24,C00956,P0026,Mumbai,1,10,514.13,514.13
T0002978,2026-09-16,C00042,P0037,Chennai,1,5,278.51,278.51
T0002979,2026-03-12,C00474,P0034,Delhi,2,10,253.03,506.06
T0002980,2026-03-13,C00858,P0019,Bengaluru,4,10,156.57,626.28
T0002981,2026-03-10,C00996,P0045,Pune,1,0,162.29,162.29
T0002982,2026-02-01,C00519,P0085,Chennai,2,15,498.18,996.36
T0002983,2025-07-12,C00962,P0062,Mumbai,3,0,1322.57,3967.71
T0002984,2025-07-22,C00227,P0007,Pune,1,5,497.99,497.99
T0002985,2025-06-28,C00402,P0073,Bengaluru,2,0,287.1,574.2
T0002986,2026-09-01,C00698,P0090,Chennai,1,0,280.72,280.72
T0002987,2025-10-27,C00546,P0085,Bengaluru,2,5,556.79,1113.58
T0002988,2025-03-12,C00351,P0034,Kolkata,1,0,281.14,281.14
T0002989,2026-03-03,C00821,P0061,Pune,1,5,212.7,212.7
T0002990,2025-08-04,C00740,P0016,Delhi,1,10,952.35,952.35
T0002991,2026-01-18,C00713,P0067,Mumbai,1,10,437.69,437.69
T0002992,2025-03-07,C00981,P0093,Bengaluru,1,5,538.97,538.97
T0002993,2026-05-04,C00942,P0041,Chennai,1,15,791.04,791.04
T0002994,2025-06-06,C00584,P0012,Hyderabad,1,0,222.18,222.18
T0002995,2026-05-19,C00958,P0090,Mumbai,2,0,280.72,561.44
T0002996,2026-06-27,C00744,P0075,Delhi,2,10,152.18,304.36
T0002997,2025-04-05,C00410,P0071,Kolkata,2,0,1602.38,3204.76
T0002998,2025-07-24,C00688,P0087,Pune,1,0,341.41,341.41
T0002999,2025-02-10,C00731,P0046,Kolkata,1,5,540.53,540.53
T0003000,2025-09-27,C00459,P0067,Ahmedabad,1,20,389.06,389.06
T0003001,2026-06-09,C00335,P0043,Pune,2,10,260.07,520.14
T0003002,2026-01-06,C00875,P0003,Delhi,2,10,320.99,641.98
T0003003,2025-07-19,C00563,P0008,Kolkata,2,0,184.43,368.86
T0003004,2026-08-03,C00183,P0068,Ahmedabad,1,10,309.51,309.51
T0003005,2025-01-03,C00831,P0031,Chennai,1,5,220.5,220.5
T0003006,2026-05-23,C00094,P0093,Bengaluru,1,10,510.61,510.61
T0003007,2025-07-25,C00586,P0064,Mumbai,1,10,624.31,624.31
T0003008,2025-04-25,C00869,P0054,Chennai,1,5,276.74,276.74
T0003009,2026-03-26,C00664,P0052,Kolkata,2,20,205.06,410.12
T0003010,2025-03-19,C00626,P0006,Hyderabad,2,0,337.31,674.62
T0003011,2026-04-02,C00324,P0029,Bengaluru,2,15,355.12,710.24
T0003012,2026-08-22,C00488,P0043,Pune,1,5,274.52,274.52
T0003013,2026-05-05,C00971,P0036,Bengaluru,1,0,471.39,471.39
T0003014,2025-08-20,C00836,P0055,Chennai,1,0,3390.4,3390.4
T0003015,2025-02-03,C00745,P0077,Kolkata,1,5,1513.44,1513.44
T0003016,2026-04-21,C00329,P0094,Pune,2,0,1058.21,2116.42
T0003017,2025-11-09,C00125,P0031,Pune,1,10,208.9,208.9
T0003018,2025-03-18,C00487,P0088,Kolkata,1,10,185.32,185.32
T0003019,2026-02-10,C00580,P0085,Ahmedabad,2,10,527.49,1054.98
T0003020,2025-04-11,C00243,P0078,Hyderabad,1,0,361.61,361.61
T0003021,2025-08-25,C00854,P0069,Ahmedabad,1,0,124.03,124.03
T0003022,2025-08-06,C00994,P0092,Mumbai,1,10,304.03,304.03
T0003023,2026-09-17,C00745,P0063,Kolkata,1,0,141.64,141.64
T0003024,2026-09-28,C00478,P0051,Ahmedabad,1,0,836.11,836.11
T0003025,2025-10-15,C00141,P0038,Bengaluru,1,0,562.66,562.66
T0003026,2026-06-20,C00355,P0093,Delhi,1,0,567.34,567.34
T0003027,2026-08-03,C00049,P0062,Kolkata,1,0,1322.57,1322.57
T0003028,2026-03-24,C00445,P0070,Delhi,3,15,572.67,1718.01
T0003029,2025-12-21,C00718,P0045,Delhi,4,10,146.06,584.24
T0003030,2025-12-04,C00533,P0030,Hyderabad,2,15,328.52,657.04
T0003031,2025-02-22,C00585,P0068,Pune,1,0,343.9,343.9
T0003032,2026-05-19,C00496,P0025,Delhi,1,10,166.71,166.71
T0003033,2025-07-08,C00495,P0019,Ahmedabad,3,5,165.27,495.81
T0003034,2025-04-03,C00663,P0046,Hyderabad,1,0,568.98,568.98
T0003035,2025-01-18,C00262,P0019,Delhi,1,10,156.57,156.57
T0003036,2025-09-27,C00486,P0086,Ahmedabad,1,0,413.61,413.61
T0003037,2025-06-13,C00871,P0020,Mumbai,1,0,1079.62,1079.62
T0003038,2025-09-20,C00926,P0072,Ahmedabad,4,15,253.31,1013.24
T0003039,2025-08-20,C00682,P0059,Hyderabad,1,0,257.22,257.22
T0003040,2026-07-27,C00476,P0093,Kolkata,1,15,482.24,482.24
T0003041,2025-10-07,C00634,P0068,Hyderabad,1,25,257.92,257.92
T0003042,2025-10-25,C00117,P0012,Ahmedabad,1,0,222.18,222.18
T0003043,2026-01-13,C00916,P0076,Ahmedabad,1,25,294.93,294.93
T0003044,2026-03-06,C00697,P0091,Delhi,1,15,237.89,237.89
T0003045,2026-04-02,C00569,P0015,Mumbai,1,10,2316.4,2316.4
T0003046,2025-10-22,C00353,P0084,Hyderabad,1,0,530.34,530.34
T0003047,2025-06-08,C00198,P0035,Chennai,1,10,330.3,330.3
T0003048,2025-08-30,C00834,P0038,Hyderabad,1,0,562.66,562.66
T0003049,2026-08-02,C00741,P0058,Pune,3,5,782.99,2348.97
T0003050,2025-08-10,C00762,P0043,Ahmedabad,1,5,274.52,274.52
T0003051,2025-08-09,C00413,P0047,Ahmedabad,1,20,576.42,576.42
T0003052,2025-06-21,C00157,P0024,Kolkata,4,15,216.2,864.8
T0003053,2025-07-12,C00503,P0025,Ahmedabad,3,0,185.23,555.69
T0003054,2026-07-07,C00878,P0027,Hyderabad,2,10,538.74,1077.48
T0003055,2025-08-03,C00543,P0028,Mumbai,1,15,529.67,529.67
T0003056,2025-03-02,C00287,P0099,Delhi,1,0,306.5,306.5
T0003057,2026-06-19,C00262,P0017,Delhi,1,0,311.3,311.3
T0003058,2026-09-22,C00079,P0079,Bengaluru,3,20,328.66,985.98
T0003059,2026-07-09,C00066,P0014,Bengaluru,3,10,834.21,2502.63
T0003060,2026-05-02,C00004,P0085,Bengaluru,3,15,498.18,1494.54
T0003061,2025-09-27,C00345,P0085,Bengaluru,2,5,556.79,1113.58
T0003062,2025-08-26,C00587,P0013,Hyderabad,1,5,553.56,553.56
T0003063,2026-02-03,C00153,P0100,Kolkata,2,10,447.23,894.46
T0003064,2025-12-11,C00032,P0043,Mumbai,1,0,288.97,288.97
T0003065,2025-09-30,C00082,P0010,Hyderabad,2,10,985.2,1970.4
T0003066,2025-12-07,C00669,P0058,Bengaluru,1,0,824.2,824.2
T0003067,2025-03-02,C00299,P0069,Delhi,2,5,117.83,235.66
T0003068,2025-11-29,C00988,P0060,Delhi,3,25,246.93,740.79
T0003069,2026-04-19,C00866,P0014,Chennai,1,0,926.9,926.9
T0003070,2026-01-15,C00394,P0099,Ahmedabad,1,25,229.88,229.88
T0003071,2026-07-02,C00021,P0089,Kolkata,1,20,168.13,168.13
T0003072,2025-05-06,C00250,P0044,Ahmedabad,1,25,299.31,299.31
T0003073,2025-02-13,C00204,P0013,Delhi,2,10,524.42,1048.84
T0003074,2025-01-30,C00734,P0094,Hyderabad,1,5,1005.3,1005.3
T0003075,2025-09-05,C00794,P0025,Ahmedabad,1,0,185.23,185.23
T0003076,2026-09-26,C00696,P0011,Kolkata,1,15,324.27,324.27
T0003077,2025-05-03,C00737,P0086,Ahmedabad,1,15,351.57,351.57
T0003078,2026-05-26,C00294,P0043,Chennai,1,15,245.62,245.62
T0003079,2026-09-23,C00927,P0017,Kolkata,1,20,249.04,249.04
T0003080,2026-03-13,C00121,P0047,Kolkata,1,0,720.52,720.52
T0003081,2025-09-21,C00341,P0023,Mumbai,4,0,449.99,1799.96
T0003082,2025-08-06,C00210,P0093,Kolkata,1,10,510.61,510.61
T0003083,2025-10-20,C00751,P0068,Chennai,1,15,292.32,292.32
T0003084,2025-06-05,C00092,P0083,Delhi,1,20,3723.38,3723.38
T0003085,2025-06-05,C00293,P0024,Bengaluru,1,5,241.63,241.63
T0003086,2025-08-12,C00143,P0010,Kolkata,1,0,1094.67,1094.67
T0003087,2025-10-24,C00668,P0054,Pune,1,20,233.04,233.04
T0003088,2026-05-20,C00323,P0097,Ahmedabad,2,10,1716.2,3432.4
T0003089,2025-12-08,C00503,P0004,Ahmedabad,1,15,476.76,476.76
T0003090,2026-05-02,C00882,P0013,Delhi,1,0,582.69,582.69
T0003091,2025-10-25,C00765,P0082,Delhi,2,0,352.74,705.48
T0003092,2025-04-28,C00052,P0094,Chennai,1,0,1058.21,1058.21
T0003093,2025-05-07,C00923,P0032,Bengaluru,1,0,948.64,948.64
T0003094,2025-10-02,C00293,P0029,Bengaluru,1,10,376.01,376.01
T0003095,2025-06-06,C00863,P0080,Mumbai,1,15,278.47,278.47
T0003096,2025-01-16,C00572,P0081,Pune,1,20,1755.74,1755.74
T0003097,2026-02-26,C00926,P0009,Ahmedabad,1,0,121.01,121.01
T0003098,2025-11-28,C00307,P0073,Mumbai,1,15,244.04,244.04
T0003099,2026-02-10,C00115,P0073,Delhi,1,0,287.1,287.1
T0003100,2025-09-27,C00817,P0092,Hyderabad,1,0,337.81,337.81
T0003101,2025-09-23,C00832,P0057,Bengaluru,4,15,363.46,1453.84
T0003102,2025-08-06,C00075,P0045,Ahmedabad,1,5,154.18,154.18
T0003103,2025-11-09,C00486,P0073,Ahmedabad,2,5,272.74,545.48
T0003104,2025-11-10,C00407,P0052,Pune,2,20,205.06,410.12
T0003105,2026-03-27,C00549,P0091,Kolkata,1,0,279.87,279.87
T0003106,2025-04-13,C00471,P0055,Kolkata,1,0,3390.4,3390.4
T0003107,2025-03-10,C00328,P0062,Pune,1,15,1124.18,1124.18
T0003108,2025-01-15,C00993,P0085,Pune,2,10,527.49,1054.98
T0003109,2025-10-12,C00106,P0070,Hyderabad,2,10,606.36,1212.72
T0003110,2026-07-10,C00550,P0024,Chennai,1,0,254.35,254.35
T0003111,2025-05-22,C00969,P0070,Bengaluru,1,10,606.36,606.36
T0003112,2025-02-25,C00768,P0042,Delhi,1,20,611.13,611.13
T0003113,2026-04-12,C00293,P0078,Bengaluru,4,15,307.37,1229.48
T0003114,2025-01-22,C00846,P0041,Delhi,1,5,884.1,884.1
T0003115,2025-01-14,C00578,P0018,Ahmedabad,1,0,767.23,767.23
T0003116,2026-02-07,C00519,P0086,Chennai,1,0,413.61,413.61
T0003117,2026-03-13,C00513,P0061,Chennai,1,0,223.9,223.9
T0003118,2026-07-15,C00985,P0035,Hyderabad,1,25,275.25,275.25
T0003119,2025-11-25,C00880,P0064,Hyderabad,1,0,693.68,693.68
T0003120,2025-03-04,C00209,P0038,Kolkata,2,0,562.66,1125.32
T0003121,2025-11-14,C00796,P0008,Pune,2,0,184.43,368.86
T0003122,2026-02-18,C00708,P0061,Ahmedabad,1,10,201.51,201.51
T0003123,2025-12-19,C00380,P0091,Mumbai,1,5,265.88,265.88
T0003124,2025-07-17,C00039,P0066,Delhi,1,0,998.6,998.6
T0003125,2026-07-08,C00276,P0083,Kolkata,1,5,4421.52,4421.52
T0003126,2026-02-01,C00701,P0022,Chennai,1,15,401.54,401.54
T0003127,2026-07-08,C00566,P0026,Chennai,1,0,571.26,571.26
T0003128,2026-09-29,C00605,P0017,Delhi,2,15,264.6,529.2
T0003129,2026-07-01,C00428,P0081,Chennai,1,5,2084.94,2084.94
T0003130,2026-06-01,C00940,P0012,Pune,1,15,188.85,188.85
T0003131,2025-08-11,C00960,P0047,Delhi,1,5,684.49,684.49
T0003132,2025-12-07,C00861,P0076,Pune,1,10,353.92,353.92
T0003133,2026-01-16,C00461,P0046,Bengaluru,2,5,540.53,1081.06
T0003134,2025-11-12,C00617,P0025,Kolkata,2,0,185.23,370.46
T0003135,2025-02-02,C00822,P0072,Chennai,2,0,298.01,596.02
T0003136,2025-12-15,C00662,P0008,Bengaluru,1,5,175.21,175.21
T0003137,2025-03-20,C00743,P0073,Bengaluru,1,10,258.39,258.39
T0003138,2026-05-28,C00757,P0079,Mumbai,3,15,349.2,1047.6
T0003139,2025-01-07,C00020,P0056,Kolkata,1,5,507.22,507.22
T0003140,2026-09-19,C00852,P0010,Delhi,1,10,985.2,985.2
T0003141,2025-01-25,C00901,P0060,Bengaluru,1,0,329.24,329.24
T0003142,2025-02-24,C00721,P0072,Ahmedabad,2,0,298.01,596.02
T0003143,2025-09-20,C00471,P0011,Kolkata,1,5,362.42,362.42
T0003144,2025-05-09,C00076,P0046,Pune,1,10,512.08,512.08
T0003145,2025-05-29,C00638,P0011,Pune,2,5,362.42,724.84
T0003146,2025-10-08,C00269,P0025,Hyderabad,2,15,157.45,314.9
T0003147,2025-07-22,C00407,P0057,Pune,3,25,320.7,962.1
T0003148,2025-12-28,C00612,P0032,Kolkata,3,5,901.21,2703.63
T0003149,2025-10-31,C00662,P0008,Bengaluru,1,0,184.43,184.43
T0003150,2025-05-14,C00787,P0086,Hyderabad,1,0,413.61,413.61
T0003151,2025-11-15,C00960,P0025,Delhi,1,10,166.71,166.71
T0003152,2025-03-30,C00157,P0073,Kolkata,2,0,287.1,574.2
T0003153,2025-05-31,C00895,P0019,Mumbai,1,0,173.97,173.97
T0003154,2026-06-23,C00593,P0065,Delhi,1,0,1269.31,1269.31
T0003155,2026-07-28,C00701,P0023,Chennai,1,10,404.99,404.99
T0003156,2025-05-10,C00066,P0047,Bengaluru,1,0,720.52,720.52
T0003157,2025-07-21,C00985,P0098,Hyderabad,2,5,1001.21,2002.42
T0003158,2026-03-15,C00237,P0052,Chennai,1,0,256.33,256.33
T0003159,2026-08-08,C00289,P0074,Hyderabad,2,0,461.41,922.82
T0003160,2026-09-30,C00422,P0051,Kolkata,1,0,836.11,836.11
T0003161,2026-05-26,C00723,P0045,Kolkata,4,10,146.06,584.24
T0003162,2025-04-03,C00596,P0093,Pune,1,5,538.97,538.97
T0003163,2026-04-30,C00492,P0083,Pune,2,15,3956.1,7912.2
T0003164,2025-04-04,C00989,P0093,Pune,1,10,510.61,510.61
T0003165,2025-05-12,C00181,P0018,Mumbai,1,0,767.23,767.23
T0003166,2025-02-21,C00584,P0097,Hyderabad,2,20,1525.51,3051.02
T0003167,2025-02-13,C00290,P0079,Kolkata,1,10,369.74,369.74
T0003168,2026-06-10,C00882,P0056,Delhi,3,5,507.22,1521.66
T0003169,2025-09-25,C00690,P0072,Delhi,1,5,283.11,283.11
T0003170,2025-09-16,C00883,P0070,Chennai,2,15,572.67,1145.34
T0003171,2026-09-17,C00509,P0093,Chennai,1,10,510.61,510.61
T0003172,2025-09-25,C00110,P0086,Mumbai,4,15,351.57,1406.28
T0003173,2025-04-14,C00032,P0093,Mumbai,1,0,567.34,567.34
T0003174,2026-08-20,C00236,P0095,Mumbai,3,5,329.34,988.02
T0003175,2026-02-03,C00035,P0058,Ahmedabad,1,25,618.15,618.15
T0003176,2026-09-09,C00597,P0024,Pune,1,0,254.35,254.35
T0003177,2025-08-19,C00861,P0076,Pune,1,5,373.58,373.58
T0003178,2025-12-22,C00203,P0081,Mumbai,1,0,2194.67,2194.67
T0003179,2026-09-13,C00401,P0002,Hyderabad,1,0,324.99,324.99
T0003180,2025-08-08,C00931,P0080,Kolkata,2,5,311.23,622.46
T0003181,2026-01-17,C00082,P0010,Hyderabad,2,10,985.2,1970.4
T0003182,2025-02-01,C00912,P0029,Hyderabad,2,5,396.9,793.8
T0003183,2025-07-25,C00945,P0010,Pune,1,0,1094.67,1094.67
T0003184,2025-02-18,C00247,P0021,Chennai,4,0,628.54,2514.16
T0003185,2026-04-08,C00911,P0038,Kolkata,3,5,534.53,1603.59
T0003186,2025-07-09,C00509,P0043,Chennai,1,5,274.52,274.52
T0003187,2026-01-01,C00188,P0058,Pune,1,15,700.57,700.57
T0003188,2026-09-18,C00157,P0097,Kolkata,1,20,1525.51,1525.51
T0003189,2025-10-16,C00518,P0048,Mumbai,3,5,584.76,1754.28
T0003190,2026-02-04,C00205,P0021,Ahmedabad,1,20,502.83,502.83
T0003191,2026-02-25,C00449,P0059,Delhi,3,10,231.5,694.5
T0003192,2025-11-18,C00049,P0072,Kolkata,1,5,283.11,283.11
T0003193,2025-10-11,C00231,P0052,Mumbai,2,25,192.25,384.5
T0003194,2025-08-04,C00486,P0020,Ahmedabad,1,0,1079.62,1079.62
T0003195,2026-09-10,C00097,P0082,Pune,1,25,264.56,264.56
T0003196,2026-05-16,C00397,P0068,Hyderabad,2,0,343.9,687.8
T0003197,2025-06-09,C00907,P0051,Kolkata,1,15,710.69,710.69
T0003198,2026-07-26,C00743,P0085,Bengaluru,1,0,586.1,586.1
T0003199,2026-04-10,C00043,P0011,Bengaluru,1,0,381.49,381.49
T0003200,2025-06-16,C00163,P0093,Delhi,2,15,482.24,964.48
T0003201,2026-03-18,C00148,P0074,Chennai,1,5,438.34,438.34
T0003202,2025-07-30,C00950,P0069,Mumbai,1,5,117.83,117.83
T0003203,2025-03-07,C00830,P0070,Kolkata,1,15,572.67,572.67
T0003204,2026-04-21,C00405,P0016,Ahmedabad,1,5,1005.26,1005.26
T0003205,2026-07-23,C00468,P0023,Mumbai,2,25,337.49,674.98
T0003206,2025-08-30,C00131,P0025,Pune,1,10,166.71,166.71
T0003207,2026-02-12,C00720,P0070,Mumbai,1,5,640.04,640.04
T0003208,2026-05-10,C00175,P0076,Kolkata,1,5,373.58,373.58
T0003209,2025-09-16,C00815,P0080,Bengaluru,1,0,327.61,327.61
T0003210,2025-12-22,C00358,P0041,Pune,2,25,697.97,1395.94
T0003211,2025-03-11,C00538,P0023,Mumbai,1,10,404.99,404.99
T0003212,2026-09-29,C00954,P0011,Hyderabad,1,0,381.49,381.49
T0003213,2026-02-28,C00926,P0009,Ahmedabad,1,15,102.86,102.86
T0003214,2025-12-27,C00748,P0046,Pune,1,5,540.53,540.53
T0003215,2025-03-30,C00763,P0080,Kolkata,1,0,327.61,327.61
T0003216,2026-04-15,C00202,P0072,Chennai,1,10,268.21,268.21
T0003217,2026-01-21,C00380,P0011,Mumbai,1,0,381.49,381.49
T0003218,2025-09-08,C00978,P0058,Pune,2,15,700.57,1401.14
T0003219,2025-12-16,C00944,P0068,Mumbai,3,0,343.9,1031.7
T0003220,2025-07-23,C00967,P0009,Ahmedabad,1,20,96.81,96.81
T0003221,2025-12-28,C00768,P0021,Delhi,1,15,534.26,534.26
T0003222,2025-09-11,C00361,P0055,Mumbai,1,5,3220.88,3220.88
T0003223,2025-08-13,C00492,P0053,Pune,1,0,191.66,191.66
T0003224,2025-12-08,C00469,P0039,Delhi,4,0,715.73,2862.92
T0003225,2026-08-15,C00233,P0048,Delhi,2,10,553.99,1107.98
T0003226,2026-08-19,C00013,P0014,Bengaluru,2,0,926.9,1853.8
T0003227,2026-07-09,C00598,P0095,Hyderabad,1,5,329.34,329.34
T0003228,2026-06-20,C00407,P0079,Pune,1,0,410.82,410.82
T0003229,2025-01-08,C00357,P0066,Delhi,2,10,898.74,1797.48
T0003230,2025-09-15,C00472,P0013,Chennai,3,20,466.15,1398.45
T0003231,2025-11-24,C00474,P0027,Delhi,3,15,508.81,1526.43
T0003232,2025-05-17,C00110,P0027,Mumbai,3,15,508.81,1526.43
T0003233,2026-04-08,C00910,P0093,Ahmedabad,1,0,567.34,567.34
T0003234,2025-09-03,C00868,P0015,Delhi,1,15,2187.71,2187.71
T0003235,2025-02-19,C00110,P0032,Mumbai,1,5,901.21,901.21
T0003236,2026-04-25,C00816,P0016,Chennai,1,0,1058.17,1058.17
T0003237,2025-06-04,C00111,P0007,Kolkata,2,5,497.99,995.98
T0003238,2026-07-23,C00651,P0039,Bengaluru,4,0,715.73,2862.92
T0003239,2026-03-28,C00898,P0048,Mumbai,1,0,615.54,615.54
T0003240,2026-01-24,C00344,P0040,Chennai,3,5,694.9,2084.7
T0003241,2025-04-19,C00792,P0093,Kolkata,1,0,567.34,567.34
T0003242,2026-05-23,C00135,P0051,Mumbai,3,10,752.5,2257.5
T0003243,2025-01-13,C00629,P0067,Chennai,1,20,389.06,389.06
T0003244,2026-01-22,C00554,P0019,Kolkata,3,10,156.57,469.71
T0003245,2025-08-13,C00648,P0068,Ahmedabad,1,0,343.9,343.9
T0003246,2025-08-01,C00653,P0034,Hyderabad,2,5,267.08,534.16
T0003247,2026-06-22,C00663,P0003,Hyderabad,1,15,303.16,303.16
T0003248,2025-01-21,C00527,P0068,Bengaluru,1,15,292.32,292.32
T0003249,2025-07-24,C00745,P0063,Kolkata,1,20,113.31,113.31
T0003250,2025-06-01,C00298,P0031,Ahmedabad,1,0,232.11,232.11
T0003251,2025-09-06,C00013,P0087,Bengaluru,1,0,341.41,341.41
T0003252,2026-04-18,C00121,P0014,Kolkata,1,5,880.56,880.56
T0003253,2025-01-24,C00158,P0056,Delhi,1,0,533.92,533.92
T0003254,2025-05-08,C00742,P0054,Chennai,1,5,276.74,276.74
T0003255,2025-06-06,C00094,P0093,Bengaluru,1,0,567.34,567.34
T0003256,2026-03-01,C00052,P0038,Chennai,1,5,534.53,534.53
T0003257,2025-04-26,C00080,P0040,Bengaluru,2,20,585.18,1170.36
T0003258,2026-09-30,C00529,P0091,Bengaluru,1,15,237.89,237.89
T0003259,2026-03-07,C00812,P0036,Hyderabad,1,0,471.39,471.39
T0003260,2025-09-27,C00559,P0030,Chennai,1,0,386.5,386.5
T0003261,2026-04-10,C00709,P0044,Hyderabad,1,20,319.26,319.26
T0003262,2025-02-27,C00468,P0003,Mumbai,1,15,303.16,303.16
T0003263,2025-02-21,C00126,P0054,Bengaluru,2,0,291.3,582.6
T0003264,2025-11-19,C00735,P0068,Mumbai,2,0,343.9,687.8
T0003265,2025-01-05,C00573,P0004,Chennai,1,25,420.67,420.67
T0003266,2026-05-12,C00357,P0064,Delhi,1,0,693.68,693.68
T0003267,2025-07-17,C00702,P0044,Ahmedabad,2,10,359.17,718.34
T0003268,2025-02-26,C00781,P0082,Ahmedabad,1,15,299.83,299.83
T0003269,2026-04-11,C00832,P0096,Bengaluru,2,10,874.49,1748.98
T0003270,2025-10-28,C00653,P0078,Hyderabad,1,10,325.45,325.45
T0003271,2025-05-09,C00620,P0072,Ahmedabad,2,0,298.01,596.02
T0003272,2026-08-08,C00713,P0055,Mumbai,2,5,3220.88,6441.76
T0003273,2026-01-19,C00419,P0048,Bengaluru,2,5,584.76,1169.52
T0003274,2025-01-26,C00885,P0093,Kolkata,2,5,538.97,1077.94
T0003275,2025-09-24,C00810,P0055,Delhi,1,0,3390.4,3390.4
T0003276,2026-06-14,C00794,P0014,Ahmedabad,1,10,834.21,834.21
T0003277,2026-08-02,C00369,P0024,Delhi,3,5,241.63,724.89
T0003278,2026-02-14,C00767,P0036,Pune,1,10,424.25,424.25
T0003279,2025-07-08,C00833,P0004,Bengaluru,1,15,476.76,476.76
T0003280,2025-06-22,C00277,P0043,Ahmedabad,4,0,288.97,1155.88
T0003281,2025-08-13,C00918,P0078,Mumbai,1,0,361.61,361.61
T0003282,2025-05-14,C00684,P0014,Ahmedabad,1,10,834.21,834.21
T0003283,2026-04-04,C00037,P0094,Pune,1,15,899.48,899.48
T0003284,2025-11-29,C00699,P0027,Ahmedabad,2,0,598.6,1197.2
T0003285,2025-09-30,C00673,P0043,Kolkata,4,25,216.73,866.92
T0003286,2026-09-02,C00379,P0068,Delhi,1,5,326.7,326.7
T0003287,2026-07-23,C00091,P0074,Bengaluru,1,0,461.41,461.41
T0003288,2025-03-26,C00619,P0068,Kolkata,1,0,343.9,343.9
T0003289,2026-01-12,C00592,P0076,Kolkata,3,20,314.59,943.77
T0003290,2026-02-10,C00341,P0003,Mumbai,1,0,356.66,356.66
T0003291,2025-08-13,C00082,P0044,Hyderabad,4,0,399.08,1596.32
T0003292,2026-03-14,C00777,P0068,Delhi,3,0,343.9,1031.7
T0003293,2025-12-08,C00272,P0062,Chennai,1,20,1058.06,1058.06
T0003294,2025-10-01,C00929,P0091,Delhi,1,0,279.87,279.87
T0003295,2026-09-30,C00959,P0079,Hyderabad,2,15,349.2,698.4
T0003296,2025-02-26,C00211,P0094,Bengaluru,1,0,1058.21,1058.21
T0003297,2025-02-02,C00075,P0037,Ahmedabad,1,10,263.85,263.85
T0003298,2025-12-08,C00515,P0090,Kolkata,1,0,280.72,280.72
T0003299,2025-11-17,C00048,P0093,Ahmedabad,1,5,538.97,538.97
T0003300,2026-08-05,C00794,P0070,Ahmedabad,4,10,606.36,2425.44
T0003301,2025-12-17,C00483,P0056,Hyderabad,1,0,533.92,533.92
T0003302,2026-03-12,C00846,P0044,Delhi,1,10,359.17,359.17
T0003303,2025-04-24,C00450,P0060,Pune,1,15,279.85,279.85
T0003304,2025-11-06,C00746,P0050,Hyderabad,1,25,849.77,849.77
T0003305,2025-04-25,C00895,P0075,Mumbai,2,0,169.09,338.18
T0003306,2025-11-24,C00397,P0093,Hyderabad,1,5,538.97,538.97
T0003307,2025-03-23,C00341,P0098,Mumbai,1,0,1053.91,1053.91
T0003308,2026-09-10,C00832,P0050,Bengaluru,3,10,1019.73,3059.19
T0003309,2026-05-19,C00832,P0069,Bengaluru,1,0,124.03,124.03
T0003310,2025-11-02,C00447,P0057,Chennai,1,0,427.6,427.6
T0003311,2026-05-16,C00148,P0002,Chennai,2,10,292.49,584.98
T0003312,2026-06-02,C00319,P0008,Pune,2,0,184.43,368.86
T0003313,2025-04-09,C00391,P0060,Kolkata,2,25,246.93,493.86
T0003314,2026-07-01,C00148,P0069,Chennai,1,5,117.83,117.83
T0003315,2025-02-09,C00303,P0040,Kolkata,1,0,731.47,731.47
T0003316,2025-04-06,C00639,P0061,Mumbai,1,10,201.51,201.51
T0003317,2025-05-13,C00279,P0093,Hyderabad,1,0,567.34,567.34
T0003318,2025-02-15,C00168,P0013,Mumbai,2,25,437.02,874.04
T0003319,2026-06-17,C00346,P0084,Delhi,1,0,530.34,530.34
T0003320,2026-09-20,C00090,P0054,Chennai,4,15,247.6,990.4
T0003321,2026-08-06,C00394,P0021,Ahmedabad,1,0,628.54,628.54
T0003322,2026-03-17,C00245,P0067,Pune,2,10,437.69,875.38
T0003323,2026-08-06,C00474,P0073,Delhi,2,0,287.1,574.2
T0003324,2025-12-30,C00707,P0055,Chennai,1,0,3390.4,3390.4
T0003325,2025-04-17,C00914,P0080,Pune,1,10,294.85,294.85
T0003326,2026-06-12,C00740,P0098,Delhi,1,5,1001.21,1001.21
T0003327,2026-02-06,C00320,P0019,Mumbai,1,10,156.57,156.57
T0003328,2026-01-16,C00987,P0077,Bengaluru,1,5,1513.44,1513.44
T0003329,2025-05-16,C00209,P0038,Kolkata,1,5,534.53,534.53
T0003330,2026-04-04,C00158,P0070,Delhi,2,0,673.73,1347.46
T0003331,2026-05-27,C00167,P0006,Mumbai,2,10,303.58,607.16
T0003332,2026-09-17,C00087,P0008,Mumbai,2,0,184.43,368.86
T0003333,2025-11-30,C00790,P0018,Mumbai,1,10,690.51,690.51
T0003334,2026-01-23,C00475,P0066,Ahmedabad,1,10,898.74,898.74
T0003335,2026-09-15,C00873,P0016,Mumbai,3,0,1058.17,3174.51
T0003336,2025-10-14,C00912,P0085,Hyderabad,2,20,468.88,937.76
T0003337,2025-08-09,C00945,P0094,Pune,2,20,846.57,1693.14
T0003338,2026-01-02,C00156,P0090,Ahmedabad,1,5,266.68,266.68
T0003339,2026-09-03,C00114,P0047,Pune,1,15,612.44,612.44
T0003340,2025-01-20,C00858,P0007,Bengaluru,1,10,471.78,471.78
T0003341,2025-10-19,C00204,P0036,Delhi,1,20,377.11,377.11
T0003342,2026-08-27,C00174,P0094,Hyderabad,2,10,952.39,1904.78
T0003343,2025-07-24,C00582,P0020,Ahmedabad,1,0,1079.62,1079.62
T0003344,2025-01-31,C00488,P0093,Pune,4,10,510.61,2042.44
T0003345,2025-12-01,C00869,P0037,Chennai,1,20,234.54,234.54
T0003346,2025-02-03,C00839,P0015,Hyderabad,1,10,2316.4,2316.4
T0003347,2025-04-30,C00212,P0058,Pune,1,0,824.2,824.2
T0003348,2025-11-05,C00682,P0021,Hyderabad,1,0,628.54,628.54
T0003349,2026-09-15,C00570,P0036,Pune,1,0,471.39,471.39
T0003350,2025-01-26,C00664,P0057,Kolkata,2,0,427.6,855.2
T0003351,2026-01-15,C00669,P0081,Bengaluru,1,25,1646.0,1646.0
T0003352,2025-01-13,C00261,P0099,Pune,1,5,291.18,291.18
T0003353,2026-06-30,C00921,P0068,Pune,1,0,343.9,343.9
T0003354,2025-05-09,C00140,P0016,Ahmedabad,2,10,952.35,1904.7
T0003355,2025-09-05,C00316,P0016,Kolkata,2,5,1005.26,2010.52
T0003356,2026-05-24,C00111,P0096,Kolkata,1,5,923.08,923.08
T0003357,2025-07-10,C00505,P0047,Bengaluru,1,15,612.44,612.44
T0003358,2025-05-19,C00163,P0043,Delhi,1,0,288.97,288.97
T0003359,2026-08-19,C00618,P0021,Pune,1,5,597.11,597.11
T0003360,2025-08-19,C00224,P0088,Bengaluru,1,15,175.02,175.02
T0003361,2026-05-06,C00141,P0077,Bengaluru,1,5,1513.44,1513.44
T0003362,2025-09-18,C00205,P0037,Ahmedabad,1,10,263.85,263.85
T0003363,2025-11-14,C00480,P0068,Kolkata,1,10,309.51,309.51
T0003364,2025-12-05,C00385,P0069,Ahmedabad,2,0,124.03,248.06
T0003365,2025-09-02,C00704,P0014,Mumbai,1,0,926.9,926.9
T0003366,2026-01-15,C00842,P0092,Ahmedabad,4,5,320.92,1283.68
T0003367,2026-06-14,C00163,P0068,Delhi,1,15,292.32,292.32
T0003368,2025-12-13,C00034,P0081,Hyderabad,3,15,1865.47,5596.41
T0003369,2025-09-02,C00706,P0021,Mumbai,2,5,597.11,1194.22
T0003370,2025-07-16,C00678,P0030,Pune,1,5,367.17,367.17
T0003371,2025-04-14,C00910,P0093,Ahmedabad,1,10,510.61,510.61
T0003372,2025-08-30,C00931,P0058,Kolkata,2,15,700.57,1401.14
T0003373,2026-05-01,C00280,P0093,Chennai,2,10,510.61,1021.22
T0003374,2025-03-04,C00314,P0008,Kolkata,2,0,184.43,368.86
T0003375,2026-06-23,C00272,P0037,Chennai,2,0,293.17,586.34
T0003376,2026-02-20,C00959,P0084,Hyderabad,3,0,530.34,1591.02
T0003377,2026-03-19,C00905,P0087,Pune,1,10,307.27,307.27
T0003378,2026-08-03,C00560,P0079,Bengaluru,1,0,410.82,410.82
T0003379,2026-09-24,C00313,P0067,Delhi,1,10,437.69,437.69
T0003380,2025-02-23,C00399,P0004,Delhi,1,0,560.89,560.89
T0003381,2025-10-19,C00145,P0068,Hyderabad,1,10,309.51,309.51
T0003382,2026-06-14,C00236,P0095,Mumbai,1,0,346.67,346.67
T0003383,2026-08-02,C00550,P0024,Chennai,1,0,254.35,254.35
T0003384,2025-05-05,C00191,P0040,Mumbai,2,15,621.75,1243.5
T0003385,2025-06-22,C00608,P0065,Hyderabad,1,0,1269.31,1269.31
T0003386,2025-12-24,C00887,P0033,Kolkata,4,25,207.41,829.64
T0003387,2025-11-15,C00386,P0043,Hyderabad,1,5,274.52,274.52
T0003388,2026-07-01,C00261,P0054,Pune,1,20,233.04,233.04
T0003389,2025-02-01,C00823,P0018,Bengaluru,2,15,652.15,1304.3
T0003390,2026-08-14,C00231,P0084,Mumbai,1,5,503.82,503.82
T0003391,2025-02-25,C00508,P0076,Ahmedabad,1,15,334.25,334.25
T0003392,2025-10-05,C00649,P0070,Hyderabad,2,10,606.36,1212.72
T0003393,2025-08-04,C00544,P0026,Pune,1,25,428.44,428.44
T0003394,2025-06-03,C00014,P0019,Kolkata,1,5,165.27,165.27
T0003395,2026-07-25,C00438,P0095,Chennai,1,5,329.34,329.34
T0003396,2026-05-17,C00755,P0060,Hyderabad,1,0,329.24,329.24
T0003397,2026-08-07,C00062,P0022,Hyderabad,1,5,448.78,448.78
T0003398,2025-03-24,C00988,P0096,Delhi,1,15,825.91,825.91
T0003399,2026-08-05,C00434,P0004,Chennai,2,15,476.76,953.52
T0003400,2025-11-16,C00583,P0046,Mumbai,1,10,512.08,512.08
T0003401,2025-01-16,C00220,P0034,Ahmedabad,1,0,281.14,281.14
T0003402,2026-07-27,C00409,P0073,Ahmedabad,2,20,229.68,459.36
T0003403,2026-08-11,C00497,P0049,Kolkata,1,10,123.27,123.27
T0003404,2025-08-23,C00783,P0043,Mumbai,1,0,288.97,288.97
T0003405,2025-08-01,C00760,P0043,Mumbai,1,10,260.07,260.07
T0003406,2026-09-29,C00925,P0099,Ahmedabad,1,10,275.85,275.85
T0003407,2026-04-18,C00312,P0091,Delhi,1,20,223.9,223.9
T0003408,2025-07-15,C00865,P0061,Chennai,1,15,190.32,190.32
T0003409,2026-08-13,C00201,P0079,Kolkata,1,0,410.82,410.82
T0003410,2026-01-08,C00214,P0054,Bengaluru,1,5,276.74,276.74
T0003411,2026-01-29,C00649,P0014,Hyderabad,1,0,926.9,926.9
T0003412,2026-02-28,C00981,P0093,Bengaluru,2,0,567.34,1134.68
T0003413,2025-05-28,C00118,P0070,Mumbai,1,10,606.36,606.36
T0003414,2025-07-12,C00866,P0036,Chennai,1,10,424.25,424.25
T0003415,2026-06-20,C00723,P0059,Kolkata,1,0,257.22,257.22
T0003416,2025-02-22,C00535,P0040,Pune,1,0,731.47,731.47
T0003417,2026-08-27,C00651,P0053,Bengaluru,1,10,172.49,172.49
T0003418,2025-10-10,C00535,P0087,Pune,1,15,290.2,290.2
T0003419,2025-10-27,C00533,P0001,Hyderabad,2,10,658.44,1316.88
T0003420,2026-01-20,C00640,P0013,Ahmedabad,1,0,582.69,582.69
T0003421,2025-10-01,C00637,P0020,Pune,1,10,971.66,971.66
T0003422,2025-01-17,C00482,P0042,Mumbai,1,15,649.32,649.32
T0003423,2026-08-01,C00718,P0062,Delhi,1,5,1256.44,1256.44
T0003424,2025-11-24,C00631,P0058,Kolkata,2,0,824.2,1648.4
T0003425,2026-06-28,C00967,P0066,Ahmedabad,2,0,998.6,1997.2
T0003426,2026-07-03,C00851,P0081,Mumbai,1,10,1975.2,1975.2
T0003427,2025-05-08,C00979,P0008,Chennai,1,20,147.54,147.54
T0003428,2026-07-10,C00359,P0073,Kolkata,2,10,258.39,516.78
T0003429,2025-11-05,C00724,P0095,Chennai,2,15,294.67,589.34
T0003430,2025-05-14,C00530,P0083,Pune,2,5,4421.52,8843.04
T0003431,2026-03-28,C00614,P0032,Pune,4,20,758.91,3035.64
T0003432,2025-11-20,C00998,P0026,Mumbai,2,20,457.01,914.02
T0003433,2025-07-08,C00921,P0093,Pune,1,5,538.97,538.97
T0003434,2025-06-30,C00309,P0059,Chennai,1,0,257.22,257.22
T0003435,2026-07-13,C00021,P0021,Kolkata,1,10,565.69,565.69
T0003436,2026-01-11,C00194,P0089,Chennai,1,5,199.65,199.65
T0003437,2026-07-07,C00472,P0047,Chennai,1,20,576.42,576.42
T0003438,2026-07-19,C00424,P0011,Pune,1,0,381.49,381.49
T0003439,2026-07-25,C00125,P0081,Pune,1,0,2194.67,2194.67
T0003440,2026-01-30,C00952,P0059,Kolkata,2,0,257.22,514.44
T0003441,2025-11-11,C00755,P0060,Hyderabad,1,25,246.93,246.93
T0003442,2026-03-05,C00285,P0092,Chennai,1,0,337.81,337.81
T0003443,2025-09-01,C00365,P0025,Ahmedabad,1,5,175.97,175.97
T0003444,2025-11-05,C00313,P0011,Delhi,1,10,343.34,343.34
T0003445,2026-04-01,C00764,P0055,Kolkata,2,0,3390.4,6780.8
T0003446,2025-09-19,C00512,P0052,Bengaluru,2,15,217.88,435.76
T0003447,2026-08-31,C00749,P0007,Hyderabad,1,25,393.15,393.15
T0003448,2025-01-13,C00910,P0093,Ahmedabad,1,5,538.97,538.97
T0003449,2025-07-21,C00889,P0006,Hyderabad,3,0,337.31,1011.93
T0003450,2026-01-08,C00416,P0090,Bengaluru,1,0,280.72,280.72
T0003451,2026-03-07,C00378,P0003,Chennai,1,0,356.66,356.66
T0003452,2025-08-28,C00690,P0064,Delhi,1,15,589.63,589.63
T0003453,2025-09-26,C00348,P0036,Mumbai,1,15,400.68,400.68
T0003454,2025-06-10,C00313,P0031,Delhi,1,10,208.9,208.9
T0003455,2025-02-26,C00667,P0013,Hyderabad,2,0,582.69,1165.38
T0003456,2026-02-25,C00400,P0071,Pune,1,15,1362.02,1362.02
T0003457,2026-05-04,C00127,P0082,Pune,1,0,352.74,352.74
T0003458,2026-03-19,C00997,P0068,Ahmedabad,1,0,343.9,343.9
T0003459,2026-09-21,C00099,P0068,Hyderabad,1,0,343.9,343.9
T0003460,2026-02-11,C00472,P0018,Chennai,1,0,767.23,767.23
T0003461,2026-08-24,C00232,P0058,Delhi,1,10,741.78,741.78
T0003462,2026-03-29,C00607,P0052,Hyderabad,1,15,217.88,217.88
T0003463,2025-08-10,C00885,P0093,Kolkata,1,20,453.87,453.87
T0003464,2025-01-19,C00466,P0049,Mumbai,1,10,123.27,123.27
T0003465,2026-06-12,C00522,P0047,Pune,3,10,648.47,1945.41
T0003466,2026-05-24,C00080,P0018,Bengaluru,1,5,728.87,728.87
T0003467,2026-06-26,C00301,P0012,Chennai,1,20,177.74,177.74
T0003468,2025-10-27,C00816,P0046,Chennai,1,20,455.18,455.18
T0003469,2025-01-07,C00174,P0048,Hyderabad,1,15,523.21,523.21
T0003470,2025-06-15,C00006,P0036,Hyderabad,1,20,377.11,377.11
T0003471,2025-08-08,C00428,P0011,Chennai,1,10,343.34,343.34
T0003472,2025-02-07,C00645,P0097,Ahmedabad,1,10,1716.2,1716.2
T0003473,2025-09-15,C00566,P0026,Chennai,1,15,485.57,485.57
T0003474,2025-07-22,C00617,P0056,Kolkata,3,0,533.92,1601.76
T0003475,2026-07-15,C00408,P0031,Delhi,1,0,232.11,232.11
T0003476,2026-03-07,C00368,P0086,Ahmedabad,1,5,392.93,392.93
T0003477,2025-05-31,C00280,P0093,Chennai,1,0,567.34,567.34
T0003478,2026-02-11,C00396,P0099,Hyderabad,1,0,306.5,306.5
T0003479,2025-01-09,C00287,P0066,Delhi,2,0,998.6,1997.2
T0003480,2026-02-16,C00918,P0020,Mumbai,2,10,971.66,1943.32
T0003481,2026-03-08,C00090,P0072,Chennai,1,0,298.01,298.01
T0003482,2026-04-08,C00739,P0093,Delhi,1,5,538.97,538.97
T0003483,2026-06-24,C00697,P0058,Delhi,3,0,824.2,2472.6
T0003484,2025-04-24,C00989,P0043,Pune,1,20,231.18,231.18
T0003485,2026-04-06,C00679,P0080,Ahmedabad,1,20,262.09,262.09
T0003486,2025-07-05,C00937,P0003,Mumbai,1,25,267.5,267.5
T0003487,2026-01-19,C00471,P0058,Kolkata,1,15,700.57,700.57
T0003488,2026-05-01,C00042,P0064,Chennai,2,5,659.0,1318.0
T0003489,2025-12-06,C00949,P0020,Bengaluru,2,0,1079.62,2159.24
T0003490,2025-04-02,C00491,P0094,Hyderabad,2,0,1058.21,2116.42
T0003491,2026-05-24,C00105,P0040,Ahmedabad,1,15,621.75,621.75
T0003492,2025-03-05,C00251,P0058,Hyderabad,4,10,741.78,2967.12
T0003493,2026-08-20,C00850,P0018,Delhi,1,5,728.87,728.87
T0003494,2026-09-25,C00586,P0089,Mumbai,2,0,210.16,420.32
T0003495,2025-07-19,C00555,P0031,Kolkata,1,0,232.11,232.11
T0003496,2026-06-06,C00674,P0043,Chennai,1,20,231.18,231.18
T0003497,2025-07-30,C00040,P0012,Kolkata,2,10,199.96,399.92
T0003498,2025-10-09,C00202,P0099,Chennai,1,20,245.2,245.2
T0003499,2025-09-30,C00310,P0051,Ahmedabad,1,0,836.11,836.11
T0003500,2026-07-16,C00458,P0057,Kolkata,1,10,384.84,384.84
T0003501,2026-06-10,C00331,P0081,Pune,2,0,2194.67,4389.34
T0003502,2025-09-30,C00727,P0026,Hyderabad,1,15,485.57,485.57
T0003503,2025-04-24,C00941,P0019,Bengaluru,1,0,173.97,173.97
T0003504,2025-05-13,C00532,P0015,Mumbai,1,10,2316.4,2316.4
T0003505,2025-10-01,C00920,P0091,Pune,1,10,251.88,251.88
T0003506,2025-04-18,C00934,P0002,Mumbai,2,0,324.99,649.98
T0003507,2025-04-14,C00973,P0017,Hyderabad,1,10,280.17,280.17
T0003508,2025-02-06,C00844,P0083,Pune,3,25,3490.67,10472.01
T0003509,2025-05-11,C00348,P0018,Mumbai,2,0,767.23,1534.46
T0003510,2026-06-17,C00325,P0047,Kolkata,3,0,720.52,2161.56
T0003511,2025-03-10,C00377,P0052,Chennai,1,5,243.51,243.51
T0003512,2026-07-07,C00843,P0066,Ahmedabad,1,0,998.6,998.6
T0003513,2025-01-11,C00106,P0070,Hyderabad,1,0,673.73,673.73
T0003514,2026-06-10,C00931,P0051,Kolkata,1,0,836.11,836.11
T0003515,2026-06-06,C00579,P0041,Mumbai,1,20,744.5,744.5
T0003516,2025-06-16,C00636,P0043,Delhi,1,25,216.73,216.73
T0003517,2025-09-30,C00569,P0033,Mumbai,1,0,276.55,276.55
T0003518,2025-08-31,C00879,P0057,Bengaluru,3,0,427.6,1282.8
T0003519,2025-03-17,C00620,P0072,Ahmedabad,1,15,253.31,253.31
T0003520,2025-08-06,C00927,P0017,Kolkata,1,15,264.6,264.6
T0003521,2026-07-14,C00452,P0051,Kolkata,1,0,836.11,836.11
T0003522,2026-03-20,C00312,P0081,Delhi,1,0,2194.67,2194.67
T0003523,2025-12-04,C00467,P0038,Delhi,2,5,534.53,1069.06
T0003524,2026-09-17,C00787,P0073,Hyderabad,1,5,272.74,272.74
T0003525,2025-11-16,C00739,P0043,Delhi,1,10,260.07,260.07
T0003526,2026-03-14,C00360,P0055,Chennai,1,10,3051.36,3051.36
T0003527,2026-09-07,C00610,P0046,Delhi,1,10,512.08,512.08
T0003528,2025-07-18,C00549,P0058,Kolkata,1,15,700.57,700.57
T0003529,2025-08-14,C00747,P0030,Hyderabad,1,5,367.17,367.17
T0003530,2025-06-02,C00930,P0099,Bengaluru,1,15,260.52,260.52
T0003531,2026-05-17,C00491,P0038,Hyderabad,1,15,478.26,478.26
T0003532,2025-01-23,C00666,P0089,Hyderabad,2,15,178.64,357.28
T0003533,2025-07-02,C00417,P0083,Delhi,1,0,4654.23,4654.23
T0003534,2026-01-16,C00508,P0048,Ahmedabad,1,0,615.54,615.54
T0003535,2026-01-11,C00825,P0015,Pune,1,20,2059.02,2059.02
T0003536,2025-11-09,C00525,P0028,Chennai,1,0,623.14,623.14
T0003537,2025-02-05,C00055,P0087,Mumbai,2,0,341.41,682.82
T0003538,2025-02-04,C00133,P0061,Kolkata,1,0,223.9,223.9
T0003539,2025-07-18,C00363,P0013,Mumbai,1,0,582.69,582.69
T0003540,2026-05-16,C00546,P0030,Bengaluru,2,0,386.5,773.0
T0003541,2025-11-11,C00241,P0068,Chennai,2,10,309.51,619.02
T0003542,2025-03-31,C00127,P0022,Pune,1,10,425.16,425.16
T0003543,2025-05-30,C00404,P0068,Bengaluru,1,15,292.32,292.32
T0003544,2026-05-23,C00446,P0095,Chennai,1,0,346.67,346.67
T0003545,2025-01-10,C00552,P0040,Bengaluru,2,15,621.75,1243.5
T0003546,2026-04-19,C00103,P0028,Mumbai,1,5,591.98,591.98
T0003547,2025-06-19,C00616,P0012,Chennai,1,5,211.07,211.07
T0003548,2026-06-24,C00013,P0004,Bengaluru,1,0,560.89,560.89
T0003549,2026-01-05,C00595,P0004,Pune,3,5,532.85,1598.55
T0003550,2026-05-21,C00618,P0037,Pune,1,20,234.54,234.54
T0003551,2025-05-15,C00672,P0026,Pune,2,0,571.26,1142.52
T0003552,2025-03-15,C00461,P0053,Bengaluru,1,10,172.49,172.49
T0003553,2025-05-18,C00239,P0001,Pune,1,5,695.02,695.02
T0003554,2026-09-03,C00455,P0045,Bengaluru,2,0,162.29,324.58
T0003555,2026-07-28,C00730,P0043,Chennai,2,15,245.62,491.24
T0003556,2025-11-14,C00318,P0029,Bengaluru,2,5,396.9,793.8
T0003557,2025-01-16,C00333,P0030,Hyderabad,1,0,386.5,386.5
T0003558,2026-02-23,C00073,P0068,Kolkata,2,5,326.7,653.4
T0003559,2025-11-08,C00203,P0080,Mumbai,1,5,311.23,311.23
T0003560,2026-07-25,C00944,P0043,Mumbai,1,20,231.18,231.18
T0003561,2026-07-28,C00156,P0077,Ahmedabad,2,0,1593.09,3186.18
T0003562,2025-07-09,C00670,P0063,Kolkata,1,10,127.48,127.48
T0003563,2025-02-17,C00746,P0084,Hyderabad,1,0,530.34,530.34
T0003564,2025-09-04,C00189,P0047,Hyderabad,1,0,720.52,720.52
T0003565,2025-12-06,C00264,P0079,Bengaluru,1,10,369.74,369.74
T0003566,2025-05-30,C00407,P0019,Pune,1,15,147.87,147.87
T0003567,2025-04-16,C00193,P0083,Mumbai,1,15,3956.1,3956.1
T0003568,2026-06-09,C00236,P0098,Mumbai,1,20,843.13,843.13
T0003569,2026-02-03,C00743,P0073,Bengaluru,2,20,229.68,459.36
T0003570,2026-01-19,C00337,P0074,Chennai,2,5,438.34,876.68
T0003571,2025-01-20,C00480,P0043,Kolkata,1,25,216.73,216.73
T0003572,2025-08-17,C00623,P0012,Mumbai,4,0,222.18,888.72
T0003573,2026-01-07,C00524,P0089,Mumbai,3,15,178.64,535.92
T0003574,2025-07-05,C00086,P0090,Delhi,2,15,238.61,477.22
T0003575,2025-01-02,C00005,P0100,Bengaluru,1,5,472.07,472.07
T0003576,2026-05-14,C00217,P0008,Pune,1,20,147.54,147.54
T0003577,2025-01-18,C00581,P0024,Bengaluru,1,0,254.35,254.35
T0003578,2026-09-19,C00107,P0099,Mumbai,1,10,275.85,275.85
T0003579,2025-01-16,C00351,P0086,Kolkata,1,0,413.61,413.61
T0003580,2025-06-26,C00810,P0091,Delhi,3,25,209.9,629.7
T0003581,2026-05-06,C00543,P0089,Mumbai,1,20,168.13,168.13
T0003582,2026-05-02,C00444,P0055,Pune,1,5,3220.88,3220.88
T0003583,2026-02-03,C00089,P0035,Kolkata,1,25,275.25,275.25
T0003584,2026-07-26,C00816,P0022,Chennai,2,5,448.78,897.56
T0003585,2026-09-23,C00610,P0005,Delhi,4,5,142.01,568.04
T0003586,2026-05-07,C00182,P0077,Kolkata,1,0,1593.09,1593.09
T0003587,2026-03-17,C00336,P0068,Hyderabad,1,0,343.9,343.9
T0003588,2025-08-11,C00030,P0040,Bengaluru,1,5,694.9,694.9
T0003589,2025-08-03,C00747,P0073,Hyderabad,3,0,287.1,861.3
T0003590,2026-08-31,C00118,P0014,Mumbai,1,10,834.21,834.21
T0003591,2026-05-04,C00632,P0088,Hyderabad,4,5,195.61,782.44
T0003592,2025-12-03,C00251,P0051,Hyderabad,1,0,836.11,836.11
T0003593,2026-09-18,C00168,P0004,Mumbai,1,0,560.89,560.89
T0003594,2025-01-13,C00301,P0032,Chennai,1,5,901.21,901.21
T0003595,2025-12-23,C00366,P0036,Bengaluru,3,20,377.11,1131.33
T0003596,2025-06-15,C00812,P0070,Hyderabad,1,0,673.73,673.73
T0003597,2025-04-15,C00004,P0086,Bengaluru,1,5,392.93,392.93
T0003598,2026-08-21,C00548,P0077,Bengaluru,2,20,1274.47,2548.94
T0003599,2026-06-26,C00436,P0008,Ahmedabad,1,5,175.21,175.21
T0003600,2025-02-01,C00613,P0007,Chennai,1,0,524.2,524.2
T0003601,2025-03-21,C00599,P0057,Pune,1,10,384.84,384.84
T0003602,2025-12-23,C00343,P0046,Pune,3,0,568.98,1706.94
T0003603,2025-04-28,C00419,P0100,Bengaluru,2,15,422.38,844.76
T0003604,2026-02-23,C00854,P0079,Ahmedabad,1,0,410.82,410.82
T0003605,2025-04-18,C00780,P0032,Mumbai,3,5,901.21,2703.63
T0003606,2025-09-24,C00812,P0025,Hyderabad,1,5,175.97,175.97
T0003607,2026-01-09,C00685,P0096,Delhi,1,0,971.66,971.66
T0003608,2025-05-21,C00421,P0091,Pune,1,0,279.87,279.87
T0003609,2025-08-17,C00565,P0093,Delhi,1,15,482.24,482.24
T0003610,2025-08-03,C00630,P0022,Bengaluru,3,0,472.4,1417.2
T0003611,2025-01-08,C00733,P0013,Ahmedabad,2,0,582.69,1165.38
T0003612,2026-06-21,C00403,P0051,Pune,1,15,710.69,710.69
T0003613,2026-07-02,C00053,P0093,Ahmedabad,2,5,538.97,1077.94
T0003614,2025-02-13,C00343,P0082,Pune,1,20,282.19,282.19
T0003615,2026-02-04,C00304,P0079,Delhi,2,5,390.28,780.56
T0003616,2025-08-13,C00742,P0062,Chennai,3,0,1322.57,3967.71
T0003617,2026-03-04,C00143,P0026,Kolkata,1,5,542.7,542.7
T0003618,2025-02-15,C00437,P0100,Ahmedabad,1,10,447.23,447.23
T0003619,2025-06-21,C00084,P0069,Mumbai,4,10,111.63,446.52
T0003620,2026-03-05,C00234,P0023,Ahmedabad,2,10,404.99,809.98
T0003621,2026-03-29,C00274,P0043,Ahmedabad,1,0,288.97,288.97
T0003622,2026-09-10,C01000,P0043,Kolkata,2,0,288.97,577.94
T0003623,2026-07-24,C00534,P0056,Kolkata,2,0,533.92,1067.84
T0003624,2026-04-30,C00931,P0067,Kolkata,1,10,437.69,437.69
T0003625,2025-08-11,C00241,P0043,Chennai,1,25,216.73,216.73
T0003626,2026-06-01,C00099,P0093,Hyderabad,2,10,510.61,1021.22
T0003627,2026-07-05,C00982,P0085,Pune,1,10,527.49,527.49
T0003628,2026-05-01,C00451,P0093,Bengaluru,1,0,567.34,567.34
T0003629,2026-01-06,C00517,P0018,Hyderabad,1,0,767.23,767.23
T0003630,2025-07-11,C00981,P0093,Bengaluru,1,5,538.97,538.97
T0003631,2025-01-07,C00745,P0041,Kolkata,1,5,884.1,884.1
T0003632,2025-01-23,C00696,P0055,Kolkata,1,15,2881.84,2881.84
T0003633,2026-04-18,C00131,P0056,Pune,2,5,507.22,1014.44
T0003634,2025-01-31,C00966,P0097,Bengaluru,1,5,1811.55,1811.55
T0003635,2025-01-05,C00358,P0063,Pune,1,20,113.31,113.31
T0003636,2026-03-02,C00286,P0048,Hyderabad,3,20,492.43,1477.29
T0003637,2025-01-08,C00027,P0061,Hyderabad,1,0,223.9,223.9
T0003638,2026-04-17,C00613,P0019,Chennai,1,0,173.97,173.97
T0003639,2025-07-02,C00179,P0009,Hyderabad,1,20,96.81,96.81
T0003640,2026-06-22,C00794,P0036,Ahmedabad,1,0,471.39,471.39
T0003641,2026-05-22,C00782,P0042,Chennai,2,0,763.91,1527.82
T0003642,2025-06-22,C00462,P0100,Bengaluru,1,5,472.07,472.07
T0003643,2025-09-08,C00614,P0097,Pune,1,10,1716.2,1716.2
T0003644,2025-04-23,C00573,P0014,Chennai,1,10,834.21,834.21
T0003645,2026-04-10,C00706,P0059,Mumbai,2,0,257.22,514.44
T0003646,2025-06-12,C00691,P0066,Hyderabad,2,15,848.81,1697.62
T0003647,2026-07-16,C00612,P0034,Kolkata,1,0,281.14,281.14
T0003648,2025-07-14,C00309,P0072,Chennai,3,25,223.51,670.53
T0003649,2025-07-19,C00842,P0062,Ahmedabad,4,20,1058.06,4232.24
T0003650,2026-09-09,C00884,P0074,Chennai,1,0,461.41,461.41
T0003651,2025-09-29,C00469,P0023,Delhi,1,0,449.99,449.99
T0003652,2025-10-24,C00343,P0083,Pune,2,0,4654.23,9308.46
T0003653,2025-09-15,C00119,P0016,Hyderabad,2,0,1058.17,2116.34
T0003654,2025-09-12,C00532,P0029,Mumbai,2,5,396.9,793.8
T0003655,2025-10-21,C00264,P0052,Bengaluru,2,0,256.33,512.66
T0003656,2025-04-21,C00602,P0055,Kolkata,1,0,3390.4,3390.4
T0003657,2025-10-21,C00524,P0089,Mumbai,2,10,189.14,378.28
T0003658,2026-09-14,C00285,P0021,Chennai,1,5,597.11,597.11
T0003659,2025-11-04,C00766,P0083,Kolkata,2,15,3956.1,7912.2
T0003660,2026-09-12,C00071,P0093,Chennai,2,0,567.34,1134.68
T0003661,2025-08-05,C00565,P0068,Delhi,1,10,309.51,309.51
T0003662,2026-08-17,C00335,P0093,Pune,1,0,567.34,567.34
T0003663,2026-07-07,C00799,P0096,Hyderabad,2,25,728.74,1457.48
T0003664,2026-08-10,C00459,P0080,Ahmedabad,2,15,278.47,556.94
T0003665,2026-08-11,C00478,P0031,Ahmedabad,2,0,232.11,464.22
T0003666,2025-12-18,C00260,P0049,Pune,1,5,130.12,130.12
T0003667,2025-02-13,C00108,P0038,Bengaluru,1,0,562.66,562.66
T0003668,2025-08-22,C00456,P0034,Kolkata,1,10,253.03,253.03
T0003669,2026-05-15,C00698,P0061,Chennai,1,0,223.9,223.9
T0003670,2025-12-17,C00828,P0015,Kolkata,2,0,2573.78,5147.56
T0003671,2025-01-21,C00581,P0012,Bengaluru,1,5,211.07,211.07
T0003672,2026-04-28,C00387,P0096,Kolkata,2,5,923.08,1846.16
T0003673,2026-05-31,C00473,P0005,Mumbai,4,20,119.58,478.32
T0003674,2026-06-27,C00188,P0067,Pune,4,10,437.69,1750.76
T0003675,2025-07-07,C00819,P0053,Pune,1,0,191.66,191.66
T0003676,2025-08-29,C00527,P0068,Bengaluru,1,5,326.7,326.7
T0003677,2025-04-18,C00296,P0081,Bengaluru,1,0,2194.67,2194.67
T0003678,2026-07-04,C00710,P0008,Bengaluru,1,5,175.21,175.21
T0003679,2026-03-10,C00497,P0066,Kolkata,1,20,798.88,798.88
T0003680,2026-04-11,C00642,P0024,Chennai,2,10,228.92,457.84
T0003681,2026-06-17,C00341,P0082,Mumbai,1,0,352.74,352.74
T0003682,2025-01-14,C00945,P0061,Pune,1,10,201.51,201.51
T0003683,2025-03-22,C00456,P0078,Kolkata,1,0,361.61,361.61
T0003684,2025-08-12,C00336,P0043,Hyderabad,1,10,260.07,260.07
T0003685,2026-06-05,C00643,P0021,Chennai,1,15,534.26,534.26
T0003686,2025-01-31,C00581,P0073,Bengaluru,1,15,244.04,244.04
T0003687,2025-06-24,C00827,P0047,Pune,1,5,684.49,684.49
T0003688,2025-02-23,C00298,P0080,Ahmedabad,2,15,278.47,556.94
T0003689,2026-06-18,C00630,P0053,Bengaluru,1,5,182.08,182.08
T0003690,2026-06-16,C00950,P0052,Mumbai,1,0,256.33,256.33
T0003691,2026-09-08,C00400,P0074,Pune,1,25,346.06,346.06
T0003692,2026-01-27,C00706,P0099,Mumbai,1,0,306.5,306.5
T0003693,2025-02-05,C00710,P0028,Bengaluru,4,10,560.83,2243.32
T0003694,2025-04-20,C00917,P0066,Bengaluru,2,5,948.67,1897.34
T0003695,2025-12-18,C00686,P0011,Delhi,1,0,381.49,381.49
T0003696,2025-10-27,C00463,P0073,Mumbai,1,5,272.74,272.74
T0003697,2025-04-12,C00726,P0051,Chennai,1,15,710.69,710.69
T0003698,2026-05-07,C00841,P0068,Pune,1,10,309.51,309.51
T0003699,2025-04-29,C00642,P0073,Chennai,3,25,215.32,645.96
T0003700,2026-05-28,C00775,P0093,Chennai,1,10,510.61,510.61
T0003701,2025-09-16,C00908,P0055,Bengaluru,1,10,3051.36,3051.36
T0003702,2026-01-23,C00476,P0043,Kolkata,2,0,288.97,577.94
T0003703,2025-05-24,C00798,P0050,Bengaluru,1,0,1133.03,1133.03
T0003704,2025-08-05,C00949,P0027,Bengaluru,1,10,538.74,538.74
T0003705,2025-02-09,C00156,P0044,Ahmedabad,1,5,379.13,379.13
T0003706,2025-03-09,C00469,P0016,Delhi,1,0,1058.17,1058.17
T0003707,2026-03-27,C00970,P0049,Ahmedabad,1,0,136.97,136.97
T0003708,2026-01-05,C00516,P0036,Bengaluru,3,5,447.82,1343.46
T0003709,2025-02-07,C00597,P0027,Pune,4,0,598.6,2394.4
T0003710,2026-02-02,C00545,P0091,Chennai,1,5,265.88,265.88
T0003711,2025-08-31,C00450,P0075,Pune,1,10,152.18,152.18
T0003712,2025-04-23,C00541,P0015,Delhi,1,0,2573.78,2573.78
T0003713,2025-01-11,C00373,P0093,Bengaluru,1,10,510.61,510.61
T0003714,2026-01-08,C00008,P0076,Kolkata,1,10,353.92,353.92
T0003715,2025-12-28,C00461,P0039,Bengaluru,1,10,644.16,644.16
T0003716,2026-07-08,C00374,P0093,Delhi,1,0,567.34,567.34
T0003717,2025-05-17,C00736,P0070,Pune,1,15,572.67,572.67
T0003718,2025-01-25,C00419,P0038,Bengaluru,1,0,562.66,562.66
T0003719,2025-12-09,C00232,P0067,Delhi,1,10,437.69,437.69
T0003720,2025-03-18,C00593,P0095,Delhi,4,0,346.67,1386.68
T0003721,2025-07-14,C00550,P0015,Chennai,1,0,2573.78,2573.78
T0003722,2025-01-27,C00590,P0092,Ahmedabad,1,5,320.92,320.92
T0003723,2025-08-24,C00315,P0043,Chennai,3,10,260.07,780.21
T0003724,2025-03-08,C00715,P0076,Pune,1,10,353.92,353.92
T0003725,2026-08-25,C00176,P0100,Chennai,2,0,496.92,993.84
T0003726,2025-09-23,C00838,P0071,Kolkata,1,0,1602.38,1602.38
T0003727,2025-10-05,C00521,P0040,Delhi,1,25,548.6,548.6
T0003728,2026-06-01,C00239,P0032,Pune,1,20,758.91,758.91
T0003729,2026-07-24,C00851,P0031,Mumbai,1,0,232.11,232.11
T0003730,2026-07-03,C00043,P0081,Bengaluru,1,0,2194.67,2194.67
T0003731,2026-04-11,C00491,P0077,Hyderabad,1,10,1433.78,1433.78
T0003732,2026-03-07,C00154,P0070,Bengaluru,1,10,606.36,606.36
T0003733,2025-08-27,C00451,P0093,Bengaluru,1,0,567.34,567.34
T0003734,2026-09-25,C00434,P0056,Chennai,2,0,533.92,1067.84
T0003735,2026-06-07,C00198,P0098,Chennai,1,0,1053.91,1053.91
T0003736,2025-06-09,C00651,P0023,Bengaluru,2,0,449.99,899.98
T0003737,2026-09-03,C00818,P0069,Pune,1,15,105.43,105.43
T0003738,2025-08-15,C00582,P0024,Ahmedabad,1,15,216.2,216.2
T0003739,2025-01-10,C00923,P0012,Bengaluru,1,20,177.74,177.74
T0003740,2026-05-16,C00095,P0043,Kolkata,2,0,288.97,577.94
T0003741,2026-05-12,C00973,P0075,Hyderabad,1,0,169.09,169.09
T0003742,2025-05-01,C00852,P0063,Delhi,1,10,127.48,127.48
T0003743,2025-02-12,C00761,P0056,Delhi,2,25,400.44,800.88
T0003744,2025-08-30,C00923,P0097,Bengaluru,1,15,1620.86,1620.86
T0003745,2025-07-11,C00487,P0088,Kolkata,3,15,175.02,525.06
T0003746,2026-07-25,C00119,P0046,Hyderabad,1,5,540.53,540.53
T0003747,2025-11-01,C00529,P0055,Bengaluru,2,10,3051.36,6102.72
T0003748,2025-12-04,C00006,P0056,Hyderabad,1,15,453.83,453.83
T0003749,2026-05-22,C00727,P0044,Hyderabad,1,10,359.17,359.17
T0003750,2025-05-29,C00746,P0050,Hyderabad,1,0,1133.03,1133.03
T0003751,2026-08-03,C00927,P0071,Kolkata,4,15,1362.02,5448.08
T0003752,2025-12-29,C00747,P0033,Hyderabad,3,25,207.41,622.23
T0003753,2025-05-01,C00959,P0057,Hyderabad,1,10,384.84,384.84
T0003754,2025-08-15,C00490,P0092,Chennai,1,0,337.81,337.81
T0003755,2025-10-15,C00870,P0069,Mumbai,1,10,111.63,111.63
T0003756,2025-01-06,C00707,P0080,Chennai,1,0,327.61,327.61
T0003757,2025-10-09,C00793,P0083,Pune,1,0,4654.23,4654.23
T0003758,2026-08-03,C00191,P0013,Mumbai,1,0,582.69,582.69
T0003759,2026-03-18,C00816,P0005,Chennai,2,0,149.48,298.96
T0003760,2025-01-07,C00307,P0073,Mumbai,1,10,258.39,258.39
T0003761,2026-03-19,C00413,P0014,Ahmedabad,1,20,741.52,741.52
T0003762,2025-08-29,C00952,P0028,Kolkata,1,0,623.14,623.14
T0003763,2025-08-28,C00857,P0046,Bengaluru,1,20,455.18,455.18
T0003764,2026-07-10,C00852,P0026,Delhi,2,10,514.13,1028.26
T0003765,2025-02-02,C00035,P0011,Ahmedabad,1,0,381.49,381.49
T0003766,2025-01-23,C00095,P0043,Kolkata,1,25,216.73,216.73
T0003767,2026-02-18,C00609,P0045,Delhi,1,15,137.95,137.95
T0003768,2025-08-02,C00674,P0093,Chennai,1,0,567.34,567.34
T0003769,2026-08-18,C00672,P0063,Pune,1,0,141.64,141.64
T0003770,2026-05-15,C00667,P0056,Hyderabad,1,20,427.14,427.14
T0003771,2025-12-03,C00091,P0079,Bengaluru,1,5,390.28,390.28
T0003772,2025-09-01,C00001,P0014,Delhi,1,15,787.86,787.86
T0003773,2026-07-20,C00590,P0089,Ahmedabad,2,0,210.16,420.32
T0003774,2025-05-29,C00653,P0073,Hyderabad,1,5,272.74,272.74
T0003775,2025-10-15,C00639,P0100,Mumbai,1,20,397.54,397.54
T0003776,2025-02-18,C00112,P0068,Ahmedabad,4,0,343.9,1375.6
T0003777,2025-12-30,C00161,P0041,Mumbai,2,5,884.1,1768.2
T0003778,2025-11-08,C00889,P0069,Hyderabad,1,15,105.43,105.43
T0003779,2026-09-19,C00532,P0078,Mumbai,1,10,325.45,325.45
T0003780,2025-01-09,C00094,P0068,Bengaluru,1,10,309.51,309.51
T0003781,2025-11-07,C00811,P0055,Bengaluru,1,15,2881.84,2881.84
T0003782,2026-07-10,C00730,P0068,Chennai,1,10,309.51,309.51
T0003783,2025-12-21,C00500,P0058,Pune,3,10,741.78,2225.34
T0003784,2026-09-20,C00214,P0099,Bengaluru,1,0,306.5,306.5
T0003785,2025-12-08,C00965,P0019,Ahmedabad,1,20,139.18,139.18
T0003786,2026-02-26,C00530,P0022,Pune,1,5,448.78,448.78
T0003787,2026-05-17,C00411,P0092,Hyderabad,1,10,304.03,304.03
T0003788,2026-04-20,C00632,P0041,Hyderabad,1,0,930.63,930.63
T0003789,2026-08-09,C00744,P0069,Delhi,4,10,111.63,446.52
T0003790,2025-02-25,C00728,P0040,Chennai,2,15,621.75,1243.5
T0003791,2025-12-07,C00387,P0079,Kolkata,1,10,369.74,369.74
T0003792,2025-09-14,C00851,P0091,Mumbai,1,20,223.9,223.9
T0003793,2026-01-29,C00434,P0004,Chennai,2,20,448.71,897.42
T0003794,2025-01-27,C00596,P0043,Pune,1,0,288.97,288.97
T0003795,2025-01-30,C00658,P0026,Pune,1,15,485.57,485.57
T0003796,2025-12-04,C00073,P0093,Kolkata,2,10,510.61,1021.22
T0003797,2026-03-02,C00991,P0010,Pune,1,0,1094.67,1094.67
T0003798,2025-06-06,C00315,P0068,Chennai,1,0,343.9,343.9
T0003799,2026-09-27,C00872,P0056,Mumbai,1,5,507.22,507.22
T0003800,2025-06-01,C00456,P0086,Kolkata,2,0,413.61,827.22
T0003801,2026-08-14,C00487,P0063,Kolkata,2,20,113.31,226.62
T0003802,2026-09-01,C00015,P0097,Kolkata,2,10,1716.2,3432.4
T0003803,2026-01-10,C00910,P0068,Ahmedabad,2,0,343.9,687.8
T0003804,2025-05-03,C00464,P0093,Pune,1,0,567.34,567.34
T0003805,2025-02-09,C00979,P0089,Chennai,3,15,178.64,535.92
T0003806,2026-06-03,C00122,P0031,Mumbai,1,0,232.11,232.11
T0003807,2026-05-28,C00092,P0053,Delhi,1,0,191.66,191.66
T0003808,2026-01-22,C00603,P0073,Kolkata,1,0,287.1,287.1
T0003809,2025-07-02,C00350,P0001,Chennai,4,10,658.44,2633.76
T0003810,2026-03-22,C00697,P0058,Delhi,1,5,782.99,782.99
T0003811,2025-08-01,C00870,P0071,Mumbai,1,20,1281.9,1281.9
T0003812,2025-06-17,C00378,P0023,Chennai,1,15,382.49,382.49
T0003813,2025-05-17,C00890,P0051,Kolkata,2,5,794.3,1588.6
T0003814,2026-03-28,C00233,P0038,Delhi,2,10,506.39,1012.78
T0003815,2025-01-26,C00516,P0087,Bengaluru,1,0,341.41,341.41
T0003816,2026-08-09,C00070,P0037,Ahmedabad,3,10,263.85,791.55
T0003817,2026-05-15,C00121,P0036,Kolkata,2,10,424.25,848.5
T0003818,2026-05-14,C00911,P0044,Kolkata,2,5,379.13,758.26
T0003819,2025-11-06,C00174,P0061,Hyderabad,2,5,212.7,425.4
T0003820,2025-01-15,C00070,P0066,Ahmedabad,2,5,948.67,1897.34
T0003821,2026-08-14,C00322,P0089,Delhi,1,5,199.65,199.65
T0003822,2025-03-05,C00381,P0010,Kolkata,2,5,1039.94,2079.88
T0003823,2026-06-24,C00460,P0037,Bengaluru,1,0,293.17,293.17
T0003824,2025-12-25,C00992,P0067,Delhi,1,25,364.74,364.74
T0003825,2025-03-28,C00126,P0064,Bengaluru,2,0,693.68,1387.36
T0003826,2026-04-01,C00343,P0039,Pune,2,25,536.8,1073.6
T0003827,2026-07-30,C00476,P0068,Kolkata,1,0,343.9,343.9
T0003828,2025-06-17,C00307,P0073,Mumbai,4,5,272.74,1090.96
T0003829,2026-04-27,C00412,P0043,Ahmedabad,1,5,274.52,274.52
T0003830,2025-09-16,C00919,P0061,Mumbai,1,10,201.51,201.51
T0003831,2025-12-16,C00350,P0032,Chennai,3,0,948.64,2845.92
T0003832,2025-08-13,C00482,P0099,Mumbai,2,10,275.85,551.7
T0003833,2026-07-12,C00318,P0020,Bengaluru,1,15,917.68,917.68
T0003834,2026-01-03,C00474,P0085,Delhi,1,0,586.1,586.1
T0003835,2025-09-15,C00996,P0045,Pune,1,0,162.29,162.29
T0003836,2026-04-22,C00263,P0032,Delhi,2,10,853.78,1707.56
T0003837,2025-01-05,C00792,P0043,Kolkata,1,15,245.62,245.62
T0003838,2025-06-13,C00207,P0045,Kolkata,3,0,162.29,486.87
T0003839,2026-02-12,C00547,P0090,Pune,1,15,238.61,238.61
T0003840,2026-09-26,C00075,P0064,Ahmedabad,1,0,693.68,693.68
T0003841,2026-02-25,C00586,P0089,Mumbai,1,10,189.14,189.14
T0003842,2025-04-03,C00364,P0084,Pune,1,5,503.82,503.82
T0003843,2026-09-19,C00575,P0033,Kolkata,1,0,276.55,276.55
T0003844,2025-04-04,C00090,P0049,Chennai,1,15,116.42,116.42
T0003845,2025-01-21,C00032,P0093,Mumbai,1,15,482.24,482.24
T0003846,2025-02-27,C00149,P0013,Kolkata,1,0,582.69,582.69
T0003847,2026-01-08,C00425,P0038,Kolkata,1,10,506.39,506.39
T0003848,2026-06-07,C00063,P0017,Pune,1,10,280.17,280.17
T0003849,2026-07-14,C00988,P0084,Delhi,3,15,450.79,1352.37
T0003850,2026-03-29,C00348,P0018,Mumbai,2,5,728.87,1457.74
T0003851,2025-03-22,C00739,P0043,Delhi,1,0,288.97,288.97
T0003852,2025-09-08,C00549,P0067,Kolkata,1,0,486.32,486.32
T0003853,2025-10-24,C00738,P0067,Mumbai,3,10,437.69,1313.07
T0003854,2025-06-04,C00946,P0090,Bengaluru,1,10,252.65,252.65
T0003855,2025-02-18,C00978,P0051,Pune,1,10,752.5,752.5
T0003856,2026-06-15,C00377,P0096,Chennai,3,0,971.66,2914.98
T0003857,2026-08-10,C00003,P0065,Hyderabad,2,20,1015.45,2030.9
T0003858,2026-02-23,C00582,P0015,Ahmedabad,1,20,2059.02,2059.02
T0003859,2026-04-06,C00659,P0011,Hyderabad,1,5,362.42,362.42
T0003860,2026-06-11,C00718,P0092,Delhi,1,20,270.25,270.25
T0003861,2026-03-23,C00128,P0092,Ahmedabad,1,15,287.14,287.14
T0003862,2025-06-03,C00119,P0082,Hyderabad,1,0,352.74,352.74
T0003863,2025-04-20,C00323,P0032,Ahmedabad,1,10,853.78,853.78
T0003864,2026-05-24,C00410,P0006,Kolkata,1,25,252.98,252.98
T0003865,2026-02-18,C00459,P0080,Ahmedabad,2,5,311.23,622.46
T0003866,2025-08-05,C00708,P0077,Ahmedabad,1,20,1274.47,1274.47
T0003867,2025-05-08,C00717,P0025,Bengaluru,1,10,166.71,166.71
T0003868,2026-02-27,C00374,P0068,Delhi,1,20,275.12,275.12
T0003869,2026-09-21,C00177,P0044,Kolkata,1,0,399.08,399.08
T0003870,2025-06-27,C00570,P0056,Pune,2,15,453.83,907.66
T0003871,2025-02-07,C00656,P0046,Kolkata,1,25,426.74,426.74
T0003872,2025-05-29,C00873,P0053,Mumbai,1,15,162.91,162.91
T0003873,2025-11-13,C00016,P0016,Bengaluru,1,20,846.54,846.54
T0003874,2026-01-27,C00288,P0090,Chennai,2,0,280.72,561.44
T0003875,2026-05-30,C00443,P0037,Hyderabad,2,0,293.17,586.34
T0003876,2026-01-02,C00686,P0067,Delhi,2,10,437.69,875.38
T0003877,2026-08-05,C00785,P0047,Mumbai,2,10,648.47,1296.94
T0003878,2025-05-29,C00433,P0039,Bengaluru,1,10,644.16,644.16
T0003879,2025-03-13,C00528,P0011,Bengaluru,3,15,324.27,972.81
T0003880,2026-01-02,C00705,P0006,Chennai,1,0,337.31,337.31
T0003881,2025-06-30,C00830,P0025,Kolkata,1,5,175.97,175.97
T0003882,2025-09-01,C00655,P0072,Ahmedabad,2,15,253.31,506.62
T0003883,2026-04-11,C00423,P0040,Mumbai,1,0,731.47,731.47
T0003884,2026-02-26,C00454,P0005,Mumbai,2,0,149.48,298.96
T0003885,2026-05-16,C00156,P0038,Ahmedabad,4,10,506.39,2025.56
T0003886,2025-04-04,C00522,P0025,Pune,2,5,175.97,351.94
T0003887,2025-08-06,C00884,P0002,Chennai,1,0,324.99,324.99
T0003888,2025-06-28,C00940,P0073,Pune,1,0,287.1,287.1
T0003889,2025-06-10,C00080,P0013,Bengaluru,3,0,582.69,1748.07
T0003890,2026-07-14,C00427,P0021,Kolkata,1,10,565.69,565.69
T0003891,2026-04-16,C00167,P0019,Mumbai,1,10,156.57,156.57
T0003892,2026-04-01,C00704,P0025,Mumbai,1,10,166.71,166.71
T0003893,2026-03-16,C00322,P0099,Delhi,1,0,306.5,306.5
T0003894,2025-10-20,C00884,P0069,Chennai,1,15,105.43,105.43
T0003895,2025-04-15,C00182,P0010,Kolkata,1,10,985.2,985.2
T0003896,2026-05-24,C00261,P0028,Pune,2,5,591.98,1183.96
T0003897,2026-07-08,C00020,P0087,Kolkata,1,0,341.41,341.41
T0003898,2026-05-24,C00876,P0098,Pune,1,0,1053.91,1053.91
T0003899,2026-04-03,C00627,P0039,Bengaluru,4,10,644.16,2576.64
T0003900,2025-03-30,C00891,P0059,Mumbai,1,15,218.64,218.64
T0003901,2026-09-14,C00846,P0061,Delhi,1,0,223.9,223.9
T0003902,2026-07-25,C00497,P0092,Kolkata,1,20,270.25,270.25
T0003903,2026-07-22,C00458,P0007,Kolkata,1,5,497.99,497.99
T0003904,2026-03-30,C00121,P0004,Kolkata,1,0,560.89,560.89
T0003905,2025-12-03,C00687,P0018,Delhi,1,0,767.23,767.23
T0003906,2025-11-24,C00240,P0013,Ahmedabad,2,0,582.69,1165.38
T0003907,2025-04-04,C00197,P0019,Hyderabad,2,5,165.27,330.54
T0003908,2025-06-27,C00257,P0046,Hyderabad,2,10,512.08,1024.16
T0003909,2026-08-09,C00112,P0068,Ahmedabad,2,10,309.51,619.02
T0003910,2026-01-12,C00383,P0043,Chennai,1,15,245.62,245.62
T0003911,2025-11-21,C00545,P0091,Chennai,1,0,279.87,279.87
T0003912,2026-04-24,C00388,P0074,Chennai,1,25,346.06,346.06
T0003913,2026-06-22,C00014,P0075,Kolkata,1,10,152.18,152.18
T0003914,2025-01-24,C00920,P0081,Pune,1,0,2194.67,2194.67
T0003915,2026-06-30,C00415,P0009,Chennai,2,0,121.01,242.02
T0003916,2025-06-21,C00889,P0052,Hyderabad,2,0,256.33,512.66
T0003917,2026-01-02,C00838,P0069,Kolkata,4,0,124.03,496.12
T0003918,2026-09-21,C00344,P0047,Chennai,2,0,720.52,1441.04
T0003919,2025-08-13,C00265,P0068,Mumbai,1,25,257.92,257.92
T0003920,2025-04-29,C00143,P0044,Kolkata,1,10,359.17,359.17
T0003921,2026-05-02,C00673,P0093,Kolkata,1,0,567.34,567.34
T0003922,2025-01-03,C00633,P0003,Bengaluru,1,25,267.5,267.5
T0003923,2026-06-12,C00050,P0043,Pune,1,10,260.07,260.07
T0003924,2025-05-18,C00680,P0071,Bengaluru,1,10,1442.14,1442.14
T0003925,2026-07-24,C00125,P0067,Pune,1,0,486.32,486.32
T0003926,2026-03-08,C00362,P0013,Kolkata,1,20,466.15,466.15
T0003927,2025-06-07,C00935,P0043,Kolkata,2,5,274.52,549.04
T0003928,2026-06-29,C00379,P0068,Delhi,1,0,343.9,343.9
T0003929,2026-01-15,C00509,P0043,Chennai,1,0,288.97,288.97
T0003930,2025-10-22,C00538,P0095,Mumbai,2,15,294.67,589.34
T0003931,2025-03-18,C00260,P0092,Pune,1,25,253.36,253.36
T0003932,2025-03-22,C00680,P0050,Bengaluru,1,0,1133.03,1133.03
T0003933,2025-05-29,C00996,P0045,Pune,1,10,146.06,146.06
T0003934,2026-02-26,C00768,P0072,Delhi,2,10,268.21,536.42
T0003935,2025-08-09,C00982,P0029,Pune,1,0,417.79,417.79
T0003936,2025-04-05,C00746,P0060,Hyderabad,4,5,312.78,1251.12
T0003937,2026-05-15,C00906,P0007,Kolkata,3,0,524.2,1572.6
T0003938,2025-02-02,C00779,P0018,Hyderabad,2,5,728.87,1457.74
T0003939,2025-02-22,C00118,P0018,Mumbai,1,25,575.42,575.42
T0003940,2025-12-23,C00126,P0092,Bengaluru,2,20,270.25,540.5
T0003941,2026-08-27,C00634,P0043,Hyderabad,1,0,288.97,288.97
T0003942,2026-05-06,C00938,P0091,Chennai,1,0,279.87,279.87
T0003943,2026-08-22,C00565,P0068,Delhi,2,0,343.9,687.8
T0003944,2025-01-28,C00881,P0048,Ahmedabad,1,15,523.21,523.21
T0003945,2026-09-18,C00821,P0044,Pune,1,10,359.17,359.17
T0003946,2026-03-13,C00896,P0043,Ahmedabad,2,10,260.07,520.14
T0003947,2026-04-10,C00649,P0070,Hyderabad,1,10,606.36,606.36
T0003948,2025-07-16,C00720,P0047,Mumbai,1,10,648.47,648.47
T0003949,2026-06-22,C00120,P0030,Delhi,1,0,386.5,386.5
T0003950,2026-06-21,C00640,P0004,Ahmedabad,1,25,420.67,420.67
T0003951,2025-07-21,C00220,P0024,Ahmedabad,1,10,228.92,228.92
T0003952,2025-10-20,C00866,P0056,Chennai,1,0,533.92,533.92
T0003953,2025-07-01,C00716,P0003,Hyderabad,1,20,285.33,285.33
T0003954,2025-03-01,C00771,P0024,Hyderabad,3,0,254.35,763.05
T0003955,2025-05-03,C00485,P0088,Chennai,1,0,205.91,205.91
T0003956,2025-09-25,C00701,P0083,Chennai,3,0,4654.23,13962.69
T0003957,2026-09-11,C00667,P0014,Hyderabad,1,20,741.52,741.52
T0003958,2025-05-06,C00661,P0093,Bengaluru,1,5,538.97,538.97
T0003959,2026-04-22,C00359,P0029,Kolkata,1,10,376.01,376.01
T0003960,2026-01-26,C00294,P0068,Chennai,1,0,343.9,343.9
T0003961,2025-11-10,C00316,P0046,Kolkata,1,10,512.08,512.08
T0003962,2025-03-25,C00185,P0051,Pune,1,15,710.69,710.69
T0003963,2026-06-26,C00021,P0089,Kolkata,1,15,178.64,178.64
T0003964,2025-08-12,C00983,P0096,Chennai,1,0,971.66,971.66
T0003965,2026-09-21,C00092,P0046,Delhi,2,5,540.53,1081.06
T0003966,2026-08-24,C00248,P0091,Ahmedabad,1,20,223.9,223.9
T0003967,2025-02-07,C00078,P0077,Chennai,1,0,1593.09,1593.09
T0003968,2025-09-09,C00416,P0044,Bengaluru,1,15,339.22,339.22
T0003969,2025-03-21,C00468,P0095,Mumbai,1,0,346.67,346.67
T0003970,2026-08-06,C00228,P0014,Mumbai,3,25,695.18,2085.54
T0003971,2025-08-13,C00948,P0037,Delhi,3,0,293.17,879.51
T0003972,2026-06-04,C00779,P0014,Hyderabad,1,10,834.21,834.21
T0003973,2026-07-01,C00183,P0043,Ahmedabad,4,20,231.18,924.72
T0003974,2025-09-04,C00077,P0043,Mumbai,1,0,288.97,288.97
T0003975,2025-08-04,C00439,P0068,Ahmedabad,3,10,309.51,928.53
T0003976,2026-05-11,C00049,P0089,Kolkata,3,5,199.65,598.95
T0003977,2025-03-30,C00634,P0043,Hyderabad,1,0,288.97,288.97
T0003978,2026-04-20,C00639,P0076,Mumbai,2,0,393.24,786.48
T0003979,2025-06-30,C00756,P0089,Hyderabad,1,0,210.16,210.16
T0003980,2025-08-15,C00765,P0053,Delhi,1,5,182.08,182.08
T0003981,2025-04-24,C00348,P0036,Mumbai,3,5,447.82,1343.46
T0003982,2026-08-13,C00306,P0020,Pune,1,0,1079.62,1079.62
T0003983,2025-04-28,C00732,P0068,Mumbai,1,0,343.9,343.9
T0003984,2025-07-06,C00571,P0091,Ahmedabad,3,5,265.88,797.64
T0003985,2025-09-24,C00938,P0055,Chennai,1,0,3390.4,3390.4
T0003986,2026-09-03,C00636,P0043,Delhi,2,25,216.73,433.46
T0003987,2026-03-16,C00943,P0057,Delhi,1,10,384.84,384.84
T0003988,2025-12-15,C00606,P0034,Hyderabad,3,10,253.03,759.09
T0003989,2026-08-07,C00249,P0093,Kolkata,1,20,453.87,453.87
T0003990,2026-03-01,C00247,P0008,Chennai,2,5,175.21,350.42
T0003991,2026-08-16,C00577,P0043,Bengaluru,2,10,260.07,520.14
T0003992,2025-07-16,C00498,P0029,Pune,1,20,334.23,334.23
T0003993,2025-03-31,C00764,P0051,Kolkata,1,5,794.3,794.3
T0003994,2025-08-15,C00206,P0088,Kolkata,1,0,205.91,205.91
T0003995,2026-09-15,C00603,P0020,Kolkata,2,15,917.68,1835.36
T0003996,2026-01-07,C00703,P0047,Pune,1,10,648.47,648.47
T0003997,2026-08-30,C00809,P0003,Ahmedabad,1,5,338.83,338.83
T0003998,2026-02-24,C00311,P0027,Mumbai,3,0,598.6,1795.8
T0003999,2026-09-29,C00896,P0043,Ahmedabad,2,15,245.62,491.24
T0004000,2026-05-28,C00529,P0058,Bengaluru,1,0,824.2,824.2
T0004001,2025-11-04,C00803,P0054,Delhi,1,0,291.3,291.3
T0004002,2025-09-04,C00403,P0058,Pune,2,10,741.78,1483.56
T0004003,2025-02-15,C00304,P0052,Delhi,1,0,256.33,256.33
T0004004,2026-08-01,C00722,P0095,Chennai,3,5,329.34,988.02
T0004005,2026-02-08,C00973,P0050,Hyderabad,3,0,1133.03,3399.09
T0004006,2026-01-05,C00488,P0068,Pune,1,5,326.7,326.7
T0004007,2026-08-22,C00102,P0022,Mumbai,2,5,448.78,897.56
T0004008,2026-09-04,C00600,P0075,Pune,1,15,143.73,143.73
T0004009,2026-08-13,C00115,P0012,Delhi,1,10,199.96,199.96
T0004010,2025-04-16,C00971,P0070,Bengaluru,1,25,505.3,505.3
T0004011,2026-09-28,C00556,P0011,Mumbai,1,10,343.34,343.34
T0004012,2025-05-26,C00797,P0055,Pune,1,10,3051.36,3051.36
T0004013,2025-01-12,C00191,P0025,Mumbai,1,0,185.23,185.23
T0004014,2026-06-05,C00052,P0076,Chennai,2,0,393.24,786.48
T0004015,2026-06-18,C00140,P0022,Ahmedabad,1,5,448.78,448.78
T0004016,2026-02-03,C00507,P0004,Hyderabad,1,0,560.89,560.89
T0004017,2026-03-28,C00989,P0043,Pune,3,15,245.62,736.86
T0004018,2026-03-23,C00624,P0012,Chennai,1,25,166.64,166.64
T0004019,2026-06-17,C00118,P0018,Mumbai,1,15,652.15,652.15
T0004020,2025-04-27,C00646,P0071,Mumbai,3,10,1442.14,4326.42
T0004021,2025-01-12,C00664,P0096,Kolkata,1,10,874.49,874.49
T0004022,2026-01-31,C00090,P0028,Chennai,1,0,623.14,623.14
T0004023,2025-11-24,C00545,P0080,Chennai,1,0,327.61,327.61
T0004024,2025-06-24,C00724,P0065,Chennai,1,10,1142.38,1142.38
T0004025,2026-03-04,C00737,P0034,Ahmedabad,2,0,281.14,562.28
T0004026,2026-03-27,C00035,P0080,Ahmedabad,1,0,327.61,327.61
T0004027,2025-06-25,C00309,P0037,Chennai,2,15,249.19,498.38
T0004028,2025-10-06,C00106,P0014,Hyderabad,3,10,834.21,2502.63
T0004029,2025-09-03,C00303,P0087,Kolkata,1,20,273.13,273.13
T0004030,2025-05-17,C00824,P0068,Mumbai,1,0,343.9,343.9
T0004031,2025-12-22,C00786,P0073,Kolkata,1,0,287.1,287.1
T0004032,2025-03-04,C00257,P0082,Hyderabad,1,0,352.74,352.74
T0004033,2026-09-04,C00806,P0049,Kolkata,2,0,136.97,273.94
T0004034,2026-09-19,C00215,P0066,Pune,1,15,848.81,848.81
T0004035,2025-02-18,C00502,P0024,Delhi,1,0,254.35,254.35
T0004036,2025-08-04,C00363,P0014,Mumbai,2,0,926.9,1853.8
T0004037,2025-10-14,C00230,P0014,Ahmedabad,1,10,834.21,834.21
T0004038,2026-01-10,C00046,P0073,Delhi,1,15,244.04,244.04
T0004039,2025-04-27,C00703,P0087,Pune,1,10,307.27,307.27
T0004040,2025-09-28,C00943,P0074,Delhi,1,5,438.34,438.34
T0004041,2025-05-15,C00711,P0030,Pune,1,0,386.5,386.5
T0004042,2026-01-20,C00043,P0031,Bengaluru,1,15,197.29,197.29
T0004043,2025-03-22,C00159,P0046,Chennai,1,10,512.08,512.08
T0004044,2025-10-06,C00018,P0032,Bengaluru,2,15,806.34,1612.68
T0004045,2026-06-01,C00975,P0078,Bengaluru,2,0,361.61,723.22
T0004046,2025-12-24,C00251,P0067,Hyderabad,1,10,437.69,437.69
T0004047,2026-04-13,C00285,P0037,Chennai,1,10,263.85,263.85
T0004048,2025-12-28,C00642,P0020,Chennai,1,0,1079.62,1079.62
T0004049,2025-09-07,C00312,P0058,Delhi,1,25,618.15,618.15
T0004050,2025-12-08,C00022,P0055,Mumbai,1,10,3051.36,3051.36
T0004051,2025-01-22,C00338,P0096,Mumbai,1,5,923.08,923.08
T0004052,2026-08-31,C00220,P0086,Ahmedabad,1,0,413.61,413.61
T0004053,2026-01-16,C00642,P0033,Chennai,2,0,276.55,553.1
T0004054,2026-09-08,C00020,P0004,Kolkata,1,20,448.71,448.71
T0004055,2026-07-27,C00749,P0017,Hyderabad,3,20,249.04,747.12
T0004056,2026-01-11,C00038,P0035,Mumbai,3,0,367.0,1101.0
T0004057,2026-04-03,C00581,P0015,Bengaluru,4,15,2187.71,8750.84
T0004058,2025-11-22,C00130,P0083,Bengaluru,1,10,4188.81,4188.81
T0004059,2025-06-09,C00509,P0093,Chennai,1,0,567.34,567.34
T0004060,2025-12-19,C00516,P0025,Bengaluru,1,5,175.97,175.97
T0004061,2026-07-14,C00398,P0068,Kolkata,3,0,343.9,1031.7
T0004062,2025-01-31,C00263,P0030,Delhi,1,5,367.17,367.17
T0004063,2025-12-15,C00682,P0064,Hyderabad,1,0,693.68,693.68
T0004064,2025-09-08,C00219,P0082,Delhi,2,20,282.19,564.38
T0004065,2026-09-22,C00265,P0093,Mumbai,4,20,453.87,1815.48
T0004066,2026-05-15,C00252,P0005,Hyderabad,1,15,127.06,127.06
T0004067,2026-03-23,C00458,P0069,Kolkata,1,10,111.63,111.63
T0004068,2025-08-14,C00353,P0002,Hyderabad,1,5,308.74,308.74
T0004069,2025-08-21,C00756,P0054,Hyderabad,1,15,247.6,247.6
T0004070,2026-02-08,C00948,P0028,Delhi,1,0,623.14,623.14
T0004071,2025-04-23,C00930,P0054,Bengaluru,1,5,276.74,276.74
T0004072,2025-12-16,C00619,P0043,Kolkata,1,20,231.18,231.18
T0004073,2026-09-27,C00316,P0095,Kolkata,1,0,346.67,346.67
T0004074,2026-09-13,C00436,P0062,Ahmedabad,1,0,1322.57,1322.57
T0004075,2025-10-24,C00208,P0084,Mumbai,1,10,477.31,477.31
T0004076,2026-03-08,C00374,P0093,Delhi,2,5,538.97,1077.94
T0004077,2025-09-09,C00519,P0085,Chennai,3,15,498.18,1494.54
T0004078,2026-08-25,C00166,P0080,Chennai,1,20,262.09,262.09
T0004079,2025-12-14,C00371,P0050,Bengaluru,1,15,963.08,963.08
T0004080,2025-10-13,C00213,P0036,Chennai,1,5,447.82,447.82
T0004081,2025-04-17,C00231,P0096,Mumbai,1,20,777.33,777.33
T0004082,2025-11-27,C00699,P0078,Ahmedabad,1,10,325.45,325.45
T0004083,2025-06-12,C00005,P0041,Bengaluru,1,10,837.57,837.57
T0004084,2026-04-26,C00653,P0001,Hyderabad,1,10,658.44,658.44
T0004085,2025-06-01,C00893,P0018,Mumbai,2,10,690.51,1381.02
T0004086,2025-02-18,C00363,P0070,Mumbai,1,20,538.98,538.98
T0004087,2026-06-30,C00879,P0006,Bengaluru,1,0,337.31,337.31
T0004088,2025-02-26,C00440,P0094,Bengaluru,2,0,1058.21,2116.42
T0004089,2025-05-27,C00175,P0048,Kolkata,1,10,553.99,553.99
T0004090,2026-05-14,C00868,P0032,Delhi,2,0,948.64,1897.28
T0004091,2025-01-25,C00710,P0089,Bengaluru,1,0,210.16,210.16
T0004092,2026-01-14,C00582,P0073,Ahmedabad,4,10,258.39,1033.56
T0004093,2026-03-26,C00892,P0026,Chennai,1,0,571.26,571.26
T0004094,2025-05-30,C00336,P0068,Hyderabad,1,10,309.51,309.51
T0004095,2025-02-03,C00238,P0093,Delhi,2,0,567.34,1134.68
T0004096,2025-09-14,C00684,P0036,Ahmedabad,1,0,471.39,471.39
T0004097,2025-08-04,C00059,P0035,Pune,1,20,293.6,293.6
T0004098,2025-08-09,C00403,P0080,Pune,1,10,294.85,294.85
T0004099,2025-11-13,C00385,P0084,Ahmedabad,1,10,477.31,477.31
T0004100,2025-10-24,C00731,P0053,Kolkata,2,15,162.91,325.82
T0004101,2025-07-26,C00545,P0091,Chennai,2,0,279.87,559.74
T0004102,2026-04-14,C00341,P0039,Mumbai,1,0,715.73,715.73
T0004103,2026-08-05,C00764,P0067,Kolkata,2,10,437.69,875.38
T0004104,2026-03-31,C00364,P0006,Pune,2,5,320.44,640.88
T0004105,2026-03-03,C00144,P0004,Ahmedabad,2,10,504.8,1009.6
T0004106,2026-02-15,C00838,P0052,Kolkata,1,0,256.33,256.33
T0004107,2026-04-20,C00052,P0038,Chennai,1,0,562.66,562.66
T0004108,2026-04-14,C00392,P0023,Chennai,1,0,449.99,449.99
T0004109,2025-10-10,C00408,P0080,Delhi,1,10,294.85,294.85
T0004110,2026-01-05,C00636,P0043,Delhi,1,15,245.62,245.62
T0004111,2026-09-28,C00588,P0031,Bengaluru,1,25,174.08,174.08
T0004112,2025-10-21,C00467,P0094,Delhi,1,20,846.57,846.57
T0004113,2026-06-04,C00481,P0042,Hyderabad,2,0,763.91,1527.82
T0004114,2025-01-07,C00310,P0067,Ahmedabad,1,15,413.37,413.37
T0004115,2025-04-26,C00040,P0033,Kolkata,3,10,248.9,746.7
T0004116,2026-09-20,C00577,P0043,Bengaluru,1,5,274.52,274.52
T0004117,2026-04-23,C00733,P0087,Ahmedabad,1,15,290.2,290.2
T0004118,2026-07-03,C00336,P0093,Hyderabad,2,0,567.34,1134.68
T0004119,2026-07-12,C00259,P0058,Pune,4,0,824.2,3296.8
T0004120,2026-01-22,C00370,P0040,Delhi,1,0,731.47,731.47
T0004121,2026-06-06,C00715,P0041,Pune,1,0,930.63,930.63
T0004122,2026-06-02,C00768,P0021,Delhi,3,5,597.11,1791.33
T0004123,2025-06-07,C00331,P0051,Pune,4,5,794.3,3177.2
T0004124,2026-07-09,C00323,P0078,Ahmedabad,2,0,361.61,723.22
T0004125,2026-07-17,C00779,P0014,Hyderabad,1,10,834.21,834.21
T0004126,2026-05-21,C00204,P0087,Delhi,4,10,307.27,1229.08
T0004127,2026-04-11,C00639,P0077,Mumbai,1,5,1513.44,1513.44
T0004128,2025-06-21,C00379,P0043,Delhi,2,15,245.62,491.24
T0004129,2025-04-11,C00505,P0018,Bengaluru,1,0,767.23,767.23
T0004130,2025-09-30,C00987,P0010,Bengaluru,1,0,1094.67,1094.67
T0004131,2025-08-04,C00467,P0044,Delhi,2,5,379.13,758.26
T0004132,2025-10-07,C00491,P0010,Hyderabad,2,5,1039.94,2079.88
T0004133,2026-09-29,C00244,P0016,Hyderabad,1,10,952.35,952.35
T0004134,2025-07-06,C00117,P0030,Ahmedabad,1,10,347.85,347.85
T0004135,2026-04-18,C00588,P0011,Bengaluru,1,15,324.27,324.27
T0004136,2025-02-07,C00556,P0067,Mumbai,2,10,437.69,875.38
T0004137,2025-06-17,C00782,P0009,Chennai,3,0,121.01,363.03
T0004138,2025-02-10,C00566,P0094,Chennai,1,0,1058.21,1058.21
T0004139,2025-07-01,C00562,P0093,Bengaluru,1,20,453.87,453.87
T0004140,2025-02-19,C00181,P0036,Mumbai,2,5,447.82,895.64
T0004141,2025-03-26,C00408,P0011,Delhi,1,0,381.49,381.49
T0004142,2025-12-03,C00216,P0068,Kolkata,2,15,292.32,584.64
T0004143,2026-08-03,C00921,P0093,Pune,1,5,538.97,538.97
T0004144,2025-12-25,C00985,P0082,Hyderabad,2,0,352.74,705.48
T0004145,2025-05-13,C00474,P0032,Delhi,2,0,948.64,1897.28
T0004146,2025-03-01,C00502,P0029,Delhi,1,15,355.12,355.12
T0004147,2025-10-25,C00455,P0089,Bengaluru,3,20,168.13,504.39
T0004148,2026-07-21,C00325,P0047,Kolkata,2,5,684.49,1368.98
T0004149,2025-02-22,C00271,P0024,Mumbai,2,0,254.35,508.7
T0004150,2025-08-02,C00730,P0043,Chennai,1,10,260.07,260.07
T0004151,2025-11-23,C00616,P0032,Chennai,2,0,948.64,1897.28
T0004152,2025-09-13,C00836,P0080,Chennai,1,15,278.47,278.47
T0004153,2026-04-03,C00743,P0033,Bengaluru,1,25,207.41,207.41
T0004154,2025-09-01,C00734,P0090,Hyderabad,3,15,238.61,715.83
T0004155,2026-01-02,C00966,P0015,Bengaluru,2,0,2573.78,5147.56
T0004156,2025-01-24,C00155,P0007,Hyderabad,2,0,524.2,1048.4
T0004157,2025-02-23,C00283,P0017,Chennai,1,10,280.17,280.17
T0004158,2026-04-19,C00849,P0070,Bengaluru,3,20,538.98,1616.94
T0004159,2026-07-27,C00730,P0093,Chennai,1,15,482.24,482.24
T0004160,2025-02-13,C00405,P0022,Ahmedabad,3,15,401.54,1204.62
T0004161,2025-01-25,C00320,P0006,Mumbai,1,0,337.31,337.31
T0004162,2026-01-29,C00773,P0040,Chennai,1,5,694.9,694.9
T0004163,2025-07-07,C00186,P0053,Delhi,2,0,191.66,383.32
T0004164,2025-10-28,C00412,P0068,Ahmedabad,2,5,326.7,653.4
T0004165,2025-02-22,C00309,P0021,Chennai,2,5,597.11,1194.22
T0004166,2026-01-25,C00475,P0072,Ahmedabad,1,25,223.51,223.51
T0004167,2025-01-29,C00308,P0053,Kolkata,1,25,143.74,143.74
T0004168,2026-05-31,C00683,P0069,Delhi,1,15,105.43,105.43
T0004169,2025-11-11,C00002,P0019,Mumbai,1,10,156.57,156.57
T0004170,2026-07-19,C00975,P0085,Bengaluru,1,0,586.1,586.1
T0004171,2025-06-13,C00486,P0034,Ahmedabad,1,0,281.14,281.14
T0004172,2026-05-02,C00954,P0011,Hyderabad,4,0,381.49,1525.96
T0004173,2025-03-06,C00700,P0068,Mumbai,3,5,326.7,980.1
T0004174,2025-11-27,C00333,P0020,Hyderabad,1,0,1079.62,1079.62
T0004175,2025-11-21,C00928,P0007,Kolkata,1,0,524.2,524.2
T0004176,2025-07-31,C00990,P0081,Bengaluru,1,15,1865.47,1865.47
T0004177,2025-02-17,C00558,P0098,Delhi,1,25,790.43,790.43
T0004178,2025-02-21,C00231,P0007,Mumbai,1,10,471.78,471.78
T0004179,2026-08-23,C00534,P0036,Kolkata,1,5,447.82,447.82
T0004180,2025-12-02,C00648,P0068,Ahmedabad,2,0,343.9,687.8
T0004181,2026-03-12,C00736,P0025,Pune,1,0,185.23,185.23
T0004182,2025-05-08,C00496,P0036,Delhi,1,25,353.54,353.54
T0004183,2026-07-14,C00076,P0095,Pune,1,10,312.0,312.0
T0004184,2025-07-28,C00199,P0093,Bengaluru,1,25,425.5,425.5
T0004185,2025-01-19,C00342,P0051,Kolkata,2,15,710.69,1421.38
T0004186,2025-08-17,C00495,P0007,Ahmedabad,1,5,497.99,497.99
T0004187,2025-07-28,C00147,P0011,Delhi,1,0,381.49,381.49
T0004188,2026-02-19,C00411,P0062,Hyderabad,1,0,1322.57,1322.57
T0004189,2026-02-08,C00757,P0069,Mumbai,1,0,124.03,124.03
T0004190,2026-09-30,C00738,P0031,Mumbai,3,0,232.11,696.33
T0004191,2026-06-17,C00283,P0006,Chennai,3,10,303.58,910.74
T0004192,2025-03-10,C00016,P0003,Bengaluru,1,25,267.5,267.5
T0004193,2026-04-12,C00411,P0008,Hyderabad,2,15,156.77,313.54
T0004194,2025-06-22,C00734,P0061,Hyderabad,1,15,190.32,190.32
T0004195,2026-06-18,C00568,P0043,Pune,2,15,245.62,491.24
T0004196,2025-06-21,C00072,P0051,Mumbai,1,5,794.3,794.3
T0004197,2026-02-13,C00635,P0082,Chennai,3,10,317.47,952.41
T0004198,2025-12-01,C00991,P0077,Pune,2,15,1354.13,2708.26
T0004199,2025-04-05,C00630,P0016,Bengaluru,1,0,1058.17,1058.17
T0004200,2025-01-03,C00409,P0097,Ahmedabad,2,10,1716.2,3432.4
T0004201,2026-06-06,C00372,P0097,Hyderabad,1,5,1811.55,1811.55
T0004202,2025-07-29,C00321,P0089,Hyderabad,1,0,210.16,210.16
T0004203,2025-04-16,C00920,P0058,Pune,2,20,659.36,1318.72
T0004204,2025-07-27,C00603,P0029,Kolkata,1,0,417.79,417.79
T0004205,2025-06-04,C00861,P0100,Pune,1,5,472.07,472.07
T0004206,2025-09-16,C00842,P0059,Ahmedabad,2,0,257.22,514.44
T0004207,2026-01-29,C00157,P0085,Kolkata,1,5,556.79,556.79
T0004208,2025-05-20,C00847,P0074,Mumbai,1,0,461.41,461.41
T0004209,2026-06-14,C00988,P0006,Delhi,1,10,303.58,303.58
T0004210,2025-08-18,C00755,P0017,Hyderabad,1,15,264.6,264.6
T0004211,2026-06-26,C00416,P0063,Bengaluru,1,0,141.64,141.64
T0004212,2025-03-10,C00165,P0023,Delhi,1,0,449.99,449.99
T0004213,2025-01-07,C00520,P0082,Kolkata,1,25,264.56,264.56
T0004214,2026-04-07,C00318,P0086,Bengaluru,1,0,413.61,413.61
T0004215,2026-01-18,C00343,P0082,Pune,2,15,299.83,599.66
T0004216,2025-11-17,C00186,P0022,Delhi,2,10,425.16,850.32
T0004217,2025-10-12,C00689,P0034,Hyderabad,4,5,267.08,1068.32
T0004218,2026-01-05,C00801,P0074,Pune,1,15,392.2,392.2
T0004219,2025-12-26,C00541,P0034,Delhi,1,0,281.14,281.14
T0004220,2025-08-26,C00214,P0092,Bengaluru,1,0,337.81,337.81
T0004221,2025-10-07,C00671,P0004,Kolkata,1,5,532.85,532.85
T0004222,2026-02-15,C00476,P0068,Kolkata,1,25,257.92,257.92
T0004223,2025-07-29,C00784,P0075,Bengaluru,1,5,160.64,160.64
T0004224,2026-07-22,C00547,P0048,Pune,1,5,584.76,584.76
T0004225,2026-07-04,C00895,P0007,Mumbai,1,0,524.2,524.2
T0004226,2026-05-26,C00980,P0095,Kolkata,2,0,346.67,693.34
T0004227,2026-08-19,C00690,P0037,Delhi,3,5,278.51,835.53
T0004228,2025-05-15,C00139,P0080,Kolkata,1,10,294.85,294.85
T0004229,2026-02-04,C00188,P0031,Pune,1,0,232.11,232.11
T0004230,2026-02-21,C00374,P0093,Delhi,1,5,538.97,538.97
T0004231,2026-09-17,C00207,P0064,Kolkata,1,0,693.68,693.68
T0004232,2025-01-03,C00376,P0086,Hyderabad,1,0,413.61,413.61
T0004233,2025-01-30,C00456,P0032,Kolkata,1,0,948.64,948.64
T0004234,2025-08-26,C00583,P0035,Mumbai,1,0,367.0,367.0
T0004235,2026-09-18,C00739,P0093,Delhi,1,15,482.24,482.24
T0004236,2026-08-06,C00614,P0078,Pune,1,0,361.61,361.61
T0004237,2025-12-17,C00342,P0081,Kolkata,4,5,2084.94,8339.76
T0004238,2025-04-05,C00017,P0040,Chennai,1,0,731.47,731.47
T0004239,2026-09-08,C00633,P0035,Bengaluru,1,25,275.25,275.25
T0004240,2025-07-26,C00420,P0015,Delhi,1,5,2445.09,2445.09
T0004241,2026-05-02,C00205,P0049,Ahmedabad,1,20,109.58,109.58
T0004242,2025-05-12,C00133,P0076,Kolkata,2,0,393.24,786.48
T0004243,2026-01-01,C00374,P0068,Delhi,1,10,309.51,309.51
T0004244,2025-04-28,C00694,P0016,Pune,2,0,1058.17,2116.34
T0004245,2026-09-15,C00573,P0040,Chennai,1,10,658.32,658.32
T0004246,2025-05-20,C00679,P0011,Ahmedabad,3,10,343.34,1030.02
T0004247,2026-05-20,C00909,P0065,Ahmedabad,1,10,1142.38,1142.38
T0004248,2026-07-27,C00378,P0053,Chennai,1,5,182.08,182.08
T0004249,2025-07-05,C00932,P0068,Kolkata,1,20,275.12,275.12
T0004250,2026-05-24,C00221,P0050,Kolkata,1,5,1076.38,1076.38
T0004251,2025-02-02,C00876,P0083,Pune,1,0,4654.23,4654.23
T0004252,2026-05-10,C00082,P0038,Hyderabad,1,10,506.39,506.39
T0004253,2026-03-10,C00170,P0015,Ahmedabad,1,0,2573.78,2573.78
T0004254,2025-04-16,C00034,P0051,Hyderabad,1,15,710.69,710.69
T0004255,2025-03-19,C00794,P0070,Ahmedabad,1,10,606.36,606.36
T0004256,2025-08-15,C00546,P0001,Bengaluru,1,20,585.28,585.28
T0004257,2026-04-17,C00175,P0010,Kolkata,1,15,930.47,930.47
T0004258,2025-04-26,C00217,P0021,Pune,2,25,471.4,942.8
T0004259,2025-10-07,C00815,P0067,Bengaluru,1,5,462.0,462.0
T0004260,2026-06-04,C00798,P0017,Bengaluru,3,0,311.3,933.9
T0004261,2025-07-08,C00499,P0089,Mumbai,3,0,210.16,630.48
T0004262,2025-04-23,C00089,P0016,Kolkata,1,0,1058.17,1058.17
T0004263,2026-09-29,C00172,P0062,Hyderabad,1,20,1058.06,1058.06
T0004264,2025-02-09,C00332,P0061,Bengaluru,1,10,201.51,201.51
T0004265,2025-06-04,C00023,P0083,Delhi,2,15,3956.1,7912.2
T0004266,2025-08-05,C00567,P0077,Kolkata,1,5,1513.44,1513.44
T0004267,2025-07-31,C00411,P0089,Hyderabad,1,0,210.16,210.16
T0004268,2025-04-08,C00155,P0052,Hyderabad,2,10,230.7,461.4
T0004269,2025-05-20,C00541,P0078,Delhi,1,10,325.45,325.45
T0004270,2026-02-20,C00913,P0019,Ahmedabad,1,15,147.87,147.87
T0004271,2026-08-20,C00329,P0077,Pune,1,0,1593.09,1593.09
T0004272,2026-07-27,C00512,P0060,Bengaluru,1,15,279.85,279.85
T0004273,2025-10-20,C00785,P0087,Mumbai,1,0,341.41,341.41
T0004274,2025-08-01,C00901,P0069,Bengaluru,1,10,111.63,111.63
T0004275,2025-06-15,C00839,P0034,Hyderabad,2,5,267.08,534.16
T0004276,2025-05-18,C00503,P0018,Ahmedabad,1,20,613.78,613.78
T0004277,2025-08-26,C00866,P0056,Chennai,1,10,480.53,480.53
T0004278,2025-11-12,C00530,P0083,Pune,1,25,3490.67,3490.67
T0004279,2026-09-12,C00037,P0041,Pune,1,0,930.63,930.63
T0004280,2025-08-04,C00286,P0061,Hyderabad,1,15,190.32,190.32
T0004281,2025-02-12,C00681,P0069,Bengaluru,1,0,124.03,124.03
T0004282,2025-08-03,C00307,P0078,Mumbai,2,0,361.61,723.22
T0004283,2025-08-25,C00959,P0006,Hyderabad,1,5,320.44,320.44
T0004284,2025-10-01,C00653,P0024,Hyderabad,1,5,241.63,241.63
T0004285,2025-03-01,C00890,P0058,Kolkata,1,0,824.2,824.2
T0004286,2026-04-21,C00401,P0069,Hyderabad,1,20,99.22,99.22
T0004287,2026-07-22,C00655,P0066,Ahmedabad,2,5,948.67,1897.34
T0004288,2025-08-05,C00213,P0087,Chennai,1,15,290.2,290.2
T0004289,2025-05-09,C00711,P0020,Pune,1,10,971.66,971.66
T0004290,2026-05-19,C00974,P0066,Hyderabad,1,5,948.67,948.67
T0004291,2025-04-17,C00247,P0009,Chennai,2,15,102.86,205.72
T0004292,2026-08-30,C00781,P0046,Ahmedabad,1,15,483.63,483.63
T0004293,2025-08-23,C00928,P0084,Kolkata,2,0,530.34,1060.68
T0004294,2025-08-26,C00327,P0035,Chennai,1,5,348.65,348.65
T0004295,2026-07-29,C00107,P0064,Mumbai,1,15,589.63,589.63
T0004296,2026-08-11,C00073,P0068,Kolkata,1,0,343.9,343.9
T0004297,2025-04-27,C00803,P0092,Delhi,1,0,337.81,337.81
T0004298,2026-02-14,C00819,P0082,Pune,1,25,264.56,264.56
T0004299,2025-03-06,C00070,P0021,Ahmedabad,1,10,565.69,565.69
T0004300,2026-02-15,C00575,P0012,Kolkata,1,10,199.96,199.96
T0004301,2025-12-16,C00892,P0088,Chennai,1,5,195.61,195.61
T0004302,2026-07-11,C00098,P0084,Pune,1,0,530.34,530.34
T0004303,2025-12-25,C00667,P0070,Hyderabad,2,5,640.04,1280.08
T0004304,2025-08-11,C00383,P0043,Chennai,2,20,231.18,462.36
T0004305,2025-11-10,C00386,P0068,Hyderabad,2,5,326.7,653.4
T0004306,2025-12-16,C00770,P0016,Chennai,1,0,1058.17,1058.17
T0004307,2025-05-21,C00072,P0081,Mumbai,2,5,2084.94,4169.88
T0004308,2026-02-02,C00616,P0032,Chennai,2,5,901.21,1802.42
T0004309,2025-03-19,C00833,P0087,Bengaluru,1,0,341.41,341.41
T0004310,2026-01-06,C00813,P0047,Hyderabad,1,15,612.44,612.44
T0004311,2026-07-10,C00943,P0019,Delhi,1,10,156.57,156.57
T0004312,2026-01-30,C00297,P0062,Ahmedabad,1,0,1322.57,1322.57
T0004313,2025-07-08,C00027,P0088,Hyderabad,1,0,205.91,205.91
T0004314,2025-08-12,C00702,P0061,Ahmedabad,3,0,223.9,671.7
T0004315,2025-08-18,C00517,P0004,Hyderabad,1,10,504.8,504.8
T0004316,2025-02-03,C00869,P0099,Chennai,1,0,306.5,306.5
T0004317,2025-05-22,C00296,P0058,Bengaluru,1,0,824.2,824.2
T0004318,2026-09-18,C00964,P0046,Bengaluru,1,0,568.98,568.98
T0004319,2025-07-05,C00887,P0085,Kolkata,1,0,586.1,586.1
T0004320,2026-09-08,C00233,P0026,Delhi,1,10,514.13,514.13
T0004321,2025-10-04,C00867,P0005,Kolkata,2,25,112.11,224.22
T0004322,2025-07-17,C00010,P0023,Bengaluru,1,10,404.99,404.99
T0004323,2026-04-02,C00014,P0019,Kolkata,1,5,165.27,165.27
T0004324,2026-04-27,C00526,P0072,Pune,2,5,283.11,566.22
T0004325,2025-02-24,C00110,P0034,Mumbai,2,10,253.03,506.06
T0004326,2025-09-21,C00761,P0036,Delhi,2,5,447.82,895.64
T0004327,2025-02-14,C00748,P0003,Pune,1,15,303.16,303.16
T0004328,2025-12-01,C00558,P0022,Delhi,1,10,425.16,425.16
T0004329,2025-03-29,C00404,P0068,Bengaluru,1,0,343.9,343.9
T0004330,2026-05-29,C00240,P0040,Ahmedabad,2,10,658.32,1316.64
T0004331,2025-12-08,C00434,P0004,Chennai,1,10,504.8,504.8
T0004332,2025-06-26,C00838,P0017,Kolkata,1,0,311.3,311.3
T0004333,2025-01-10,C00755,P0006,Hyderabad,1,5,320.44,320.44
T0004334,2026-07-30,C00986,P0040,Ahmedabad,2,5,694.9,1389.8
T0004335,2026-01-16,C00929,P0031,Delhi,1,0,232.11,232.11
T0004336,2026-05-25,C00669,P0031,Bengaluru,2,20,185.69,371.38
T0004337,2026-08-04,C00884,P0007,Chennai,1,10,471.78,471.78
T0004338,2025-03-24,C00696,P0067,Kolkata,1,0,486.32,486.32
T0004339,2025-09-29,C00532,P0034,Mumbai,1,10,253.03,253.03
T0004340,2026-01-24,C00331,P0031,Pune,2,15,197.29,394.58
T0004341,2025-10-09,C00971,P0087,Bengaluru,2,0,341.41,682.82
T0004342,2025-04-24,C00202,P0049,Chennai,2,5,130.12,260.24
T0004343,2025-01-22,C00068,P0079,Bengaluru,1,20,328.66,328.66
T0004344,2025-02-18,C00431,P0100,Mumbai,1,10,447.23,447.23
T0004345,2025-05-02,C00325,P0047,Kolkata,2,5,684.49,1368.98
T0004346,2026-03-08,C00124,P0043,Ahmedabad,2,5,274.52,549.04
T0004347,2025-03-03,C00879,P0006,Bengaluru,1,10,303.58,303.58
T0004348,2025-10-06,C00052,P0041,Chennai,1,0,930.63,930.63
T0004349,2025-01-02,C00107,P0021,Mumbai,2,5,597.11,1194.22
T0004350,2026-08-27,C00751,P0068,Chennai,1,20,275.12,275.12
T0004351,2025-09-05,C00733,P0036,Ahmedabad,1,0,471.39,471.39
T0004352,2026-06-08,C00408,P0058,Delhi,1,10,741.78,741.78
T0004353,2026-07-04,C00980,P0022,Kolkata,1,10,425.16,425.16
T0004354,2025-04-15,C00421,P0091,Pune,1,25,209.9,209.9
T0004355,2025-05-12,C00165,P0065,Delhi,1,15,1078.91,1078.91
T0004356,2025-01-16,C00152,P0039,Delhi,1,5,679.94,679.94
T0004357,2025-09-02,C00679,P0031,Ahmedabad,1,0,232.11,232.11
T0004358,2025-05-09,C00943,P0007,Delhi,1,10,471.78,471.78
T0004359,2025-06-09,C00801,P0052,Pune,1,10,230.7,230.7
T0004360,2025-01-06,C00087,P0099,Mumbai,2,0,306.5,613.0
T0004361,2025-03-13,C00596,P0043,Pune,1,25,216.73,216.73
T0004362,2025-11-15,C00621,P0083,Chennai,1,5,4421.52,4421.52
T0004363,2025-09-06,C00082,P0088,Hyderabad,1,15,175.02,175.02
T0004364,2025-10-23,C00643,P0021,Chennai,1,0,628.54,628.54
T0004365,2025-05-13,C00068,P0050,Bengaluru,1,20,906.42,906.42
T0004366,2025-02-02,C00295,P0046,Pune,1,10,512.08,512.08
T0004367,2025-11-01,C00374,P0043,Delhi,2,25,216.73,433.46
T0004368,2025-12-24,C00793,P0083,Pune,1,10,4188.81,4188.81
T0004369,2025-12-28,C00402,P0027,Bengaluru,1,0,598.6,598.6
T0004370,2026-02-01,C00164,P0043,Delhi,1,5,274.52,274.52
T0004371,2026-09-08,C00036,P0084,Mumbai,1,0,530.34,530.34
T0004372,2025-08-29,C00436,P0042,Ahmedabad,2,5,725.71,1451.42
T0004373,2025-03-28,C00773,P0004,Chennai,2,10,504.8,1009.6
T0004374,2025-06-09,C00881,P0076,Ahmedabad,1,0,393.24,393.24
T0004375,2026-06-10,C00446,P0083,Chennai,1,0,4654.23,4654.23
T0004376,2025-10-27,C00478,P0080,Ahmedabad,1,0,327.61,327.61
T0004377,2026-08-25,C00937,P0053,Mumbai,3,10,172.49,517.47
T0004378,2025-12-21,C00343,P0083,Pune,1,5,4421.52,4421.52
T0004379,2026-03-23,C00559,P0086,Chennai,2,15,351.57,703.14
T0004380,2026-02-18,C00883,P0047,Chennai,1,15,612.44,612.44
T0004381,2026-09-30,C00682,P0009,Hyderabad,1,0,121.01,121.01
T0004382,2025-01-22,C00403,P0091,Pune,3,0,279.87,839.61
T0004383,2026-04-10,C00472,P0047,Chennai,1,0,720.52,720.52
T0004384,2025-03-02,C00164,P0043,Delhi,4,10,260.07,1040.28
T0004385,2026-08-30,C00465,P0013,Pune,1,0,582.69,582.69
T0004386,2025-07-31,C00660,P0098,Hyderabad,1,10,948.52,948.52
T0004387,2025-09-06,C00035,P0051,Ahmedabad,1,10,752.5,752.5
T0004388,2025-12-27,C00057,P0025,Delhi,1,25,138.92,138.92
T0004389,2025-04-08,C00237,P0069,Chennai,1,25,93.02,93.02
T0004390,2025-11-30,C00226,P0100,Delhi,1,10,447.23,447.23
T0004391,2026-02-27,C00792,P0093,Kolkata,1,15,482.24,482.24
T0004392,2025-04-29,C00348,P0056,Mumbai,1,5,507.22,507.22
T0004393,2025-09-04,C00214,P0045,Bengaluru,1,25,121.72,121.72
T0004394,2026-03-25,C00905,P0014,Pune,1,20,741.52,741.52
T0004395,2025-07-06,C00084,P0019,Mumbai,2,5,165.27,330.54
T0004396,2025-11-07,C00525,P0099,Chennai,2,0,306.5,613.0
T0004397,2026-05-20,C00173,P0005,Hyderabad,1,10,134.53,134.53
T0004398,2026-01-13,C00329,P0041,Pune,1,5,884.1,884.1
T0004399,2026-07-26,C00897,P0093,Hyderabad,1,0,567.34,567.34
T0004400,2025-01-02,C00728,P0036,Chennai,1,0,471.39,471.39
T0004401,2026-02-18,C00469,P0065,Delhi,1,15,1078.91,1078.91
T0004402,2026-09-13,C00950,P0006,Mumbai,1,0,337.31,337.31
T0004403,2026-01-24,C00489,P0096,Chennai,1,5,923.08,923.08
T0004404,2025-12-23,C00198,P0065,Chennai,1,0,1269.31,1269.31
T0004405,2025-04-16,C00595,P0025,Pune,2,5,175.97,351.94
T0004406,2026-06-21,C00294,P0068,Chennai,1,10,309.51,309.51
T0004407,2026-09-04,C00578,P0040,Ahmedabad,1,0,731.47,731.47
T0004408,2025-08-07,C00178,P0015,Mumbai,3,0,2573.78,7721.34
T0004409,2025-03-17,C00197,P0002,Hyderabad,2,25,243.74,487.48
T0004410,2025-10-21,C00426,P0086,Hyderabad,2,5,392.93,785.86
T0004411,2025-08-18,C00809,P0035,Ahmedabad,2,15,311.95,623.9
T0004412,2026-01-23,C00096,P0062,Chennai,1,15,1124.18,1124.18
T0004413,2026-07-31,C00989,P0043,Pune,1,0,288.97,288.97
T0004414,2025-06-03,C00700,P0043,Mumbai,1,10,260.07,260.07
T0004415,2025-12-05,C00590,P0064,Ahmedabad,1,15,589.63,589.63
T0004416,2026-06-10,C00998,P0044,Mumbai,1,5,379.13,379.13
T0004417,2025-12-27,C00537,P0077,Hyderabad,2,15,1354.13,2708.26
T0004418,2026-02-14,C00741,P0080,Pune,1,15,278.47,278.47
T0004419,2026-04-15,C00791,P0066,Kolkata,1,15,848.81,848.81
T0004420,2025-11-21,C00027,P0010,Hyderabad,1,5,1039.94,1039.94
T0004421,2026-05-13,C00997,P0093,Ahmedabad,1,5,538.97,538.97
T0004422,2025-05-25,C00912,P0012,Hyderabad,1,20,177.74,177.74
T0004423,2025-04-15,C00948,P0042,Delhi,1,0,763.91,763.91
T0004424,2025-04-04,C00802,P0063,Chennai,1,10,127.48,127.48
T0004425,2026-09-16,C00321,P0054,Hyderabad,2,5,276.74,553.48
T0004426,2025-03-09,C00868,P0078,Delhi,1,5,343.53,343.53
T0004427,2025-09-15,C00492,P0005,Pune,1,10,134.53,134.53
T0004428,2026-05-06,C00750,P0093,Hyderabad,1,0,567.34,567.34
T0004429,2025-09-07,C00836,P0011,Chennai,1,10,343.34,343.34
T0004430,2026-04-30,C00115,P0032,Delhi,1,15,806.34,806.34
T0004431,2026-04-26,C00438,P0005,Chennai,2,0,149.48,298.96
T0004432,2025-08-23,C00823,P0014,Bengaluru,1,0,926.9,926.9
T0004433,2026-05-11,C00187,P0056,Hyderabad,1,15,453.83,453.83
T0004434,2026-09-03,C00880,P0072,Hyderabad,1,10,268.21,268.21
T0004435,2025-03-09,C00936,P0058,Delhi,4,0,824.2,3296.8
T0004436,2026-06-25,C00392,P0083,Chennai,1,15,3956.1,3956.1
T0004437,2025-07-19,C00705,P0057,Chennai,2,10,384.84,769.68
T0004438,2026-04-07,C00987,P0026,Bengaluru,1,10,514.13,514.13
T0004439,2026-08-09,C00044,P0093,Hyderabad,1,0,567.34,567.34
T0004440,2026-07-08,C00171,P0074,Pune,1,0,461.41,461.41
T0004441,2025-09-30,C00110,P0032,Mumbai,2,5,901.21,1802.42
T0004442,2025-03-31,C00361,P0091,Mumbai,1,0,279.87,279.87
T0004443,2025-04-25,C00984,P0068,Pune,1,10,309.51,309.51
T0004444,2025-09-17,C00276,P0046,Kolkata,1,10,512.08,512.08
T0004445,2025-03-04,C00786,P0020,Kolkata,1,10,971.66,971.66
T0004446,2026-04-20,C00594,P0037,Bengaluru,1,10,263.85,263.85
T0004447,2025-08-14,C00056,P0093,Ahmedabad,3,5,538.97,1616.91
T0004448,2026-07-19,C00474,P0032,Delhi,2,10,853.78,1707.56
T0004449,2026-04-04,C00816,P0035,Chennai,1,0,367.0,367.0
T0004450,2025-08-01,C00413,P0025,Ahmedabad,2,5,175.97,351.94
T0004451,2026-06-08,C00990,P0051,Bengaluru,1,25,627.08,627.08
T0004452,2026-04-12,C00943,P0069,Delhi,2,0,124.03,248.06
T0004453,2025-09-16,C00091,P0050,Bengaluru,1,0,1133.03,1133.03
T0004454,2026-05-31,C00087,P0072,Mumbai,1,20,238.41,238.41
T0004455,2025-07-19,C00569,P0027,Mumbai,1,10,538.74,538.74
T0004456,2025-06-07,C00184,P0019,Delhi,2,25,130.48,260.96
T0004457,2025-01-21,C00360,P0051,Chennai,3,20,668.89,2006.67
T0004458,2026-01-20,C00639,P0088,Mumbai,3,15,175.02,525.06
T0004459,2026-03-28,C00438,P0046,Chennai,3,10,512.08,1536.24
T0004460,2025-12-25,C00595,P0056,Pune,1,10,480.53,480.53
T0004461,2026-06-13,C00033,P0046,Hyderabad,1,10,512.08,512.08
T0004462,2025-09-18,C00091,P0075,Bengaluru,1,25,126.82,126.82
T0004463,2025-06-10,C00690,P0066,Delhi,1,0,998.6,998.6
T0004464,2025-04-02,C00390,P0063,Mumbai,1,5,134.56,134.56
T0004465,2026-02-07,C00903,P0054,Bengaluru,1,15,247.6,247.6
T0004466,2026-08-18,C00373,P0068,Bengaluru,1,5,326.7,326.7
T0004467,2025-08-07,C00734,P0026,Hyderabad,1,0,571.26,571.26
T0004468,2025-11-18,C00485,P0088,Chennai,2,15,175.02,350.04
T0004469,2025-10-12,C00250,P0048,Ahmedabad,2,5,584.76,1169.52
T0004470,2025-05-26,C00153,P0010,Kolkata,1,5,1039.94,1039.94
T0004471,2025-05-21,C00587,P0087,Hyderabad,1,0,341.41,341.41
T0004472,2025-12-21,C00088,P0088,Kolkata,2,0,205.91,411.82
T0004473,2026-03-29,C00021,P0042,Kolkata,3,10,687.52,2062.56
T0004474,2025-04-23,C00342,P0091,Kolkata,2,10,251.88,503.76
T0004475,2025-08-31,C00988,P0071,Delhi,1,0,1602.38,1602.38
T0004476,2026-05-24,C00166,P0031,Chennai,2,20,185.69,371.38
T0004477,2025-01-20,C00482,P0054,Mumbai,3,25,218.48,655.44
T0004478,2025-06-27,C00210,P0068,Kolkata,1,5,326.7,326.7
T0004479,2026-05-10,C00523,P0093,Pune,1,20,453.87,453.87
T0004480,2025-02-22,C00968,P0007,Pune,1,20,419.36,419.36
T0004481,2026-05-04,C00812,P0036,Hyderabad,3,20,377.11,1131.33
T0004482,2026-09-30,C00502,P0015,Delhi,1,5,2445.09,2445.09
T0004483,2026-01-25,C00666,P0042,Hyderabad,1,10,687.52,687.52
T0004484,2025-03-05,C00334,P0031,Mumbai,1,15,197.29,197.29
T0004485,2026-06-02,C00270,P0011,Mumbai,1,0,381.49,381.49
T0004486,2025-07-08,C00633,P0098,Bengaluru,1,5,1001.21,1001.21
T0004487,2026-03-21,C00721,P0059,Ahmedabad,1,10,231.5,231.5
T0004488,2026-06-19,C00374,P0068,Delhi,1,5,326.7,326.7
T0004489,2026-02-20,C00804,P0079,Pune,1,0,410.82,410.82
T0004490,2025-06-04,C00025,P0015,Ahmedabad,1,15,2187.71,2187.71
T0004491,2025-04-18,C00686,P0058,Delhi,1,0,824.2,824.2
T0004492,2026-01-19,C00331,P0080,Pune,1,5,311.23,311.23
T0004493,2026-09-07,C00582,P0097,Ahmedabad,1,5,1811.55,1811.55
T0004494,2025-10-28,C00488,P0043,Pune,1,5,274.52,274.52
T0004495,2026-05-16,C00368,P0086,Ahmedabad,2,0,413.61,827.22
T0004496,2026-09-02,C00209,P0100,Kolkata,1,0,496.92,496.92
T0004497,2025-11-25,C00859,P0065,Mumbai,1,20,1015.45,1015.45
T0004498,2025-01-31,C00326,P0042,Delhi,2,20,611.13,1222.26
T0004499,2025-10-13,C00131,P0047,Pune,1,10,648.47,648.47
T0004500,2026-04-16,C00291,P0097,Kolkata,1,10,1716.2,1716.2
T0004501,2025-03-26,C00938,P0080,Chennai,1,0,327.61,327.61
T0004502,2026-07-19,C00892,P0044,Chennai,2,5,379.13,758.26
T0004503,2026-05-09,C00812,P0025,Hyderabad,1,5,175.97,175.97
T0004504,2026-01-03,C00267,P0078,Bengaluru,1,15,307.37,307.37
T0004505,2026-04-19,C00742,P0054,Chennai,1,25,218.48,218.48
T0004506,2025-03-15,C00061,P0033,Kolkata,1,10,248.9,248.9
T0004507,2026-03-12,C00875,P0005,Delhi,1,0,149.48,149.48
T0004508,2026-07-10,C00039,P0072,Delhi,4,0,298.01,1192.04
T0004509,2026-01-05,C00700,P0043,Mumbai,1,20,231.18,231.18
T0004510,2026-03-18,C00343,P0023,Pune,1,0,449.99,449.99
T0004511,2025-08-31,C00104,P0091,Ahmedabad,3,0,279.87,839.61
T0004512,2026-02-20,C00342,P0067,Kolkata,1,5,462.0,462.0
T0004513,2026-01-26,C00103,P0008,Mumbai,2,10,165.99,331.98
T0004514,2025-06-07,C00934,P0050,Mumbai,2,5,1076.38,2152.76
T0004515,2025-08-31,C00918,P0033,Mumbai,1,0,276.55,276.55
T0004516,2025-01-15,C00814,P0008,Pune,1,5,175.21,175.21
T0004517,2025-10-17,C00147,P0091,Delhi,1,20,223.9,223.9
T0004518,2025-01-27,C00570,P0040,Pune,2,25,548.6,1097.2
T0004519,2025-09-07,C00066,P0025,Bengaluru,1,0,185.23,185.23
T0004520,2026-04-25,C00142,P0034,Ahmedabad,3,0,281.14,843.42
T0004521,2026-01-15,C00643,P0059,Chennai,4,5,244.36,977.44
T0004522,2025-10-29,C00844,P0003,Pune,3,0,356.66,1069.98
T0004523,2025-05-24,C00650,P0043,Kolkata,1,0,288.97,288.97
T0004524,2025-07-06,C00339,P0034,Ahmedabad,4,10,253.03,1012.12
T0004525,2026-06-07,C00666,P0064,Hyderabad,2,10,624.31,1248.62
T0004526,2025-10-30,C00559,P0033,Chennai,1,10,248.9,248.9
T0004527,2025-09-09,C00930,P0066,Bengaluru,3,20,798.88,2396.64
T0004528,2025-11-18,C00588,P0031,Bengaluru,2,10,208.9,417.8
T0004529,2025-01-09,C00945,P0041,Pune,1,0,930.63,930.63
T0004530,2025-03-25,C00149,P0013,Kolkata,1,0,582.69,582.69
T0004531,2026-09-06,C00555,P0031,Kolkata,3,25,174.08,522.24
T0004532,2025-01-20,C00135,P0067,Mumbai,2,0,486.32,972.64
T0004533,2025-09-27,C00035,P0011,Ahmedabad,1,25,286.12,286.12
T0004534,2026-07-02,C00735,P0068,Mumbai,3,20,275.12,825.36
T0004535,2025-05-22,C00810,P0080,Delhi,2,25,245.71,491.42
T0004536,2025-09-02,C00646,P0096,Mumbai,1,5,923.08,923.08
T0004537,2026-03-25,C00766,P0083,Kolkata,1,15,3956.1,3956.1
T0004538,2026-06-27,C00266,P0093,Chennai,1,10,510.61,510.61
T0004539,2025-05-24,C00632,P0088,Hyderabad,2,15,175.02,350.04
T0004540,2026-09-25,C00120,P0097,Delhi,1,0,1906.89,1906.89
T0004541,2026-09-02,C00889,P0071,Hyderabad,1,0,1602.38,1602.38
T0004542,2026-09-29,C00110,P0030,Mumbai,3,10,347.85,1043.55
T0004543,2025-11-12,C00091,P0050,Bengaluru,1,10,1019.73,1019.73
T0004544,2025-09-06,C00172,P0042,Hyderabad,2,20,611.13,1222.26
T0004545,2026-03-22,C00273,P0038,Mumbai,2,5,534.53,1069.06
T0004546,2025-04-19,C00853,P0050,Chennai,3,10,1019.73,3059.19
T0004547,2025-06-09,C00652,P0043,Chennai,1,5,274.52,274.52
T0004548,2025-05-12,C00404,P0093,Bengaluru,1,0,567.34,567.34
T0004549,2026-04-05,C00093,P0002,Delhi,2,10,292.49,584.98
T0004550,2026-06-16,C00941,P0071,Bengaluru,1,5,1522.26,1522.26
T0004551,2025-09-19,C00005,P0076,Bengaluru,2,10,353.92,707.84
T0004552,2026-08-11,C00758,P0014,Kolkata,3,10,834.21,2502.63
T0004553,2025-05-03,C00259,P0081,Pune,2,25,1646.0,3292.0
T0004554,2026-05-30,C00090,P0066,Chennai,1,5,948.67,948.67
T0004555,2026-03-14,C00833,P0013,Bengaluru,2,5,553.56,1107.12
T0004556,2025-08-20,C00700,P0043,Mumbai,2,10,260.07,520.14
T0004557,2025-10-09,C00867,P0005,Kolkata,1,10,134.53,134.53
T0004558,2026-04-27,C00278,P0094,Pune,2,0,1058.21,2116.42
T0004559,2026-01-30,C00850,P0087,Delhi,2,0,341.41,682.82
T0004560,2026-04-03,C00773,P0070,Chennai,2,15,572.67,1145.34
T0004561,2025-01-14,C00208,P0069,Mumbai,2,5,117.83,235.66
T0004562,2025-12-25,C00840,P0001,Chennai,1,0,731.6,731.6
T0004563,2025-02-25,C00242,P0013,Kolkata,3,25,437.02,1311.06
T0004564,2025-11-25,C00879,P0057,Bengaluru,2,10,384.84,769.68
T0004565,2026-07-31,C00098,P0002,Pune,1,5,308.74,308.74
T0004566,2026-03-18,C00327,P0039,Chennai,1,5,679.94,679.94
T0004567,2026-01-04,C00154,P0070,Bengaluru,2,15,572.67,1145.34
T0004568,2025-04-11,C00333,P0012,Hyderabad,1,10,199.96,199.96
T0004569,2026-09-07,C00196,P0068,Pune,4,0,343.9,1375.6
T0004570,2026-04-03,C00008,P0063,Kolkata,1,25,106.23,106.23
T0004571,2025-04-11,C00905,P0056,Pune,2,15,453.83,907.66
T0004572,2025-04-28,C00147,P0081,Delhi,1,15,1865.47,1865.47
T0004573,2025-03-29,C00517,P0004,Hyderabad,1,0,560.89,560.89
T0004574,2025-10-22,C00759,P0025,Delhi,1,20,148.18,148.18
T0004575,2025-06-05,C00720,P0014,Mumbai,1,15,787.86,787.86
T0004576,2026-02-10,C00180,P0004,Delhi,1,0,560.89,560.89
T0004577,2025-12-07,C00836,P0031,Chennai,2,0,232.11,464.22
T0004578,2026-06-26,C00313,P0051,Delhi,1,10,752.5,752.5
T0004579,2026-05-30,C00401,P0002,Hyderabad,2,5,308.74,617.48
T0004580,2025-11-17,C00024,P0093,Mumbai,2,0,567.34,1134.68
T0004581,2026-02-06,C00672,P0010,Pune,1,20,875.74,875.74
T0004582,2025-01-18,C00059,P0023,Pune,1,10,404.99,404.99
T0004583,2025-05-22,C00005,P0044,Bengaluru,1,0,399.08,399.08
T0004584,2026-04-06,C00397,P0068,Hyderabad,1,5,326.7,326.7
T0004585,2026-05-14,C00610,P0053,Delhi,1,25,143.74,143.74
T0004586,2025-12-24,C00276,P0016,Kolkata,2,10,952.35,1904.7
T0004587,2025-12-02,C00650,P0043,Kolkata,1,0,288.97,288.97
T0004588,2026-01-06,C00570,P0056,Pune,1,5,507.22,507.22
T0004589,2026-07-03,C00805,P0068,Mumbai,1,10,309.51,309.51
T0004590,2025-03-30,C00006,P0056,Hyderabad,1,0,533.92,533.92
T0004591,2026-01-28,C00334,P0081,Mumbai,2,0,2194.67,4389.34
T0004592,2025-07-28,C00018,P0086,Bengaluru,1,10,372.25,372.25
T0004593,2025-11-05,C00327,P0039,Chennai,1,5,679.94,679.94
T0004594,2026-03-09,C00898,P0044,Mumbai,3,15,339.22,1017.66
T0004595,2025-01-21,C00859,P0005,Mumbai,2,5,142.01,284.02
T0004596,2026-03-23,C00188,P0091,Pune,1,10,251.88,251.88
T0004597,2025-11-28,C00716,P0003,Hyderabad,4,0,356.66,1426.64
T0004598,2025-06-05,C00713,P0067,Mumbai,1,20,389.06,389.06
T0004599,2025-06-03,C00733,P0018,Ahmedabad,2,15,652.15,1304.3
T0004600,2025-06-18,C00914,P0055,Pune,2,10,3051.36,6102.72
T0004601,2025-04-22,C00646,P0071,Mumbai,1,15,1362.02,1362.02
T0004602,2025-10-27,C00463,P0020,Mumbai,1,0,1079.62,1079.62
T0004603,2025-11-03,C00958,P0088,Mumbai,1,0,205.91,205.91
T0004604,2025-09-11,C00099,P0043,Hyderabad,2,5,274.52,549.04
T0004605,2025-06-05,C00404,P0068,Bengaluru,3,20,275.12,825.36
T0004606,2026-06-01,C00323,P0024,Ahmedabad,2,5,241.63,483.26
T0004607,2025-12-05,C00845,P0083,Ahmedabad,2,0,4654.23,9308.46
T0004608,2026-04-18,C00605,P0084,Delhi,1,5,503.82,503.82
T0004609,2025-11-01,C00848,P0002,Pune,2,0,324.99,649.98
T0004610,2025-05-12,C00517,P0004,Hyderabad,1,10,504.8,504.8
T0004611,2025-08-04,C00556,P0011,Mumbai,1,0,381.49,381.49
T0004612,2025-06-15,C00756,P0059,Hyderabad,1,5,244.36,244.36
T0004613,2026-07-16,C00208,P0057,Mumbai,2,15,363.46,726.92
T0004614,2025-06-30,C00519,P0086,Chennai,2,0,413.61,827.22
T0004615,2026-06-27,C00293,P0001,Bengaluru,1,15,621.86,621.86
T0004616,2025-05-03,C00193,P0046,Mumbai,1,0,568.98,568.98
T0004617,2025-11-10,C00374,P0093,Delhi,2,0,567.34,1134.68
T0004618,2026-05-03,C00327,P0083,Chennai,1,0,4654.23,4654.23
T0004619,2026-03-04,C00811,P0051,Bengaluru,1,10,752.5,752.5
T0004620,2026-01-13,C00940,P0015,Pune,1,20,2059.02,2059.02
T0004621,2025-06-04,C00165,P0083,Delhi,1,0,4654.23,4654.23
T0004622,2025-11-26,C00123,P0093,Ahmedabad,2,10,510.61,1021.22
T0004623,2026-02-23,C00440,P0094,Bengaluru,1,5,1005.3,1005.3
T0004624,2025-10-22,C00503,P0087,Ahmedabad,1,0,341.41,341.41
T0004625,2026-07-16,C00288,P0100,Chennai,3,5,472.07,1416.21
T0004626,2025-06-11,C00513,P0041,Chennai,1,0,930.63,930.63
T0004627,2025-12-30,C00667,P0056,Hyderabad,2,0,533.92,1067.84
T0004628,2025-02-10,C00108,P0100,Bengaluru,1,20,397.54,397.54
T0004629,2026-01-29,C00794,P0056,Ahmedabad,1,10,480.53,480.53
T0004630,2026-03-05,C00665,P0026,Chennai,1,10,514.13,514.13
T0004631,2025-08-11,C00152,P0016,Delhi,3,15,899.44,2698.32
T0004632,2025-05-16,C00266,P0068,Chennai,1,10,309.51,309.51
T0004633,2025-03-11,C00635,P0035,Chennai,1,0,367.0,367.0
T0004634,2025-10-26,C00054,P0051,Kolkata,1,25,627.08,627.08
T0004635,2025-10-12,C00692,P0013,Ahmedabad,2,0,582.69,1165.38
T0004636,2026-01-05,C00666,P0021,Hyderabad,1,10,565.69,565.69
T0004637,2026-06-09,C00966,P0085,Bengaluru,1,15,498.18,498.18
T0004638,2025-02-26,C00029,P0043,Bengaluru,2,0,288.97,577.94
T0004639,2026-01-06,C00994,P0059,Mumbai,3,10,231.5,694.5
T0004640,2025-06-03,C00899,P0051,Ahmedabad,2,5,794.3,1588.6
T0004641,2025-01-23,C00269,P0040,Hyderabad,2,15,621.75,1243.5
T0004642,2025-02-10,C00432,P0040,Kolkata,1,0,731.47,731.47
T0004643,2025-11-12,C00676,P0068,Bengaluru,1,0,343.9,343.9
T0004644,2026-04-18,C00542,P0043,Kolkata,1,10,260.07,260.07
T0004645,2025-01-12,C00077,P0068,Mumbai,2,10,309.51,619.02
T0004646,2025-06-06,C00940,P0027,Pune,3,0,598.6,1795.8
T0004647,2025-10-08,C00174,P0061,Hyderabad,4,0,223.9,895.6
T0004648,2025-12-04,C00309,P0066,Chennai,1,15,848.81,848.81
T0004649,2026-05-10,C00223,P0016,Ahmedabad,1,10,952.35,952.35
T0004650,2026-01-22,C00547,P0061,Pune,1,0,223.9,223.9
T0004651,2026-05-04,C00197,P0071,Hyderabad,1,15,1362.02,1362.02
T0004652,2026-08-01,C00352,P0068,Delhi,1,0,343.9,343.9
T0004653,2025-03-13,C00756,P0045,Hyderabad,2,15,137.95,275.9
T0004654,2025-05-31,C00667,P0070,Hyderabad,3,15,572.67,1718.01
T0004655,2025-05-10,C00261,P0092,Pune,1,5,320.92,320.92
T0004656,2025-02-15,C00171,P0050,Pune,1,0,1133.03,1133.03
T0004657,2025-01-05,C00274,P0093,Ahmedabad,2,15,482.24,964.48
T0004658,2025-03-10,C00269,P0014,Hyderabad,2,0,926.9,1853.8
T0004659,2026-04-26,C00800,P0036,Bengaluru,1,0,471.39,471.39
T0004660,2026-01-02,C00179,P0021,Hyderabad,2,0,628.54,1257.08
T0004661,2025-05-09,C00577,P0068,Bengaluru,1,0,343.9,343.9
T0004662,2025-04-04,C00003,P0046,Hyderabad,1,10,512.08,512.08
T0004663,2026-03-06,C00559,P0034,Chennai,1,25,210.86,210.86
T0004664,2025-07-01,C00863,P0081,Mumbai,1,10,1975.2,1975.2
T0004665,2026-08-26,C00169,P0031,Ahmedabad,1,0,232.11,232.11
T0004666,2025-10-07,C00442,P0077,Kolkata,1,10,1433.78,1433.78
T0004667,2025-05-10,C00717,P0056,Bengaluru,2,25,400.44,800.88
T0004668,2025-06-14,C00248,P0058,Ahmedabad,2,0,824.2,1648.4
T0004669,2025-06-18,C00548,P0077,Bengaluru,1,5,1513.44,1513.44
T0004670,2025-09-04,C00545,P0011,Chennai,1,0,381.49,381.49
T0004671,2025-10-04,C00630,P0022,Bengaluru,4,15,401.54,1606.16
T0004672,2025-06-21,C00129,P0013,Ahmedabad,4,25,437.02,1748.08
T0004673,2026-07-05,C00757,P0057,Mumbai,1,20,342.08,342.08
T0004674,2025-05-21,C00896,P0068,Ahmedabad,1,0,343.9,343.9
T0004675,2025-05-16,C00605,P0052,Delhi,1,10,230.7,230.7
T0004676,2025-02-08,C00330,P0043,Pune,1,0,288.97,288.97
T0004677,2025-09-01,C00282,P0030,Ahmedabad,1,0,386.5,386.5
T0004678,2025-02-15,C00903,P0021,Bengaluru,1,15,534.26,534.26
T0004679,2025-08-26,C00946,P0094,Bengaluru,1,0,1058.21,1058.21
T0004680,2025-08-20,C00167,P0057,Mumbai,1,20,342.08,342.08
T0004681,2025-03-28,C00446,P0022,Chennai,1,10,425.16,425.16
T0004682,2025-08-18,C00530,P0022,Pune,1,10,425.16,425.16
T0004683,2026-08-17,C00742,P0066,Chennai,1,15,848.81,848.81
T0004684,2026-04-01,C00442,P0061,Kolkata,4,0,223.9,895.6
T0004685,2025-08-07,C00073,P0043,Kolkata,2,10,260.07,520.14
T0004686,2025-11-24,C00648,P0093,Ahmedabad,1,5,538.97,538.97
T0004687,2026-08-12,C00945,P0063,Pune,2,20,113.31,226.62
T0004688,2025-02-07,C00886,P0100,Delhi,1,15,422.38,422.38
T0004689,2025-12-25,C00766,P0083,Kolkata,1,10,4188.81,4188.81
T0004690,2026-02-27,C00031,P0011,Mumbai,3,10,343.34,1030.02
T0004691,2026-08-23,C00906,P0075,Kolkata,1,0,169.09,169.09
T0004692,2025-11-06,C00102,P0046,Mumbai,3,10,512.08,1536.24
T0004693,2025-10-13,C00608,P0046,Hyderabad,1,10,512.08,512.08
T0004694,2025-07-15,C00865,P0061,Chennai,1,5,212.7,212.7
T0004695,2025-04-02,C00765,P0098,Delhi,1,25,790.43,790.43
T0004696,2025-05-20,C00608,P0022,Hyderabad,1,10,425.16,425.16
T0004697,2026-06-19,C00835,P0089,Pune,3,5,199.65,598.95
T0004698,2025-06-19,C00523,P0043,Pune,1,5,274.52,274.52
T0004699,2026-03-06,C00913,P0052,Ahmedabad,1,5,243.51,243.51
T0004700,2026-08-03,C00468,P0003,Mumbai,2,5,338.83,677.66
T0004701,2026-04-01,C00820,P0081,Pune,2,15,1865.47,3730.94
T0004702,2026-09-03,C00512,P0050,Bengaluru,2,0,1133.03,2266.06
T0004703,2026-08-22,C00672,P0090,Pune,1,15,238.61,238.61
T0004704,2026-09-15,C00558,P0016,Delhi,1,10,952.35,952.35
T0004705,2026-08-22,C00629,P0011,Chennai,1,20,305.19,305.19
T0004706,2025-10-28,C00934,P0069,Mumbai,2,0,124.03,248.06
T0004707,2026-05-08,C00543,P0089,Mumbai,1,0,210.16,210.16
T0004708,2026-05-14,C00316,P0095,Kolkata,3,0,346.67,1040.01
T0004709,2025-12-10,C00977,P0070,Hyderabad,1,5,640.04,640.04
T0004710,2025-08-07,C00371,P0079,Bengaluru,1,10,369.74,369.74
T0004711,2025-02-13,C00534,P0013,Kolkata,1,10,524.42,524.42
T0004712,2025-03-12,C00752,P0068,Kolkata,1,10,309.51,309.51
T0004713,2025-01-25,C00709,P0094,Hyderabad,2,5,1005.3,2010.6
T0004714,2025-03-16,C00850,P0040,Delhi,1,10,658.32,658.32
T0004715,2026-01-22,C00138,P0050,Chennai,1,0,1133.03,1133.03
T0004716,2025-06-12,C00472,P0025,Chennai,1,10,166.71,166.71
T0004717,2026-03-31,C01000,P0068,Kolkata,1,15,292.32,292.32
T0004718,2025-07-27,C00305,P0035,Delhi,1,0,367.0,367.0
T0004719,2025-07-30,C00315,P0043,Chennai,2,0,288.97,577.94
T0004720,2026-05-14,C00372,P0027,Hyderabad,1,5,568.67,568.67
T0004721,2025-09-04,C00155,P0050,Hyderabad,1,0,1133.03,1133.03
T0004722,2026-08-03,C00568,P0093,Pune,1,15,482.24,482.24
T0004723,2025-05-18,C00565,P0093,Delhi,2,5,538.97,1077.94
T0004724,2025-07-30,C00778,P0068,Ahmedabad,4,0,343.9,1375.6
T0004725,2025-05-04,C00875,P0039,Delhi,3,0,715.73,2147.19
T0004726,2026-06-05,C00068,P0071,Bengaluru,1,0,1602.38,1602.38
T0004727,2025-11-24,C00778,P0043,Ahmedabad,1,0,288.97,288.97
T0004728,2025-04-05,C00330,P0068,Pune,1,20,275.12,275.12
T0004729,2026-07-31,C00871,P0033,Mumbai,1,10,248.9,248.9
T0004730,2026-07-09,C00005,P0063,Bengaluru,1,10,127.48,127.48
T0004731,2025-05-10,C00188,P0067,Pune,1,15,413.37,413.37
T0004732,2025-08-21,C00533,P0015,Hyderabad,3,20,2059.02,6177.06
T0004733,2026-06-06,C00855,P0059,Ahmedabad,1,20,205.78,205.78
T0004734,2025-04-28,C00625,P0059,Hyderabad,1,15,218.64,218.64
T0004735,2026-07-14,C00702,P0026,Ahmedabad,1,5,542.7,542.7
T0004736,2025-08-27,C00150,P0061,Chennai,2,0,223.9,447.8
T0004737,2025-10-20,C00883,P0014,Chennai,2,20,741.52,1483.04
T0004738,2025-03-31,C00425,P0044,Kolkata,2,25,299.31,598.62
T0004739,2026-09-01,C00500,P0055,Pune,1,0,3390.4,3390.4
T0004740,2025-10-23,C00734,P0061,Hyderabad,1,15,190.32,190.32
T0004741,2026-08-10,C00513,P0077,Chennai,4,15,1354.13,5416.52
T0004742,2025-11-25,C00957,P0043,Bengaluru,1,5,274.52,274.52
T0004743,2025-04-29,C00401,P0019,Hyderabad,1,15,147.87,147.87
T0004744,2025-10-23,C00047,P0047,Pune,2,0,720.52,1441.04
T0004745,2025-10-30,C00513,P0100,Chennai,1,0,496.92,496.92
T0004746,2025-01-20,C00202,P0028,Chennai,2,0,623.14,1246.28
T0004747,2026-05-12,C00756,P0054,Hyderabad,2,0,291.3,582.6
T0004748,2025-02-18,C00184,P0017,Delhi,1,10,280.17,280.17
T0004749,2025-05-21,C00181,P0040,Mumbai,1,15,621.75,621.75
T0004750,2025-09-20,C00530,P0083,Pune,1,0,4654.23,4654.23
T0004751,2026-02-26,C00143,P0038,Kolkata,3,0,562.66,1687.98
T0004752,2025-11-14,C00571,P0055,Ahmedabad,1,20,2712.32,2712.32
T0004753,2026-06-15,C00059,P0046,Pune,1,0,568.98,568.98
T0004754,2025-12-28,C00166,P0091,Chennai,2,20,223.9,447.8
T0004755,2025-02-13,C00906,P0002,Kolkata,1,10,292.49,292.49
T0004756,2025-01-11,C00724,P0022,Chennai,1,5,448.78,448.78
T0004757,2025-02-26,C00580,P0015,Ahmedabad,2,5,2445.09,4890.18
T0004758,2026-09-29,C00330,P0068,Pune,1,15,292.32,292.32
T0004759,2025-06-06,C00660,P0022,Hyderabad,1,0,472.4,472.4
T0004760,2026-02-07,C00641,P0069,Mumbai,1,5,117.83,117.83
T0004761,2025-03-20,C00900,P0083,Delhi,1,0,4654.23,4654.23
T0004762,2025-03-07,C00145,P0043,Hyderabad,1,10,260.07,260.07
T0004763,2026-03-12,C00246,P0077,Hyderabad,1,0,1593.09,1593.09
T0004764,2026-04-15,C00353,P0096,Hyderabad,1,0,971.66,971.66
T0004765,2026-01-12,C00411,P0059,Hyderabad,1,15,218.64,218.64
T0004766,2026-09-18,C00243,P0015,Hyderabad,1,0,2573.78,2573.78
T0004767,2025-02-18,C00266,P0068,Chennai,1,20,275.12,275.12
T0004768,2026-05-21,C00254,P0087,Bengaluru,1,0,341.41,341.41
T0004769,2025-03-01,C00709,P0094,Hyderabad,1,10,952.39,952.39
T0004770,2026-06-19,C00357,P0072,Delhi,1,5,283.11,283.11
T0004771,2025-11-10,C00456,P0024,Kolkata,1,20,203.48,203.48
T0004772,2025-12-15,C00565,P0068,Delhi,1,5,326.7,326.7
T0004773,2026-07-13,C00636,P0043,Delhi,1,10,260.07,260.07
T0004774,2026-04-27,C00420,P0015,Delhi,2,0,2573.78,5147.56
T0004775,2025-10-30,C00517,P0013,Hyderabad,1,10,524.42,524.42
T0004776,2025-07-13,C00215,P0054,Pune,1,0,291.3,291.3
T0004777,2025-10-21,C00592,P0077,Kolkata,1,0,1593.09,1593.09
T0004778,2026-01-06,C00714,P0085,Chennai,1,0,586.1,586.1
T0004779,2026-05-07,C00427,P0008,Kolkata,1,0,184.43,184.43
T0004780,2026-02-19,C00500,P0031,Pune,1,10,208.9,208.9
T0004781,2025-05-13,C00105,P0013,Ahmedabad,1,10,524.42,524.42
T0004782,2026-02-11,C00240,P0070,Ahmedabad,2,0,673.73,1347.46
T0004783,2025-11-11,C00941,P0071,Bengaluru,1,10,1442.14,1442.14
T0004784,2025-05-02,C00208,P0075,Mumbai,1,10,152.18,152.18
T0004785,2026-07-22,C00751,P0068,Chennai,1,10,309.51,309.51
T0004786,2025-08-16,C00167,P0075,Mumbai,1,10,152.18,152.18
T0004787,2026-05-05,C00737,P0024,Ahmedabad,2,0,254.35,508.7
T0004788,2026-07-31,C00376,P0029,Hyderabad,1,0,417.79,417.79
T0004789,2025-10-24,C00620,P0092,Ahmedabad,1,5,320.92,320.92
T0004790,2025-02-23,C00610,P0083,Delhi,1,5,4421.52,4421.52
T0004791,2026-06-21,C00196,P0043,Pune,1,15,245.62,245.62
T0004792,2025-05-17,C00579,P0038,Mumbai,3,10,506.39,1519.17
T0004793,2026-03-17,C00408,P0080,Delhi,1,0,327.61,327.61
T0004794,2025-06-04,C00228,P0018,Mumbai,1,0,767.23,767.23
T0004795,2026-03-01,C00657,P0070,Chennai,1,25,505.3,505.3
T0004796,2025-04-12,C00936,P0080,Delhi,1,0,327.61,327.61
T0004797,2025-05-31,C00076,P0095,Pune,1,10,312.0,312.0
T0004798,2025-08-23,C00902,P0006,Pune,1,5,320.44,320.44
T0004799,2026-05-19,C00715,P0076,Pune,1,5,373.58,373.58
T0004800,2026-08-10,C00761,P0070,Delhi,1,15,572.67,572.67
T0004801,2026-01-16,C00017,P0014,Chennai,4,25,695.18,2780.72
T0004802,2025-11-10,C00783,P0093,Mumbai,3,10,510.61,1531.83
T0004803,2025-06-30,C00301,P0027,Chennai,1,0,598.6,598.6
T0004804,2026-08-25,C00543,P0045,Mumbai,1,0,162.29,162.29
T0004805,2026-08-02,C00543,P0042,Mumbai,2,25,572.93,1145.86
T0004806,2025-02-25,C00704,P0014,Mumbai,4,0,926.9,3707.6
T0004807,2026-08-07,C00979,P0066,Chennai,3,20,798.88,2396.64
T0004808,2026-07-29,C00216,P0068,Kolkata,3,0,343.9,1031.7
T0004809,2025-01-02,C00888,P0029,Kolkata,1,15,355.12,355.12
T0004810,2025-05-05,C00161,P0090,Mumbai,1,0,280.72,280.72
T0004811,2026-02-11,C00937,P0023,Mumbai,1,10,404.99,404.99
T0004812,2025-05-29,C00469,P0022,Delhi,1,5,448.78,448.78
T0004813,2026-01-15,C00584,P0029,Hyderabad,1,0,417.79,417.79
T0004814,2025-02-19,C00744,P0050,Delhi,2,0,1133.03,2266.06
T0004815,2025-04-12,C00958,P0061,Mumbai,2,10,201.51,403.02
T0004816,2026-02-11,C00011,P0098,Hyderabad,1,0,1053.91,1053.91
T0004817,2025-10-12,C00045,P0033,Mumbai,1,10,248.9,248.9
T0004818,2026-03-01,C00400,P0007,Pune,1,15,445.57,445.57
T0004819,2026-08-11,C00006,P0070,Hyderabad,2,5,640.04,1280.08
T0004820,2025-03-05,C00554,P0084,Kolkata,1,10,477.31,477.31
T0004821,2026-07-20,C00442,P0038,Kolkata,1,10,506.39,506.39
T0004822,2026-01-31,C00878,P0097,Hyderabad,1,5,1811.55,1811.55
T0004823,2026-09-08,C00881,P0061,Ahmedabad,1,0,223.9,223.9
T0004824,2025-01-28,C00432,P0056,Kolkata,2,10,480.53,961.06
T0004825,2025-11-22,C00289,P0057,Hyderabad,1,20,342.08,342.08
T0004826,2025-09-23,C00085,P0075,Ahmedabad,1,0,169.09,169.09
T0004827,2026-01-23,C00761,P0018,Delhi,1,0,767.23,767.23
T0004828,2025-06-20,C00378,P0022,Chennai,1,0,472.4,472.4
T0004829,2026-01-23,C00152,P0023,Delhi,1,20,359.99,359.99
T0004830,2026-03-29,C00372,P0001,Hyderabad,1,5,695.02,695.02
T0004831,2025-04-16,C00608,P0035,Hyderabad,1,0,367.0,367.0
T0004832,2025-10-09,C00848,P0057,Pune,2,0,427.6,855.2
T0004833,2026-03-05,C00612,P0001,Kolkata,1,0,731.6,731.6
T0004834,2026-06-09,C00954,P0067,Hyderabad,1,5,462.0,462.0
T0004835,2025-11-15,C00174,P0077,Hyderabad,1,0,1593.09,1593.09
T0004836,2025-05-07,C00824,P0093,Mumbai,1,5,538.97,538.97
T0004837,2026-08-09,C00083,P0073,Pune,2,10,258.39,516.78
T0004838,2025-03-06,C00647,P0085,Bengaluru,1,0,586.1,586.1
T0004839,2025-07-27,C00941,P0017,Bengaluru,1,15,264.6,264.6
T0004840,2025-04-13,C00054,P0091,Kolkata,1,0,279.87,279.87
T0004841,2026-05-21,C00436,P0021,Ahmedabad,1,0,628.54,628.54
T0004842,2026-07-10,C00404,P0093,Bengaluru,1,20,453.87,453.87
T0004843,2025-03-09,C00322,P0072,Delhi,1,15,253.31,253.31
T0004844,2025-09-18,C00180,P0025,Delhi,2,15,157.45,314.9
T0004845,2025-11-26,C00447,P0075,Chennai,3,0,169.09,507.27
T0004846,2026-04-13,C00637,P0012,Pune,1,5,211.07,211.07
T0004847,2026-03-28,C00640,P0025,Ahmedabad,1,20,148.18,148.18
T0004848,2025-08-28,C00541,P0015,Delhi,4,15,2187.71,8750.84
T0004849,2025-11-01,C00791,P0021,Kolkata,1,5,597.11,597.11
T0004850,2025-08-15,C00655,P0064,Ahmedabad,1,15,589.63,589.63
T0004851,2025-11-15,C00732,P0093,Mumbai,1,0,567.34,567.34
T0004852,2025-11-19,C00174,P0061,Hyderabad,1,25,167.92,167.92
T0004853,2026-01-11,C00180,P0036,Delhi,1,5,447.82,447.82
T0004854,2025-05-05,C00898,P0048,Mumbai,2,10,553.99,1107.98
T0004855,2025-06-30,C00312,P0055,Delhi,1,0,3390.4,3390.4
T0004856,2026-09-16,C00389,P0009,Ahmedabad,2,0,121.01,242.02
T0004857,2025-11-13,C00468,P0053,Mumbai,1,15,162.91,162.91
T0004858,2026-04-15,C00824,P0068,Mumbai,2,10,309.51,619.02
T0004859,2026-04-09,C00224,P0090,Bengaluru,2,0,280.72,561.44
T0004860,2026-03-18,C00943,P0057,Delhi,1,0,427.6,427.6
T0004861,2025-02-28,C00500,P0080,Pune,2,5,311.23,622.46
T0004862,2025-07-09,C00454,P0098,Mumbai,1,20,843.13,843.13
T0004863,2025-06-05,C00996,P0066,Pune,1,15,848.81,848.81
T0004864,2025-03-26,C00872,P0014,Mumbai,1,5,880.56,880.56
T0004865,2026-08-15,C00069,P0002,Mumbai,1,10,292.49,292.49
T0004866,2026-09-07,C00732,P0068,Mumbai,1,15,292.32,292.32
T0004867,2026-08-23,C00625,P0092,Hyderabad,1,0,337.81,337.81
T0004868,2025-05-29,C00971,P0018,Bengaluru,1,10,690.51,690.51
T0004869,2026-05-09,C00201,P0052,Kolkata,2,0,256.33,512.66
T0004870,2025-01-10,C00182,P0094,Kolkata,1,15,899.48,899.48
T0004871,2025-08-29,C00700,P0043,Mumbai,1,5,274.52,274.52
T0004872,2025-06-26,C00152,P0003,Delhi,1,5,338.83,338.83
T0004873,2026-05-24,C00881,P0026,Ahmedabad,1,0,571.26,571.26
T0004874,2025-03-04,C00572,P0031,Pune,1,5,220.5,220.5
T0004875,2026-08-13,C00280,P0068,Chennai,1,0,343.9,343.9
T0004876,2026-03-21,C00759,P0056,Delhi,2,25,400.44,800.88
T0004877,2026-01-12,C00296,P0055,Bengaluru,2,5,3220.88,6441.76
T0004878,2025-02-16,C00585,P0093,Pune,1,0,567.34,567.34
T0004879,2026-02-07,C00947,P0067,Delhi,1,10,437.69,437.69
T0004880,2025-10-10,C00024,P0093,Mumbai,2,0,567.34,1134.68
T0004881,2025-11-06,C00442,P0090,Kolkata,1,20,224.58,224.58
T0004882,2025-02-12,C00888,P0034,Kolkata,1,5,267.08,267.08
T0004883,2026-07-02,C00788,P0022,Bengaluru,1,15,401.54,401.54
T0004884,2025-06-30,C00226,P0026,Delhi,2,25,428.44,856.88
T0004885,2026-04-26,C00533,P0012,Hyderabad,3,0,222.18,666.54
T0004886,2026-08-01,C00098,P0079,Pune,2,15,349.2,698.4
T0004887,2026-07-25,C00827,P0018,Pune,2,10,690.51,1381.02
T0004888,2026-05-29,C00030,P0087,Bengaluru,1,10,307.27,307.27
T0004889,2025-07-02,C00930,P0054,Bengaluru,1,10,262.17,262.17
T0004890,2025-01-23,C00885,P0043,Kolkata,1,0,288.97,288.97
T0004891,2026-09-11,C00922,P0006,Pune,1,10,303.58,303.58
T0004892,2025-01-24,C00305,P0039,Delhi,1,10,644.16,644.16
T0004893,2025-03-24,C00675,P0040,Kolkata,1,0,731.47,731.47
T0004894,2026-08-04,C00093,P0050,Delhi,1,0,1133.03,1133.03
T0004895,2026-04-21,C00444,P0091,Pune,1,20,223.9,223.9
T0004896,2025-01-19,C00504,P0089,Ahmedabad,1,20,168.13,168.13
T0004897,2025-04-02,C00690,P0099,Delhi,1,25,229.88,229.88
T0004898,2025-09-30,C00543,P0059,Mumbai,1,0,257.22,257.22
T0004899,2025-07-22,C00355,P0093,Delhi,2,0,567.34,1134.68
T0004900,2025-07-02,C00021,P0042,Kolkata,3,5,725.71,2177.13
T0004901,2026-08-24,C00796,P0099,Pune,1,0,306.5,306.5
T0004902,2025-04-28,C00222,P0018,Ahmedabad,3,5,728.87,2186.61
T0004903,2025-03-29,C00174,P0088,Hyderabad,1,10,185.32,185.32
T0004904,2025-03-24,C00908,P0091,Bengaluru,1,0,279.87,279.87
T0004905,2025-12-13,C00705,P0075,Chennai,1,0,169.09,169.09
T0004906,2025-01-02,C00534,P0004,Kolkata,1,10,504.8,504.8
T0004907,2025-08-02,C00288,P0048,Chennai,4,0,615.54,2462.16
T0004908,2026-05-22,C00943,P0017,Delhi,1,15,264.6,264.6
T0004909,2025-06-15,C00983,P0096,Chennai,1,0,971.66,971.66
T0004910,2026-09-07,C00126,P0062,Bengaluru,3,0,1322.57,3967.71
T0004911,2025-10-26,C00276,P0039,Kolkata,1,10,644.16,644.16
T0004912,2025-07-24,C00097,P0023,Pune,1,0,449.99,449.99
T0004913,2025-02-08,C00103,P0064,Mumbai,1,5,659.0,659.0
T0004914,2026-06-02,C00307,P0020,Mumbai,2,5,1025.64,2051.28
T0004915,2025-04-25,C00880,P0054,Hyderabad,2,0,291.3,582.6
T0004916,2025-03-11,C00239,P0027,Pune,2,10,538.74,1077.48
T0004917,2025-07-21,C00508,P0088,Ahmedabad,1,0,205.91,205.91
T0004918,2026-07-31,C00654,P0094,Hyderabad,1,10,952.39,952.39
T0004919,2026-05-05,C00096,P0092,Chennai,2,10,304.03,608.06
T0004920,2026-03-28,C00039,P0059,Delhi,1,25,192.92,192.92
T0004921,2025-03-29,C00380,P0081,Mumbai,1,15,1865.47,1865.47
T0004922,2026-01-06,C00399,P0013,Delhi,1,5,553.56,553.56
T0004923,2026-04-17,C00935,P0043,Kolkata,1,10,260.07,260.07
T0004924,2026-05-04,C00046,P0033,Delhi,1,5,262.72,262.72
T0004925,2026-09-25,C00639,P0090,Mumbai,2,15,238.61,477.22
T0004926,2025-05-04,C00844,P0039,Pune,1,20,572.58,572.58
T0004927,2025-04-19,C00754,P0015,Chennai,2,10,2316.4,4632.8
T0004928,2026-07-18,C00041,P0043,Pune,1,10,260.07,260.07
T0004929,2026-09-07,C00176,P0061,Chennai,1,10,201.51,201.51
T0004930,2025-06-26,C00565,P0093,Delhi,1,5,538.97,538.97
T0004931,2025-06-04,C00049,P0089,Kolkata,1,0,210.16,210.16
T0004932,2026-03-31,C00652,P0093,Chennai,1,5,538.97,538.97
T0004933,2025-05-24,C00861,P0090,Pune,1,0,280.72,280.72
T0004934,2026-04-24,C00619,P0068,Kolkata,1,5,326.7,326.7
T0004935,2025-06-17,C00936,P0067,Delhi,2,15,413.37,826.74
T0004936,2025-06-23,C00355,P0043,Delhi,3,0,288.97,866.91
T0004937,2025-10-01,C00959,P0002,Hyderabad,2,0,324.99,649.98
T0004938,2025-07-01,C00598,P0005,Hyderabad,1,5,142.01,142.01
T0004939,2025-09-07,C00560,P0017,Bengaluru,1,0,311.3,311.3
T0004940,2025-04-20,C00225,P0029,Delhi,1,10,376.01,376.01
T0004941,2025-09-11,C00773,P0056,Chennai,2,10,480.53,961.06
T0004942,2025-02-25,C00082,P0026,Hyderabad,1,10,514.13,514.13
T0004943,2025-12-02,C00261,P0099,Pune,2,0,306.5,613.0
T0004944,2026-09-30,C00769,P0064,Chennai,1,15,589.63,589.63
T0004945,2026-08-05,C00519,P0085,Chennai,1,10,527.49,527.49
T0004946,2025-01-08,C00550,P0086,Chennai,1,25,310.21,310.21
T0004947,2026-08-15,C00563,P0092,Kolkata,1,0,337.81,337.81
T0004948,2025-06-14,C00358,P0048,Pune,1,10,553.99,553.99
T0004949,2025-01-13,C00140,P0005,Ahmedabad,1,0,149.48,149.48
T0004950,2026-01-01,C00501,P0065,Delhi,1,15,1078.91,1078.91
T0004951,2026-05-14,C00491,P0090,Hyderabad,1,0,280.72,280.72
T0004952,2025-07-22,C00170,P0033,Ahmedabad,1,5,262.72,262.72
T0004953,2025-05-06,C00446,P0035,Chennai,1,0,367.0,367.0
T0004954,2025-01-07,C00472,P0025,Chennai,1,20,148.18,148.18
T0004955,2025-11-27,C00088,P0048,Kolkata,1,0,615.54,615.54
T0004956,2025-04-30,C00710,P0062,Bengaluru,2,5,1256.44,2512.88
T0004957,2026-04-19,C00579,P0038,Mumbai,1,10,506.39,506.39
T0004958,2025-10-20,C00888,P0034,Kolkata,1,10,253.03,253.03
T0004959,2026-08-12,C00449,P0059,Delhi,1,0,257.22,257.22
T0004960,2026-08-15,C00260,P0064,Pune,1,15,589.63,589.63
T0004961,2025-10-11,C00748,P0053,Pune,1,5,182.08,182.08
T0004962,2026-01-13,C00573,P0056,Chennai,3,0,533.92,1601.76
T0004963,2026-03-27,C00103,P0037,Mumbai,1,0,293.17,293.17
T0004964,2025-05-02,C00898,P0038,Mumbai,2,10,506.39,1012.78
T0004965,2025-01-02,C00481,P0092,Hyderabad,1,0,337.81,337.81
T0004966,2026-04-27,C00892,P0088,Chennai,1,10,185.32,185.32
T0004967,2025-02-23,C00950,P0019,Mumbai,1,10,156.57,156.57
T0004968,2025-02-26,C00671,P0014,Kolkata,1,0,926.9,926.9
T0004969,2026-06-29,C00840,P0024,Chennai,1,10,228.92,228.92
T0004970,2025-08-06,C00309,P0092,Chennai,1,5,320.92,320.92
T0004971,2025-11-11,C00617,P0040,Kolkata,1,10,658.32,658.32
T0004972,2026-09-25,C00495,P0069,Ahmedabad,1,0,124.03,124.03
T0004973,2025-09-09,C00672,P0048,Pune,1,5,584.76,584.76
T0004974,2026-04-28,C00738,P0011,Mumbai,1,5,362.42,362.42
T0004975,2025-03-10,C00756,P0037,Hyderabad,1,0,293.17,293.17
T0004976,2026-02-11,C00471,P0080,Kolkata,1,5,311.23,311.23
T0004977,2026-06-13,C00939,P0017,Hyderabad,1,0,311.3,311.3
T0004978,2025-05-12,C00137,P0034,Kolkata,1,0,281.14,281.14
T0004979,2026-07-14,C00363,P0014,Mumbai,2,15,787.86,1575.72
T0004980,2025-07-18,C00541,P0097,Delhi,2,5,1811.55,3623.1
T0004981,2026-03-21,C00526,P0059,Pune,1,5,244.36,244.36
T0004982,2025-11-15,C00070,P0049,Ahmedabad,1,15,116.42,116.42
T0004983,2025-12-01,C00898,P0041,Mumbai,1,10,837.57,837.57
T0004984,2026-04-17,C00020,P0070,Kolkata,1,5,640.04,640.04
T0004985,2026-01-21,C00962,P0042,Mumbai,3,0,763.91,2291.73
T0004986,2025-04-09,C00942,P0094,Chennai,2,25,793.66,1587.32
T0004987,2026-05-01,C00655,P0021,Ahmedabad,2,10,565.69,1131.38
T0004988,2026-08-23,C00219,P0016,Delhi,2,20,846.54,1693.08
T0004989,2025-12-26,C00920,P0051,Pune,1,15,710.69,710.69
T0004990,2025-07-01,C00419,P0038,Bengaluru,4,0,562.66,2250.64
T0004991,2026-08-19,C00556,P0031,Mumbai,1,10,208.9,208.9
T0004992,2025-09-30,C00139,P0080,Kolkata,1,0,327.61,327.61
T0004993,2026-07-26,C00488,P0068,Pune,3,0,343.9,1031.7
T0004994,2026-08-17,C00060,P0034,Delhi,1,5,267.08,267.08
T0004995,2025-11-06,C00010,P0016,Bengaluru,2,0,1058.17,2116.34
T0004996,2026-09-28,C00516,P0040,Bengaluru,1,20,585.18,585.18
T0004997,2026-08-04,C00797,P0091,Pune,1,5,265.88,265.88
T0004998,2026-04-20,C00001,P0018,Delhi,1,0,767.23,767.23
T0004999,2026-05-29,C00355,P0093,Delhi,1,0,567.34,567.34
T0005000,2025-11-29,C00734,P0094,Hyderabad,1,15,899.48,899.48
T0005001,2025-06-22,C00609,P0049,Delhi,2,0,136.97,273.94
T0005002,2025-03-21,C00792,P0093,Kolkata,1,0,567.34,567.34
T0005003,2026-06-05,C00696,P0067,Kolkata,1,0,486.32,486.32
T0005004,2025-01-10,C00988,P0079,Delhi,1,10,369.74,369.74
T0005005,2026-03-13,C00515,P0038,Kolkata,1,0,562.66,562.66
T0005006,2025-02-27,C00400,P0002,Pune,3,20,259.99,779.97
T0005007,2026-02-04,C00113,P0068,Chennai,1,0,343.9,343.9
T0005008,2025-06-01,C00356,P0038,Hyderabad,1,0,562.66,562.66
T0005009,2025-04-10,C00906,P0006,Kolkata,2,15,286.71,573.42
T0005010,2025-04-16,C00003,P0035,Hyderabad,1,5,348.65,348.65
T0005011,2025-09-06,C00230,P0004,Ahmedabad,1,10,504.8,504.8
T0005012,2026-02-16,C00382,P0077,Pune,1,0,1593.09,1593.09
T0005013,2026-01-23,C00206,P0041,Kolkata,1,0,930.63,930.63
T0005014,2026-04-21,C00812,P0018,Hyderabad,1,20,613.78,613.78
T0005015,2025-08-22,C00342,P0091,Kolkata,2,0,279.87,559.74
T0005016,2025-02-20,C00066,P0036,Bengaluru,1,0,471.39,471.39
T0005017,2025-06-22,C00659,P0091,Hyderabad,1,25,209.9,209.9
T0005018,2025-05-09,C00493,P0093,Ahmedabad,1,0,567.34,567.34
T0005019,2025-08-03,C00054,P0067,Kolkata,1,0,486.32,486.32
T0005020,2025-09-01,C00425,P0094,Kolkata,1,15,899.48,899.48
T0005021,2025-06-08,C00183,P0093,Ahmedabad,1,5,538.97,538.97
T0005022,2026-01-14,C00398,P0093,Kolkata,2,0,567.34,1134.68
T0005023,2025-06-12,C00950,P0069,Mumbai,1,0,124.03,124.03
T0005024,2025-12-31,C00878,P0085,Hyderabad,1,10,527.49,527.49
T0005025,2025-02-21,C00897,P0093,Hyderabad,1,5,538.97,538.97
T0005026,2026-05-01,C00855,P0008,Ahmedabad,2,15,156.77,313.54
T0005027,2025-10-01,C00736,P0004,Pune,1,0,560.89,560.89
T0005028,2025-02-21,C00589,P0090,Pune,1,5,266.68,266.68
T0005029,2026-04-20,C00861,P0076,Pune,1,10,353.92,353.92
T0005030,2026-08-30,C00492,P0003,Pune,1,10,320.99,320.99
T0005031,2025-07-24,C00661,P0043,Bengaluru,3,0,288.97,866.91
T0005032,2025-02-25,C00954,P0091,Hyderabad,2,10,251.88,503.76
T0005033,2025-05-05,C00575,P0029,Kolkata,1,5,396.9,396.9
T0005034,2026-09-15,C00090,P0042,Chennai,1,15,649.32,649.32
T0005035,2025-08-15,C00532,P0034,Mumbai,1,5,267.08,267.08
T0005036,2025-02-05,C00804,P0050,Pune,1,5,1076.38,1076.38
T0005037,2025-03-31,C00509,P0068,Chennai,1,20,275.12,275.12
T0005038,2026-09-30,C00541,P0097,Delhi,1,0,1906.89,1906.89
T0005039,2025-01-26,C00171,P0069,Pune,1,15,105.43,105.43
T0005040,2026-05-11,C00277,P0068,Ahmedabad,1,20,275.12,275.12
T0005041,2025-11-16,C00863,P0067,Mumbai,1,20,389.06,389.06
T0005042,2026-01-14,C00891,P0066,Mumbai,1,25,748.95,748.95
T0005043,2025-05-01,C00080,P0025,Bengaluru,1,0,185.23,185.23
T0005044,2025-11-27,C00055,P0013,Mumbai,1,10,524.42,524.42
T0005045,2026-03-26,C00573,P0013,Chennai,1,20,466.15,466.15
T0005046,2026-02-01,C00297,P0054,Ahmedabad,2,10,262.17,524.34
T0005047,2025-11-22,C00184,P0074,Delhi,1,15,392.2,392.2
T0005048,2026-08-30,C00567,P0044,Kolkata,1,10,359.17,359.17
T0005049,2026-09-25,C00090,P0062,Chennai,2,0,1322.57,2645.14
T0005050,2026-03-02,C00312,P0058,Delhi,2,15,700.57,1401.14
T0005051,2026-09-14,C00883,P0013,Chennai,1,0,582.69,582.69
T0005052,2025-05-24,C00715,P0077,Pune,4,5,1513.44,6053.76
T0005053,2026-02-04,C00537,P0100,Hyderabad,1,0,496.92,496.92
T0005054,2025-07-27,C00709,P0088,Hyderabad,2,10,185.32,370.64
T0005055,2025-10-06,C00821,P0061,Pune,1,15,190.32,190.32
T0005056,2025-03-10,C00916,P0038,Ahmedabad,1,15,478.26,478.26
T0005057,2025-02-24,C00652,P0068,Chennai,1,10,309.51,309.51
T0005058,2025-05-26,C00644,P0084,Ahmedabad,1,5,503.82,503.82
T0005059,2025-07-06,C00264,P0096,Bengaluru,1,25,728.74,728.74
T0005060,2025-07-18,C00343,P0016,Pune,1,20,846.54,846.54
T0005061,2025-12-25,C00758,P0070,Kolkata,1,0,673.73,673.73
T0005062,2025-09-29,C00814,P0089,Pune,1,10,189.14,189.14
T0005063,2025-03-18,C00597,P0029,Pune,1,15,355.12,355.12
T0005064,2026-07-10,C00049,P0064,Kolkata,2,0,693.68,1387.36
T0005065,2025-12-29,C00621,P0003,Chennai,1,5,338.83,338.83
T0005066,2026-07-24,C00066,P0040,Bengaluru,2,0,731.47,1462.94
T0005067,2026-09-02,C00970,P0092,Ahmedabad,1,10,304.03,304.03
T0005068,2026-03-18,C00468,P0083,Mumbai,2,0,4654.23,9308.46
T0005069,2026-02-23,C00342,P0055,Kolkata,1,10,3051.36,3051.36
T0005070,2026-09-22,C00723,P0062,Kolkata,1,15,1124.18,1124.18
T0005071,2025-07-24,C00968,P0006,Pune,1,0,337.31,337.31
T0005072,2026-09-24,C00247,P0099,Chennai,1,20,245.2,245.2
T0005073,2025-07-16,C00987,P0010,Bengaluru,1,15,930.47,930.47
T0005074,2025-01-24,C00997,P0068,Ahmedabad,1,0,343.9,343.9
T0005075,2026-04-03,C00943,P0071,Delhi,1,15,1362.02,1362.02
T0005076,2026-07-26,C00110,P0033,Mumbai,1,10,248.9,248.9
T0005077,2026-06-24,C00584,P0097,Hyderabad,1,5,1811.55,1811.55
T0005078,2026-07-31,C00752,P0043,Kolkata,1,0,288.97,288.97
T0005079,2025-03-14,C00969,P0087,Bengaluru,2,25,256.06,512.12
T0005080,2026-06-01,C00030,P0014,Bengaluru,3,5,880.56,2641.68
T0005081,2026-06-13,C00065,P0087,Mumbai,1,10,307.27,307.27
T0005082,2026-01-16,C00895,P0007,Mumbai,1,10,471.78,471.78
T0005083,2025-12-12,C00219,P0053,Delhi,1,20,153.33,153.33
T0005084,2026-07-15,C00821,P0088,Pune,1,0,205.91,205.91
T0005085,2025-05-01,C00122,P0067,Mumbai,3,5,462.0,1386.0
T0005086,2025-12-26,C00139,P0080,Kolkata,2,5,311.23,622.46
T0005087,2026-03-01,C00813,P0004,Hyderabad,1,15,476.76,476.76
T0005088,2025-02-08,C00375,P0019,Hyderabad,2,10,156.57,313.14
T0005089,2025-03-09,C00135,P0080,Mumbai,1,0,327.61,327.61
T0005090,2026-09-17,C00703,P0040,Pune,2,15,621.75,1243.5
T0005091,2025-08-26,C00137,P0078,Kolkata,1,0,361.61,361.61
T0005092,2025-03-23,C00284,P0097,Hyderabad,1,20,1525.51,1525.51
T0005093,2025-07-07,C00595,P0004,Pune,1,10,504.8,504.8
T0005094,2026-03-01,C00493,P0093,Ahmedabad,1,25,425.5,425.5
T0005095,2026-06-16,C00415,P0045,Chennai,1,20,129.83,129.83
T0005096,2026-03-17,C00608,P0003,Hyderabad,1,0,356.66,356.66
T0005097,2025-01-29,C00644,P0071,Ahmedabad,1,10,1442.14,1442.14
T0005098,2026-05-23,C00018,P0024,Bengaluru,2,5,241.63,483.26
T0005099,2026-07-04,C00601,P0042,Kolkata,3,0,763.91,2291.73
T0005100,2025-08-21,C00376,P0032,Hyderabad,1,5,901.21,901.21
T0005101,2025-09-11,C00104,P0011,Ahmedabad,1,5,362.42,362.42
T0005102,2025-03-30,C00249,P0068,Kolkata,1,15,292.32,292.32
T0005103,2025-12-07,C00430,P0038,Hyderabad,2,5,534.53,1069.06
T0005104,2026-05-17,C00518,P0038,Mumbai,1,20,450.13,450.13
T0005105,2026-02-23,C00530,P0053,Pune,1,10,172.49,172.49
T0005106,2026-08-07,C00194,P0028,Chennai,1,10,560.83,560.83
T0005107,2026-04-22,C00117,P0030,Ahmedabad,1,15,328.52,328.52
T0005108,2026-09-05,C00549,P0055,Kolkata,1,5,3220.88,3220.88
T0005109,2025-03-16,C00631,P0051,Kolkata,1,10,752.5,752.5
T0005110,2025-09-29,C00290,P0075,Kolkata,1,15,143.73,143.73
T0005111,2025-06-16,C00607,P0084,Hyderabad,2,20,424.27,848.54
T0005112,2026-02-18,C00018,P0034,Bengaluru,1,0,281.14,281.14
T0005113,2025-10-23,C00778,P0068,Ahmedabad,2,0,343.9,687.8
T0005114,2025-10-27,C00656,P0095,Kolkata,1,5,329.34,329.34
T0005115,2025-03-31,C00655,P0045,Ahmedabad,1,20,129.83,129.83
T0005116,2025-04-03,C00139,P0067,Kolkata,1,0,486.32,486.32
T0005117,2026-04-02,C00134,P0051,Kolkata,2,15,710.69,1421.38
T0005118,2026-09-14,C00534,P0004,Kolkata,1,0,560.89,560.89
T0005119,2025-11-03,C00224,P0063,Bengaluru,1,15,120.39,120.39
T0005120,2026-08-04,C00935,P0068,Kolkata,2,0,343.9,687.8
T0005121,2025-08-07,C00222,P0087,Ahmedabad,1,10,307.27,307.27
T0005122,2026-05-25,C00920,P0081,Pune,1,10,1975.2,1975.2
T0005123,2025-03-16,C00335,P0068,Pune,1,15,292.32,292.32
T0005124,2025-07-27,C00349,P0091,Chennai,2,20,223.9,447.8
T0005125,2026-09-11,C00826,P0035,Hyderabad,1,0,367.0,367.0
T0005126,2026-05-01,C00139,P0067,Kolkata,2,0,486.32,972.64
T0005127,2025-03-10,C00314,P0037,Kolkata,1,5,278.51,278.51
T0005128,2026-03-07,C00754,P0030,Chennai,3,5,367.17,1101.51
T0005129,2026-07-23,C00457,P0058,Chennai,2,0,824.2,1648.4
T0005130,2025-10-05,C00177,P0063,Kolkata,1,10,127.48,127.48
T0005131,2025-06-16,C00077,P0043,Mumbai,1,10,260.07,260.07
T0005132,2026-03-02,C00185,P0058,Pune,2,10,741.78,1483.56
T0005133,2026-03-03,C00893,P0004,Mumbai,2,15,476.76,953.52
T0005134,2026-04-21,C00956,P0041,Mumbai,2,0,930.63,1861.26
T0005135,2026-01-13,C00203,P0081,Mumbai,1,0,2194.67,2194.67
T0005136,2025-09-01,C00336,P0068,Hyderabad,3,5,326.7,980.1
T0005137,2025-08-08,C00971,P0047,Bengaluru,1,10,648.47,648.47
T0005138,2025-08-13,C00008,P0100,Kolkata,1,20,397.54,397.54
T0005139,2025-06-27,C00235,P0023,Hyderabad,1,0,449.99,449.99
T0005140,2026-03-19,C00556,P0081,Mumbai,1,0,2194.67,2194.67
T0005141,2026-09-23,C00581,P0015,Bengaluru,2,5,2445.09,4890.18
T0005142,2025-07-13,C00365,P0047,Ahmedabad,1,15,612.44,612.44
T0005143,2025-01-25,C00371,P0057,Bengaluru,1,15,363.46,363.46
T0005144,2026-07-05,C00615,P0036,Hyderabad,1,10,424.25,424.25
T0005145,2025-02-11,C00336,P0093,Hyderabad,2,10,510.61,1021.22
T0005146,2026-07-26,C00411,P0009,Hyderabad,1,25,90.76,90.76
T0005147,2025-01-17,C00076,P0082,Pune,1,0,352.74,352.74
T0005148,2025-05-26,C00329,P0026,Pune,1,5,542.7,542.7
T0005149,2026-03-06,C00453,P0056,Delhi,1,15,453.83,453.83
T0005150,2026-03-22,C00001,P0056,Delhi,1,10,480.53,480.53
T0005151,2025-06-03,C00942,P0088,Chennai,1,10,185.32,185.32
T0005152,2025-04-16,C00616,P0034,Chennai,1,15,238.97,238.97
T0005153,2025-05-11,C00753,P0029,Kolkata,1,10,376.01,376.01
T0005154,2025-08-11,C00807,P0082,Ahmedabad,3,20,282.19,846.57
T0005155,2026-09-13,C00469,P0035,Delhi,1,5,348.65,348.65
T0005156,2025-08-24,C00946,P0100,Bengaluru,2,5,472.07,944.14
T0005157,2026-03-31,C00168,P0004,Mumbai,1,5,532.85,532.85
T0005158,2025-04-03,C00135,P0011,Mumbai,1,0,381.49,381.49
T0005159,2025-04-16,C00215,P0008,Pune,1,5,175.21,175.21
T0005160,2026-06-04,C00232,P0058,Delhi,1,20,659.36,659.36
T0005161,2025-02-22,C00270,P0055,Mumbai,1,0,3390.4,3390.4
T0005162,2025-02-13,C00233,P0048,Delhi,2,10,553.99,1107.98
T0005163,2026-03-14,C00603,P0020,Kolkata,1,0,1079.62,1079.62
T0005164,2025-09-21,C00337,P0052,Chennai,1,0,256.33,256.33
T0005165,2025-08-23,C00105,P0004,Ahmedabad,4,0,560.89,2243.56
T0005166,2026-01-23,C00784,P0006,Bengaluru,3,5,320.44,961.32
T0005167,2025-08-02,C00709,P0044,Hyderabad,1,0,399.08,399.08
T0005168,2025-08-16,C00046,P0024,Delhi,1,0,254.35,254.35
T0005169,2026-08-21,C00733,P0087,Ahmedabad,1,0,341.41,341.41
T0005170,2026-02-27,C00593,P0083,Delhi,1,15,3956.1,3956.1
T0005171,2025-04-07,C00925,P0037,Ahmedabad,1,5,278.51,278.51
T0005172,2026-05-18,C00379,P0068,Delhi,1,0,343.9,343.9
T0005173,2026-07-25,C00288,P0100,Chennai,1,25,372.69,372.69
T0005174,2026-07-21,C00974,P0009,Hyderabad,1,15,102.86,102.86
T0005175,2026-08-19,C00648,P0068,Ahmedabad,1,5,326.7,326.7
T0005176,2026-02-15,C00917,P0009,Bengaluru,2,10,108.91,217.82
T0005177,2026-07-18,C00212,P0011,Pune,1,0,381.49,381.49
T0005178,2026-08-30,C00874,P0081,Pune,1,25,1646.0,1646.0
T0005179,2026-02-08,C00395,P0085,Ahmedabad,1,0,586.1,586.1
T0005180,2025-01-09,C00214,P0045,Bengaluru,1,20,129.83,129.83
T0005181,2025-10-11,C00743,P0032,Bengaluru,1,0,948.64,948.64
T0005182,2025-12-09,C00472,P0004,Chennai,1,0,560.89,560.89
T0005183,2026-04-16,C00430,P0088,Hyderabad,1,0,205.91,205.91
T0005184,2025-08-02,C00394,P0037,Ahmedabad,1,0,293.17,293.17
T0005185,2025-12-26,C00766,P0003,Kolkata,1,0,356.66,356.66
T0005186,2025-12-26,C00285,P0072,Chennai,1,0,298.01,298.01
T0005187,2025-11-26,C00499,P0066,Mumbai,2,0,998.6,1997.2
T0005188,2026-08-10,C00743,P0032,Bengaluru,2,10,853.78,1707.56
T0005189,2026-09-15,C00040,P0027,Kolkata,1,0,598.6,598.6
T0005190,2026-05-24,C00458,P0002,Kolkata,1,20,259.99,259.99
T0005191,2025-03-08,C00536,P0051,Delhi,1,25,627.08,627.08
T0005192,2026-02-10,C00030,P0087,Bengaluru,2,10,307.27,614.54
T0005193,2025-04-29,C00121,P0087,Kolkata,2,0,341.41,682.82
T0005194,2026-08-07,C00887,P0030,Kolkata,1,0,386.5,386.5
T0005195,2025-01-22,C00712,P0011,Ahmedabad,1,0,381.49,381.49
T0005196,2025-01-30,C00078,P0048,Chennai,1,5,584.76,584.76
T0005197,2025-05-15,C00438,P0003,Chennai,4,5,338.83,1355.32
T0005198,2025-07-06,C00157,P0032,Kolkata,1,15,806.34,806.34
T0005199,2025-06-20,C00880,P0054,Hyderabad,1,5,276.74,276.74
T0005200,2025-11-16,C00315,P0068,Chennai,1,5,326.7,326.7
T0005201,2025-01-31,C01000,P0093,Kolkata,2,10,510.61,1021.22
T0005202,2025-11-21,C00833,P0025,Bengaluru,2,0,185.23,370.46
T0005203,2026-05-16,C00177,P0090,Kolkata,3,15,238.61,715.83
T0005204,2025-06-15,C00205,P0064,Ahmedabad,1,10,624.31,624.31
T0005205,2025-04-10,C00161,P0048,Mumbai,1,0,615.54,615.54
T0005206,2025-11-11,C00677,P0043,Ahmedabad,2,5,274.52,549.04
T0005207,2025-10-24,C00052,P0026,Chennai,1,10,514.13,514.13
T0005208,2025-07-21,C00614,P0097,Pune,1,0,1906.89,1906.89
T0005209,2025-03-14,C00415,P0042,Chennai,1,10,687.52,687.52
T0005210,2025-07-28,C00345,P0034,Bengaluru,2,10,253.03,506.06
T0005211,2026-06-29,C00611,P0068,Kolkata,1,0,343.9,343.9
T0005212,2025-06-29,C00725,P0099,Chennai,1,10,275.85,275.85
T0005213,2026-08-17,C00647,P0027,Bengaluru,1,0,598.6,598.6
T0005214,2025-07-05,C00057,P0036,Delhi,1,0,471.39,471.39
T0005215,2025-01-24,C00266,P0043,Chennai,1,5,274.52,274.52
T0005216,2025-11-29,C00261,P0021,Pune,1,15,534.26,534.26
T0005217,2026-03-23,C00613,P0096,Chennai,3,5,923.08,2769.24
T0005218,2025-02-01,C00377,P0071,Chennai,1,25,1201.79,1201.79
T0005219,2026-07-03,C00880,P0042,Hyderabad,1,0,763.91,763.91
T0005220,2026-02-20,C00816,P0035,Chennai,2,0,367.0,734.0
T0005221,2025-07-26,C00571,P0067,Ahmedabad,2,5,462.0,924.0
T0005222,2025-04-16,C00361,P0055,Mumbai,1,15,2881.84,2881.84
T0005223,2025-04-12,C00666,P0089,Hyderabad,1,10,189.14,189.14
T0005224,2025-12-16,C00537,P0041,Hyderabad,3,15,791.04,2373.12
T0005225,2025-04-08,C00215,P0028,Pune,2,10,560.83,1121.66
T0005226,2025-10-17,C00659,P0058,Hyderabad,1,20,659.36,659.36
T0005227,2026-03-28,C00639,P0044,Mumbai,1,20,319.26,319.26
T0005228,2025-08-15,C00307,P0030,Mumbai,1,0,386.5,386.5
T0005229,2025-06-19,C00837,P0020,Bengaluru,2,0,1079.62,2159.24
T0005230,2025-04-09,C00566,P0041,Chennai,1,0,930.63,930.63
T0005231,2025-03-16,C00746,P0075,Hyderabad,1,15,143.73,143.73
T0005232,2025-08-09,C00058,P0099,Pune,1,5,291.18,291.18
T0005233,2026-01-23,C00145,P0068,Hyderabad,1,0,343.9,343.9
T0005234,2026-07-14,C00568,P0093,Pune,1,15,482.24,482.24
T0005235,2026-05-24,C00816,P0016,Chennai,1,15,899.44,899.44
T0005236,2025-12-11,C00612,P0024,Kolkata,3,20,203.48,610.44
T0005237,2025-12-20,C00330,P0068,Pune,1,15,292.32,292.32
T0005238,2025-12-18,C00240,P0047,Ahmedabad,1,5,684.49,684.49
T0005239,2026-01-26,C00201,P0052,Kolkata,1,5,243.51,243.51
T0005240,2025-12-06,C00858,P0002,Bengaluru,2,15,276.24,552.48
T0005241,2025-02-23,C00531,P0022,Pune,2,0,472.4,944.8
T0005242,2025-11-16,C00498,P0027,Pune,1,5,568.67,568.67
T0005243,2026-08-17,C00501,P0065,Delhi,3,0,1269.31,3807.93
T0005244,2026-03-30,C00708,P0041,Ahmedabad,1,25,697.97,697.97
T0005245,2026-08-01,C00099,P0043,Hyderabad,1,5,274.52,274.52
T0005246,2025-06-24,C00758,P0014,Kolkata,3,5,880.56,2641.68
T0005247,2025-12-27,C00420,P0020,Delhi,1,0,1079.62,1079.62
T0005248,2026-07-15,C00751,P0068,Chennai,1,0,343.9,343.9
T0005249,2026-08-24,C00997,P0093,Ahmedabad,1,0,567.34,567.34
T0005250,2026-09-12,C00783,P0093,Mumbai,2,10,510.61,1021.22
T0005251,2026-02-15,C00874,P0051,Pune,2,25,627.08,1254.16
T0005252,2026-07-25,C00901,P0019,Bengaluru,1,10,156.57,156.57
T0005253,2026-02-20,C00238,P0043,Delhi,2,5,274.52,549.04
T0005254,2025-12-16,C00961,P0043,Pune,1,5,274.52,274.52
T0005255,2026-04-13,C00281,P0074,Pune,1,10,415.27,415.27
T0005256,2025-05-08,C00206,P0026,Kolkata,1,10,514.13,514.13
T0005257,2025-12-06,C00449,P0042,Delhi,1,15,649.32,649.32
T0005258,2026-06-29,C00670,P0041,Kolkata,1,0,930.63,930.63
T0005259,2025-07-16,C00971,P0056,Bengaluru,1,5,507.22,507.22
T0005260,2026-03-27,C00821,P0010,Pune,1,10,985.2,985.2
T0005261,2025-01-02,C00107,P0099,Mumbai,1,0,306.5,306.5
T0005262,2025-11-02,C00121,P0040,Kolkata,1,10,658.32,658.32
T0005263,2025-02-02,C00679,P0031,Ahmedabad,1,5,220.5,220.5
T0005264,2026-09-13,C00157,P0033,Kolkata,4,5,262.72,1050.88
T0005265,2026-01-02,C00159,P0082,Chennai,1,10,317.47,317.47
T0005266,2025-02-12,C00777,P0043,Delhi,1,10,260.07,260.07
T0005267,2025-02-28,C00531,P0053,Pune,1,5,182.08,182.08
T0005268,2025-10-23,C00048,P0043,Ahmedabad,1,10,260.07,260.07
T0005269,2025-02-05,C00730,P0068,Chennai,4,5,326.7,1306.8
T0005270,2025-09-29,C00587,P0070,Hyderabad,2,5,640.04,1280.08
T0005271,2025-05-23,C00179,P0066,Hyderabad,1,0,998.6,998.6
T0005272,2026-01-04,C00520,P0022,Kolkata,1,0,472.4,472.4
T0005273,2026-01-15,C00215,P0037,Pune,1,0,293.17,293.17
T0005274,2025-04-10,C00796,P0028,Pune,1,5,591.98,591.98
T0005275,2025-03-04,C00794,P0087,Ahmedabad,1,20,273.13,273.13
T0005276,2025-08-13,C00624,P0097,Chennai,2,5,1811.55,3623.1
T0005277,2026-09-18,C00075,P0042,Ahmedabad,1,0,763.91,763.91
T0005278,2026-02-12,C00469,P0083,Delhi,1,5,4421.52,4421.52
T0005279,2026-09-10,C00474,P0032,Delhi,1,5,901.21,901.21
T0005280,2026-01-13,C00300,P0031,Bengaluru,1,10,208.9,208.9
T0005281,2026-05-04,C00959,P0050,Hyderabad,1,15,963.08,963.08
T0005282,2026-07-19,C00182,P0100,Kolkata,4,0,496.92,1987.68
T0005283,2026-07-10,C00006,P0070,Hyderabad,1,0,673.73,673.73
T0005284,2025-05-16,C00253,P0093,Ahmedabad,3,15,482.24,1446.72
T0005285,2025-04-04,C00629,P0091,Chennai,1,0,279.87,279.87
T0005286,2026-04-02,C00505,P0040,Bengaluru,2,15,621.75,1243.5
T0005287,2026-03-24,C00720,P0013,Mumbai,2,5,553.56,1107.12
T0005288,2025-07-30,C00827,P0004,Pune,2,10,504.8,1009.6
T0005289,2026-09-06,C00890,P0067,Kolkata,1,5,462.0,462.0
T0005290,2026-03-08,C00845,P0046,Ahmedabad,2,0,568.98,1137.96
T0005291,2026-08-09,C00321,P0072,Hyderabad,1,10,268.21,268.21
T0005292,2026-03-14,C00128,P0059,Ahmedabad,1,0,257.22,257.22
T0005293,2025-10-10,C00256,P0048,Ahmedabad,2,0,615.54,1231.08
T0005294,2025-06-13,C00938,P0081,Chennai,1,0,2194.67,2194.67
T0005295,2025-10-28,C00877,P0053,Hyderabad,2,10,172.49,344.98
T0005296,2026-01-04,C00791,P0009,Kolkata,2,5,114.96,229.92
T0005297,2026-03-24,C00522,P0018,Pune,1,5,728.87,728.87
T0005298,2025-01-28,C00225,P0012,Delhi,1,0,222.18,222.18
T0005299,2026-01-07,C00126,P0066,Bengaluru,1,0,998.6,998.6
T0005300,2025-10-18,C00138,P0006,Chennai,1,15,286.71,286.71
T0005301,2026-07-03,C00944,P0068,Mumbai,1,20,275.12,275.12
T0005302,2025-12-27,C00296,P0067,Bengaluru,1,15,413.37,413.37
T0005303,2026-07-21,C00859,P0098,Mumbai,1,10,948.52,948.52
T0005304,2025-04-13,C00718,P0054,Delhi,2,10,262.17,524.34
T0005305,2025-04-18,C00787,P0024,Hyderabad,1,0,254.35,254.35
T0005306,2025-06-01,C00422,P0011,Kolkata,1,0,381.49,381.49
T0005307,2025-02-01,C00512,P0002,Bengaluru,1,0,324.99,324.99
T0005308,2025-06-24,C00945,P0090,Pune,2,15,238.61,477.22
T0005309,2025-08-06,C00367,P0016,Ahmedabad,3,10,952.35,2857.05
T0005310,2026-09-03,C00041,P0093,Pune,1,0,567.34,567.34
T0005311,2025-03-06,C00661,P0043,Bengaluru,4,15,245.62,982.48
T0005312,2025-10-25,C00553,P0097,Ahmedabad,1,15,1620.86,1620.86
T0005313,2025-12-30,C00581,P0032,Bengaluru,1,5,901.21,901.21
T0005314,2025-05-04,C00819,P0053,Pune,3,0,191.66,574.98
T0005315,2025-02-19,C00455,P0072,Bengaluru,1,0,298.01,298.01
T0005316,2026-06-22,C00187,P0056,Hyderabad,1,10,480.53,480.53
T0005317,2026-03-01,C00762,P0043,Ahmedabad,1,0,288.97,288.97
T0005318,2025-10-16,C00898,P0063,Mumbai,3,15,120.39,361.17
T0005319,2025-02-28,C00258,P0051,Bengaluru,1,5,794.3,794.3
T0005320,2025-09-14,C00360,P0031,Chennai,1,0,232.11,232.11
T0005321,2025-08-09,C00329,P0076,Pune,1,10,353.92,353.92
T0005322,2025-02-23,C00783,P0068,Mumbai,1,10,309.51,309.51
T0005323,2026-08-27,C00631,P0067,Kolkata,1,0,486.32,486.32
T0005324,2025-08-03,C00009,P0021,Ahmedabad,1,15,534.26,534.26
T0005325,2025-12-26,C00112,P0093,Ahmedabad,1,0,567.34,567.34
T0005326,2025-07-17,C00376,P0030,Hyderabad,1,0,386.5,386.5
T0005327,2025-11-14,C00570,P0013,Pune,3,0,582.69,1748.07
T0005328,2026-01-16,C00212,P0011,Pune,2,15,324.27,648.54
T0005329,2026-07-20,C00540,P0055,Chennai,1,25,2542.8,2542.8
T0005330,2025-03-28,C00227,P0075,Pune,1,15,143.73,143.73
T0005331,2026-08-06,C00786,P0020,Kolkata,2,0,1079.62,2159.24
T0005332,2025-10-18,C00740,P0065,Delhi,1,5,1205.84,1205.84
T0005333,2025-03-01,C00105,P0014,Ahmedabad,1,5,880.56,880.56
T0005334,2025-04-29,C00312,P0091,Delhi,1,10,251.88,251.88
T0005335,2025-11-02,C00900,P0095,Delhi,2,0,346.67,693.34
T0005336,2025-04-03,C00615,P0070,Hyderabad,1,0,673.73,673.73
T0005337,2026-06-20,C00776,P0051,Pune,3,5,794.3,2382.9
T0005338,2025-03-11,C00376,P0033,Hyderabad,1,10,248.9,248.9
T0005339,2025-12-14,C00260,P0089,Pune,3,10,189.14,567.42
T0005340,2026-03-12,C00578,P0013,Ahmedabad,2,5,553.56,1107.12
T0005341,2025-06-29,C00645,P0015,Ahmedabad,1,20,2059.02,2059.02
T0005342,2025-07-06,C00894,P0011,Kolkata,1,15,324.27,324.27
T0005343,2025-03-29,C00055,P0013,Mumbai,1,10,524.42,524.42
T0005344,2025-06-03,C00223,P0065,Ahmedabad,2,5,1205.84,2411.68
T0005345,2025-11-02,C00273,P0026,Mumbai,1,25,428.44,428.44
T0005346,2025-07-19,C00427,P0092,Kolkata,2,15,287.14,574.28
T0005347,2025-07-18,C00146,P0016,Pune,3,5,1005.26,3015.78
T0005348,2025-08-11,C00441,P0010,Mumbai,1,15,930.47,930.47
T0005349,2025-09-22,C00100,P0068,Pune,2,10,309.51,619.02
T0005350,2026-04-02,C00007,P0079,Kolkata,3,5,390.28,1170.84
T0005351,2026-04-05,C00108,P0090,Bengaluru,2,15,238.61,477.22
T0005352,2025-05-05,C00933,P0022,Hyderabad,1,10,425.16,425.16
T0005353,2026-08-26,C00162,P0041,Chennai,1,10,837.57,837.57
T0005354,2025-01-25,C00807,P0065,Ahmedabad,1,5,1205.84,1205.84
T0005355,2025-01-06,C00198,P0016,Chennai,1,0,1058.17,1058.17
T0005356,2026-07-04,C00097,P0046,Pune,1,15,483.63,483.63
T0005357,2026-09-19,C00808,P0030,Delhi,2,5,367.17,734.34
T0005358,2025-05-31,C00210,P0093,Kolkata,4,10,510.61,2042.44
T0005359,2026-04-23,C00961,P0093,Pune,1,25,425.5,425.5
T0005360,2025-01-20,C00960,P0013,Delhi,1,20,466.15,466.15
T0005361,2025-11-15,C00009,P0062,Ahmedabad,1,0,1322.57,1322.57
T0005362,2025-12-06,C00712,P0081,Ahmedabad,1,25,1646.0,1646.0
T0005363,2026-01-06,C00751,P0068,Chennai,1,15,292.32,292.32
T0005364,2025-09-30,C00282,P0027,Ahmedabad,1,0,598.6,598.6
T0005365,2025-01-06,C00253,P0068,Ahmedabad,1,10,309.51,309.51
T0005366,2025-08-26,C00414,P0077,Ahmedabad,1,5,1513.44,1513.44
T0005367,2025-02-17,C00490,P0054,Chennai,1,5,276.74,276.74
T0005368,2025-10-13,C00810,P0080,Delhi,1,5,311.23,311.23
T0005369,2025-11-17,C00233,P0090,Delhi,2,0,280.72,561.44
T0005370,2025-02-27,C00987,P0061,Bengaluru,1,15,190.32,190.32
T0005371,2026-05-24,C00496,P0087,Delhi,1,0,341.41,341.41
T0005372,2026-05-14,C00963,P0093,Chennai,1,10,510.61,510.61
T0005373,2026-03-29,C00402,P0097,Bengaluru,1,0,1906.89,1906.89
T0005374,2026-01-17,C00684,P0036,Ahmedabad,1,5,447.82,447.82
T0005375,2026-05-27,C00657,P0040,Chennai,1,25,548.6,548.6
T0005376,2026-07-09,C00203,P0031,Mumbai,4,20,185.69,742.76
T0005377,2026-08-29,C00201,P0052,Kolkata,2,15,217.88,435.76
T0005378,2026-09-17,C00744,P0071,Delhi,1,15,1362.02,1362.02
T0005379,2026-01-31,C00252,P0098,Hyderabad,1,5,1001.21,1001.21
T0005380,2026-03-28,C00993,P0012,Pune,2,25,166.64,333.28
T0005381,2025-08-02,C00138,P0074,Chennai,3,25,346.06,1038.18
T0005382,2025-10-31,C00778,P0093,Ahmedabad,1,15,482.24,482.24
T0005383,2026-01-25,C00109,P0064,Ahmedabad,1,10,624.31,624.31
T0005384,2025-11-26,C00120,P0030,Delhi,2,25,289.88,579.76
T0005385,2025-06-29,C00226,P0061,Delhi,1,10,201.51,201.51
T0005386,2025-02-03,C00290,P0071,Kolkata,2,15,1362.02,2724.04
T0005387,2025-12-14,C00438,P0022,Chennai,1,10,425.16,425.16
T0005388,2025-10-22,C00146,P0083,Pune,1,25,3490.67,3490.67
T0005389,2026-02-06,C01000,P0093,Kolkata,2,0,567.34,1134.68
T0005390,2025-06-11,C00990,P0080,Bengaluru,1,15,278.47,278.47
T0005391,2025-09-09,C00216,P0068,Kolkata,4,15,292.32,1169.28
T0005392,2025-10-05,C00681,P0050,Bengaluru,1,0,1133.03,1133.03
T0005393,2025-04-14,C00285,P0054,Chennai,1,5,276.74,276.74
T0005394,2025-10-23,C00401,P0050,Hyderabad,3,15,963.08,2889.24
T0005395,2026-08-30,C00144,P0087,Ahmedabad,1,10,307.27,307.27
T0005396,2026-08-26,C00866,P0047,Chennai,2,0,720.52,1441.04
T0005397,2026-07-30,C00045,P0034,Mumbai,1,0,281.14,281.14
T0005398,2025-04-30,C00135,P0051,Mumbai,1,10,752.5,752.5
T0005399,2025-12-07,C00774,P0072,Ahmedabad,1,5,283.11,283.11
T0005400,2026-05-08,C00697,P0051,Delhi,2,20,668.89,1337.78
T0005401,2025-09-01,C00276,P0053,Kolkata,2,0,191.66,383.32
T0005402,2025-10-21,C00321,P0021,Hyderabad,1,0,628.54,628.54
T0005403,2026-07-12,C00497,P0059,Kolkata,3,15,218.64,655.92
T0005404,2026-09-20,C00060,P0097,Delhi,1,0,1906.89,1906.89
T0005405,2026-02-06,C00062,P0003,Hyderabad,1,0,356.66,356.66
T0005406,2026-03-25,C00563,P0054,Kolkata,2,10,262.17,524.34
T0005407,2025-03-22,C00083,P0034,Pune,1,5,267.08,267.08
T0005408,2025-08-24,C00731,P0005,Kolkata,1,15,127.06,127.06
T0005409,2025-02-25,C00668,P0066,Pune,2,20,798.88,1597.76
T0005410,2025-02-07,C00121,P0070,Kolkata,1,20,538.98,538.98
T0005411,2025-08-22,C00813,P0056,Hyderabad,1,0,533.92,533.92
T0005412,2025-01-17,C00907,P0091,Kolkata,1,5,265.88,265.88
T0005413,2025-12-12,C00414,P0100,Ahmedabad,2,0,496.92,993.84
T0005414,2025-12-27,C00375,P0096,Hyderabad,3,10,874.49,2623.47
T0005415,2025-03-26,C00399,P0087,Delhi,2,0,341.41,682.82
T0005416,2025-06-11,C00063,P0017,Pune,2,0,311.3,622.6
T0005417,2025-02-11,C00929,P0031,Delhi,1,15,197.29,197.29
T0005418,2026-09-23,C00242,P0036,Kolkata,2,0,471.39,942.78
T0005419,2025-02-15,C00385,P0052,Ahmedabad,1,5,243.51,243.51
T0005420,2026-01-10,C00280,P0093,Chennai,1,5,538.97,538.97
T0005421,2025-02-27,C00280,P0068,Chennai,1,5,326.7,326.7
T0005422,2025-10-18,C00527,P0043,Bengaluru,1,5,274.52,274.52
T0005423,2025-10-10,C00169,P0080,Ahmedabad,2,0,327.61,655.22
T0005424,2026-04-22,C00449,P0042,Delhi,1,0,763.91,763.91
T0005425,2026-08-03,C00848,P0075,Pune,2,0,169.09,338.18
T0005426,2025-10-07,C00025,P0030,Ahmedabad,1,0,386.5,386.5
T0005427,2025-07-17,C00769,P0089,Chennai,1,0,210.16,210.16
T0005428,2025-03-11,C00554,P0084,Kolkata,2,15,450.79,901.58
T0005429,2026-02-25,C00505,P0056,Bengaluru,2,5,507.22,1014.44
T0005430,2026-03-15,C00557,P0077,Bengaluru,2,0,1593.09,3186.18
T0005431,2025-01-11,C00178,P0015,Mumbai,2,10,2316.4,4632.8
T0005432,2026-04-23,C00252,P0046,Hyderabad,3,20,455.18,1365.54
T0005433,2025-08-14,C00129,P0013,Ahmedabad,1,0,582.69,582.69
T0005434,2025-12-13,C00653,P0078,Hyderabad,1,10,325.45,325.45
T0005435,2026-04-10,C00698,P0061,Chennai,1,10,201.51,201.51
T0005436,2025-07-07,C00678,P0012,Pune,4,10,199.96,799.84
T0005437,2026-03-25,C00856,P0042,Delhi,1,15,649.32,649.32
T0005438,2025-11-07,C00706,P0008,Mumbai,1,10,165.99,165.99
T0005439,2025-11-19,C00920,P0091,Pune,1,25,209.9,209.9
T0005440,2026-02-17,C00865,P0063,Chennai,1,0,141.64,141.64
T0005441,2025-04-20,C00439,P0043,Ahmedabad,1,0,288.97,288.97
T0005442,2025-11-26,C00187,P0040,Hyderabad,1,15,621.75,621.75
T0005443,2026-04-10,C00125,P0091,Pune,1,0,279.87,279.87
T0005444,2025-06-13,C00376,P0097,Hyderabad,4,5,1811.55,7246.2
T0005445,2025-10-02,C00965,P0075,Ahmedabad,1,0,169.09,169.09
T0005446,2025-02-16,C00921,P0093,Pune,1,15,482.24,482.24
T0005447,2026-05-28,C00392,P0053,Chennai,2,0,191.66,383.32
T0005448,2025-09-17,C00680,P0052,Bengaluru,2,0,256.33,512.66
T0005449,2025-06-07,C00776,P0055,Pune,2,10,3051.36,6102.72
T0005450,2026-07-21,C00320,P0074,Mumbai,1,15,392.2,392.2
T0005451,2025-12-21,C00339,P0073,Ahmedabad,2,15,244.04,488.08
T0005452,2026-04-20,C00098,P0069,Pune,1,0,124.03,124.03
T0005453,2025-07-29,C00524,P0066,Mumbai,1,0,998.6,998.6
T0005454,2026-07-06,C00054,P0081,Kolkata,3,0,2194.67,6584.01
T0005455,2025-07-16,C00556,P0067,Mumbai,1,10,437.69,437.69
T0005456,2026-01-09,C00398,P0043,Kolkata,1,5,274.52,274.52
T0005457,2025-04-20,C00059,P0035,Pune,1,15,311.95,311.95
T0005458,2025-04-05,C00542,P0093,Kolkata,1,10,510.61,510.61
T0005459,2025-09-07,C00797,P0091,Pune,2,0,279.87,559.74
T0005460,2025-01-17,C00730,P0093,Chennai,1,10,510.61,510.61
T0005461,2025-08-01,C00368,P0024,Ahmedabad,1,10,228.92,228.92
T0005462,2025-10-31,C00217,P0042,Pune,4,10,687.52,2750.08
T0005463,2026-01-15,C00558,P0082,Delhi,1,0,352.74,352.74
T0005464,2025-02-19,C00452,P0058,Kolkata,3,0,824.2,2472.6
T0005465,2026-06-10,C00424,P0055,Pune,1,0,3390.4,3390.4
T0005466,2025-06-21,C00013,P0047,Bengaluru,2,0,720.52,1441.04
T0005467,2026-06-13,C00489,P0084,Chennai,2,0,530.34,1060.68
T0005468,2026-08-14,C00050,P0043,Pune,3,20,231.18,693.54
T0005469,2025-03-25,C00784,P0019,Bengaluru,1,5,165.27,165.27
T0005470,2025-06-25,C00919,P0044,Mumbai,1,0,399.08,399.08
T0005471,2026-07-25,C00584,P0034,Hyderabad,1,10,253.03,253.03
T0005472,2025-09-25,C00324,P0024,Bengaluru,1,10,228.92,228.92
T0005473,2026-09-15,C00112,P0043,Ahmedabad,2,0,288.97,577.94
T0005474,2025-02-25,C00712,P0058,Ahmedabad,2,5,782.99,1565.98
T0005475,2026-01-08,C00291,P0073,Kolkata,1,10,258.39,258.39
T0005476,2025-04-03,C00738,P0081,Mumbai,1,25,1646.0,1646.0
T0005477,2025-11-26,C00385,P0079,Ahmedabad,1,15,349.2,349.2
T0005478,2025-03-10,C00926,P0062,Ahmedabad,1,15,1124.18,1124.18
T0005479,2025-07-28,C00841,P0093,Pune,1,5,538.97,538.97
T0005480,2026-08-29,C00215,P0045,Pune,1,5,154.18,154.18
T0005481,2025-10-16,C00938,P0031,Chennai,1,10,208.9,208.9
T0005482,2025-09-27,C00555,P0080,Kolkata,1,10,294.85,294.85
T0005483,2026-02-14,C00467,P0077,Delhi,3,25,1194.82,3584.46
T0005484,2025-12-26,C00498,P0012,Pune,2,0,222.18,444.36
T0005485,2025-03-12,C00582,P0020,Ahmedabad,1,15,917.68,917.68
T0005486,2025-01-14,C00545,P0067,Chennai,1,10,437.69,437.69
T0005487,2026-05-09,C00306,P0078,Pune,2,15,307.37,614.74
T0005488,2025-11-20,C00560,P0084,Bengaluru,1,10,477.31,477.31
T0005489,2025-02-05,C00847,P0074,Mumbai,2,0,461.41,922.82
T0005490,2025-07-23,C00661,P0068,Bengaluru,2,10,309.51,619.02
T0005491,2025-08-29,C00044,P0093,Hyderabad,1,20,453.87,453.87
T0005492,2026-06-24,C00041,P0093,Pune,1,10,510.61,510.61
T0005493,2025-01-22,C00144,P0087,Ahmedabad,2,15,290.2,580.4
T0005494,2025-11-28,C00738,P0080,Mumbai,2,15,278.47,556.94
T0005495,2025-04-05,C00027,P0061,Hyderabad,1,0,223.9,223.9
T0005496,2026-02-27,C00578,P0004,Ahmedabad,3,5,532.85,1598.55
T0005497,2025-03-20,C00531,P0022,Pune,1,0,472.4,472.4
T0005498,2025-08-24,C00982,P0032,Pune,1,0,948.64,948.64
T0005499,2025-05-07,C00126,P0059,Bengaluru,2,0,257.22,514.44
T0005500,2026-06-05,C00798,P0006,Bengaluru,1,0,337.31,337.31
T0005501,2025-06-18,C00146,P0016,Pune,2,10,952.35,1904.7
T0005502,2025-04-15,C00538,P0095,Mumbai,1,10,312.0,312.0
T0005503,2025-10-29,C00618,P0054,Pune,1,0,291.3,291.3
T0005504,2025-07-02,C00653,P0027,Hyderabad,4,10,538.74,2154.96
T0005505,2026-09-11,C00319,P0008,Pune,2,10,165.99,331.98
T0005506,2025-02-26,C00909,P0039,Ahmedabad,2,5,679.94,1359.88
T0005507,2025-06-13,C00045,P0030,Mumbai,1,0,386.5,386.5
T0005508,2025-12-20,C00757,P0007,Mumbai,1,10,471.78,471.78
T0005509,2026-04-14,C00411,P0099,Hyderabad,1,15,260.52,260.52
T0005510,2025-11-14,C00801,P0019,Pune,1,10,156.57,156.57
T0005511,2025-07-27,C00577,P0093,Bengaluru,1,5,538.97,538.97
T0005512,2026-07-23,C00300,P0091,Bengaluru,1,0,279.87,279.87
T0005513,2025-01-30,C00304,P0002,Delhi,3,0,324.99,974.97
T0005514,2025-06-07,C00377,P0019,Chennai,2,25,130.48,260.96
T0005515,2025-06-21,C00146,P0022,Pune,1,10,425.16,425.16
T0005516,2025-05-31,C00702,P0094,Ahmedabad,3,0,1058.21,3174.63
T0005517,2026-05-12,C00142,P0029,Ahmedabad,2,0,417.79,835.58
T0005518,2025-05-11,C00280,P0043,Chennai,1,0,288.97,288.97
T0005519,2026-08-27,C00461,P0095,Bengaluru,1,10,312.0,312.0
T0005520,2026-05-17,C00944,P0093,Mumbai,1,0,567.34,567.34
T0005521,2025-07-08,C00184,P0060,Delhi,1,25,246.93,246.93
T0005522,2026-05-05,C00996,P0089,Pune,1,0,210.16,210.16
T0005523,2026-07-16,C00133,P0090,Kolkata,2,10,252.65,505.3
T0005524,2025-08-13,C00422,P0067,Kolkata,1,0,486.32,486.32
T0005525,2025-12-31,C00423,P0040,Mumbai,1,0,731.47,731.47
T0005526,2025-09-05,C00022,P0055,Mumbai,1,15,2881.84,2881.84
T0005527,2026-06-22,C00925,P0037,Ahmedabad,2,0,293.17,586.34
T0005528,2025-03-03,C00535,P0040,Pune,2,15,621.75,1243.5
T0005529,2025-09-23,C00955,P0013,Chennai,1,0,582.69,582.69
T0005530,2026-01-14,C00728,P0056,Chennai,1,20,427.14,427.14
T0005531,2026-07-05,C00319,P0099,Pune,1,5,291.18,291.18
T0005532,2025-08-19,C00363,P0040,Mumbai,2,10,658.32,1316.64
T0005533,2026-05-04,C00988,P0050,Delhi,2,0,1133.03,2266.06
T0005534,2025-10-21,C00234,P0098,Ahmedabad,1,5,1001.21,1001.21
T0005535,2025-12-24,C00348,P0014,Mumbai,1,0,926.9,926.9
T0005536,2026-07-16,C00130,P0039,Bengaluru,1,0,715.73,715.73
T0005537,2026-05-07,C00736,P0025,Pune,1,0,185.23,185.23
T0005538,2026-01-01,C00580,P0033,Ahmedabad,2,10,248.9,497.8
T0005539,2025-02-03,C00111,P0079,Kolkata,2,25,308.12,616.24
T0005540,2025-12-06,C00481,P0089,Hyderabad,1,15,178.64,178.64
T0005541,2025-09-09,C00513,P0010,Chennai,3,0,1094.67,3284.01
T0005542,2026-08-05,C00364,P0084,Pune,3,0,530.34,1591.02
T0005543,2026-05-22,C00312,P0080,Delhi,1,0,327.61,327.61
T0005544,2026-06-13,C00247,P0042,Chennai,1,15,649.32,649.32
T0005545,2025-06-03,C00924,P0043,Kolkata,2,10,260.07,520.14
T0005546,2026-03-01,C00510,P0003,Chennai,2,0,356.66,713.32
T0005547,2025-05-29,C00062,P0003,Hyderabad,1,20,285.33,285.33
T0005548,2025-04-13,C00447,P0079,Chennai,3,0,410.82,1232.46
T0005549,2025-03-11,C00028,P0041,Kolkata,1,10,837.57,837.57
T0005550,2025-06-17,C00935,P0043,Kolkata,1,15,245.62,245.62
T0005551,2026-07-10,C00578,P0014,Ahmedabad,1,10,834.21,834.21
T0005552,2025-10-27,C00852,P0038,Delhi,1,0,562.66,562.66
T0005553,2026-01-11,C00318,P0015,Bengaluru,2,15,2187.71,4375.42
T0005554,2026-09-14,C00161,P0048,Mumbai,4,25,461.66,1846.64
T0005555,2025-08-10,C00632,P0061,Hyderabad,2,15,190.32,380.64
T0005556,2025-11-17,C00783,P0068,Mumbai,1,0,343.9,343.9
T0005557,2025-10-07,C00008,P0041,Kolkata,1,0,930.63,930.63
T0005558,2025-09-29,C00088,P0076,Kolkata,1,0,393.24,393.24
T0005559,2025-12-10,C00100,P0068,Pune,2,5,326.7,653.4
T0005560,2026-02-26,C00771,P0001,Hyderabad,1,5,695.02,695.02
T0005561,2026-02-01,C00703,P0014,Pune,1,5,880.56,880.56
T0005562,2025-01-26,C00194,P0009,Chennai,1,0,121.01,121.01
T0005563,2025-03-23,C00099,P0043,Hyderabad,1,0,288.97,288.97
T0005564,2026-04-23,C00398,P0068,Kolkata,1,0,343.9,343.9
T0005565,2026-02-18,C00771,P0012,Hyderabad,1,5,211.07,211.07
T0005566,2025-04-20,C00821,P0090,Pune,1,5,266.68,266.68
T0005567,2025-07-12,C00219,P0083,Delhi,2,10,4188.81,8377.62
T0005568,2025-04-07,C00627,P0035,Bengaluru,2,20,293.6,587.2
T0005569,2025-11-29,C00728,P0087,Chennai,3,20,273.13,819.39
T0005570,2025-07-05,C00892,P0010,Chennai,1,20,875.74,875.74
T0005571,2026-05-03,C00756,P0042,Hyderabad,1,15,649.32,649.32
T0005572,2025-02-26,C00556,P0011,Mumbai,1,0,381.49,381.49
T0005573,2026-07-13,C00512,P0057,Bengaluru,1,20,342.08,342.08
T0005574,2025-04-20,C00238,P0093,Delhi,1,10,510.61,510.61
T0005575,2025-04-07,C00392,P0023,Chennai,1,10,404.99,404.99
T0005576,2025-08-02,C00538,P0046,Mumbai,3,0,568.98,1706.94
T0005577,2025-03-25,C00113,P0043,Chennai,2,15,245.62,491.24
T0005578,2026-07-27,C00719,P0027,Mumbai,1,5,568.67,568.67
T0005579,2025-03-12,C00217,P0089,Pune,1,15,178.64,178.64
T0005580,2025-08-06,C00525,P0099,Chennai,2,5,291.18,582.36
T0005581,2025-01-20,C00884,P0075,Chennai,2,15,143.73,287.46
T0005582,2025-03-03,C00983,P0006,Chennai,1,0,337.31,337.31
T0005583,2026-09-14,C00273,P0061,Mumbai,2,25,167.92,335.84
T0005584,2025-09-13,C00540,P0011,Chennai,1,10,343.34,343.34
T0005585,2026-02-07,C00381,P0010,Kolkata,1,5,1039.94,1039.94
T0005586,2026-07-30,C00288,P0094,Chennai,1,10,952.39,952.39
T0005587,2026-01-25,C00548,P0010,Bengaluru,2,20,875.74,1751.48
T0005588,2025-03-01,C00421,P0067,Pune,1,10,437.69,437.69
T0005589,2025-07-01,C00477,P0099,Kolkata,1,5,291.18,291.18
T0005590,2026-05-12,C00506,P0070,Mumbai,1,15,572.67,572.67
T0005591,2026-04-12,C00748,P0082,Pune,1,0,352.74,352.74
T0005592,2025-07-27,C00630,P0095,Bengaluru,1,10,312.0,312.0
T0005593,2025-06-25,C00856,P0062,Delhi,2,0,1322.57,2645.14
T0005594,2025-06-03,C00478,P0055,Ahmedabad,1,10,3051.36,3051.36
T0005595,2026-02-23,C00463,P0032,Mumbai,1,10,853.78,853.78
T0005596,2026-05-07,C00172,P0042,Hyderabad,1,20,611.13,611.13
T0005597,2026-02-28,C00295,P0053,Pune,3,0,191.66,574.98
T0005598,2025-07-26,C00292,P0051,Pune,1,15,710.69,710.69
T0005599,2025-11-15,C00428,P0031,Chennai,1,0,232.11,232.11
T0005600,2026-09-14,C00095,P0043,Kolkata,1,15,245.62,245.62
T0005601,2025-10-15,C00400,P0006,Pune,3,5,320.44,961.32
T0005602,2026-06-10,C00902,P0006,Pune,1,15,286.71,286.71
T0005603,2025-10-08,C00407,P0052,Pune,1,15,217.88,217.88
T0005604,2026-07-03,C00565,P0093,Delhi,1,0,567.34,567.34
T0005605,2026-04-09,C00996,P0066,Pune,1,10,898.74,898.74
T0005606,2025-08-06,C00639,P0048,Mumbai,1,15,523.21,523.21
T0005607,2026-02-15,C00429,P0014,Pune,2,0,926.9,1853.8
T0005608,2026-06-01,C00190,P0068,Kolkata,1,5,326.7,326.7
T0005609,2025-02-06,C00959,P0002,Hyderabad,1,5,308.74,308.74
T0005610,2025-02-27,C00996,P0021,Pune,1,10,565.69,565.69
T0005611,2026-08-27,C00959,P0071,Hyderabad,1,10,1442.14,1442.14
T0005612,2025-08-16,C00836,P0055,Chennai,1,5,3220.88,3220.88
T0005613,2026-04-30,C00874,P0051,Pune,2,0,836.11,1672.22
T0005614,2026-05-01,C00869,P0028,Chennai,1,5,591.98,591.98
T0005615,2026-06-14,C00219,P0035,Delhi,2,0,367.0,734.0
T0005616,2026-08-17,C00710,P0099,Bengaluru,1,5,291.18,291.18
T0005617,2026-01-17,C00010,P0046,Bengaluru,1,10,512.08,512.08
T0005618,2025-03-24,C00389,P0028,Ahmedabad,2,0,623.14,1246.28
T0005619,2025-06-16,C00006,P0047,Hyderabad,1,10,648.47,648.47
T0005620,2026-06-27,C00470,P0055,Ahmedabad,1,0,3390.4,3390.4
T0005621,2025-07-11,C00004,P0078,Bengaluru,1,15,307.37,307.37
T0005622,2026-07-27,C00333,P0020,Hyderabad,4,0,1079.62,4318.48
T0005623,2025-11-18,C00356,P0048,Hyderabad,1,0,615.54,615.54
T0005624,2025-01-07,C00420,P0012,Delhi,3,0,222.18,666.54
T0005625,2026-06-26,C00534,P0047,Kolkata,1,15,612.44,612.44
T0005626,2026-01-24,C00324,P0024,Bengaluru,1,0,254.35,254.35
T0005627,2025-07-26,C00238,P0068,Delhi,2,0,343.9,687.8
T0005628,2025-01-21,C00411,P0009,Hyderabad,2,10,108.91,217.82
T0005629,2025-11-29,C00170,P0097,Ahmedabad,2,0,1906.89,3813.78
T0005630,2026-04-24,C00021,P0009,Kolkata,1,0,121.01,121.01
T0005631,2026-05-15,C00043,P0051,Bengaluru,4,0,836.11,3344.44
T0005632,2026-08-25,C00279,P0068,Hyderabad,1,0,343.9,343.9
T0005633,2025-11-03,C00993,P0097,Pune,2,20,1525.51,3051.02
T0005634,2025-10-18,C00899,P0080,Ahmedabad,1,0,327.61,327.61
T0005635,2025-11-14,C00249,P0093,Kolkata,1,15,482.24,482.24
T0005636,2025-04-14,C00094,P0068,Bengaluru,1,15,292.32,292.32
T0005637,2026-08-31,C00833,P0013,Bengaluru,1,25,437.02,437.02
T0005638,2026-03-13,C00093,P0075,Delhi,1,5,160.64,160.64
T0005639,2026-06-15,C00010,P0046,Bengaluru,1,0,568.98,568.98
T0005640,2026-03-15,C00524,P0045,Mumbai,2,5,154.18,308.36
T0005641,2025-04-09,C00195,P0053,Bengaluru,1,20,153.33,153.33
T0005642,2025-01-28,C00030,P0014,Bengaluru,1,0,926.9,926.9
T0005643,2025-04-20,C00146,P0023,Pune,1,15,382.49,382.49
T0005644,2025-10-03,C00865,P0041,Chennai,2,5,884.1,1768.2
T0005645,2026-02-15,C00689,P0015,Hyderabad,1,10,2316.4,2316.4
T0005646,2026-07-11,C00801,P0075,Pune,3,15,143.73,431.19
T0005647,2026-04-21,C00878,P0020,Hyderabad,1,10,971.66,971.66
T0005648,2025-09-03,C00203,P0091,Mumbai,2,0,279.87,559.74
T0005649,2025-12-11,C00597,P0086,Pune,2,5,392.93,785.86
T0005650,2026-03-20,C00604,P0043,Delhi,4,25,216.73,866.92
T0005651,2025-08-03,C00253,P0043,Ahmedabad,1,10,260.07,260.07
T0005652,2026-03-07,C00158,P0087,Delhi,3,10,307.27,921.81
T0005653,2026-08-08,C00659,P0058,Hyderabad,1,5,782.99,782.99
T0005654,2025-01-25,C00207,P0089,Kolkata,1,10,189.14,189.14
T0005655,2025-09-13,C00472,P0025,Chennai,1,0,185.23,185.23
T0005656,2026-09-26,C00937,P0098,Mumbai,1,5,1001.21,1001.21
T0005657,2026-03-31,C00422,P0058,Kolkata,1,20,659.36,659.36
T0005658,2025-01-20,C00301,P0012,Chennai,1,5,211.07,211.07
T0005659,2026-03-14,C00477,P0062,Kolkata,1,15,1124.18,1124.18
T0005660,2026-03-12,C00761,P0056,Delhi,4,5,507.22,2028.88
T0005661,2026-08-08,C00744,P0057,Delhi,2,5,406.22,812.44
T0005662,2026-07-10,C00736,P0025,Pune,1,0,185.23,185.23
T0005663,2025-10-06,C00143,P0044,Kolkata,1,0,399.08,399.08
T0005664,2025-10-15,C00727,P0010,Hyderabad,1,10,985.2,985.2
T0005665,2026-01-07,C00476,P0068,Kolkata,1,10,309.51,309.51
T0005666,2025-07-28,C00732,P0043,Mumbai,1,5,274.52,274.52
T0005667,2026-03-17,C00994,P0054,Mumbai,2,0,291.3,582.6
T0005668,2025-09-06,C00369,P0033,Delhi,1,10,248.9,248.9
T0005669,2026-02-20,C00317,P0043,Ahmedabad,1,20,231.18,231.18
T0005670,2025-06-19,C00913,P0074,Ahmedabad,3,0,461.41,1384.23
T0005671,2025-01-13,C00036,P0006,Mumbai,1,10,303.58,303.58
T0005672,2025-08-18,C00671,P0056,Kolkata,1,5,507.22,507.22
T0005673,2025-09-15,C00831,P0091,Chennai,1,15,237.89,237.89
T0005674,2025-10-20,C00622,P0031,Hyderabad,2,0,232.11,464.22
T0005675,2026-06-21,C00386,P0043,Hyderabad,2,0,288.97,577.94
T0005676,2025-06-27,C00379,P0068,Delhi,1,0,343.9,343.9
T0005677,2025-08-16,C00930,P0064,Bengaluru,1,5,659.0,659.0
T0005678,2025-01-06,C00841,P0043,Pune,1,5,274.52,274.52
T0005679,2025-02-28,C00047,P0040,Pune,1,0,731.47,731.47
T0005680,2025-09-22,C00393,P0029,Ahmedabad,1,10,376.01,376.01
T0005681,2026-04-21,C00684,P0036,Ahmedabad,1,10,424.25,424.25
T0005682,2025-05-12,C00384,P0059,Kolkata,3,0,257.22,771.66
T0005683,2026-07-14,C00816,P0098,Chennai,1,10,948.52,948.52
T0005684,2025-08-18,C00168,P0013,Mumbai,2,15,495.29,990.58
T0005685,2025-03-09,C00703,P0018,Pune,2,0,767.23,1534.46
T0005686,2025-08-17,C00098,P0052,Pune,1,25,192.25,192.25
T0005687,2026-05-16,C00896,P0093,Ahmedabad,1,10,510.61,510.61
T0005688,2025-10-16,C00706,P0045,Mumbai,3,10,146.06,438.18
T0005689,2025-08-11,C00106,P0004,Hyderabad,2,0,560.89,1121.78
T0005690,2025-04-24,C00805,P0068,Mumbai,2,15,292.32,584.64
T0005691,2025-01-03,C00508,P0041,Ahmedabad,2,5,884.1,1768.2
T0005692,2025-03-02,C00092,P0039,Delhi,1,0,715.73,715.73
T0005693,2026-01-07,C00726,P0091,Chennai,1,15,237.89,237.89
T0005694,2026-09-05,C00289,P0079,Hyderabad,1,5,390.28,390.28
T0005695,2025-12-12,C00372,P0034,Hyderabad,1,5,267.08,267.08
T0005696,2025-06-07,C00413,P0087,Ahmedabad,1,0,341.41,341.41
T0005697,2025-03-01,C00327,P0023,Chennai,2,0,449.99,899.98
T0005698,2025-03-05,C00045,P0030,Mumbai,2,20,309.2,618.4
T0005699,2025-09-08,C00421,P0051,Pune,1,0,836.11,836.11
T0005700,2025-10-01,C00866,P0018,Chennai,1,5,728.87,728.87
T0005701,2025-03-09,C00060,P0027,Delhi,2,5,568.67,1137.34
T0005702,2026-02-28,C00315,P0093,Chennai,1,15,482.24,482.24
T0005703,2025-10-15,C00267,P0097,Bengaluru,1,15,1620.86,1620.86
T0005704,2026-09-25,C00425,P0077,Kolkata,2,10,1433.78,2867.56
T0005705,2025-03-20,C01000,P0068,Kolkata,1,0,343.9,343.9
T0005706,2025-07-07,C00165,P0098,Delhi,1,0,1053.91,1053.91
T0005707,2025-06-04,C00052,P0063,Chennai,3,5,134.56,403.68
T0005708,2025-11-25,C00059,P0016,Pune,1,10,952.35,952.35
T0005709,2025-12-15,C00952,P0042,Kolkata,1,0,763.91,763.91
T0005710,2026-07-01,C00432,P0014,Kolkata,2,0,926.9,1853.8
T0005711,2026-06-04,C00331,P0080,Pune,1,15,278.47,278.47
T0005712,2026-07-26,C00619,P0093,Kolkata,1,15,482.24,482.24
T0005713,2026-05-26,C00266,P0068,Chennai,1,0,343.9,343.9
T0005714,2025-11-30,C00222,P0014,Ahmedabad,1,0,926.9,926.9
T0005715,2025-04-25,C00907,P0058,Kolkata,4,0,824.2,3296.8
T0005716,2026-01-13,C00522,P0018,Pune,2,10,690.51,1381.02
T0005717,2025-07-25,C00147,P0055,Delhi,1,10,3051.36,3051.36
T0005718,2025-11-21,C00233,P0026,Delhi,2,5,542.7,1085.4
T0005719,2025-11-14,C00240,P0040,Ahmedabad,1,0,731.47,731.47
T0005720,2025-07-23,C00599,P0007,Pune,1,15,445.57,445.57
T0005721,2025-11-14,C00347,P0070,Delhi,1,10,606.36,606.36
T0005722,2025-01-11,C00433,P0022,Bengaluru,1,10,425.16,425.16
T0005723,2026-06-05,C00572,P0067,Pune,1,0,486.32,486.32
T0005724,2026-02-23,C00809,P0035,Ahmedabad,1,15,311.95,311.95
T0005725,2025-09-10,C00460,P0028,Bengaluru,1,10,560.83,560.83
T0005726,2025-01-29,C00539,P0032,Ahmedabad,1,15,806.34,806.34
T0005727,2026-08-16,C00538,P0035,Mumbai,1,10,330.3,330.3
T0005728,2026-04-10,C00713,P0051,Mumbai,1,10,752.5,752.5
T0005729,2025-10-05,C00096,P0028,Chennai,1,10,560.83,560.83
T0005730,2025-04-07,C00361,P0031,Mumbai,1,0,232.11,232.11
T0005731,2026-09-08,C00210,P0068,Kolkata,1,0,343.9,343.9
T0005732,2025-04-06,C00371,P0060,Bengaluru,1,15,279.85,279.85
T0005733,2025-05-24,C00432,P0025,Kolkata,1,10,166.71,166.71
T0005734,2025-05-02,C00540,P0051,Chennai,1,0,836.11,836.11
T0005735,2026-07-28,C00495,P0006,Ahmedabad,1,0,337.31,337.31
T0005736,2026-07-26,C00796,P0092,Pune,1,5,320.92,320.92
T0005737,2026-07-10,C00186,P0082,Delhi,1,10,317.47,317.47
T0005738,2025-04-03,C00686,P0067,Delhi,3,20,389.06,1167.18
T0005739,2026-01-20,C00487,P0090,Kolkata,1,0,280.72,280.72
T0005740,2025-07-28,C00435,P0003,Pune,2,0,356.66,713.32
T0005741,2026-07-30,C00124,P0093,Ahmedabad,1,25,425.5,425.5
T0005742,2025-05-28,C00996,P0099,Pune,2,0,306.5,613.0
T0005743,2025-06-08,C00701,P0053,Chennai,1,0,191.66,191.66
T0005744,2025-08-16,C00060,P0015,Delhi,1,5,2445.09,2445.09
T0005745,2025-08-15,C00666,P0028,Hyderabad,2,0,623.14,1246.28
T0005746,2026-06-05,C00169,P0067,Ahmedabad,1,0,486.32,486.32
T0005747,2026-02-21,C00861,P0026,Pune,2,0,571.26,1142.52
T0005748,2025-10-21,C00501,P0039,Delhi,1,5,679.94,679.94
T0005749,2025-05-29,C00847,P0007,Mumbai,1,0,524.2,524.2
T0005750,2025-02-16,C00974,P0072,Hyderabad,1,0,298.01,298.01
T0005751,2025-09-29,C00372,P0085,Hyderabad,1,10,527.49,527.49
T0005752,2025-03-05,C00994,P0066,Mumbai,1,10,898.74,898.74
T0005753,2026-06-15,C00872,P0018,Mumbai,1,10,690.51,690.51
T0005754,2025-01-17,C00766,P0065,Kolkata,2,0,1269.31,2538.62
T0005755,2026-07-17,C00607,P0069,Hyderabad,2,0,124.03,248.06
T0005756,2025-01-08,C00245,P0051,Pune,1,0,836.11,836.11
T0005757,2026-04-26,C00549,P0055,Kolkata,3,25,2542.8,7628.4
T0005758,2025-05-06,C00703,P0036,Pune,2,5,447.82,895.64
T0005759,2025-06-28,C00690,P0066,Delhi,2,0,998.6,1997.2
T0005760,2026-02-22,C00094,P0093,Bengaluru,1,20,453.87,453.87
T0005761,2025-05-02,C00860,P0059,Ahmedabad,1,0,257.22,257.22
T0005762,2025-12-27,C00057,P0004,Delhi,1,0,560.89,560.89
T0005763,2025-08-31,C00650,P0068,Kolkata,1,5,326.7,326.7
T0005764,2026-05-12,C00090,P0028,Chennai,1,25,467.36,467.36
T0005765,2026-04-15,C00056,P0043,Ahmedabad,1,10,260.07,260.07
T0005766,2025-03-22,C00389,P0037,Ahmedabad,1,0,293.17,293.17
T0005767,2026-05-06,C00444,P0081,Pune,3,10,1975.2,5925.6
T0005768,2025-06-25,C00388,P0075,Chennai,2,15,143.73,287.46
T0005769,2025-09-29,C00521,P0036,Delhi,3,10,424.25,1272.75
T0005770,2025-12-14,C00261,P0064,Pune,1,10,624.31,624.31
T0005771,2026-01-02,C00935,P0093,Kolkata,2,25,425.5,851.0
T0005772,2025-07-04,C00277,P0043,Ahmedabad,1,25,216.73,216.73
T0005773,2026-04-14,C00907,P0051,Kolkata,1,10,752.5,752.5
T0005774,2026-06-15,C00365,P0013,Ahmedabad,1,0,582.69,582.69
T0005775,2026-06-27,C00842,P0059,Ahmedabad,1,5,244.36,244.36
T0005776,2026-02-18,C00194,P0059,Chennai,1,0,257.22,257.22
T0005777,2026-08-30,C00615,P0014,Hyderabad,1,10,834.21,834.21
T0005778,2026-01-28,C00962,P0092,Mumbai,1,5,320.92,320.92
T0005779,2026-04-15,C00497,P0049,Kolkata,3,10,123.27,369.81
T0005780,2025-07-18,C00350,P0029,Chennai,1,0,417.79,417.79
T0005781,2026-08-18,C00908,P0011,Bengaluru,2,10,343.34,686.68
T0005782,2026-09-12,C00813,P0056,Hyderabad,1,5,507.22,507.22
T0005783,2026-08-15,C00967,P0072,Ahmedabad,2,15,253.31,506.62
T0005784,2025-05-30,C00840,P0020,Chennai,1,0,1079.62,1079.62
T0005785,2025-08-08,C00352,P0068,Delhi,1,0,343.9,343.9
T0005786,2025-08-13,C00871,P0073,Mumbai,1,15,244.04,244.04
T0005787,2026-05-13,C00336,P0093,Hyderabad,1,0,567.34,567.34
T0005788,2026-02-15,C00148,P0017,Chennai,2,15,264.6,529.2
T0005789,2025-10-31,C00308,P0005,Kolkata,2,25,112.11,224.22
T0005790,2025-10-28,C00617,P0040,Kolkata,1,0,731.47,731.47
T0005791,2026-09-08,C00898,P0090,Mumbai,1,0,280.72,280.72
T0005792,2025-10-10,C00875,P0005,Delhi,1,0,149.48,149.48
T0005793,2025-01-20,C00207,P0089,Kolkata,1,15,178.64,178.64
T0005794,2025-10-21,C00788,P0005,Bengaluru,1,15,127.06,127.06
T0005795,2026-09-27,C00550,P0001,Chennai,2,20,585.28,1170.56
T0005796,2026-05-01,C00125,P0080,Pune,1,0,327.61,327.61
T0005797,2026-03-25,C00463,P0027,Mumbai,1,20,478.88,478.88
T0005798,2025-12-06,C00907,P0011,Kolkata,4,0,381.49,1525.96
T0005799,2025-03-08,C00815,P0067,Bengaluru,3,0,486.32,1458.96
T0005800,2026-06-24,C00215,P0099,Pune,1,0,306.5,306.5
T0005801,2026-01-20,C00047,P0025,Pune,2,5,175.97,351.94
T0005802,2026-09-03,C00220,P0078,Ahmedabad,4,0,361.61,1446.44
T0005803,2025-05-15,C00242,P0004,Kolkata,3,10,504.8,1514.4
T0005804,2026-07-26,C00858,P0052,Bengaluru,2,10,230.7,461.4
T0005805,2026-03-09,C00486,P0027,Ahmedabad,1,0,598.6,598.6
T0005806,2025-02-09,C00548,P0010,Bengaluru,1,15,930.47,930.47
T0005807,2025-07-23,C00081,P0098,Mumbai,1,15,895.82,895.82
T0005808,2025-12-15,C00211,P0044,Bengaluru,1,5,379.13,379.13
T0005809,2026-08-31,C00233,P0094,Delhi,1,0,1058.21,1058.21
T0005810,2025-02-07,C00098,P0057,Pune,1,5,406.22,406.22
T0005811,2025-05-07,C00697,P0067,Delhi,1,15,413.37,413.37
T0005812,2026-01-20,C00103,P0042,Mumbai,2,15,649.32,1298.64
T0005813,2025-04-05,C00085,P0052,Ahmedabad,1,15,217.88,217.88
T0005814,2026-08-17,C00588,P0067,Bengaluru,2,0,486.32,972.64
T0005815,2026-01-17,C00152,P0095,Delhi,1,25,260.0,260.0
T0005816,2026-06-08,C00570,P0056,Pune,1,20,427.14,427.14
T0005817,2025-06-23,C00861,P0063,Pune,1,15,120.39,120.39
T0005818,2025-08-12,C00860,P0045,Ahmedabad,1,5,154.18,154.18
T0005819,2025-03-14,C00883,P0036,Chennai,1,5,447.82,447.82
T0005820,2026-09-23,C00898,P0048,Mumbai,1,15,523.21,523.21
T0005821,2026-09-10,C00795,P0028,Ahmedabad,1,15,529.67,529.67
T0005822,2026-01-09,C00198,P0082,Chennai,1,15,299.83,299.83
T0005823,2025-10-27,C00564,P0062,Pune,1,5,1256.44,1256.44
T0005824,2025-06-07,C00646,P0052,Mumbai,1,10,230.7,230.7
T0005825,2025-01-02,C00228,P0018,Mumbai,2,0,767.23,1534.46
T0005826,2026-01-17,C00761,P0047,Delhi,1,15,612.44,612.44
T0005827,2025-10-13,C00297,P0037,Ahmedabad,3,0,293.17,879.51
T0005828,2026-06-22,C00729,P0062,Ahmedabad,3,0,1322.57,3967.71
T0005829,2025-05-08,C00612,P0024,Kolkata,1,0,254.35,254.35
T0005830,2026-03-19,C00652,P0068,Chennai,1,15,292.32,292.32
T0005831,2026-06-28,C00503,P0070,Ahmedabad,1,5,640.04,640.04
T0005832,2026-03-21,C00356,P0088,Hyderabad,1,0,205.91,205.91
T0005833,2026-04-02,C00612,P0012,Kolkata,3,5,211.07,633.21
T0005834,2026-04-24,C00099,P0068,Hyderabad,1,5,326.7,326.7
T0005835,2025-12-29,C00787,P0032,Hyderabad,1,15,806.34,806.34
T0005836,2025-06-19,C00856,P0089,Delhi,1,0,210.16,210.16
T0005837,2025-09-01,C00760,P0043,Mumbai,1,0,288.97,288.97
T0005838,2025-01-17,C00141,P0063,Bengaluru,1,5,134.56,134.56
T0005839,2025-02-15,C00016,P0003,Bengaluru,1,20,285.33,285.33
T0005840,2026-06-09,C00504,P0009,Ahmedabad,2,15,102.86,205.72
T0005841,2025-04-17,C00979,P0008,Chennai,1,0,184.43,184.43
T0005842,2025-07-20,C00003,P0046,Hyderabad,3,5,540.53,1621.59
T0005843,2026-05-20,C00254,P0040,Bengaluru,1,15,621.75,621.75
T0005844,2026-02-08,C00413,P0070,Ahmedabad,1,25,505.3,505.3
T0005845,2026-06-26,C00236,P0022,Mumbai,1,0,472.4,472.4
T0005846,2026-08-10,C00434,P0013,Chennai,1,0,582.69,582.69
T0005847,2025-05-05,C00820,P0051,Pune,4,0,836.11,3344.44
T0005848,2026-07-03,C00960,P0036,Delhi,1,25,353.54,353.54
T0005849,2025-03-28,C00650,P0068,Kolkata,2,5,326.7,653.4
T0005850,2025-01-13,C00095,P0068,Kolkata,1,20,275.12,275.12
T0005851,2026-01-29,C00254,P0018,Bengaluru,1,15,652.15,652.15
T0005852,2026-06-25,C00890,P0031,Kolkata,2,20,185.69,371.38
T0005853,2025-11-05,C00333,P0073,Hyderabad,1,0,287.1,287.1
T0005854,2026-03-19,C00403,P0067,Pune,2,25,364.74,729.48
T0005855,2025-12-17,C00898,P0041,Mumbai,1,15,791.04,791.04
T0005856,2025-01-24,C00555,P0058,Kolkata,1,0,824.2,824.2
T0005857,2026-03-03,C00534,P0056,Kolkata,2,5,507.22,1014.44
T0005858,2025-03-13,C00004,P0034,Bengaluru,1,10,253.03,253.03
T0005859,2026-06-16,C00088,P0048,Kolkata,1,0,615.54,615.54
T0005860,2026-07-17,C00435,P0022,Pune,1,20,377.92,377.92
T0005861,2026-09-28,C00018,P0078,Bengaluru,1,0,361.61,361.61
T0005862,2025-05-21,C00540,P0058,Chennai,1,15,700.57,700.57
T0005863,2025-03-06,C00006,P0070,Hyderabad,1,10,606.36,606.36
T0005864,2025-08-03,C00056,P0068,Ahmedabad,1,15,292.32,292.32
T0005865,2025-10-09,C00743,P0033,Bengaluru,1,10,248.9,248.9
T0005866,2026-08-10,C00783,P0043,Mumbai,2,0,288.97,577.94
T0005867,2025-07-10,C00088,P0048,Kolkata,1,5,584.76,584.76
T0005868,2025-12-01,C00954,P0058,Hyderabad,1,5,782.99,782.99
T0005869,2025-12-05,C00441,P0026,Mumbai,1,5,542.7,542.7
T0005870,2025-11-13,C00668,P0037,Pune,1,25,219.88,219.88
T0005871,2026-02-28,C00286,P0090,Hyderabad,1,0,280.72,280.72
T0005872,2026-02-17,C00735,P0043,Mumbai,1,10,260.07,260.07
T0005873,2026-09-08,C00439,P0043,Ahmedabad,1,5,274.52,274.52
T0005874,2026-02-03,C00432,P0047,Kolkata,1,0,720.52,720.52
T0005875,2025-04-04,C00039,P0037,Delhi,2,0,293.17,586.34
T0005876,2025-02-08,C00684,P0087,Ahmedabad,1,20,273.13,273.13
T0005877,2025-07-05,C00566,P0061,Chennai,1,0,223.9,223.9
T0005878,2025-09-26,C00318,P0097,Bengaluru,2,10,1716.2,3432.4
T0005879,2025-08-30,C00437,P0038,Ahmedabad,2,5,534.53,1069.06
T0005880,2025-07-09,C00221,P0057,Kolkata,1,0,427.6,427.6
T0005881,2025-04-02,C00413,P0056,Ahmedabad,1,5,507.22,507.22
T0005882,2026-08-21,C00440,P0077,Bengaluru,2,5,1513.44,3026.88
T0005883,2025-04-13,C00097,P0065,Pune,1,5,1205.84,1205.84
T0005884,2025-09-18,C00254,P0040,Bengaluru,1,5,694.9,694.9
T0005885,2025-06-14,C00035,P0031,Ahmedabad,1,20,185.69,185.69
T0005886,2025-10-26,C00258,P0067,Bengaluru,1,0,486.32,486.32
T0005887,2025-08-11,C00021,P0066,Kolkata,2,0,998.6,1997.2
T0005888,2025-10-15,C00299,P0002,Delhi,3,0,324.99,974.97
T0005889,2025-12-08,C00634,P0043,Hyderabad,2,15,245.62,491.24
T0005890,2025-03-09,C00935,P0068,Kolkata,1,0,343.9,343.9
T0005891,2026-07-08,C00865,P0026,Chennai,1,5,542.7,542.7
T0005892,2025-05-11,C00828,P0085,Kolkata,1,10,527.49,527.49
T0005893,2025-08-09,C00839,P0086,Hyderabad,4,5,392.93,1571.72
T0005894,2025-12-20,C00410,P0060,Kolkata,2,15,279.85,559.7
T0005895,2026-08-03,C00181,P0018,Mumbai,3,10,690.51,2071.53
T0005896,2025-06-10,C00952,P0054,Kolkata,1,5,276.74,276.74
T0005897,2026-06-29,C00761,P0056,Delhi,1,20,427.14,427.14
T0005898,2025-07-04,C00553,P0001,Ahmedabad,3,20,585.28,1755.84
T0005899,2026-08-01,C00873,P0023,Mumbai,1,0,449.99,449.99
T0005900,2025-05-04,C00114,P0070,Pune,1,5,640.04,640.04
T0005901,2025-11-10,C00156,P0100,Ahmedabad,1,25,372.69,372.69
T0005902,2025-04-27,C00726,P0067,Chennai,1,15,413.37,413.37
T0005903,2026-05-15,C00122,P0031,Mumbai,1,5,220.5,220.5
T0005904,2025-02-23,C00074,P0058,Pune,1,0,824.2,824.2
T0005905,2025-02-01,C00223,P0082,Ahmedabad,1,0,352.74,352.74
T0005906,2025-02-05,C00053,P0093,Ahmedabad,1,5,538.97,538.97
T0005907,2025-07-05,C00997,P0043,Ahmedabad,1,5,274.52,274.52
T0005908,2026-01-24,C00371,P0019,Bengaluru,1,15,147.87,147.87
T0005909,2025-06-11,C00926,P0066,Ahmedabad,1,5,948.67,948.67
T0005910,2026-03-19,C00621,P0098,Chennai,1,10,948.52,948.52
T0005911,2025-05-19,C00331,P0011,Pune,3,10,343.34,1030.02
T0005912,2026-07-04,C00779,P0036,Hyderabad,1,20,377.11,377.11
T0005913,2025-05-04,C00882,P0056,Delhi,1,5,507.22,507.22
T0005914,2025-03-21,C00226,P0088,Delhi,2,10,185.32,370.64
T0005915,2026-09-23,C00597,P0073,Pune,2,0,287.1,574.2
T0005916,2026-03-06,C00378,P0053,Chennai,1,0,191.66,191.66
T0005917,2025-07-11,C00520,P0035,Kolkata,3,0,367.0,1101.0
T0005918,2025-03-04,C00603,P0015,Kolkata,2,0,2573.78,5147.56
T0005919,2026-03-01,C00216,P0068,Kolkata,1,5,326.7,326.7
T0005920,2025-07-16,C00528,P0067,Bengaluru,2,20,389.06,778.12
T0005921,2026-02-08,C00117,P0033,Ahmedabad,1,10,248.9,248.9
T0005922,2025-05-10,C00635,P0022,Chennai,1,0,472.4,472.4
T0005923,2026-01-20,C00937,P0083,Mumbai,1,15,3956.1,3956.1
T0005924,2026-04-14,C00254,P0087,Bengaluru,4,0,341.41,1365.64
T0005925,2025-03-14,C00860,P0066,Ahmedabad,2,0,998.6,1997.2
T0005926,2026-07-29,C00794,P0047,Ahmedabad,1,5,684.49,684.49
T0005927,2026-08-25,C00548,P0076,Bengaluru,1,10,353.92,353.92
T0005928,2026-04-09,C00264,P0071,Bengaluru,2,10,1442.14,2884.28
T0005929,2025-06-18,C00719,P0012,Mumbai,1,0,222.18,222.18
T0005930,2025-12-16,C00297,P0099,Ahmedabad,2,0,306.5,613.0
T0005931,2026-03-27,C00736,P0014,Pune,1,10,834.21,834.21
T0005932,2026-09-06,C00475,P0021,Ahmedabad,1,5,597.11,597.11
T0005933,2025-07-09,C00395,P0073,Ahmedabad,1,10,258.39,258.39
T0005934,2025-04-16,C00995,P0019,Kolkata,2,0,173.97,347.94
T0005935,2025-11-27,C00165,P0098,Delhi,1,0,1053.91,1053.91
T0005936,2025-05-23,C00370,P0070,Delhi,2,5,640.04,1280.08
T0005937,2026-09-08,C00707,P0031,Chennai,1,15,197.29,197.29
T0005938,2025-09-15,C00093,P0060,Delhi,1,5,312.78,312.78
T0005939,2025-09-01,C00522,P0087,Pune,2,0,341.41,682.82
T0005940,2025-09-26,C00023,P0005,Delhi,2,10,134.53,269.06
T0005941,2025-04-30,C00533,P0086,Hyderabad,2,5,392.93,785.86
T0005942,2025-03-27,C00710,P0049,Bengaluru,3,25,102.73,308.19
T0005943,2025-05-28,C00001,P0004,Delhi,1,0,560.89,560.89
T0005944,2026-02-25,C00574,P0058,Ahmedabad,1,15,700.57,700.57
T0005945,2026-02-12,C00196,P0068,Pune,1,15,292.32,292.32
T0005946,2026-01-17,C00777,P0043,Delhi,1,15,245.62,245.62
T0005947,2025-02-07,C00114,P0056,Pune,2,15,453.83,907.66
T0005948,2026-05-22,C00092,P0039,Delhi,1,10,644.16,644.16
T0005949,2026-05-03,C00179,P0021,Hyderabad,2,10,565.69,1131.38
T0005950,2025-07-14,C00279,P0068,Hyderabad,1,10,309.51,309.51
T0005951,2025-06-11,C00804,P0075,Pune,2,10,152.18,304.36
T0005952,2025-06-07,C00844,P0023,Pune,1,20,359.99,359.99
T0005953,2025-04-21,C00492,P0053,Pune,1,0,191.66,191.66
T0005954,2026-02-18,C00841,P0093,Pune,1,0,567.34,567.34
T0005955,2026-08-07,C00645,P0012,Ahmedabad,1,5,211.07,211.07
T0005956,2026-04-05,C00156,P0094,Ahmedabad,1,5,1005.3,1005.3
T0005957,2025-01-07,C00475,P0066,Ahmedabad,1,5,948.67,948.67
T0005958,2026-06-10,C00295,P0003,Pune,1,0,356.66,356.66
T0005959,2026-09-30,C00034,P0080,Hyderabad,3,5,311.23,933.69
T0005960,2025-10-20,C00034,P0067,Hyderabad,2,15,413.37,826.74
T0005961,2025-02-17,C00903,P0028,Bengaluru,1,15,529.67,529.67
T0005962,2026-04-26,C00691,P0028,Hyderabad,1,0,623.14,623.14
T0005963,2026-05-01,C00845,P0022,Ahmedabad,2,5,448.78,897.56
T0005964,2025-02-10,C00662,P0045,Bengaluru,1,10,146.06,146.06
T0005965,2026-07-23,C00670,P0100,Kolkata,2,15,422.38,844.76
T0005966,2025-11-24,C00751,P0068,Chennai,1,0,343.9,343.9
T0005967,2025-06-25,C00994,P0049,Mumbai,1,10,123.27,123.27
T0005968,2025-05-26,C00551,P0098,Bengaluru,4,0,1053.91,4215.64
T0005969,2025-12-20,C00926,P0037,Ahmedabad,2,15,249.19,498.38
T0005970,2026-06-10,C00274,P0093,Ahmedabad,1,0,567.34,567.34
T0005971,2025-06-21,C00535,P0013,Pune,3,25,437.02,1311.06
T0005972,2025-10-24,C00396,P0059,Hyderabad,2,5,244.36,488.72
T0005973,2025-02-08,C00469,P0039,Delhi,1,5,679.94,679.94
T0005974,2026-08-24,C00219,P0053,Delhi,3,10,172.49,517.47
T0005975,2025-04-23,C00981,P0043,Bengaluru,1,10,260.07,260.07
T0005976,2026-09-29,C00879,P0074,Bengaluru,2,5,438.34,876.68
T0005977,2026-05-04,C00536,P0011,Delhi,1,0,381.49,381.49
T0005978,2025-10-31,C00497,P0064,Kolkata,4,0,693.68,2774.72
T0005979,2025-04-28,C00855,P0042,Ahmedabad,2,5,725.71,1451.42
T0005980,2025-04-16,C00821,P0026,Pune,3,10,514.13,1542.39
T0005981,2025-12-22,C00701,P0005,Chennai,1,0,149.48,149.48
T0005982,2025-04-28,C00468,P0083,Mumbai,1,0,4654.23,4654.23
T0005983,2026-09-09,C00267,P0001,Bengaluru,1,0,731.6,731.6
T0005984,2026-02-14,C00548,P0026,Bengaluru,1,15,485.57,485.57
T0005985,2025-09-19,C00739,P0043,Delhi,1,10,260.07,260.07
T0005986,2026-07-11,C00126,P0037,Bengaluru,1,20,234.54,234.54
T0005987,2026-09-19,C00880,P0009,Hyderabad,2,15,102.86,205.72
T0005988,2026-07-13,C00319,P0042,Pune,2,0,763.91,1527.82
T0005989,2025-06-29,C00402,P0085,Bengaluru,2,15,498.18,996.36
T0005990,2025-09-25,C00177,P0061,Kolkata,1,5,212.7,212.7
T0005991,2025-09-27,C00785,P0013,Mumbai,1,20,466.15,466.15
T0005992,2025-03-08,C00269,P0004,Hyderabad,1,0,560.89,560.89
T0005993,2025-10-01,C00277,P0093,Ahmedabad,3,0,567.34,1702.02
T0005994,2025-01-25,C00233,P0026,Delhi,2,0,571.26,1142.52
T0005995,2025-03-13,C00560,P0057,Bengaluru,1,10,384.84,384.84
T0005996,2026-07-11,C00952,P0099,Kolkata,1,0,306.5,306.5
T0005997,2025-07-26,C00263,P0033,Delhi,4,0,276.55,1106.2
T0005998,2026-06-01,C00172,P0062,Hyderabad,2,0,1322.57,2645.14
T0005999,2026-07-07,C00010,P0035,Bengaluru,2,0,367.0,734.0
T0006000,2026-02-14,C00650,P0093,Kolkata,1,10,510.61,510.61
T0006001,2025-07-16,C00546,P0033,Bengaluru,4,10,248.9,995.6
T0006002,2026-05-24,C00868,P0034,Delhi,3,20,224.91,674.73
T0006003,2025-08-25,C00868,P0027,Delhi,1,10,538.74,538.74
T0006004,2025-06-04,C00461,P0003,Bengaluru,1,0,356.66,356.66
T0006005,2025-10-12,C00978,P0031,Pune,1,0,232.11,232.11
T0006006,2026-06-29,C00005,P0088,Bengaluru,3,0,205.91,617.73
T0006007,2026-05-26,C00817,P0037,Hyderabad,1,0,293.17,293.17
T0006008,2026-06-25,C00128,P0042,Ahmedabad,3,0,763.91,2291.73
T0006009,2026-05-19,C00164,P0043,Delhi,1,5,274.52,274.52
T0006010,2026-07-08,C00424,P0081,Pune,2,0,2194.67,4389.34
T0006011,2026-01-15,C00235,P0016,Hyderabad,2,0,1058.17,2116.34
T0006012,2026-07-31,C00060,P0086,Delhi,1,0,413.61,413.61
T0006013,2025-08-13,C00386,P0068,Hyderabad,1,0,343.9,343.9
T0006014,2025-09-05,C00508,P0076,Ahmedabad,1,0,393.24,393.24
T0006015,2025-06-20,C00012,P0093,Bengaluru,1,15,482.24,482.24
T0006016,2025-02-04,C00032,P0068,Mumbai,1,5,326.7,326.7
T0006017,2026-04-30,C00205,P0054,Ahmedabad,2,0,291.3,582.6
T0006018,2025-04-19,C00985,P0035,Hyderabad,2,5,348.65,697.3
T0006019,2025-06-06,C00489,P0006,Chennai,4,0,337.31,1349.24
T0006020,2025-01-28,C00230,P0018,Ahmedabad,1,0,767.23,767.23
T0006021,2025-10-15,C00851,P0055,Mumbai,2,5,3220.88,6441.76
T0006022,2026-01-23,C00494,P0043,Hyderabad,3,15,245.62,736.86
T0006023,2026-09-13,C00809,P0053,Ahmedabad,2,15,162.91,325.82
T0006024,2026-02-01,C00129,P0013,Ahmedabad,1,0,582.69,582.69
T0006025,2026-02-25,C00831,P0067,Chennai,2,20,389.06,778.12
T0006026,2025-11-19,C00364,P0007,Pune,1,10,471.78,471.78
T0006027,2025-01-18,C00890,P0055,Kolkata,1,20,2712.32,2712.32
T0006028,2026-01-19,C00291,P0012,Kolkata,2,10,199.96,399.92
T0006029,2025-02-12,C00200,P0068,Chennai,4,0,343.9,1375.6
T0006030,2026-03-03,C00082,P0088,Hyderabad,1,5,195.61,195.61
T0006031,2026-09-30,C00461,P0022,Bengaluru,2,0,472.4,944.8
T0006032,2025-12-19,C00526,P0045,Pune,1,25,121.72,121.72
T0006033,2025-06-01,C00311,P0027,Mumbai,1,0,598.6,598.6
T0006034,2025-08-15,C00970,P0072,Ahmedabad,1,0,298.01,298.01
T0006035,2025-08-10,C00428,P0067,Chennai,1,0,486.32,486.32
T0006036,2026-05-23,C00897,P0093,Hyderabad,4,20,453.87,1815.48
T0006037,2025-01-11,C00145,P0068,Hyderabad,1,10,309.51,309.51
T0006038,2025-09-23,C00069,P0096,Mumbai,3,0,971.66,2914.98
T0006039,2025-12-09,C00108,P0048,Bengaluru,1,0,615.54,615.54
T0006040,2025-07-17,C00850,P0014,Delhi,1,15,787.86,787.86
T0006041,2025-07-01,C00889,P0060,Hyderabad,1,10,296.32,296.32
T0006042,2026-02-28,C00612,P0034,Kolkata,3,5,267.08,801.24
T0006043,2026-08-18,C00500,P0055,Pune,1,15,2881.84,2881.84
T0006044,2025-03-01,C00927,P0006,Kolkata,3,0,337.31,1011.93
T0006045,2025-10-25,C00368,P0034,Ahmedabad,1,25,210.86,210.86
T0006046,2026-07-16,C00631,P0058,Kolkata,1,0,824.2,824.2
T0006047,2026-07-09,C00088,P0044,Kolkata,1,0,399.08,399.08
T0006048,2025-06-28,C00431,P0061,Mumbai,1,25,167.92,167.92
T0006049,2025-02-28,C00143,P0094,Kolkata,1,5,1005.3,1005.3
T0006050,2026-09-14,C00346,P0075,Delhi,4,5,160.64,642.56
T0006051,2025-07-27,C00832,P0017,Bengaluru,3,15,264.6,793.8
T0006052,2026-06-28,C00159,P0083,Chennai,1,5,4421.52,4421.52
T0006053,2026-04-16,C00566,P0063,Chennai,2,10,127.48,254.96
T0006054,2025-03-13,C00288,P0063,Chennai,2,20,113.31,226.62
T0006055,2025-09-04,C00747,P0012,Hyderabad,1,0,222.18,222.18
T0006056,2025-08-04,C00312,P0031,Delhi,1,5,220.5,220.5
T0006057,2025-01-18,C00942,P0063,Chennai,1,15,120.39,120.39
T0006058,2025-10-12,C00340,P0043,Bengaluru,3,20,231.18,693.54
T0006059,2025-02-21,C00534,P0087,Kolkata,1,0,341.41,341.41
T0006060,2025-05-03,C00067,P0058,Hyderabad,2,10,741.78,1483.56
T0006061,2025-01-13,C00202,P0042,Chennai,2,0,763.91,1527.82
T0006062,2026-06-22,C00006,P0014,Hyderabad,2,0,926.9,1853.8
T0006063,2025-12-25,C00004,P0024,Bengaluru,1,10,228.92,228.92
T0006064,2025-12-15,C00693,P0011,Chennai,3,10,343.34,1030.02
T0006065,2026-09-10,C00980,P0098,Kolkata,1,5,1001.21,1001.21
T0006066,2026-09-10,C00124,P0068,Ahmedabad,3,0,343.9,1031.7
T0006067,2025-07-21,C00725,P0064,Chennai,2,10,624.31,1248.62
T0006068,2026-07-12,C00720,P0014,Mumbai,1,5,880.56,880.56
T0006069,2025-03-03,C00824,P0068,Mumbai,2,15,292.32,584.64
T0006070,2026-09-18,C00227,P0079,Pune,1,5,390.28,390.28
T0006071,2026-04-16,C00108,P0076,Bengaluru,2,10,353.92,707.84
T0006072,2026-01-02,C00276,P0065,Kolkata,1,10,1142.38,1142.38
T0006073,2026-01-03,C00348,P0047,Mumbai,1,0,720.52,720.52
T0006074,2026-06-14,C00762,P0043,Ahmedabad,1,15,245.62,245.62
T0006075,2026-04-09,C00984,P0093,Pune,1,0,567.34,567.34
T0006076,2026-06-22,C00447,P0071,Chennai,1,0,1602.38,1602.38
T0006077,2025-10-10,C00511,P0048,Kolkata,1,0,615.54,615.54
T0006078,2026-01-15,C00071,P0043,Chennai,1,0,288.97,288.97
T0006079,2025-04-12,C00842,P0099,Ahmedabad,1,10,275.85,275.85
T0006080,2026-01-23,C00042,P0089,Chennai,1,5,199.65,199.65
T0006081,2025-05-29,C00065,P0056,Mumbai,1,5,507.22,507.22
T0006082,2025-11-16,C00509,P0068,Chennai,1,10,309.51,309.51
T0006083,2025-12-23,C00770,P0016,Chennai,1,10,952.35,952.35
T0006084,2025-02-14,C00119,P0065,Hyderabad,1,5,1205.84,1205.84
T0006085,2026-04-27,C00225,P0097,Delhi,2,0,1906.89,3813.78
T0006086,2025-11-14,C00095,P0043,Kolkata,2,0,288.97,577.94
T0006087,2026-01-05,C00333,P0012,Hyderabad,4,5,211.07,844.28
T0006088,2025-12-14,C00593,P0083,Delhi,1,10,4188.81,4188.81
T0006089,2026-05-30,C00443,P0099,Hyderabad,2,0,306.5,613.0
T0006090,2025-11-07,C00118,P0047,Mumbai,1,0,720.52,720.52
T0006091,2025-03-12,C00930,P0062,Bengaluru,1,5,1256.44,1256.44
T0006092,2025-10-25,C00830,P0014,Kolkata,2,10,834.21,1668.42
T0006093,2026-05-22,C00499,P0099,Mumbai,2,0,306.5,613.0
T0006094,2026-05-19,C00489,P0057,Chennai,2,0,427.6,855.2
T0006095,2026-02-24,C00152,P0003,Delhi,1,5,338.83,338.83
T0006096,2026-08-09,C00348,P0018,Mumbai,1,25,575.42,575.42
T0006097,2026-01-13,C00905,P0040,Pune,2,10,658.32,1316.64
T0006098,2026-03-31,C00685,P0019,Delhi,1,10,156.57,156.57
T0006099,2025-12-29,C00937,P0016,Mumbai,2,10,952.35,1904.7
T0006100,2026-08-28,C00598,P0023,Hyderabad,3,20,359.99,1079.97
T0006101,2026-03-04,C00603,P0001,Kolkata,1,10,658.44,658.44
T0006102,2025-04-14,C00830,P0014,Kolkata,1,0,926.9,926.9
T0006103,2025-03-31,C00927,P0079,Kolkata,2,10,369.74,739.48
T0006104,2025-07-08,C00333,P0032,Hyderabad,1,0,948.64,948.64
T0006105,2026-08-21,C00841,P0093,Pune,1,0,567.34,567.34
T0006106,2025-06-04,C00201,P0052,Kolkata,2,25,192.25,384.5
T0006107,2026-01-14,C00698,P0044,Chennai,1,0,399.08,399.08
T0006108,2025-03-12,C00748,P0005,Pune,2,0,149.48,298.96
T0006109,2025-07-27,C00028,P0076,Kolkata,1,5,373.58,373.58
T0006110,2025-03-10,C00423,P0014,Mumbai,1,20,741.52,741.52
T0006111,2026-06-07,C00582,P0032,Ahmedabad,1,5,901.21,901.21
T0006112,2025-06-06,C00678,P0034,Pune,1,0,281.14,281.14
T0006113,2025-09-23,C00088,P0041,Kolkata,1,20,744.5,744.5
T0006114,2025-05-20,C00084,P0017,Mumbai,1,15,264.6,264.6
T0006115,2025-01-26,C00055,P0070,Mumbai,2,15,572.67,1145.34
T0006116,2026-05-08,C00488,P0093,Pune,3,0,567.34,1702.02
T0006117,2025-08-20,C00969,P0040,Bengaluru,2,0,731.47,1462.94
T0006118,2025-01-10,C00448,P0068,Delhi,1,10,309.51,309.51
T0006119,2025-10-14,C00473,P0082,Mumbai,2,10,317.47,634.94
T0006120,2025-05-10,C00031,P0091,Mumbai,1,15,237.89,237.89
T0006121,2025-03-18,C00746,P0017,Hyderabad,1,20,249.04,249.04
T0006122,2025-06-06,C00183,P0068,Ahmedabad,3,5,326.7,980.1
T0006123,2025-09-27,C00100,P0068,Pune,1,10,309.51,309.51
T0006124,2025-12-16,C00138,P0074,Chennai,1,20,369.13,369.13
T0006125,2026-02-11,C00147,P0055,Delhi,1,0,3390.4,3390.4
T0006126,2025-05-16,C00344,P0056,Chennai,1,15,453.83,453.83
T0006127,2025-12-18,C00039,P0089,Delhi,2,10,189.14,378.28
T0006128,2025-04-15,C00005,P0090,Bengaluru,4,15,238.61,954.44
T0006129,2025-12-23,C00207,P0089,Kolkata,2,0,210.16,420.32
T0006130,2026-07-16,C00033,P0035,Hyderabad,2,0,367.0,734.0
T0006131,2026-07-05,C00198,P0003,Chennai,1,0,356.66,356.66
T0006132,2025-10-06,C00507,P0070,Hyderabad,1,0,673.73,673.73
T0006133,2026-05-22,C00943,P0017,Delhi,1,10,280.17,280.17
T0006134,2025-10-08,C00686,P0055,Delhi,2,5,3220.88,6441.76
T0006135,2025-02-17,C00967,P0089,Ahmedabad,1,0,210.16,210.16
T0006136,2026-09-21,C00673,P0093,Kolkata,1,10,510.61,510.61
T0006137,2026-08-08,C00849,P0087,Bengaluru,1,0,341.41,341.41
T0006138,2025-09-03,C00284,P0015,Hyderabad,1,0,2573.78,2573.78
T0006139,2025-04-10,C00158,P0025,Delhi,1,10,166.71,166.71
T0006140,2025-11-10,C00739,P0093,Delhi,2,0,567.34,1134.68
T0006141,2025-01-09,C00540,P0080,Chennai,3,0,327.61,982.83
T0006142,2026-05-05,C00359,P0085,Kolkata,2,5,556.79,1113.58
T0006143,2025-03-06,C00359,P0012,Kolkata,1,0,222.18,222.18
T0006144,2026-08-29,C00429,P0040,Pune,4,0,731.47,2925.88
T0006145,2025-06-13,C00048,P0068,Ahmedabad,1,0,343.9,343.9
T0006146,2026-02-18,C00479,P0072,Kolkata,1,5,283.11,283.11
T0006147,2025-08-31,C00633,P0046,Bengaluru,1,10,512.08,512.08
T0006148,2025-03-18,C00639,P0044,Mumbai,1,0,399.08,399.08
T0006149,2025-11-13,C00982,P0085,Pune,1,10,527.49,527.49
T0006150,2025-01-29,C00947,P0055,Delhi,4,10,3051.36,12205.44
T0006151,2026-06-07,C00041,P0043,Pune,1,10,260.07,260.07
T0006152,2025-04-04,C00903,P0066,Bengaluru,1,15,848.81,848.81
T0006153,2026-07-24,C00854,P0019,Ahmedabad,1,0,173.97,173.97
T0006154,2025-08-01,C00025,P0097,Ahmedabad,1,10,1716.2,1716.2
T0006155,2026-08-25,C00115,P0020,Delhi,1,10,971.66,971.66
T0006156,2025-08-07,C00733,P0014,Ahmedabad,1,5,880.56,880.56
T0006157,2026-01-12,C00880,P0066,Hyderabad,1,10,898.74,898.74
T0006158,2025-01-27,C00871,P0012,Mumbai,2,20,177.74,355.48
T0006159,2025-04-18,C00290,P0074,Kolkata,2,15,392.2,784.4
T0006160,2026-03-14,C00891,P0062,Mumbai,1,5,1256.44,1256.44
T0006161,2026-05-01,C00011,P0023,Hyderabad,1,10,404.99,404.99
T0006162,2026-06-25,C00110,P0020,Mumbai,1,0,1079.62,1079.62
T0006163,2026-05-26,C00919,P0088,Mumbai,1,5,195.61,195.61
T0006164,2025-08-02,C00109,P0049,Ahmedabad,1,0,136.97,136.97
T0006165,2025-11-19,C00457,P0031,Chennai,1,10,208.9,208.9
T0006166,2025-02-26,C00178,P0097,Mumbai,1,0,1906.89,1906.89
T0006167,2025-01-21,C00409,P0012,Ahmedabad,1,25,166.64,166.64
T0006168,2026-08-19,C00079,P0057,Bengaluru,1,20,342.08,342.08
T0006169,2025-02-27,C00108,P0100,Bengaluru,1,0,496.92,496.92
T0006170,2026-08-01,C00451,P0043,Bengaluru,1,0,288.97,288.97
T0006171,2025-08-27,C00839,P0078,Hyderabad,1,10,325.45,325.45
T0006172,2026-03-06,C00580,P0073,Ahmedabad,1,0,287.1,287.1
T0006173,2025-09-13,C00348,P0087,Mumbai,1,15,290.2,290.2
T0006174,2026-07-16,C00301,P0033,Chennai,1,10,248.9,248.9
T0006175,2025-04-03,C00827,P0047,Pune,1,0,720.52,720.52
T0006176,2025-12-07,C00130,P0095,Bengaluru,3,0,346.67,1040.01
T0006177,2025-07-20,C00214,P0059,Bengaluru,1,0,257.22,257.22
T0006178,2025-05-31,C00617,P0040,Kolkata,1,10,658.32,658.32
T0006179,2025-01-16,C00268,P0029,Ahmedabad,2,5,396.9,793.8
T0006180,2025-03-03,C00954,P0081,Hyderabad,2,0,2194.67,4389.34
T0006181,2025-10-26,C00482,P0049,Mumbai,3,15,116.42,349.26
T0006182,2025-02-28,C00052,P0088,Chennai,1,0,205.91,205.91
T0006183,2026-05-08,C00304,P0007,Delhi,1,20,419.36,419.36
T0006184,2025-04-12,C00491,P0094,Hyderabad,3,0,1058.21,3174.63
T0006185,2025-07-18,C00795,P0021,Ahmedabad,1,15,534.26,534.26
T0006186,2025-11-23,C00633,P0053,Bengaluru,1,10,172.49,172.49
T0006187,2025-01-15,C00010,P0035,Bengaluru,1,15,311.95,311.95
T0006188,2025-10-01,C00787,P0029,Hyderabad,1,5,396.9,396.9
T0006189,2026-03-24,C00618,P0021,Pune,1,0,628.54,628.54
T0006190,2025-05-16,C00297,P0072,Ahmedabad,4,0,298.01,1192.04
T0006191,2026-06-14,C00833,P0014,Bengaluru,1,15,787.86,787.86
T0006192,2026-08-30,C00490,P0099,Chennai,1,5,291.18,291.18
T0006193,2025-03-03,C00919,P0063,Mumbai,1,10,127.48,127.48
T0006194,2026-04-30,C00787,P0034,Hyderabad,1,10,253.03,253.03
T0006195,2025-05-09,C00022,P0051,Mumbai,1,0,836.11,836.11
T0006196,2026-08-22,C00626,P0074,Hyderabad,1,0,461.41,461.41
T0006197,2025-01-08,C00654,P0088,Hyderabad,2,10,185.32,370.64
T0006198,2025-03-08,C00037,P0048,Pune,1,0,615.54,615.54
T0006199,2025-01-16,C00653,P0029,Hyderabad,1,5,396.9,396.9
T0006200,2025-01-24,C00278,P0088,Pune,1,15,175.02,175.02
T0006201,2026-07-27,C00832,P0075,Bengaluru,1,0,169.09,169.09
T0006202,2025-09-29,C00892,P0038,Chennai,3,0,562.66,1687.98
T0006203,2025-01-17,C00772,P0055,Mumbai,1,0,3390.4,3390.4
T0006204,2025-02-21,C00553,P0032,Ahmedabad,2,0,948.64,1897.28
T0006205,2026-02-13,C00188,P0080,Pune,1,0,327.61,327.61
T0006206,2025-04-08,C00818,P0019,Pune,1,25,130.48,130.48
T0006207,2026-09-26,C00068,P0079,Bengaluru,2,0,410.82,821.64
T0006208,2025-04-23,C00212,P0091,Pune,2,25,209.9,419.8
T0006209,2026-07-24,C00397,P0068,Hyderabad,1,10,309.51,309.51
T0006210,2026-08-24,C00225,P0030,Delhi,1,25,289.88,289.88
T0006211,2025-07-19,C00246,P0038,Hyderabad,2,0,562.66,1125.32
T0006212,2025-01-24,C00256,P0044,Ahmedabad,1,0,399.08,399.08
T0006213,2025-05-08,C00363,P0036,Mumbai,1,0,471.39,471.39
T0006214,2025-01-02,C00543,P0037,Mumbai,1,5,278.51,278.51
T0006215,2025-08-10,C00437,P0038,Ahmedabad,1,5,534.53,534.53
T0006216,2026-01-01,C00994,P0021,Mumbai,1,0,628.54,628.54
T0006217,2026-04-24,C00657,P0004,Chennai,2,5,532.85,1065.7
T0006218,2025-10-07,C00398,P0093,Kolkata,2,5,538.97,1077.94
T0006219,2025-07-04,C00352,P0043,Delhi,2,10,260.07,520.14
T0006220,2025-06-17,C00915,P0031,Hyderabad,2,0,232.11,464.22
T0006221,2025-05-09,C00258,P0080,Bengaluru,2,15,278.47,556.94
T0006222,2025-10-15,C00673,P0068,Kolkata,4,20,275.12,1100.48
T0006223,2025-12-06,C00973,P0019,Hyderabad,3,5,165.27,495.81
T0006224,2026-01-26,C00268,P0033,Ahmedabad,2,20,221.24,442.48
T0006225,2025-02-16,C00417,P0005,Delhi,1,20,119.58,119.58
T0006226,2025-07-15,C00234,P0023,Ahmedabad,1,5,427.49,427.49
T0006227,2025-12-30,C00906,P0050,Kolkata,3,10,1019.73,3059.19
T0006228,2026-05-11,C00866,P0013,Chennai,2,15,495.29,990.58
T0006229,2026-04-05,C00902,P0071,Pune,1,5,1522.26,1522.26
T0006230,2025-11-26,C00394,P0089,Ahmedabad,1,15,178.64,178.64
T0006231,2026-01-29,C00570,P0014,Pune,2,15,787.86,1575.72
T0006232,2025-05-10,C00561,P0027,Hyderabad,2,5,568.67,1137.34
T0006233,2025-01-22,C00843,P0049,Ahmedabad,1,10,123.27,123.27
T0006234,2026-02-24,C00017,P0087,Chennai,1,5,324.34,324.34
T0006235,2026-02-08,C00373,P0043,Bengaluru,2,0,288.97,577.94
T0006236,2026-03-23,C00682,P0064,Hyderabad,1,0,693.68,693.68
T0006237,2025-10-11,C00312,P0080,Delhi,2,0,327.61,655.22
T0006238,2026-01-02,C00654,P0090,Hyderabad,4,0,280.72,1122.88
T0006239,2025-08-30,C00841,P0068,Pune,2,5,326.7,653.4
T0006240,2026-02-17,C00442,P0010,Kolkata,1,0,1094.67,1094.67
T0006241,2026-09-09,C00514,P0033,Bengaluru,1,15,235.07,235.07
T0006242,2025-09-05,C00001,P0040,Delhi,2,10,658.32,1316.64
T0006243,2026-05-10,C00088,P0026,Kolkata,1,0,571.26,571.26
T0006244,2025-11-15,C00162,P0088,Chennai,1,0,205.91,205.91
T0006245,2025-02-04,C00132,P0024,Hyderabad,1,0,254.35,254.35
T0006246,2025-06-23,C00571,P0011,Ahmedabad,2,0,381.49,762.98
T0006247,2025-01-30,C00817,P0042,Hyderabad,1,10,687.52,687.52
T0006248,2025-07-15,C00794,P0014,Ahmedabad,1,5,880.56,880.56
T0006249,2025-06-28,C00608,P0005,Hyderabad,1,0,149.48,149.48
T0006250,2026-03-31,C00337,P0069,Chennai,1,5,117.83,117.83
T0006251,2025-12-27,C00499,P0049,Mumbai,1,15,116.42,116.42
T0006252,2026-05-14,C00951,P0056,Bengaluru,1,0,533.92,533.92
T0006253,2025-04-09,C00677,P0093,Ahmedabad,1,10,510.61,510.61
T0006254,2026-09-16,C00607,P0019,Hyderabad,1,0,173.97,173.97
T0006255,2025-09-02,C00683,P0075,Delhi,3,0,169.09,507.27
T0006256,2025-10-23,C00639,P0088,Mumbai,1,10,185.32,185.32
T0006257,2026-04-28,C00748,P0095,Pune,3,0,346.67,1040.01
T0006258,2026-02-02,C00309,P0064,Chennai,1,10,624.31,624.31
T0006259,2025-07-14,C00469,P0053,Delhi,1,20,153.33,153.33
T0006260,2025-12-06,C00958,P0100,Mumbai,2,0,496.92,993.84
T0006261,2025-04-10,C00385,P0074,Ahmedabad,2,0,461.41,922.82
T0006262,2025-02-15,C00657,P0025,Chennai,1,20,148.18,148.18
T0006263,2025-01-31,C00851,P0058,Mumbai,1,0,824.2,824.2
T0006264,2025-01-25,C00510,P0065,Chennai,4,20,1015.45,4061.8
T0006265,2026-02-13,C00261,P0092,Pune,1,0,337.81,337.81
T0006266,2026-03-10,C00611,P0093,Kolkata,1,0,567.34,567.34
T0006267,2025-10-17,C00228,P0040,Mumbai,1,5,694.9,694.9
T0006268,2026-07-02,C00154,P0070,Bengaluru,1,10,606.36,606.36
T0006269,2025-08-10,C00013,P0025,Bengaluru,1,0,185.23,185.23
T0006270,2025-11-20,C00288,P0044,Chennai,2,0,399.08,798.16
T0006271,2025-11-21,C00618,P0092,Pune,2,0,337.81,675.62
T0006272,2025-07-22,C00761,P0087,Delhi,1,5,324.34,324.34
T0006273,2025-02-04,C00853,P0050,Chennai,1,5,1076.38,1076.38
T0006274,2026-03-26,C00810,P0058,Delhi,1,15,700.57,700.57
T0006275,2025-09-22,C00525,P0062,Chennai,4,10,1190.31,4761.24
T0006276,2026-07-05,C00492,P0039,Pune,1,15,608.37,608.37
T0006277,2025-02-03,C00878,P0032,Hyderabad,1,0,948.64,948.64
T0006278,2026-08-22,C00801,P0096,Pune,1,20,777.33,777.33
T0006279,2025-10-06,C00605,P0071,Delhi,1,15,1362.02,1362.02
T0006280,2025-07-01,C00128,P0062,Ahmedabad,1,0,1322.57,1322.57
T0006281,2026-07-09,C00586,P0009,Mumbai,1,10,108.91,108.91
T0006282,2025-05-01,C00145,P0093,Hyderabad,2,0,567.34,1134.68
T0006283,2026-07-24,C00744,P0057,Delhi,1,5,406.22,406.22
T0006284,2025-09-22,C00450,P0096,Pune,1,0,971.66,971.66
T0006285,2026-02-28,C00716,P0065,Hyderabad,2,0,1269.31,2538.62
T0006286,2025-01-05,C00059,P0083,Pune,1,5,4421.52,4421.52
T0006287,2026-03-11,C00717,P0013,Bengaluru,1,10,524.42,524.42
T0006288,2025-02-13,C00420,P0032,Delhi,2,10,853.78,1707.56
T0006289,2026-08-03,C00026,P0018,Mumbai,2,15,652.15,1304.3
T0006290,2026-05-30,C00876,P0039,Pune,3,0,715.73,2147.19
T0006291,2026-03-01,C00720,P0013,Mumbai,1,10,524.42,524.42
T0006292,2025-11-23,C00816,P0039,Chennai,1,20,572.58,572.58
T0006293,2026-03-09,C00690,P0092,Delhi,1,5,320.92,320.92
T0006294,2026-05-15,C00505,P0087,Bengaluru,1,10,307.27,307.27
T0006295,2026-02-28,C00233,P0090,Delhi,3,5,266.68,800.04
T0006296,2025-11-08,C00150,P0063,Chennai,1,10,127.48,127.48
T0006297,2025-01-14,C00928,P0071,Kolkata,2,15,1362.02,2724.04
T0006298,2026-06-03,C00972,P0022,Delhi,1,0,472.4,472.4
T0006299,2025-10-08,C00551,P0035,Bengaluru,3,10,330.3,990.9
T0006300,2026-09-26,C00543,P0059,Mumbai,2,20,205.78,411.56
T0006301,2025-01-09,C00975,P0030,Bengaluru,1,0,386.5,386.5
T0006302,2026-02-18,C00083,P0086,Pune,2,0,413.61,827.22
T0006303,2025-03-18,C00513,P0088,Chennai,1,15,175.02,175.02
T0006304,2025-07-21,C00081,P0095,Mumbai,1,15,294.67,294.67
T0006305,2025-11-08,C00846,P0088,Delhi,2,10,185.32,370.64
T0006306,2026-03-02,C00599,P0019,Pune,1,0,173.97,173.97
T0006307,2025-02-01,C00610,P0039,Delhi,2,0,715.73,1431.46
T0006308,2025-09-21,C00540,P0081,Chennai,1,0,2194.67,2194.67
T0006309,2025-04-29,C00142,P0085,Ahmedabad,1,5,556.79,556.79
T0006310,2025-07-26,C00327,P0035,Chennai,1,0,367.0,367.0
T0006311,2026-09-06,C00406,P0038,Bengaluru,1,0,562.66,562.66
T0006312,2025-05-12,C00945,P0026,Pune,2,20,457.01,914.02
T0006313,2025-08-30,C00732,P0068,Mumbai,1,20,275.12,275.12
T0006314,2025-05-29,C00927,P0084,Kolkata,1,5,503.82,503.82
T0006315,2025-09-22,C00169,P0091,Ahmedabad,1,0,279.87,279.87
T0006316,2025-01-24,C00658,P0041,Pune,1,5,884.1,884.1
T0006317,2025-10-05,C00498,P0027,Pune,2,0,598.6,1197.2
T0006318,2025-07-22,C00542,P0093,Kolkata,1,0,567.34,567.34
T0006319,2026-06-16,C00250,P0061,Ahmedabad,1,0,223.9,223.9
T0006320,2025-04-14,C00559,P0020,Chennai,1,20,863.7,863.7
T0006321,2025-03-25,C00152,P0046,Delhi,1,0,568.98,568.98
T0006322,2026-01-11,C00308,P0039,Kolkata,2,10,644.16,1288.32
T0006323,2026-06-14,C00208,P0006,Mumbai,1,0,337.31,337.31
T0006324,2025-10-26,C00485,P0077,Chennai,2,20,1274.47,2548.94
T0006325,2025-09-02,C00047,P0025,Pune,1,0,185.23,185.23
T0006326,2025-12-10,C00727,P0041,Hyderabad,1,5,884.1,884.1
T0006327,2026-08-25,C00833,P0070,Bengaluru,1,0,673.73,673.73
T0006328,2025-11-02,C00996,P0037,Pune,1,0,293.17,293.17
T0006329,2026-09-18,C00478,P0081,Ahmedabad,1,20,1755.74,1755.74
T0006330,2025-11-02,C00778,P0068,Ahmedabad,1,10,309.51,309.51
T0006331,2025-06-16,C00110,P0033,Mumbai,1,5,262.72,262.72
T0006332,2026-02-14,C00053,P0068,Ahmedabad,1,10,309.51,309.51
T0006333,2026-06-14,C00147,P0067,Delhi,1,10,437.69,437.69
T0006334,2025-08-03,C00377,P0006,Chennai,1,10,303.58,303.58
T0006335,2026-02-15,C00992,P0067,Delhi,1,5,462.0,462.0
T0006336,2026-08-01,C00772,P0091,Mumbai,1,10,251.88,251.88
T0006337,2026-04-07,C00400,P0069,Pune,1,10,111.63,111.63
T0006338,2025-05-31,C00940,P0020,Pune,2,0,1079.62,2159.24
T0006339,2026-05-13,C00630,P0083,Bengaluru,1,10,4188.81,4188.81
T0006340,2026-09-03,C00901,P0052,Bengaluru,1,10,230.7,230.7
T0006341,2025-05-07,C00769,P0045,Chennai,3,0,162.29,486.87
T0006342,2025-07-08,C00116,P0013,Bengaluru,1,5,553.56,553.56
T0006343,2026-08-24,C00490,P0037,Chennai,1,15,249.19,249.19
T0006344,2026-02-15,C00130,P0039,Bengaluru,1,10,644.16,644.16
T0006345,2025-01-29,C00532,P0032,Mumbai,1,20,758.91,758.91
T0006346,2025-03-01,C00245,P0081,Pune,1,0,2194.67,2194.67
T0006347,2026-05-01,C00139,P0058,Kolkata,1,0,824.2,824.2
T0006348,2025-04-23,C00493,P0093,Ahmedabad,2,15,482.24,964.48
T0006349,2025-06-16,C00283,P0017,Chennai,1,5,295.74,295.74
T0006350,2025-05-14,C00855,P0062,Ahmedabad,1,25,991.93,991.93
T0006351,2025-03-27,C00519,P0073,Chennai,3,15,244.04,732.12
T0006352,2026-02-28,C00048,P0068,Ahmedabad,1,20,275.12,275.12
T0006353,2025-02-13,C00387,P0079,Kolkata,1,5,390.28,390.28
T0006354,2026-01-04,C00168,P0014,Mumbai,1,10,834.21,834.21
T0006355,2026-02-25,C00306,P0086,Pune,1,20,330.89,330.89
T0006356,2026-02-24,C00875,P0095,Delhi,1,0,346.67,346.67
T0006357,2026-09-09,C00695,P0051,Bengaluru,1,0,836.11,836.11
T0006358,2026-03-07,C00577,P0068,Bengaluru,2,25,257.92,515.84
T0006359,2026-06-25,C00638,P0081,Pune,1,20,1755.74,1755.74
T0006360,2026-02-23,C00182,P0038,Kolkata,1,20,450.13,450.13
T0006361,2025-03-26,C00137,P0097,Kolkata,1,20,1525.51,1525.51
T0006362,2025-01-20,C00722,P0082,Chennai,2,10,317.47,634.94
T0006363,2026-07-10,C00909,P0046,Ahmedabad,1,15,483.63,483.63
T0006364,2026-03-14,C00756,P0064,Hyderabad,3,0,693.68,2081.04
T0006365,2026-05-15,C00769,P0062,Chennai,2,5,1256.44,2512.88
T0006366,2026-03-21,C00426,P0078,Hyderabad,1,15,307.37,307.37
T0006367,2026-07-18,C00081,P0065,Mumbai,1,5,1205.84,1205.84
T0006368,2026-01-02,C00063,P0017,Pune,2,15,264.6,529.2
T0006369,2026-08-13,C00478,P0081,Ahmedabad,1,0,2194.67,2194.67
T0006370,2025-06-30,C00636,P0068,Delhi,3,0,343.9,1031.7
T0006371,2025-03-16,C00401,P0002,Hyderabad,2,0,324.99,649.98
T0006372,2026-02-11,C00938,P0067,Chennai,1,0,486.32,486.32
T0006373,2025-10-20,C00998,P0048,Mumbai,1,10,553.99,553.99
T0006374,2025-10-12,C00400,P0052,Pune,2,15,217.88,435.76
T0006375,2025-06-02,C00103,P0099,Mumbai,1,0,306.5,306.5
T0006376,2026-04-30,C00828,P0027,Kolkata,1,5,568.67,568.67
T0006377,2025-09-25,C00083,P0024,Pune,2,10,228.92,457.84
T0006378,2025-01-15,C00633,P0083,Bengaluru,1,10,4188.81,4188.81
T0006379,2026-09-29,C00101,P0018,Kolkata,2,10,690.51,1381.02
T0006380,2026-03-19,C00736,P0004,Pune,1,0,560.89,560.89
T0006381,2025-11-18,C00626,P0057,Hyderabad,3,5,406.22,1218.66
T0006382,2025-07-23,C00945,P0077,Pune,1,0,1593.09,1593.09
T0006383,2025-09-22,C00954,P0011,Hyderabad,1,15,324.27,324.27
T0006384,2025-09-09,C00837,P0020,Bengaluru,1,0,1079.62,1079.62
T0006385,2025-04-20,C00812,P0047,Hyderabad,3,0,720.52,2161.56
T0006386,2025-07-08,C00082,P0041,Hyderabad,1,5,884.1,884.1
T0006387,2025-07-16,C00861,P0063,Pune,1,5,134.56,134.56
T0006388,2025-05-17,C00813,P0070,Hyderabad,1,10,606.36,606.36
T0006389,2025-11-12,C00346,P0007,Delhi,1,5,497.99,497.99
T0006390,2025-05-13,C00820,P0067,Pune,1,5,462.0,462.0
T0006391,2025-12-22,C00981,P0093,Bengaluru,1,25,425.5,425.5
T0006392,2026-07-03,C00236,P0095,Mumbai,1,10,312.0,312.0
T0006393,2026-04-16,C00510,P0053,Chennai,1,5,182.08,182.08
T0006394,2025-08-18,C00709,P0061,Hyderabad,1,10,201.51,201.51
T0006395,2025-02-22,C00621,P0022,Chennai,4,0,472.4,1889.6
T0006396,2025-11-28,C00597,P0027,Pune,1,5,568.67,568.67
T0006397,2026-01-27,C00986,P0047,Ahmedabad,1,10,648.47,648.47
T0006398,2026-04-13,C00230,P0014,Ahmedabad,1,15,787.86,787.86
T0006399,2025-03-15,C00690,P0064,Delhi,2,20,554.94,1109.88
T0006400,2025-11-11,C00659,P0091,Hyderabad,1,10,251.88,251.88
T0006401,2025-08-20,C00674,P0068,Chennai,2,5,326.7,653.4
T0006402,2026-05-25,C00031,P0055,Mumbai,2,0,3390.4,6780.8
T0006403,2025-01-22,C00387,P0019,Kolkata,1,0,173.97,173.97
T0006404,2025-12-17,C00407,P0074,Pune,1,0,461.41,461.41
T0006405,2026-08-25,C00240,P0014,Ahmedabad,3,0,926.9,2780.7
T0006406,2025-04-28,C00894,P0080,Kolkata,1,0,327.61,327.61
T0006407,2026-01-02,C00663,P0022,Hyderabad,2,0,472.4,944.8
T0006408,2025-04-03,C00756,P0064,Hyderabad,1,25,520.26,520.26
T0006409,2025-09-08,C00966,P0020,Bengaluru,1,0,1079.62,1079.62
T0006410,2025-10-14,C00852,P0048,Delhi,2,0,615.54,1231.08
T0006411,2026-01-13,C00800,P0040,Bengaluru,1,0,731.47,731.47
T0006412,2025-06-28,C00224,P0077,Bengaluru,1,5,1513.44,1513.44
T0006413,2026-05-07,C00738,P0058,Mumbai,1,15,700.57,700.57
T0006414,2025-10-07,C00946,P0094,Bengaluru,1,10,952.39,952.39
T0006415,2025-03-20,C00542,P0068,Kolkata,1,0,343.9,343.9
T0006416,2025-01-30,C00885,P0043,Kolkata,3,10,260.07,780.21
T0006417,2025-10-03,C00113,P0068,Chennai,1,5,326.7,326.7
T0006418,2025-02-18,C00220,P0020,Ahmedabad,1,5,1025.64,1025.64
T0006419,2025-08-17,C00692,P0070,Ahmedabad,1,5,640.04,640.04
T0006420,2026-04-25,C00904,P0085,Pune,1,10,527.49,527.49
T0006421,2025-02-09,C00795,P0042,Ahmedabad,2,10,687.52,1375.04
T0006422,2026-05-26,C00276,P0046,Kolkata,2,0,568.98,1137.96
T0006423,2026-06-07,C00308,P0016,Kolkata,1,0,1058.17,1058.17
T0006424,2025-09-28,C00465,P0056,Pune,4,0,533.92,2135.68
T0006425,2025-05-24,C00275,P0086,Hyderabad,3,5,392.93,1178.79
T0006426,2025-11-14,C00835,P0008,Pune,3,0,184.43,553.29
T0006427,2025-07-27,C00391,P0052,Kolkata,1,5,243.51,243.51
T0006428,2025-09-15,C00349,P0067,Chennai,2,5,462.0,924.0
T0006429,2025-02-06,C00492,P0022,Pune,1,20,377.92,377.92
T0006430,2026-02-10,C00746,P0050,Hyderabad,1,5,1076.38,1076.38
T0006431,2026-04-10,C00469,P0016,Delhi,3,10,952.35,2857.05
T0006432,2025-08-07,C00620,P0064,Ahmedabad,1,0,693.68,693.68
T0006433,2025-05-02,C00045,P0030,Mumbai,1,10,347.85,347.85
T0006434,2026-04-21,C00495,P0002,Ahmedabad,1,10,292.49,292.49
T0006435,2025-08-25,C00579,P0100,Mumbai,1,10,447.23,447.23
T0006436,2025-10-19,C00047,P0013,Pune,1,15,495.29,495.29
T0006437,2025-05-24,C00316,P0005,Kolkata,2,0,149.48,298.96
T0006438,2025-06-19,C00616,P0033,Chennai,1,10,248.9,248.9
T0006439,2026-02-16,C00984,P0068,Pune,2,5,326.7,653.4
T0006440,2025-07-04,C00687,P0047,Delhi,1,5,684.49,684.49
T0006441,2026-01-12,C00662,P0066,Bengaluru,1,0,998.6,998.6
T0006442,2025-04-07,C00968,P0074,Pune,2,15,392.2,784.4
T0006443,2025-12-13,C00842,P0089,Ahmedabad,2,5,199.65,399.3
T0006444,2025-03-19,C00237,P0060,Chennai,1,10,296.32,296.32
T0006445,2025-08-17,C00791,P0054,Kolkata,1,5,276.74,276.74
T0006446,2025-06-13,C00843,P0037,Ahmedabad,1,5,278.51,278.51
T0006447,2025-03-04,C00680,P0079,Bengaluru,1,0,410.82,410.82
T0006448,2025-08-22,C00995,P0069,Kolkata,1,0,124.03,124.03
T0006449,2025-12-14,C00969,P0018,Bengaluru,1,20,613.78,613.78
T0006450,2025-05-15,C00364,P0096,Pune,1,20,777.33,777.33
T0006451,2025-03-14,C00786,P0015,Kolkata,3,10,2316.4,6949.2
T0006452,2025-07-06,C00074,P0067,Pune,1,0,486.32,486.32
T0006453,2026-08-02,C00950,P0075,Mumbai,1,15,143.73,143.73
T0006454,2025-05-09,C00456,P0020,Kolkata,1,15,917.68,917.68
T0006455,2025-07-21,C00379,P0093,Delhi,1,5,538.97,538.97
T0006456,2026-02-09,C00629,P0051,Chennai,1,5,794.3,794.3
T0006457,2026-08-26,C00491,P0061,Hyderabad,1,15,190.32,190.32
T0006458,2025-03-17,C00370,P0070,Delhi,1,5,640.04,640.04
T0006459,2025-11-03,C00569,P0073,Mumbai,1,0,287.1,287.1
T0006460,2025-08-28,C01000,P0093,Kolkata,1,10,510.61,510.61
T0006461,2025-06-14,C00934,P0006,Mumbai,2,20,269.85,539.7
T0006462,2025-11-17,C00954,P0051,Hyderabad,1,0,836.11,836.11
T0006463,2025-03-31,C00318,P0030,Bengaluru,1,15,328.52,328.52
T0006464,2026-05-26,C00422,P0081,Kolkata,1,5,2084.94,2084.94
T0006465,2025-10-31,C00236,P0005,Mumbai,1,5,142.01,142.01
T0006466,2026-01-02,C00908,P0055,Bengaluru,1,0,3390.4,3390.4
T0006467,2025-07-02,C00642,P0086,Chennai,1,10,372.25,372.25
T0006468,2025-12-30,C00646,P0007,Mumbai,1,15,445.57,445.57
T0006469,2025-08-13,C00446,P0003,Chennai,1,0,356.66,356.66
T0006470,2025-07-05,C00157,P0029,Kolkata,1,10,376.01,376.01
T0006471,2026-04-27,C00495,P0079,Ahmedabad,1,5,390.28,390.28
T0006472,2025-06-30,C00265,P0068,Mumbai,1,20,275.12,275.12
T0006473,2026-03-04,C00342,P0055,Kolkata,2,15,2881.84,5763.68
T0006474,2026-09-10,C00951,P0087,Bengaluru,1,0,341.41,341.41
T0006475,2026-06-10,C00233,P0026,Delhi,1,0,571.26,571.26
T0006476,2026-06-10,C00411,P0092,Hyderabad,2,0,337.81,675.62
T0006477,2026-09-15,C00943,P0007,Delhi,1,5,497.99,497.99
T0006478,2025-12-30,C00552,P0018,Bengaluru,4,0,767.23,3068.92
T0006479,2026-02-14,C00152,P0083,Delhi,1,0,4654.23,4654.23
T0006480,2026-01-20,C00515,P0088,Kolkata,1,10,185.32,185.32
T0006481,2025-06-17,C00860,P0028,Ahmedabad,4,0,623.14,2492.56
T0006482,2025-11-23,C00772,P0031,Mumbai,1,20,185.69,185.69
T0006483,2026-08-27,C00359,P0097,Kolkata,1,5,1811.55,1811.55
T0006484,2026-03-18,C00097,P0095,Pune,1,0,346.67,346.67
T0006485,2026-05-17,C00409,P0033,Ahmedabad,1,0,276.55,276.55
T0006486,2026-03-27,C00697,P0031,Delhi,1,5,220.5,220.5
T0006487,2025-09-15,C00191,P0013,Mumbai,1,25,437.02,437.02
T0006488,2026-06-01,C00155,P0096,Hyderabad,1,0,971.66,971.66
T0006489,2026-04-08,C00641,P0084,Mumbai,2,10,477.31,954.62
T0006490,2025-02-13,C00481,P0072,Hyderabad,1,0,298.01,298.01
T0006491,2025-03-11,C00037,P0061,Pune,1,10,201.51,201.51
T0006492,2025-06-29,C00213,P0040,Chennai,1,0,731.47,731.47
T0006493,2025-06-03,C00208,P0002,Mumbai,1,0,324.99,324.99
T0006494,2025-04-08,C00154,P0087,Bengaluru,1,5,324.34,324.34
T0006495,2026-07-02,C00326,P0066,Delhi,1,0,998.6,998.6
T0006496,2025-07-26,C00046,P0030,Delhi,1,25,289.88,289.88
T0006497,2026-01-01,C00733,P0056,Ahmedabad,1,0,533.92,533.92
T0006498,2026-01-30,C00974,P0045,Hyderabad,1,5,154.18,154.18
T0006499,2026-08-16,C00114,P0070,Pune,2,10,606.36,1212.72
T0006500,2025-10-04,C00246,P0063,Hyderabad,1,0,141.64,141.64
T0006501,2025-08-03,C00623,P0015,Mumbai,1,15,2187.71,2187.71
T0006502,2025-10-24,C00103,P0045,Mumbai,2,0,162.29,324.58
T0006503,2025-06-20,C00988,P0084,Delhi,1,5,503.82,503.82
T0006504,2026-02-13,C00037,P0088,Pune,1,5,195.61,195.61
T0006505,2026-09-28,C00887,P0085,Kolkata,1,10,527.49,527.49
T0006506,2026-09-17,C00967,P0042,Ahmedabad,1,25,572.93,572.93
T0006507,2026-07-22,C00175,P0010,Kolkata,1,5,1039.94,1039.94
T0006508,2026-06-24,C00323,P0078,Ahmedabad,1,10,325.45,325.45
T0006509,2026-05-26,C00616,P0012,Chennai,1,0,222.18,222.18
T0006510,2026-06-20,C00451,P0043,Bengaluru,1,5,274.52,274.52
T0006511,2025-01-19,C00905,P0013,Pune,1,10,524.42,524.42
T0006512,2025-04-12,C00009,P0042,Ahmedabad,1,10,687.52,687.52
T0006513,2025-10-22,C00941,P0019,Bengaluru,1,5,165.27,165.27
T0006514,2025-06-15,C00864,P0067,Delhi,1,0,486.32,486.32
T0006515,2025-04-24,C00477,P0054,Kolkata,4,5,276.74,1106.96
T0006516,2026-07-30,C00755,P0052,Hyderabad,1,20,205.06,205.06
T0006517,2025-03-18,C00794,P0004,Ahmedabad,2,5,532.85,1065.7
T0006518,2025-03-17,C00615,P0013,Hyderabad,2,10,524.42,1048.84
T0006519,2026-03-24,C00033,P0005,Hyderabad,1,10,134.53,134.53
T0006520,2025-02-17,C00362,P0036,Kolkata,1,5,447.82,447.82
T0006521,2026-01-20,C00068,P0007,Bengaluru,3,10,471.78,1415.34
T0006522,2025-03-20,C00276,P0035,Kolkata,1,10,330.3,330.3
T0006523,2026-09-20,C00526,P0037,Pune,1,15,249.19,249.19
T0006524,2026-01-13,C00346,P0069,Delhi,2,0,124.03,248.06
T0006525,2025-08-21,C00945,P0061,Pune,1,0,223.9,223.9
T0006526,2025-09-14,C00263,P0085,Delhi,1,0,586.1,586.1
T0006527,2026-04-06,C00361,P0031,Mumbai,1,0,232.11,232.11
T0006528,2026-09-06,C00849,P0070,Bengaluru,1,25,505.3,505.3
T0006529,2025-08-09,C00477,P0008,Kolkata,1,5,175.21,175.21
T0006530,2025-03-22,C00172,P0064,Hyderabad,2,15,589.63,1179.26
T0006531,2025-08-16,C00759,P0013,Delhi,3,0,582.69,1748.07
T0006532,2026-05-13,C00118,P0013,Mumbai,3,15,495.29,1485.87
T0006533,2025-05-01,C00056,P0043,Ahmedabad,1,0,288.97,288.97
T0006534,2025-01-23,C00772,P0080,Mumbai,2,10,294.85,589.7
T0006535,2025-08-19,C00681,P0069,Bengaluru,4,0,124.03,496.12
T0006536,2026-02-11,C00701,P0083,Chennai,1,5,4421.52,4421.52
T0006537,2025-09-03,C00358,P0077,Pune,1,20,1274.47,1274.47
T0006538,2026-09-04,C00826,P0035,Hyderabad,1,0,367.0,367.0
T0006539,2026-06-13,C00369,P0032,Delhi,1,5,901.21,901.21
T0006540,2025-02-19,C00436,P0028,Ahmedabad,2,5,591.98,1183.96
T0006541,2025-11-02,C00272,P0062,Chennai,1,0,1322.57,1322.57
T0006542,2026-04-23,C00477,P0049,Kolkata,1,25,102.73,102.73
T0006543,2026-05-02,C00917,P0089,Bengaluru,1,20,168.13,168.13
T0006544,2026-05-19,C00673,P0068,Kolkata,1,20,275.12,275.12
T0006545,2026-08-13,C00036,P0096,Mumbai,1,10,874.49,874.49
T0006546,2025-07-14,C00823,P0056,Bengaluru,1,10,480.53,480.53
T0006547,2025-05-19,C00758,P0070,Kolkata,1,0,673.73,673.73
T0006548,2026-04-03,C00563,P0066,Kolkata,1,0,998.6,998.6
T0006549,2026-01-09,C00422,P0081,Kolkata,1,10,1975.2,1975.2
T0006550,2026-08-17,C00437,P0088,Ahmedabad,1,0,205.91,205.91
T0006551,2026-08-19,C00525,P0049,Chennai,2,0,136.97,273.94
T0006552,2025-11-14,C00540,P0080,Chennai,2,5,311.23,622.46
T0006553,2025-08-10,C00538,P0035,Mumbai,1,0,367.0,367.0
T0006554,2025-10-18,C00580,P0027,Ahmedabad,1,0,598.6,598.6
T0006555,2025-05-10,C00815,P0091,Bengaluru,3,5,265.88,797.64
T0006556,2026-04-04,C00207,P0049,Kolkata,1,15,116.42,116.42
T0006557,2025-12-19,C00145,P0068,Hyderabad,1,0,343.9,343.9
T0006558,2025-09-15,C00884,P0052,Chennai,1,10,230.7,230.7
T0006559,2025-08-04,C00810,P0055,Delhi,1,15,2881.84,2881.84
T0006560,2026-01-18,C00446,P0035,Chennai,2,0,367.0,734.0
T0006561,2025-07-30,C00114,P0056,Pune,1,10,480.53,480.53
T0006562,2025-07-24,C00276,P0003,Kolkata,1,0,356.66,356.66
T0006563,2026-05-27,C00119,P0035,Hyderabad,1,0,367.0,367.0
T0006564,2026-01-29,C00043,P0091,Bengaluru,1,5,265.88,265.88
T0006565,2025-08-08,C00558,P0053,Delhi,1,15,162.91,162.91
T0006566,2026-02-26,C00868,P0001,Delhi,1,15,621.86,621.86
T0006567,2025-08-25,C00158,P0013,Delhi,1,20,466.15,466.15
T0006568,2026-08-24,C00946,P0094,Bengaluru,4,0,1058.21,4232.84
T0006569,2025-05-15,C00615,P0014,Hyderabad,1,10,834.21,834.21
T0006570,2025-07-15,C00760,P0068,Mumbai,2,0,343.9,687.8
T0006571,2026-07-13,C00704,P0004,Mumbai,3,20,448.71,1346.13
T0006572,2026-06-18,C00886,P0010,Delhi,2,0,1094.67,2189.34
T0006573,2025-07-25,C00039,P0045,Delhi,1,10,146.06,146.06
T0006574,2026-02-09,C00583,P0053,Mumbai,1,10,172.49,172.49
T0006575,2026-03-13,C00388,P0052,Chennai,1,0,256.33,256.33
T0006576,2025-05-29,C00858,P0079,Bengaluru,1,25,308.12,308.12
T0006577,2025-03-08,C00628,P0057,Hyderabad,1,0,427.6,427.6
T0006578,2026-09-14,C00439,P0068,Ahmedabad,1,15,292.32,292.32
T0006579,2026-06-08,C00568,P0043,Pune,1,15,245.62,245.62
T0006580,2026-04-24,C00176,P0061,Chennai,1,20,179.12,179.12
T0006581,2026-06-22,C00648,P0093,Ahmedabad,1,10,510.61,510.61
T0006582,2025-03-10,C00081,P0095,Mumbai,1,10,312.0,312.0
T0006583,2025-11-06,C00908,P0031,Bengaluru,1,20,185.69,185.69
T0006584,2026-03-08,C00487,P0048,Kolkata,1,20,492.43,492.43
T0006585,2026-05-29,C00066,P0004,Bengaluru,1,0,560.89,560.89
T0006586,2025-09-24,C00033,P0095,Hyderabad,4,0,346.67,1386.68
T0006587,2026-03-19,C00517,P0070,Hyderabad,1,0,673.73,673.73
T0006588,2026-06-22,C00378,P0035,Chennai,1,0,367.0,367.0
T0006589,2025-01-13,C00621,P0039,Chennai,2,0,715.73,1431.46
T0006590,2025-03-16,C00601,P0054,Kolkata,1,5,276.74,276.74
T0006591,2025-08-29,C00765,P0053,Delhi,1,5,182.08,182.08
T0006592,2025-04-02,C00676,P0093,Bengaluru,1,20,453.87,453.87
T0006593,2025-08-03,C00737,P0015,Ahmedabad,2,10,2316.4,4632.8
T0006594,2026-01-03,C00698,P0100,Chennai,1,0,496.92,496.92
T0006595,2025-12-27,C00401,P0060,Hyderabad,4,15,279.85,1119.4
T0006596,2025-11-04,C00187,P0014,Hyderabad,1,5,880.56,880.56
T0006597,2025-01-16,C00046,P0012,Delhi,3,10,199.96,599.88
T0006598,2026-09-26,C00645,P0001,Ahmedabad,1,0,731.6,731.6
T0006599,2025-10-08,C00794,P0013,Ahmedabad,1,15,495.29,495.29
T0006600,2025-03-16,C00953,P0067,Chennai,2,25,364.74,729.48
T0006601,2025-04-23,C00093,P0006,Delhi,1,0,337.31,337.31
T0006602,2025-02-14,C00368,P0073,Ahmedabad,2,15,244.04,488.08
T0006603,2026-03-25,C00800,P0025,Bengaluru,4,5,175.97,703.88
T0006604,2025-11-06,C00679,P0051,Ahmedabad,1,5,794.3,794.3
T0006605,2026-05-11,C00795,P0089,Ahmedabad,1,20,168.13,168.13
T0006606,2025-11-27,C00785,P0056,Mumbai,1,10,480.53,480.53
T0006607,2026-09-30,C00634,P0068,Hyderabad,1,0,343.9,343.9
T0006608,2025-05-26,C00442,P0038,Kolkata,2,5,534.53,1069.06
T0006609,2026-04-24,C00391,P0019,Kolkata,1,15,147.87,147.87
T0006610,2026-05-31,C00746,P0019,Hyderabad,1,0,173.97,173.97
T0006611,2026-04-11,C00572,P0081,Pune,1,15,1865.47,1865.47
T0006612,2025-11-01,C00022,P0011,Mumbai,1,0,381.49,381.49
T0006613,2025-05-30,C00784,P0060,Bengaluru,1,5,312.78,312.78
T0006614,2025-08-27,C00606,P0030,Hyderabad,1,10,347.85,347.85
T0006615,2026-02-17,C00886,P0041,Delhi,2,10,837.57,1675.14
T0006616,2026-04-02,C00461,P0003,Bengaluru,1,5,338.83,338.83
T0006617,2025-08-26,C00898,P0088,Mumbai,1,10,185.32,185.32
T0006618,2025-05-30,C00898,P0044,Mumbai,1,0,399.08,399.08
T0006619,2025-01-14,C00827,P0047,Pune,1,0,720.52,720.52
T0006620,2025-08-26,C00511,P0100,Kolkata,1,0,496.92,496.92
T0006621,2025-03-15,C00539,P0020,Ahmedabad,1,5,1025.64,1025.64
T0006622,2026-08-26,C00434,P0070,Chennai,1,5,640.04,640.04
T0006623,2026-01-29,C00395,P0086,Ahmedabad,1,10,372.25,372.25
T0006624,2026-04-30,C00438,P0039,Chennai,1,15,608.37,608.37
T0006625,2026-09-30,C00357,P0028,Delhi,3,0,623.14,1869.42
T0006626,2026-04-02,C00449,P0059,Delhi,1,10,231.5,231.5
T0006627,2026-07-08,C00999,P0061,Pune,3,10,201.51,604.53
T0006628,2026-07-22,C00753,P0029,Kolkata,2,0,417.79,835.58
T0006629,2026-03-08,C00591,P0086,Chennai,1,10,372.25,372.25
T0006630,2025-03-15,C00948,P0049,Delhi,1,0,136.97,136.97
T0006631,2025-08-17,C00234,P0053,Ahmedabad,1,5,182.08,182.08
T0006632,2026-07-17,C00245,P0067,Pune,1,0,486.32,486.32
T0006633,2025-04-27,C00729,P0072,Ahmedabad,1,0,298.01,298.01
T0006634,2025-08-24,C00343,P0016,Pune,2,25,793.63,1587.26
T0006635,2025-10-18,C00844,P0035,Pune,3,25,275.25,825.75
T0006636,2026-07-22,C00860,P0062,Ahmedabad,1,0,1322.57,1322.57
T0006637,2025-09-13,C00519,P0015,Chennai,2,10,2316.4,4632.8
T0006638,2026-09-29,C00309,P0072,Chennai,4,0,298.01,1192.04
T0006639,2025-03-20,C00646,P0050,Mumbai,4,10,1019.73,4078.92
T0006640,2025-05-13,C00547,P0026,Pune,1,5,542.7,542.7
T0006641,2025-12-09,C00799,P0069,Hyderabad,1,0,124.03,124.03
T0006642,2025-10-15,C00437,P0090,Ahmedabad,1,10,252.65,252.65
T0006643,2025-08-14,C00821,P0010,Pune,1,0,1094.67,1094.67
T0006644,2025-01-03,C00333,P0001,Hyderabad,1,5,695.02,695.02
T0006645,2026-06-21,C00545,P0031,Chennai,1,0,232.11,232.11
T0006646,2026-01-27,C00028,P0010,Kolkata,1,0,1094.67,1094.67
T0006647,2026-06-04,C00357,P0008,Delhi,2,5,175.21,350.42
T0006648,2026-05-15,C00951,P0025,Bengaluru,1,5,175.97,175.97
T0006649,2025-08-07,C00014,P0050,Kolkata,2,10,1019.73,2039.46
T0006650,2026-01-08,C00588,P0051,Bengaluru,1,10,752.5,752.5
T0006651,2025-03-22,C00017,P0036,Chennai,1,0,471.39,471.39
T0006652,2025-12-29,C00779,P0036,Hyderabad,1,5,447.82,447.82
T0006653,2025-08-26,C00376,P0032,Hyderabad,2,10,853.78,1707.56
T0006654,2025-08-24,C00618,P0049,Pune,1,25,102.73,102.73
T0006655,2025-04-29,C00323,P0097,Ahmedabad,3,0,1906.89,5720.67
T0006656,2025-11-18,C00190,P0068,Kolkata,1,5,326.7,326.7
T0006657,2026-07-26,C00139,P0031,Kolkata,2,0,232.11,464.22
T0006658,2026-06-04,C00776,P0080,Pune,2,0,327.61,655.22
T0006659,2025-07-06,C00861,P0076,Pune,1,0,393.24,393.24
T0006660,2025-09-03,C00249,P0093,Kolkata,1,0,567.34,567.34
T0006661,2025-12-01,C00927,P0071,Kolkata,1,0,1602.38,1602.38
T0006662,2026-08-15,C00727,P0076,Hyderabad,1,5,373.58,373.58
T0006663,2026-09-21,C00687,P0047,Delhi,2,5,684.49,1368.98
T0006664,2025-04-11,C00696,P0011,Kolkata,1,0,381.49,381.49
T0006665,2026-06-21,C00070,P0072,Ahmedabad,3,0,298.01,894.03
T0006666,2025-12-15,C00601,P0021,Kolkata,1,10,565.69,565.69
T0006667,2025-03-12,C00388,P0079,Chennai,2,0,410.82,821.64
T0006668,2025-03-17,C00129,P0013,Ahmedabad,3,0,582.69,1748.07
T0006669,2025-10-07,C00846,P0076,Delhi,1,0,393.24,393.24
T0006670,2026-03-26,C00771,P0034,Hyderabad,1,5,267.08,267.08
T0006671,2025-12-25,C00375,P0057,Hyderabad,1,0,427.6,427.6
T0006672,2025-11-13,C00956,P0061,Mumbai,1,15,190.32,190.32
T0006673,2025-12-09,C00349,P0011,Chennai,2,0,381.49,762.98
T0006674,2025-07-05,C00693,P0058,Chennai,4,0,824.2,3296.8
T0006675,2025-12-19,C00836,P0031,Chennai,2,10,208.9,417.8
T0006676,2025-07-24,C00355,P0068,Delhi,4,20,275.12,1100.48
T0006677,2026-06-27,C00565,P0068,Delhi,4,0,343.9,1375.6
T0006678,2026-05-18,C00450,P0006,Pune,1,15,286.71,286.71
T0006679,2025-02-18,C00185,P0051,Pune,4,10,752.5,3010.0
T0006680,2026-09-25,C00168,P0025,Mumbai,1,0,185.23,185.23
T0006681,2025-08-13,C00704,P0070,Mumbai,2,0,673.73,1347.46
T0006682,2025-08-06,C00966,P0033,Bengaluru,1,10,248.9,248.9
T0006683,2026-06-08,C00211,P0038,Bengaluru,1,5,534.53,534.53
T0006684,2025-11-25,C00118,P0047,Mumbai,1,0,720.52,720.52
T0006685,2025-01-05,C00183,P0068,Ahmedabad,1,0,343.9,343.9
T0006686,2025-08-15,C00303,P0018,Kolkata,3,15,652.15,1956.45
T0006687,2026-07-18,C00654,P0041,Hyderabad,2,10,837.57,1675.14
T0006688,2026-05-05,C00012,P0043,Bengaluru,1,0,288.97,288.97
T0006689,2025-05-03,C00272,P0037,Chennai,2,10,263.85,527.7
T0006690,2026-02-11,C00776,P0091,Pune,1,0,279.87,279.87
T0006691,2026-05-17,C00702,P0061,Ahmedabad,2,0,223.9,447.8
T0006692,2025-07-29,C00023,P0053,Delhi,1,0,191.66,191.66
T0006693,2026-04-19,C00162,P0076,Chennai,1,0,393.24,393.24
T0006694,2025-07-14,C00227,P0060,Pune,1,15,279.85,279.85
T0006695,2025-03-03,C00933,P0083,Hyderabad,1,0,4654.23,4654.23
T0006696,2026-05-05,C00529,P0031,Bengaluru,1,0,232.11,232.11
T0006697,2025-01-19,C00068,P0069,Bengaluru,4,0,124.03,496.12
T0006698,2025-08-26,C00545,P0051,Chennai,1,10,752.5,752.5
T0006699,2025-01-06,C00462,P0063,Bengaluru,1,25,106.23,106.23
T0006700,2025-08-13,C00570,P0018,Pune,2,10,690.51,1381.02
T0006701,2026-08-16,C00983,P0084,Chennai,1,15,450.79,450.79
T0006702,2025-09-09,C00431,P0100,Mumbai,3,0,496.92,1490.76
T0006703,2025-02-26,C00645,P0015,Ahmedabad,1,10,2316.4,2316.4
T0006704,2026-07-29,C00892,P0076,Chennai,1,20,314.59,314.59
T0006705,2025-11-17,C00118,P0025,Mumbai,3,0,185.23,555.69
T0006706,2026-06-04,C00757,P0075,Mumbai,2,5,160.64,321.28
T0006707,2026-08-22,C00526,P0099,Pune,1,15,260.52,260.52
T0006708,2025-01-28,C00745,P0010,Kolkata,1,0,1094.67,1094.67
T0006709,2025-10-26,C00541,P0034,Delhi,1,15,238.97,238.97
T0006710,2026-04-14,C00266,P0093,Chennai,2,5,538.97,1077.94
T0006711,2025-04-10,C00085,P0079,Ahmedabad,2,10,369.74,739.48
T0006712,2026-08-23,C00616,P0024,Chennai,1,10,228.92,228.92
T0006713,2025-07-24,C00378,P0023,Chennai,3,0,449.99,1349.97
T0006714,2025-02-27,C00587,P0013,Hyderabad,1,10,524.42,524.42
T0006715,2025-06-11,C00112,P0043,Ahmedabad,1,0,288.97,288.97
T0006716,2026-05-17,C00798,P0050,Bengaluru,4,10,1019.73,4078.92
T0006717,2025-04-16,C00057,P0025,Delhi,1,15,157.45,157.45
T0006718,2025-06-15,C00620,P0059,Ahmedabad,3,0,257.22,771.66
T0006719,2025-08-09,C00254,P0018,Bengaluru,1,5,728.87,728.87
T0006720,2026-06-10,C00782,P0059,Chennai,1,0,257.22,257.22
T0006721,2025-09-01,C00133,P0076,Kolkata,3,5,373.58,1120.74
T0006722,2025-09-10,C00768,P0062,Delhi,1,10,1190.31,1190.31
T0006723,2025-07-29,C00862,P0041,Hyderabad,3,25,697.97,2093.91
T0006724,2025-11-28,C00110,P0033,Mumbai,3,10,248.9,746.7
T0006725,2025-12-28,C00674,P0068,Chennai,4,5,326.7,1306.8
T0006726,2025-03-18,C00871,P0015,Mumbai,1,0,2573.78,2573.78
T0006727,2025-02-21,C00095,P0043,Kolkata,1,0,288.97,288.97
T0006728,2026-03-01,C00274,P0093,Ahmedabad,1,5,538.97,538.97
T0006729,2025-12-20,C00787,P0029,Hyderabad,1,0,417.79,417.79
T0006730,2025-10-15,C00947,P0081,Delhi,1,0,2194.67,2194.67
T0006731,2025-12-02,C00802,P0026,Chennai,1,5,542.7,542.7
T0006732,2025-01-22,C00002,P0060,Mumbai,1,0,329.24,329.24
T0006733,2026-06-02,C00212,P0031,Pune,1,10,208.9,208.9
T0006734,2025-05-03,C00244,P0023,Hyderabad,2,15,382.49,764.98
T0006735,2026-02-15,C00872,P0013,Mumbai,2,5,553.56,1107.12
T0006736,2026-08-15,C00870,P0019,Mumbai,1,0,173.97,173.97
T0006737,2025-06-29,C00146,P0023,Pune,1,5,427.49,427.49
T0006738,2026-04-08,C00536,P0051,Delhi,1,0,836.11,836.11
T0006739,2025-02-05,C00781,P0016,Ahmedabad,1,20,846.54,846.54
T0006740,2026-08-12,C00806,P0089,Kolkata,1,20,168.13,168.13
T0006741,2025-05-12,C00278,P0088,Pune,2,0,205.91,411.82
T0006742,2025-08-14,C00263,P0033,Delhi,1,0,276.55,276.55
T0006743,2026-01-11,C00701,P0003,Chennai,1,10,320.99,320.99
T0006744,2025-01-02,C00989,P0043,Pune,2,5,274.52,549.04
T0006745,2025-11-25,C00950,P0057,Mumbai,1,25,320.7,320.7
T0006746,2026-03-12,C00655,P0049,Ahmedabad,1,5,130.12,130.12
T0006747,2025-01-27,C00648,P0068,Ahmedabad,2,0,343.9,687.8
T0006748,2026-02-11,C00589,P0048,Pune,3,0,615.54,1846.62
T0006749,2026-09-10,C00694,P0098,Pune,1,0,1053.91,1053.91
T0006750,2026-02-15,C00809,P0039,Ahmedabad,2,25,536.8,1073.6
T0006751,2026-08-26,C00514,P0097,Bengaluru,4,10,1716.2,6864.8
T0006752,2025-07-07,C00101,P0013,Kolkata,1,0,582.69,582.69
T0006753,2026-08-26,C00539,P0097,Ahmedabad,1,15,1620.86,1620.86
T0006754,2026-08-27,C00547,P0077,Pune,1,15,1354.13,1354.13
T0006755,2026-07-18,C00568,P0093,Pune,1,0,567.34,567.34
T0006756,2026-03-08,C00152,P0065,Delhi,1,10,1142.38,1142.38
T0006757,2026-06-28,C00579,P0076,Mumbai,1,20,314.59,314.59
T0006758,2025-11-22,C00678,P0020,Pune,2,10,971.66,1943.32
T0006759,2025-11-19,C00816,P0023,Chennai,2,0,449.99,899.98
T0006760,2025-05-25,C00285,P0059,Chennai,1,5,244.36,244.36
T0006761,2025-02-16,C00278,P0041,Pune,1,5,884.1,884.1
T0006762,2026-03-08,C00737,P0020,Ahmedabad,2,0,1079.62,2159.24
T0006763,2025-10-20,C00520,P0035,Kolkata,2,20,293.6,587.2
T0006764,2025-11-21,C00377,P0052,Chennai,3,10,230.7,692.1
T0006765,2025-08-02,C00848,P0074,Pune,1,0,461.41,461.41
T0006766,2025-04-24,C00472,P0087,Chennai,1,0,341.41,341.41
T0006767,2026-05-10,C00215,P0092,Pune,4,0,337.81,1351.24
T0006768,2026-08-21,C00384,P0089,Kolkata,1,10,189.14,189.14
T0006769,2025-08-23,C00907,P0081,Kolkata,4,15,1865.47,7461.88
T0006770,2025-08-12,C00157,P0027,Kolkata,1,0,598.6,598.6
T0006771,2026-06-02,C01000,P0043,Kolkata,1,20,231.18,231.18
T0006772,2026-02-02,C00308,P0053,Kolkata,1,0,191.66,191.66
T0006773,2026-02-08,C00785,P0056,Mumbai,1,10,480.53,480.53
T0006774,2025-08-25,C00681,P0017,Bengaluru,2,10,280.17,560.34
T0006775,2025-09-07,C00946,P0038,Bengaluru,3,10,506.39,1519.17
T0006776,2025-02-25,C00003,P0082,Hyderabad,2,0,352.74,705.48
T0006777,2026-06-19,C00061,P0020,Kolkata,2,0,1079.62,2159.24
T0006778,2025-09-10,C00526,P0042,Pune,1,0,763.91,763.91
T0006779,2025-02-15,C00739,P0043,Delhi,1,10,260.07,260.07
T0006780,2026-02-22,C00804,P0075,Pune,1,15,143.73,143.73
T0006781,2025-10-02,C00043,P0081,Bengaluru,1,5,2084.94,2084.94
T0006782,2026-01-19,C00595,P0004,Pune,3,0,560.89,1682.67
T0006783,2026-09-28,C00072,P0091,Mumbai,1,0,279.87,279.87
T0006784,2025-04-11,C00501,P0098,Delhi,1,10,948.52,948.52
T0006785,2026-01-12,C00470,P0055,Ahmedabad,1,0,3390.4,3390.4
T0006786,2026-02-14,C00681,P0002,Bengaluru,1,0,324.99,324.99
T0006787,2026-02-21,C00155,P0057,Hyderabad,3,10,384.84,1154.52
T0006788,2025-11-23,C00098,P0069,Pune,1,0,124.03,124.03
T0006789,2026-01-12,C00890,P0031,Kolkata,1,0,232.11,232.11
T0006790,2026-07-29,C00652,P0093,Chennai,2,5,538.97,1077.94
T0006791,2025-07-04,C00753,P0024,Kolkata,1,10,228.92,228.92
T0006792,2025-08-21,C00588,P0091,Bengaluru,4,5,265.88,1063.52
T0006793,2026-02-10,C00464,P0043,Pune,1,5,274.52,274.52
T0006794,2025-10-14,C00381,P0077,Kolkata,1,5,1513.44,1513.44
T0006795,2025-05-19,C00307,P0012,Mumbai,1,0,222.18,222.18
T0006796,2026-02-01,C00511,P0063,Kolkata,1,20,113.31,113.31
T0006797,2025-08-18,C00832,P0002,Bengaluru,1,10,292.49,292.49
T0006798,2025-03-19,C00851,P0055,Mumbai,1,0,3390.4,3390.4
T0006799,2026-08-30,C00327,P0022,Chennai,1,10,425.16,425.16
T0006800,2026-05-24,C00598,P0023,Hyderabad,1,25,337.49,337.49
T0006801,2026-07-10,C00657,P0047,Chennai,1,10,648.47,648.47
T0006802,2025-05-23,C00738,P0011,Mumbai,1,5,362.42,362.42
T0006803,2026-07-14,C00404,P0093,Bengaluru,1,10,510.61,510.61
T0006804,2025-02-01,C00824,P0093,Mumbai,1,5,538.97,538.97
T0006805,2025-08-22,C00736,P0036,Pune,2,5,447.82,895.64
T0006806,2025-07-30,C00829,P0029,Mumbai,1,0,417.79,417.79
T0006807,2025-09-15,C00733,P0014,Ahmedabad,4,5,880.56,3522.24
T0006808,2025-01-12,C00245,P0067,Pune,2,0,486.32,972.64
T0006809,2025-06-28,C00893,P0013,Mumbai,1,15,495.29,495.29
T0006810,2026-02-21,C00007,P0057,Kolkata,1,20,342.08,342.08
T0006811,2025-07-27,C00605,P0052,Delhi,2,15,217.88,435.76
T0006812,2025-03-19,C00936,P0051,Delhi,1,0,836.11,836.11
T0006813,2026-01-11,C00887,P0001,Kolkata,1,5,695.02,695.02
T0006814,2025-09-01,C00719,P0020,Mumbai,1,15,917.68,917.68
T0006815,2025-04-09,C00762,P0043,Ahmedabad,1,10,260.07,260.07
T0006816,2026-09-17,C00374,P0068,Delhi,2,10,309.51,619.02
T0006817,2025-09-07,C00983,P0007,Chennai,1,20,419.36,419.36
T0006818,2025-08-27,C00410,P0006,Kolkata,2,15,286.71,573.42
T0006819,2025-11-24,C00923,P0073,Bengaluru,1,0,287.1,287.1
T0006820,2025-05-15,C00480,P0093,Kolkata,1,0,567.34,567.34
T0006821,2025-01-01,C00468,P0053,Mumbai,1,5,182.08,182.08
T0006822,2026-02-28,C00850,P0047,Delhi,1,15,612.44,612.44
T0006823,2025-07-14,C00702,P0100,Ahmedabad,2,10,447.23,894.46
T0006824,2026-03-23,C00893,P0087,Mumbai,1,5,324.34,324.34
T0006825,2026-06-14,C00123,P0068,Ahmedabad,1,0,343.9,343.9
T0006826,2025-05-23,C00683,P0057,Delhi,1,15,363.46,363.46
T0006827,2026-06-11,C00187,P0047,Hyderabad,2,10,648.47,1296.94
T0006828,2026-09-16,C00384,P0062,Kolkata,1,10,1190.31,1190.31
T0006829,2025-04-26,C00545,P0051,Chennai,4,0,836.11,3344.44
T0006830,2025-12-20,C00685,P0017,Delhi,1,15,264.6,264.6
T0006831,2025-11-23,C00237,P0075,Chennai,2,0,169.09,338.18
T0006832,2026-09-22,C00209,P0077,Kolkata,1,10,1433.78,1433.78
T0006833,2026-04-09,C00862,P0026,Hyderabad,1,0,571.26,571.26
T0006834,2026-01-04,C00837,P0015,Bengaluru,1,25,1930.34,1930.34
T0006835,2026-09-12,C00699,P0086,Ahmedabad,1,0,413.61,413.61
T0006836,2026-02-10,C00316,P0083,Kolkata,1,10,4188.81,4188.81
T0006837,2026-05-15,C00175,P0061,Kolkata,1,20,179.12,179.12
T0006838,2026-04-14,C00996,P0049,Pune,1,20,109.58,109.58
T0006839,2025-10-14,C00321,P0021,Hyderabad,1,15,534.26,534.26
T0006840,2025-07-09,C00853,P0052,Chennai,1,0,256.33,256.33
T0006841,2025-01-08,C00824,P0068,Mumbai,1,0,343.9,343.9
T0006842,2026-06-11,C00318,P0085,Bengaluru,1,15,498.18,498.18
T0006843,2026-03-22,C00980,P0082,Kolkata,1,5,335.1,335.1
T0006844,2026-08-04,C00343,P0023,Pune,1,5,427.49,427.49
T0006845,2026-07-10,C00183,P0093,Ahmedabad,2,15,482.24,964.48
T0006846,2025-02-28,C00806,P0028,Kolkata,1,15,529.67,529.67
T0006847,2026-01-18,C00606,P0015,Hyderabad,1,15,2187.71,2187.71
T0006848,2026-04-09,C00549,P0067,Kolkata,1,10,437.69,437.69
T0006849,2025-02-17,C00783,P0043,Mumbai,2,0,288.97,577.94
T0006850,2026-06-23,C00694,P0039,Pune,1,0,715.73,715.73
T0006851,2025-03-07,C00507,P0013,Hyderabad,4,25,437.02,1748.08
T0006852,2025-12-03,C00686,P0051,Delhi,1,0,836.11,836.11
T0006853,2026-02-17,C00803,P0059,Delhi,2,0,257.22,514.44
T0006854,2026-01-26,C00541,P0032,Delhi,1,25,711.48,711.48
T0006855,2026-06-24,C00247,P0062,Chennai,3,5,1256.44,3769.32
T0006856,2026-03-21,C00345,P0034,Bengaluru,3,0,281.14,843.42
T0006857,2025-11-06,C00233,P0048,Delhi,3,20,492.43,1477.29
T0006858,2025-12-02,C00913,P0096,Ahmedabad,1,20,777.33,777.33
T0006859,2025-12-22,C00577,P0068,Bengaluru,2,0,343.9,687.8
T0006860,2026-09-05,C00820,P0051,Pune,1,0,836.11,836.11
T0006861,2025-03-14,C00119,P0053,Hyderabad,2,0,191.66,383.32
T0006862,2025-09-05,C00449,P0021,Delhi,1,10,565.69,565.69
T0006863,2026-01-23,C00428,P0058,Chennai,1,10,741.78,741.78
T0006864,2026-01-01,C00070,P0042,Ahmedabad,1,20,611.13,611.13
T0006865,2025-06-04,C00702,P0088,Ahmedabad,1,0,205.91,205.91
T0006866,2026-07-30,C00784,P0006,Bengaluru,2,0,337.31,674.62
T0006867,2025-09-19,C00692,P0036,Ahmedabad,1,10,424.25,424.25
T0006868,2026-01-01,C00742,P0009,Chennai,2,5,114.96,229.92
T0006869,2025-04-11,C00949,P0073,Bengaluru,2,0,287.1,574.2
T0006870,2025-12-29,C00058,P0021,Pune,1,0,628.54,628.54
T0006871,2026-01-04,C00465,P0070,Pune,1,20,538.98,538.98
T0006872,2026-08-28,C00464,P0043,Pune,1,0,288.97,288.97
T0006873,2025-10-19,C00095,P0068,Kolkata,1,0,343.9,343.9
T0006874,2026-08-13,C00112,P0068,Ahmedabad,1,0,343.9,343.9
T0006875,2026-04-09,C00775,P0068,Chennai,2,0,343.9,687.8
T0006876,2026-09-11,C00390,P0090,Mumbai,1,5,266.68,266.68
T0006877,2025-01-09,C00553,P0033,Ahmedabad,3,10,248.9,746.7
T0006878,2026-03-22,C00180,P0070,Delhi,1,0,673.73,673.73
T0006879,2026-03-27,C00116,P0025,Bengaluru,1,25,138.92,138.92
T0006880,2025-10-15,C00912,P0086,Hyderabad,2,0,413.61,827.22
T0006881,2025-12-25,C00685,P0057,Delhi,1,0,427.6,427.6
T0006882,2026-04-24,C00624,P0001,Chennai,1,0,731.6,731.6
T0006883,2026-06-25,C00465,P0047,Pune,2,15,612.44,1224.88
T0006884,2025-08-20,C00670,P0048,Kolkata,1,15,523.21,523.21
T0006885,2026-09-17,C00854,P0006,Ahmedabad,1,0,337.31,337.31
T0006886,2025-11-24,C00901,P0074,Bengaluru,4,0,461.41,1845.64
T0006887,2025-09-29,C00861,P0063,Pune,1,0,141.64,141.64
T0006888,2026-05-01,C00300,P0081,Bengaluru,3,10,1975.2,5925.6
T0006889,2025-03-22,C00620,P0092,Ahmedabad,3,15,287.14,861.42
T0006890,2026-09-30,C00782,P0099,Chennai,1,10,275.85,275.85
T0006891,2026-06-08,C00130,P0003,Bengaluru,4,0,356.66,1426.64
T0006892,2025-10-01,C00653,P0085,Hyderabad,3,10,527.49,1582.47
T0006893,2025-05-13,C00615,P0014,Hyderabad,1,25,695.18,695.18
T0006894,2025-02-24,C00856,P0049,Delhi,1,5,130.12,130.12
T0006895,2026-08-17,C00230,P0018,Ahmedabad,2,15,652.15,1304.3
T0006896,2026-05-15,C00961,P0093,Pune,1,5,538.97,538.97
T0006897,2026-07-06,C00672,P0038,Pune,1,20,450.13,450.13
T0006898,2025-12-04,C00726,P0081,Chennai,1,10,1975.2,1975.2
T0006899,2026-06-20,C00293,P0020,Bengaluru,1,0,1079.62,1079.62
T0006900,2025-08-14,C00974,P0099,Hyderabad,2,25,229.88,459.76
T0006901,2025-06-30,C00614,P0027,Pune,4,0,598.6,2394.4
T0006902,2025-07-05,C00349,P0080,Chennai,1,10,294.85,294.85
T0006903,2025-03-03,C00342,P0055,Kolkata,1,5,3220.88,3220.88
T0006904,2025-02-16,C00596,P0093,Pune,3,0,567.34,1702.02
T0006905,2025-04-05,C00969,P0036,Bengaluru,1,15,400.68,400.68
T0006906,2025-09-15,C00238,P0093,Delhi,1,15,482.24,482.24
T0006907,2026-08-29,C00387,P0079,Kolkata,1,5,390.28,390.28
T0006908,2026-02-15,C00694,P0065,Pune,1,10,1142.38,1142.38
T0006909,2025-09-23,C00845,P0039,Ahmedabad,1,0,715.73,715.73
T0006910,2025-10-25,C00135,P0055,Mumbai,1,0,3390.4,3390.4
T0006911,2025-02-23,C00279,P0068,Hyderabad,2,0,343.9,687.8
T0006912,2025-09-26,C00338,P0052,Mumbai,1,0,256.33,256.33
T0006913,2026-08-27,C00324,P0034,Bengaluru,1,0,281.14,281.14
T0006914,2025-08-16,C00085,P0017,Ahmedabad,1,0,311.3,311.3
T0006915,2025-06-30,C00595,P0018,Pune,1,0,767.23,767.23
T0006916,2025-01-30,C00508,P0026,Ahmedabad,1,0,571.26,571.26
T0006917,2026-03-23,C00374,P0093,Delhi,3,15,482.24,1446.72
T0006918,2026-07-03,C00432,P0056,Kolkata,3,10,480.53,1441.59
T0006919,2025-04-10,C00286,P0048,Hyderabad,2,0,615.54,1231.08
T0006920,2026-08-21,C00597,P0030,Pune,1,0,386.5,386.5
T0006921,2025-09-10,C00575,P0086,Kolkata,1,25,310.21,310.21
T0006922,2025-12-24,C00650,P0043,Kolkata,1,0,288.97,288.97
T0006923,2025-05-19,C00778,P0043,Ahmedabad,3,0,288.97,866.91
T0006924,2025-09-24,C00298,P0055,Ahmedabad,1,15,2881.84,2881.84
T0006925,2025-10-11,C00317,P0093,Ahmedabad,1,15,482.24,482.24
T0006926,2026-08-05,C00345,P0029,Bengaluru,1,20,334.23,334.23
T0006927,2025-08-02,C00363,P0047,Mumbai,1,10,648.47,648.47
T0006928,2026-05-22,C00983,P0019,Chennai,1,15,147.87,147.87
T0006929,2026-09-25,C00236,P0083,Mumbai,1,5,4421.52,4421.52
T0006930,2025-07-16,C00491,P0088,Hyderabad,1,0,205.91,205.91
T0006931,2026-08-25,C00046,P0024,Delhi,1,5,241.63,241.63
T0006932,2025-10-29,C00724,P0053,Chennai,1,5,182.08,182.08
T0006933,2026-03-01,C00118,P0004,Mumbai,1,5,532.85,532.85
T0006934,2025-04-06,C00771,P0024,Hyderabad,2,15,216.2,432.4
T0006935,2025-07-24,C00292,P0011,Pune,1,0,381.49,381.49
T0006936,2025-10-27,C00867,P0039,Kolkata,1,15,608.37,608.37
T0006937,2025-07-14,C00258,P0058,Bengaluru,2,0,824.2,1648.4
T0006938,2026-04-21,C00270,P0011,Mumbai,1,5,362.42,362.42
T0006939,2026-09-11,C00565,P0043,Delhi,2,10,260.07,520.14
T0006940,2026-04-06,C00813,P0025,Hyderabad,1,0,185.23,185.23
T0006941,2025-01-05,C00837,P0034,Bengaluru,1,20,224.91,224.91
T0006942,2026-05-28,C00532,P0024,Mumbai,1,10,228.92,228.92
T0006943,2026-02-18,C00212,P0080,Pune,1,0,327.61,327.61
T0006944,2026-07-20,C00134,P0067,Kolkata,1,0,486.32,486.32
T0006945,2026-03-21,C00817,P0045,Hyderabad,1,0,162.29,162.29
T0006946,2025-04-14,C00335,P0043,Pune,3,5,274.52,823.56
T0006947,2025-02-14,C00623,P0029,Mumbai,1,0,417.79,417.79
T0006948,2025-10-28,C00546,P0015,Bengaluru,1,20,2059.02,2059.02
T0006949,2026-02-22,C00456,P0012,Kolkata,1,0,222.18,222.18
T0006950,2026-01-29,C00301,P0034,Chennai,1,5,267.08,267.08
T0006951,2025-08-04,C00734,P0088,Hyderabad,1,5,195.61,195.61
T0006952,2025-01-16,C00164,P0043,Delhi,1,10,260.07,260.07
T0006953,2025-07-28,C00194,P0054,Chennai,1,0,291.3,291.3
T0006954,2026-08-12,C00058,P0059,Pune,4,0,257.22,1028.88
T0006955,2026-04-07,C00969,P0025,Bengaluru,1,20,148.18,148.18
T0006956,2026-05-18,C00290,P0050,Kolkata,1,5,1076.38,1076.38
T0006957,2026-07-30,C00733,P0056,Ahmedabad,2,0,533.92,1067.84
T0006958,2026-03-23,C00842,P0049,Ahmedabad,1,0,136.97,136.97
T0006959,2025-05-18,C00186,P0053,Delhi,1,0,191.66,191.66
T0006960,2025-12-08,C00109,P0008,Ahmedabad,3,5,175.21,525.63
T0006961,2026-02-19,C00849,P0056,Bengaluru,3,0,533.92,1601.76
T0006962,2026-01-18,C00901,P0057,Bengaluru,1,10,384.84,384.84
T0006963,2025-07-14,C00028,P0088,Kolkata,1,10,185.32,185.32
T0006964,2025-04-16,C00146,P0022,Pune,4,5,448.78,1795.12
T0006965,2026-06-07,C00416,P0038,Bengaluru,1,10,506.39,506.39
T0006966,2026-01-19,C00879,P0052,Bengaluru,2,15,217.88,435.76
T0006967,2026-02-20,C00017,P0013,Chennai,1,0,582.69,582.69
T0006968,2026-04-28,C00071,P0043,Chennai,1,5,274.52,274.52
T0006969,2025-08-19,C00244,P0023,Hyderabad,1,20,359.99,359.99
T0006970,2026-07-17,C00526,P0089,Pune,2,0,210.16,420.32
T0006971,2025-04-10,C00769,P0049,Chennai,1,10,123.27,123.27
T0006972,2025-04-12,C00149,P0004,Kolkata,4,0,560.89,2243.56
T0006973,2025-01-21,C00627,P0098,Bengaluru,2,10,948.52,1897.04
T0006974,2025-10-28,C00632,P0063,Hyderabad,2,5,134.56,269.12
T0006975,2025-01-24,C00876,P0095,Pune,1,10,312.0,312.0
T0006976,2025-07-23,C00012,P0093,Bengaluru,1,25,425.5,425.5
T0006977,2026-02-19,C00591,P0097,Chennai,1,0,1906.89,1906.89
T0006978,2025-10-20,C00797,P0055,Pune,1,0,3390.4,3390.4
T0006979,2026-06-25,C00021,P0059,Kolkata,2,0,257.22,514.44
T0006980,2026-06-11,C00827,P0047,Pune,2,15,612.44,1224.88
T0006981,2025-01-04,C00105,P0014,Ahmedabad,4,5,880.56,3522.24
T0006982,2025-07-13,C00469,P0046,Delhi,1,5,540.53,540.53
T0006983,2025-03-09,C00360,P0081,Chennai,1,10,1975.2,1975.2
T0006984,2026-07-05,C00867,P0039,Kolkata,3,0,715.73,2147.19
T0006985,2026-03-26,C00306,P0020,Pune,1,10,971.66,971.66
T0006986,2025-12-30,C00028,P0061,Kolkata,1,5,212.7,212.7
T0006987,2025-06-12,C00419,P0048,Bengaluru,2,0,615.54,1231.08
T0006988,2025-06-28,C00114,P0013,Pune,1,10,524.42,524.42
T0006989,2025-12-13,C00782,P0066,Chennai,1,0,998.6,998.6
T0006990,2026-02-12,C00779,P0014,Hyderabad,2,20,741.52,1483.04
T0006991,2025-02-11,C00592,P0077,Kolkata,1,0,1593.09,1593.09
T0006992,2026-07-23,C00460,P0009,Bengaluru,1,5,114.96,114.96
T0006993,2025-06-14,C00457,P0080,Chennai,1,10,294.85,294.85
T0006994,2026-02-20,C00407,P0075,Pune,1,10,152.18,152.18
T0006995,2025-06-09,C00597,P0024,Pune,1,5,241.63,241.63
T0006996,2026-05-15,C00187,P0040,Hyderabad,1,25,548.6,548.6
T0006997,2025-06-13,C00667,P0014,Hyderabad,1,10,834.21,834.21
T0006998,2026-09-24,C00398,P0068,Kolkata,2,15,292.32,584.64
T0006999,2025-03-19,C00913,P0075,Ahmedabad,1,0,169.09,169.09
T0007000,2026-07-12,C00488,P0068,Pune,1,10,309.51,309.51
T0007001,2026-08-04,C00171,P0006,Pune,3,0,337.31,1011.93
T0007002,2025-09-05,C00422,P0091,Kolkata,1,0,279.87,279.87
T0007003,2026-09-01,C00927,P0019,Kolkata,1,15,147.87,147.87
T0007004,2025-07-04,C00854,P0002,Ahmedabad,1,0,324.99,324.99
T0007005,2026-02-19,C00134,P0091,Kolkata,1,0,279.87,279.87
T0007006,2025-10-17,C00403,P0011,Pune,1,0,381.49,381.49
T0007007,2025-12-23,C00483,P0018,Hyderabad,1,0,767.23,767.23
T0007008,2025-12-31,C00878,P0027,Hyderabad,1,0,598.6,598.6
T0007009,2025-04-16,C00267,P0097,Bengaluru,1,10,1716.2,1716.2
T0007010,2025-07-20,C00149,P0056,Kolkata,1,5,507.22,507.22
T0007011,2026-03-10,C00618,P0028,Pune,2,0,623.14,1246.28
T0007012,2026-06-24,C00029,P0068,Bengaluru,2,5,326.7,653.4
T0007013,2025-02-08,C00510,P0022,Chennai,1,20,377.92,377.92
T0007014,2026-08-29,C00069,P0019,Mumbai,1,5,165.27,165.27
T0007015,2026-04-18,C00092,P0022,Delhi,1,5,448.78,448.78
T0007016,2025-05-16,C00088,P0100,Kolkata,1,0,496.92,496.92
T0007017,2026-08-20,C00325,P0047,Kolkata,1,5,684.49,684.49
T0007018,2025-05-12,C00420,P0078,Delhi,2,25,271.21,542.42
T0007019,2025-10-09,C00603,P0020,Kolkata,1,0,1079.62,1079.62
T0007020,2025-10-26,C00492,P0046,Pune,1,10,512.08,512.08
T0007021,2026-05-28,C00555,P0031,Kolkata,3,10,208.9,626.7
T0007022,2025-07-02,C00480,P0068,Kolkata,3,0,343.9,1031.7
T0007023,2025-08-15,C00419,P0094,Bengaluru,1,0,1058.21,1058.21
T0007024,2025-01-27,C00391,P0096,Kolkata,1,0,971.66,971.66
T0007025,2025-05-07,C00744,P0084,Delhi,1,25,397.76,397.76
T0007026,2025-04-29,C00456,P0032,Kolkata,1,0,948.64,948.64
T0007027,2026-05-25,C00778,P0068,Ahmedabad,1,0,343.9,343.9
T0007028,2025-03-27,C00982,P0027,Pune,4,0,598.6,2394.4
T0007029,2025-05-13,C00902,P0060,Pune,3,5,312.78,938.34
T0007030,2025-03-17,C00903,P0021,Bengaluru,3,20,502.83,1508.49
T0007031,2025-11-01,C00902,P0006,Pune,1,0,337.31,337.31
T0007032,2025-05-20,C00953,P0051,Chennai,1,10,752.5,752.5
T0007033,2025-10-11,C00641,P0017,Mumbai,2,25,233.48,466.96
T0007034,2026-03-07,C00113,P0043,Chennai,2,10,260.07,520.14
T0007035,2025-10-04,C00568,P0068,Pune,1,0,343.9,343.9
T0007036,2026-09-19,C00493,P0093,Ahmedabad,2,10,510.61,1021.22
T0007037,2026-08-16,C00864,P0051,Delhi,1,0,836.11,836.11
T0007038,2026-05-26,C00193,P0016,Mumbai,1,15,899.44,899.44
T0007039,2025-02-09,C00231,P0079,Mumbai,2,15,349.2,698.4
T0007040,2026-03-09,C00034,P0011,Hyderabad,2,10,343.34,686.68
T0007041,2026-02-12,C00848,P0007,Pune,1,0,524.2,524.2
T0007042,2025-10-12,C00721,P0092,Ahmedabad,3,10,304.03,912.09
T0007043,2026-02-14,C00964,P0083,Bengaluru,1,15,3956.1,3956.1
T0007044,2025-09-21,C00142,P0015,Ahmedabad,2,0,2573.78,5147.56
T0007045,2025-11-06,C00168,P0056,Mumbai,3,10,480.53,1441.59
T0007046,2025-10-21,C00639,P0088,Mumbai,2,0,205.91,411.82
T0007047,2026-01-07,C00664,P0084,Kolkata,1,15,450.79,450.79
T0007048,2025-08-04,C00736,P0036,Pune,1,5,447.82,447.82
T0007049,2025-09-04,C00999,P0088,Pune,1,15,175.02,175.02
T0007050,2026-01-18,C00698,P0063,Chennai,1,20,113.31,113.31
T0007051,2025-09-12,C00428,P0067,Chennai,1,0,486.32,486.32
T0007052,2025-01-06,C00529,P0091,Bengaluru,1,10,251.88,251.88
T0007053,2025-07-08,C00219,P0022,Delhi,1,0,472.4,472.4
T0007054,2026-07-26,C00975,P0029,Bengaluru,1,5,396.9,396.9
T0007055,2026-09-15,C00555,P0067,Kolkata,1,0,486.32,486.32
T0007056,2025-12-15,C00777,P0068,Delhi,1,15,292.32,292.32
T0007057,2025-07-23,C00059,P0065,Pune,2,0,1269.31,2538.62
T0007058,2026-07-07,C00158,P0070,Delhi,3,0,673.73,2021.19
T0007059,2026-04-03,C00871,P0029,Mumbai,1,10,376.01,376.01
T0007060,2025-10-29,C00820,P0067,Pune,2,5,462.0,924.0
T0007061,2026-09-16,C00635,P0016,Chennai,1,0,1058.17,1058.17
T0007062,2025-09-22,C00132,P0097,Hyderabad,2,0,1906.89,3813.78
T0007063,2025-07-23,C00199,P0093,Bengaluru,2,0,567.34,1134.68
T0007064,2026-04-27,C00471,P0055,Kolkata,1,20,2712.32,2712.32
T0007065,2025-11-26,C00377,P0079,Chennai,1,20,328.66,328.66
T0007066,2026-06-09,C00652,P0093,Chennai,1,15,482.24,482.24
T0007067,2026-03-31,C00716,P0039,Hyderabad,1,0,715.73,715.73
T0007068,2025-12-09,C00819,P0065,Pune,1,5,1205.84,1205.84
T0007069,2025-04-13,C00665,P0090,Chennai,1,0,280.72,280.72
T0007070,2026-05-09,C00436,P0045,Ahmedabad,1,15,137.95,137.95
T0007071,2026-04-13,C00037,P0044,Pune,1,15,339.22,339.22
T0007072,2025-11-21,C00354,P0030,Bengaluru,2,10,347.85,695.7
T0007073,2025-02-05,C00990,P0080,Bengaluru,1,20,262.09,262.09
T0007074,2026-09-12,C00607,P0096,Hyderabad,1,15,825.91,825.91
T0007075,2025-01-31,C00596,P0093,Pune,2,20,453.87,907.74
T0007076,2025-08-22,C00578,P0056,Ahmedabad,1,20,427.14,427.14
T0007077,2025-02-11,C00107,P0037,Mumbai,1,0,293.17,293.17
T0007078,2025-12-19,C00260,P0099,Pune,1,0,306.5,306.5
T0007079,2026-01-30,C00682,P0021,Hyderabad,2,10,565.69,1131.38
T0007080,2025-04-09,C00849,P0014,Bengaluru,1,10,834.21,834.21
T0007081,2026-07-05,C00006,P0087,Hyderabad,1,25,256.06,256.06
T0007082,2025-03-06,C00942,P0026,Chennai,1,5,542.7,542.7
T0007083,2026-04-09,C00201,P0002,Kolkata,1,0,324.99,324.99
T0007084,2026-02-15,C00968,P0019,Pune,1,10,156.57,156.57
T0007085,2025-01-13,C00498,P0027,Pune,1,10,538.74,538.74
T0007086,2025-11-05,C00406,P0088,Bengaluru,3,0,205.91,617.73
T0007087,2026-08-16,C00295,P0023,Pune,1,0,449.99,449.99
T0007088,2026-07-18,C00383,P0043,Chennai,1,25,216.73,216.73
T0007089,2025-02-24,C00158,P0070,Delhi,1,15,572.67,572.67
T0007090,2026-05-25,C00927,P0071,Kolkata,1,10,1442.14,1442.14
T0007091,2025-10-19,C00586,P0054,Mumbai,1,15,247.6,247.6
T0007092,2025-08-19,C00264,P0074,Bengaluru,1,10,415.27,415.27
T0007093,2026-05-28,C00702,P0100,Ahmedabad,2,0,496.92,993.84
T0007094,2025-12-17,C00104,P0091,Ahmedabad,3,20,223.9,671.7
T0007095,2025-03-04,C00803,P0021,Delhi,1,10,565.69,565.69
T0007096,2025-03-20,C00765,P0053,Delhi,1,10,172.49,172.49
T0007097,2026-08-24,C00630,P0053,Bengaluru,1,0,191.66,191.66
T0007098,2025-10-19,C00741,P0080,Pune,2,15,278.47,556.94
T0007099,2026-08-15,C00426,P0029,Hyderabad,1,0,417.79,417.79
T0007100,2026-01-31,C00686,P0058,Delhi,2,15,700.57,1401.14
T0007101,2025-07-22,C00567,P0090,Kolkata,2,15,238.61,477.22
T0007102,2026-09-21,C00926,P0089,Ahmedabad,1,25,157.62,157.62
T0007103,2026-05-04,C00670,P0090,Kolkata,2,0,280.72,561.44
T0007104,2026-03-16,C00176,P0061,Chennai,2,20,179.12,358.24
T0007105,2026-05-07,C00056,P0093,Ahmedabad,2,5,538.97,1077.94
T0007106,2025-09-24,C00883,P0013,Chennai,2,0,582.69,1165.38
T0007107,2026-04-20,C00730,P0068,Chennai,1,10,309.51,309.51
T0007108,2026-05-05,C00208,P0069,Mumbai,1,5,117.83,117.83
T0007109,2025-09-14,C00572,P0091,Pune,2,0,279.87,559.74
T0007110,2025-10-21,C00280,P0068,Chennai,1,5,326.7,326.7
T0007111,2025-02-12,C00624,P0020,Chennai,4,25,809.71,3238.84
T0007112,2026-04-25,C00816,P0083,Chennai,1,10,4188.81,4188.81
T0007113,2026-09-11,C00083,P0073,Pune,1,20,229.68,229.68
T0007114,2025-09-04,C00151,P0043,Hyderabad,1,5,274.52,274.52
T0007115,2026-06-11,C00037,P0090,Pune,1,0,280.72,280.72
T0007116,2025-09-10,C00336,P0093,Hyderabad,1,20,453.87,453.87
T0007117,2026-05-22,C00502,P0029,Delhi,1,10,376.01,376.01
T0007118,2025-05-06,C00132,P0029,Hyderabad,1,15,355.12,355.12
T0007119,2026-04-07,C00214,P0021,Bengaluru,1,20,502.83,502.83
T0007120,2026-04-14,C00625,P0054,Hyderabad,1,0,291.3,291.3
T0007121,2025-01-12,C00026,P0004,Mumbai,2,5,532.85,1065.7
T0007122,2025-06-16,C00678,P0033,Pune,1,0,276.55,276.55
T0007123,2025-10-21,C00254,P0014,Bengaluru,1,10,834.21,834.21
T0007124,2026-08-26,C00144,P0004,Ahmedabad,1,25,420.67,420.67
T0007125,2025-03-21,C00486,P0012,Ahmedabad,1,15,188.85,188.85
T0007126,2025-07-03,C00386,P0043,Hyderabad,1,0,288.97,288.97
T0007127,2025-06-11,C00212,P0051,Pune,1,20,668.89,668.89
T0007128,2026-02-11,C00608,P0003,Hyderabad,1,5,338.83,338.83
T0007129,2026-07-16,C00392,P0035,Chennai,1,5,348.65,348.65
T0007130,2025-06-11,C00327,P0046,Chennai,1,15,483.63,483.63
T0007131,2025-06-12,C00512,P0075,Bengaluru,2,20,135.27,270.54
T0007132,2025-10-09,C00021,P0008,Kolkata,2,25,138.32,276.64
T0007133,2025-03-23,C00963,P0068,Chennai,1,5,326.7,326.7
T0007134,2025-04-30,C00658,P0090,Pune,1,0,280.72,280.72
T0007135,2025-11-22,C00259,P0081,Pune,2,5,2084.94,4169.88
T0007136,2025-08-19,C00744,P0060,Delhi,1,0,329.24,329.24
T0007137,2025-05-25,C00135,P0051,Mumbai,1,10,752.5,752.5
T0007138,2026-04-11,C00317,P0093,Ahmedabad,1,0,567.34,567.34
T0007139,2025-03-09,C00049,P0062,Kolkata,2,0,1322.57,2645.14
T0007140,2025-10-19,C00509,P0068,Chennai,1,5,326.7,326.7
T0007141,2025-03-29,C00421,P0031,Pune,1,0,232.11,232.11
T0007142,2025-10-18,C00650,P0068,Kolkata,1,20,275.12,275.12
T0007143,2026-06-13,C00504,P0045,Ahmedabad,1,15,137.95,137.95
T0007144,2026-07-23,C00304,P0069,Delhi,3,5,117.83,353.49
T0007145,2026-09-26,C00359,P0078,Kolkata,1,5,343.53,343.53
T0007146,2025-05-31,C00983,P0019,Chennai,1,5,165.27,165.27
T0007147,2026-06-04,C00575,P0029,Kolkata,1,15,355.12,355.12
T0007148,2025-12-17,C00894,P0011,Kolkata,3,0,381.49,1144.47
T0007149,2026-07-06,C00518,P0090,Mumbai,1,0,280.72,280.72
T0007150,2026-09-20,C00780,P0097,Mumbai,3,10,1716.2,5148.6
T0007151,2025-11-14,C00037,P0094,Pune,1,15,899.48,899.48
T0007152,2026-04-24,C00835,P0092,Pune,1,5,320.92,320.92
T0007153,2025-11-05,C00935,P0043,Kolkata,1,0,288.97,288.97
T0007154,2025-09-17,C00063,P0071,Pune,1,15,1362.02,1362.02
T0007155,2025-08-13,C00736,P0087,Pune,1,0,341.41,341.41
T0007156,2025-10-15,C00383,P0068,Chennai,2,0,343.9,687.8
T0007157,2026-06-25,C00857,P0065,Bengaluru,1,25,951.98,951.98
T0007158,2026-06-06,C00969,P0013,Bengaluru,4,0,582.69,2330.76
T0007159,2026-01-31,C00574,P0081,Ahmedabad,1,0,2194.67,2194.67
T0007160,2026-01-02,C00229,P0020,Ahmedabad,2,25,809.71,1619.42
T0007161,2025-06-19,C00031,P0067,Mumbai,2,0,486.32,972.64
T0007162,2025-04-06,C00878,P0086,Hyderabad,2,0,413.61,827.22
T0007163,2025-09-10,C00514,P0033,Bengaluru,1,0,276.55,276.55
T0007164,2025-01-05,C00371,P0017,Bengaluru,1,10,280.17,280.17
T0007165,2025-05-27,C00658,P0063,Pune,2,0,141.64,283.28
T0007166,2026-09-17,C00415,P0028,Chennai,1,0,623.14,623.14
T0007167,2025-09-06,C00507,P0087,Hyderabad,1,0,341.41,341.41
T0007168,2026-06-25,C00351,P0078,Kolkata,2,5,343.53,687.06
T0007169,2025-09-16,C00407,P0007,Pune,1,0,524.2,524.2
T0007170,2025-10-16,C00122,P0080,Mumbai,2,0,327.61,655.22
T0007171,2025-10-21,C00462,P0090,Bengaluru,1,0,280.72,280.72
T0007172,2026-03-12,C00300,P0091,Bengaluru,1,15,237.89,237.89
T0007173,2025-11-16,C00385,P0052,Ahmedabad,1,10,230.7,230.7
T0007174,2025-01-13,C00239,P0030,Pune,1,0,386.5,386.5
T0007175,2026-08-04,C00385,P0075,Ahmedabad,1,5,160.64,160.64
T0007176,2026-06-18,C00885,P0093,Kolkata,1,10,510.61,510.61
T0007177,2025-11-26,C00862,P0088,Hyderabad,1,5,195.61,195.61
T0007178,2025-07-07,C00452,P0080,Kolkata,1,0,327.61,327.61
T0007179,2026-04-15,C00438,P0023,Chennai,1,5,427.49,427.49
T0007180,2026-02-14,C00540,P0081,Chennai,1,0,2194.67,2194.67
T0007181,2025-03-28,C00516,P0047,Bengaluru,1,15,612.44,612.44
T0007182,2026-03-19,C00386,P0043,Hyderabad,1,0,288.97,288.97
T0007183,2025-08-18,C00918,P0073,Mumbai,1,5,272.74,272.74
T0007184,2026-02-14,C00254,P0047,Bengaluru,1,20,576.42,576.42
T0007185,2025-12-08,C00199,P0043,Bengaluru,1,0,288.97,288.97
T0007186,2025-12-09,C00474,P0029,Delhi,1,5,396.9,396.9
T0007187,2026-03-15,C00691,P0099,Hyderabad,1,10,275.85,275.85
T0007188,2025-03-23,C00644,P0002,Ahmedabad,2,10,292.49,584.98
T0007189,2025-02-20,C00340,P0043,Bengaluru,3,10,260.07,780.21
T0007190,2025-10-08,C00806,P0054,Kolkata,1,20,233.04,233.04
T0007191,2025-02-14,C00113,P0093,Chennai,1,10,510.61,510.61
T0007192,2025-06-16,C00873,P0046,Mumbai,1,0,568.98,568.98
T0007193,2025-10-05,C00665,P0088,Chennai,1,0,205.91,205.91
T0007194,2025-07-12,C00101,P0056,Kolkata,2,5,507.22,1014.44
T0007195,2025-07-27,C00899,P0081,Ahmedabad,1,0,2194.67,2194.67
T0007196,2025-06-21,C00989,P0043,Pune,2,20,231.18,462.36
T0007197,2026-05-04,C00557,P0010,Bengaluru,2,10,985.2,1970.4
T0007198,2025-12-14,C00666,P0059,Hyderabad,1,0,257.22,257.22
T0007199,2026-04-20,C00905,P0013,Pune,1,20,466.15,466.15
T0007200,2026-03-19,C00477,P0008,Kolkata,1,10,165.99,165.99
T0007201,2025-09-12,C00651,P0023,Bengaluru,2,15,382.49,764.98
T0007202,2025-11-21,C00070,P0045,Ahmedabad,3,10,146.06,438.18
T0007203,2025-05-26,C00781,P0016,Ahmedabad,1,5,1005.26,1005.26
T0007204,2025-04-12,C00625,P0049,Hyderabad,1,5,130.12,130.12
T0007205,2025-07-19,C00678,P0027,Pune,1,0,598.6,598.6
T0007206,2025-11-27,C00969,P0070,Bengaluru,1,5,640.04,640.04
T0007207,2025-01-30,C00857,P0022,Bengaluru,1,5,448.78,448.78
T0007208,2025-01-21,C00923,P0034,Bengaluru,2,0,281.14,562.28
T0007209,2026-04-17,C00899,P0091,Ahmedabad,2,20,223.9,447.8
T0007210,2025-09-20,C00967,P0062,Ahmedabad,1,20,1058.06,1058.06
T0007211,2025-05-08,C00294,P0068,Chennai,1,15,292.32,292.32
T0007212,2025-05-20,C00531,P0022,Pune,1,0,472.4,472.4
T0007213,2026-07-18,C00894,P0080,Kolkata,1,0,327.61,327.61
T0007214,2025-05-12,C00759,P0056,Delhi,1,0,533.92,533.92
T0007215,2025-06-17,C00177,P0041,Kolkata,1,5,884.1,884.1
T0007216,2026-01-08,C00038,P0053,Mumbai,1,0,191.66,191.66
T0007217,2026-05-17,C00632,P0026,Hyderabad,1,0,571.26,571.26
T0007218,2025-08-31,C00925,P0062,Ahmedabad,2,20,1058.06,2116.12
T0007219,2025-03-17,C00601,P0042,Kolkata,2,5,725.71,1451.42
T0007220,2025-11-24,C00339,P0078,Ahmedabad,1,0,361.61,361.61
T0007221,2025-11-25,C00430,P0038,Hyderabad,1,25,422.0,422.0
T0007222,2026-04-01,C00831,P0011,Chennai,1,0,381.49,381.49
T0007223,2026-06-22,C00729,P0059,Ahmedabad,1,25,192.92,192.92
T0007224,2025-05-20,C00415,P0009,Chennai,1,0,121.01,121.01
T0007225,2026-08-23,C00229,P0032,Ahmedabad,1,0,948.64,948.64
T0007226,2025-10-23,C00097,P0098,Pune,2,5,1001.21,2002.42
T0007227,2025-01-20,C00406,P0088,Bengaluru,2,5,195.61,391.22
T0007228,2025-11-06,C00887,P0032,Kolkata,1,15,806.34,806.34
T0007229,2026-04-01,C00594,P0049,Bengaluru,2,10,123.27,246.54
T0007230,2025-05-06,C00112,P0093,Ahmedabad,1,10,510.61,510.61
T0007231,2025-09-21,C00007,P0006,Kolkata,2,15,286.71,573.42
T0007232,2026-05-07,C00800,P0014,Bengaluru,1,15,787.86,787.86
T0007233,2025-11-16,C00789,P0041,Bengaluru,1,5,884.1,884.1
T0007234,2026-04-29,C00225,P0030,Delhi,3,0,386.5,1159.5
T0007235,2026-08-31,C00538,P0022,Mumbai,1,0,472.4,472.4
T0007236,2026-08-21,C00964,P0039,Bengaluru,1,10,644.16,644.16
T0007237,2025-11-06,C00973,P0050,Hyderabad,1,0,1133.03,1133.03
T0007238,2026-08-26,C00785,P0070,Mumbai,1,10,606.36,606.36
T0007239,2026-03-02,C00774,P0089,Ahmedabad,1,10,189.14,189.14
T0007240,2025-05-01,C00202,P0042,Chennai,1,15,649.32,649.32
T0007241,2026-04-10,C00241,P0093,Chennai,1,10,510.61,510.61
T0007242,2026-05-31,C00237,P0007,Chennai,1,10,471.78,471.78
T0007243,2025-02-15,C00433,P0083,Bengaluru,2,0,4654.23,9308.46
T0007244,2026-09-20,C00628,P0071,Hyderabad,1,0,1602.38,1602.38
T0007245,2026-02-06,C00276,P0083,Kolkata,1,10,4188.81,4188.81
T0007246,2026-07-11,C00833,P0047,Bengaluru,2,10,648.47,1296.94
T0007247,2025-08-14,C00513,P0038,Chennai,2,10,506.39,1012.78
T0007248,2026-01-01,C00519,P0020,Chennai,1,0,1079.62,1079.62
T0007249,2025-04-29,C00001,P0004,Delhi,1,10,504.8,504.8
T0007250,2026-07-23,C00891,P0021,Mumbai,4,0,628.54,2514.16
T0007251,2026-04-25,C00494,P0093,Hyderabad,1,5,538.97,538.97
T0007252,2026-08-09,C00902,P0057,Pune,2,20,342.08,684.16
T0007253,2025-11-19,C00355,P0068,Delhi,4,0,343.9,1375.6
T0007254,2025-10-02,C00695,P0031,Bengaluru,1,5,220.5,220.5
T0007255,2026-03-02,C00217,P0049,Pune,1,25,102.73,102.73
T0007256,2025-11-15,C00053,P0068,Ahmedabad,1,15,292.32,292.32
T0007257,2025-01-13,C00707,P0011,Chennai,2,10,343.34,686.68
T0007258,2025-02-03,C00361,P0011,Mumbai,1,25,286.12,286.12
T0007259,2026-04-25,C00324,P0029,Bengaluru,2,0,417.79,835.58
T0007260,2026-08-29,C00552,P0004,Bengaluru,1,10,504.8,504.8
T0007261,2026-08-04,C00611,P0043,Kolkata,2,0,288.97,577.94
T0007262,2026-02-15,C00014,P0007,Kolkata,2,0,524.2,1048.4
T0007263,2026-07-16,C00345,P0020,Bengaluru,1,0,1079.62,1079.62
T0007264,2025-08-05,C00569,P0029,Mumbai,1,0,417.79,417.79
T0007265,2025-11-05,C00623,P0033,Mumbai,1,5,262.72,262.72
T0007266,2026-06-01,C00669,P0058,Bengaluru,2,10,741.78,1483.56
T0007267,2026-04-05,C00243,P0027,Hyderabad,2,25,448.95,897.9
T0007268,2025-07-25,C00365,P0056,Ahmedabad,2,10,480.53,961.06
T0007269,2026-07-08,C00749,P0019,Hyderabad,4,15,147.87,591.48
T0007270,2025-09-12,C00428,P0080,Chennai,2,0,327.61,655.22
T0007271,2026-04-09,C00721,P0072,Ahmedabad,1,25,223.51,223.51
T0007272,2025-10-25,C00499,P0066,Mumbai,1,5,948.67,948.67
T0007273,2025-01-24,C00014,P0017,Kolkata,1,5,295.74,295.74
T0007274,2025-11-30,C00406,P0010,Bengaluru,1,15,930.47,930.47
T0007275,2025-10-28,C00329,P0038,Pune,1,0,562.66,562.66
T0007276,2025-04-15,C00634,P0068,Hyderabad,1,0,343.9,343.9
T0007277,2025-01-17,C00671,P0025,Kolkata,1,15,157.45,157.45
T0007278,2026-04-08,C00544,P0044,Pune,4,0,399.08,1596.32
T0007279,2025-09-02,C00438,P0098,Chennai,1,10,948.52,948.52
T0007280,2026-09-23,C00625,P0099,Hyderabad,1,15,260.52,260.52
T0007281,2025-09-10,C00282,P0086,Ahmedabad,1,15,351.57,351.57
T0007282,2026-06-21,C00563,P0062,Kolkata,2,10,1190.31,2380.62
T0007283,2025-10-22,C00898,P0100,Mumbai,2,20,397.54,795.08
T0007284,2025-06-10,C00665,P0088,Chennai,1,0,205.91,205.91
T0007285,2025-07-26,C00795,P0066,Ahmedabad,1,20,798.88,798.88
T0007286,2026-02-03,C00108,P0063,Bengaluru,1,15,120.39,120.39
T0007287,2025-10-16,C00865,P0076,Chennai,1,25,294.93,294.93
T0007288,2026-05-13,C00285,P0009,Chennai,2,10,108.91,217.82
T0007289,2026-07-28,C00979,P0021,Chennai,4,15,534.26,2137.04
T0007290,2025-08-26,C00005,P0038,Bengaluru,1,25,422.0,422.0
T0007291,2026-05-05,C00317,P0093,Ahmedabad,2,10,510.61,1021.22
T0007292,2025-11-11,C00437,P0044,Ahmedabad,1,10,359.17,359.17
T0007293,2026-03-23,C00484,P0008,Kolkata,1,5,175.21,175.21
T0007294,2025-01-29,C00279,P0093,Hyderabad,1,5,538.97,538.97
T0007295,2025-03-28,C00546,P0033,Bengaluru,2,0,276.55,553.1
T0007296,2025-03-23,C00906,P0050,Kolkata,1,20,906.42,906.42
T0007297,2026-01-12,C00212,P0080,Pune,2,0,327.61,655.22
T0007298,2026-09-04,C00428,P0055,Chennai,2,0,3390.4,6780.8
T0007299,2026-07-14,C00627,P0065,Bengaluru,1,0,1269.31,1269.31
T0007300,2025-11-29,C00735,P0068,Mumbai,1,15,292.32,292.32
T0007301,2025-03-24,C00547,P0010,Pune,2,0,1094.67,2189.34
T0007302,2026-06-21,C00032,P0068,Mumbai,1,0,343.9,343.9
T0007303,2026-07-02,C00910,P0043,Ahmedabad,1,0,288.97,288.97
T0007304,2025-07-13,C00344,P0056,Chennai,1,5,507.22,507.22
T0007305,2025-08-05,C00930,P0089,Bengaluru,1,20,168.13,168.13
T0007306,2025-09-21,C00581,P0012,Bengaluru,1,15,188.85,188.85
T0007307,2026-03-28,C00241,P0068,Chennai,1,0,343.9,343.9
T0007308,2026-01-09,C00931,P0080,Kolkata,1,0,327.61,327.61
T0007309,2025-04-22,C00024,P0068,Mumbai,1,0,343.9,343.9
T0007310,2025-07-16,C00493,P0068,Ahmedabad,1,10,309.51,309.51
T0007311,2026-03-02,C00255,P0068,Mumbai,1,25,257.92,257.92
T0007312,2026-08-12,C00402,P0034,Bengaluru,4,0,281.14,1124.56
T0007313,2025-04-09,C00338,P0075,Mumbai,3,25,126.82,380.46
T0007314,2025-07-13,C00934,P0057,Mumbai,1,5,406.22,406.22
T0007315,2026-07-12,C00555,P0055,Kolkata,2,15,2881.84,5763.68
T0007316,2026-04-17,C00996,P0089,Pune,1,0,210.16,210.16
T0007317,2025-05-01,C00099,P0068,Hyderabad,3,10,309.51,928.53
T0007318,2025-05-10,C00099,P0068,Hyderabad,1,20,275.12,275.12
T0007319,2025-12-27,C00400,P0057,Pune,1,25,320.7,320.7
T0007320,2025-11-06,C00154,P0025,Bengaluru,1,0,185.23,185.23
T0007321,2025-10-27,C00474,P0097,Delhi,1,10,1716.2,1716.2
T0007322,2025-10-07,C00341,P0022,Mumbai,1,10,425.16,425.16
T0007323,2026-08-31,C00737,P0024,Ahmedabad,1,15,216.2,216.2
T0007324,2025-08-19,C00278,P0088,Pune,1,0,205.91,205.91
T0007325,2025-06-05,C00451,P0068,Bengaluru,1,0,343.9,343.9
T0007326,2025-11-05,C00607,P0002,Hyderabad,2,0,324.99,649.98
T0007327,2025-12-25,C00081,P0053,Mumbai,2,10,172.49,344.98
T0007328,2025-08-31,C00679,P0031,Ahmedabad,2,15,197.29,394.58
T0007329,2025-12-03,C00732,P0043,Mumbai,1,0,288.97,288.97
T0007330,2025-01-30,C00799,P0006,Hyderabad,1,0,337.31,337.31
T0007331,2026-04-05,C00927,P0084,Kolkata,1,10,477.31,477.31
T0007332,2025-08-24,C00395,P0097,Ahmedabad,2,15,1620.86,3241.72
T0007333,2026-01-31,C00826,P0082,Hyderabad,1,5,335.1,335.1
T0007334,2025-10-14,C00977,P0004,Hyderabad,1,25,420.67,420.67
T0007335,2026-03-28,C00490,P0009,Chennai,1,0,121.01,121.01
T0007336,2025-06-13,C00244,P0083,Hyderabad,1,0,4654.23,4654.23
T0007337,2026-05-03,C00104,P0051,Ahmedabad,2,10,752.5,1505.0
T0007338,2025-05-10,C00311,P0032,Mumbai,4,5,901.21,3604.84
T0007339,2026-02-10,C00968,P0006,Pune,3,5,320.44,961.32
T0007340,2025-08-05,C00702,P0090,Ahmedabad,1,15,238.61,238.61
T0007341,2026-08-05,C00688,P0070,Pune,1,10,606.36,606.36
T0007342,2025-06-04,C00590,P0089,Ahmedabad,1,15,178.64,178.64
T0007343,2025-04-19,C00194,P0066,Chennai,1,0,998.6,998.6
T0007344,2025-10-07,C00399,P0013,Delhi,2,0,582.69,1165.38
T0007345,2026-07-21,C00427,P0054,Kolkata,2,5,276.74,553.48
T0007346,2025-04-11,C00196,P0043,Pune,1,5,274.52,274.52
T0007347,2026-01-21,C00925,P0064,Ahmedabad,3,0,693.68,2081.04
T0007348,2026-01-10,C00452,P0081,Kolkata,1,10,1975.2,1975.2
T0007349,2025-07-28,C00727,P0088,Hyderabad,1,10,185.32,185.32
T0007350,2025-01-24,C00178,P0033,Mumbai,1,0,276.55,276.55
T0007351,2025-10-28,C00825,P0029,Pune,1,10,376.01,376.01
T0007352,2025-08-23,C00010,P0082,Bengaluru,1,5,335.1,335.1
T0007353,2026-04-26,C00490,P0021,Chennai,1,25,471.4,471.4
T0007354,2026-05-21,C00769,P0064,Chennai,1,0,693.68,693.68
T0007355,2025-04-03,C00628,P0017,Hyderabad,1,5,295.74,295.74
T0007356,2026-04-20,C00746,P0007,Hyderabad,2,5,497.99,995.98
T0007357,2026-02-15,C00542,P0093,Kolkata,1,0,567.34,567.34
T0007358,2026-06-07,C00884,P0057,Chennai,1,10,384.84,384.84
T0007359,2026-09-14,C00859,P0053,Mumbai,1,5,182.08,182.08
T0007360,2026-06-05,C00664,P0069,Kolkata,1,15,105.43,105.43
T0007361,2025-11-29,C00689,P0033,Hyderabad,3,10,248.9,746.7
T0007362,2026-03-01,C00149,P0047,Kolkata,1,0,720.52,720.52
T0007363,2026-07-09,C00048,P0093,Ahmedabad,1,0,567.34,567.34
T0007364,2025-09-19,C00776,P0058,Pune,1,0,824.2,824.2
T0007365,2026-01-07,C00842,P0099,Ahmedabad,2,5,291.18,582.36
T0007366,2026-05-15,C00251,P0011,Hyderabad,1,5,362.42,362.42
T0007367,2025-05-14,C00997,P0043,Ahmedabad,1,15,245.62,245.62
T0007368,2026-09-10,C00975,P0032,Bengaluru,1,10,853.78,853.78
T0007369,2026-01-20,C00823,P0018,Bengaluru,1,10,690.51,690.51
T0007370,2025-05-13,C00737,P0015,Ahmedabad,1,0,2573.78,2573.78
T0007371,2026-05-01,C00582,P0020,Ahmedabad,1,10,971.66,971.66
T0007372,2025-08-19,C00183,P0068,Ahmedabad,1,20,275.12,275.12
T0007373,2025-03-22,C00311,P0073,Mumbai,2,5,272.74,545.48
T0007374,2025-03-04,C00932,P0093,Kolkata,1,20,453.87,453.87
T0007375,2025-09-05,C00440,P0088,Bengaluru,1,10,185.32,185.32
T0007376,2026-09-05,C00154,P0013,Bengaluru,1,0,582.69,582.69
T0007377,2026-02-11,C00674,P0093,Chennai,1,20,453.87,453.87
T0007378,2026-08-03,C00424,P0055,Pune,1,20,2712.32,2712.32
T0007379,2025-02-27,C00580,P0020,Ahmedabad,1,10,971.66,971.66
T0007380,2026-04-04,C00376,P0034,Hyderabad,1,10,253.03,253.03
T0007381,2025-08-25,C00475,P0028,Ahmedabad,1,10,560.83,560.83
T0007382,2026-09-20,C00307,P0033,Mumbai,1,10,248.9,248.9
T0007383,2025-10-15,C00238,P0068,Delhi,1,0,343.9,343.9
T0007384,2026-04-28,C00415,P0099,Chennai,1,5,291.18,291.18
T0007385,2025-04-30,C00251,P0058,Hyderabad,1,25,618.15,618.15
T0007386,2025-04-02,C00338,P0006,Mumbai,3,5,320.44,961.32
T0007387,2025-02-23,C00485,P0038,Chennai,4,0,562.66,2250.64
T0007388,2026-09-28,C00601,P0045,Kolkata,1,10,146.06,146.06
T0007389,2025-09-21,C00185,P0011,Pune,1,15,324.27,324.27
T0007390,2025-06-23,C00852,P0026,Delhi,1,10,514.13,514.13
T0007391,2025-03-19,C00217,P0072,Pune,1,5,283.11,283.11
T0007392,2025-07-18,C00323,P0033,Ahmedabad,1,15,235.07,235.07
T0007393,2026-09-20,C00602,P0080,Kolkata,1,5,311.23,311.23
T0007394,2026-08-21,C00525,P0021,Chennai,1,0,628.54,628.54
T0007395,2025-12-24,C00180,P0004,Delhi,1,10,504.8,504.8
T0007396,2026-08-29,C00884,P0069,Chennai,1,0,124.03,124.03
T0007397,2025-06-03,C00552,P0004,Bengaluru,2,0,560.89,1121.78
T0007398,2025-05-26,C00351,P0085,Kolkata,1,10,527.49,527.49
T0007399,2025-03-14,C00522,P0018,Pune,2,0,767.23,1534.46
T0007400,2025-03-18,C00239,P0097,Pune,2,5,1811.55,3623.1
T0007401,2025-04-09,C00248,P0051,Ahmedabad,2,10,752.5,1505.0
T0007402,2026-06-26,C00782,P0092,Chennai,1,20,270.25,270.25
T0007403,2025-02-02,C00538,P0005,Mumbai,1,10,134.53,134.53
T0007404,2025-05-24,C00655,P0099,Ahmedabad,1,5,291.18,291.18
T0007405,2026-09-29,C00942,P0063,Chennai,1,5,134.56,134.56
T0007406,2025-04-23,C00475,P0064,Ahmedabad,1,20,554.94,554.94
T0007407,2026-04-08,C00276,P0083,Kolkata,1,0,4654.23,4654.23
T0007408,2025-06-17,C00417,P0016,Delhi,1,0,1058.17,1058.17
T0007409,2026-01-12,C00134,P0011,Kolkata,3,15,324.27,972.81
T0007410,2025-09-13,C00330,P0093,Pune,1,0,567.34,567.34
T0007411,2025-09-04,C00680,P0052,Bengaluru,1,5,243.51,243.51
T0007412,2026-01-22,C00205,P0028,Ahmedabad,1,5,591.98,591.98
T0007413,2025-10-29,C00342,P0058,Kolkata,1,0,824.2,824.2
T0007414,2026-04-05,C00773,P0087,Chennai,1,10,307.27,307.27
T0007415,2026-08-17,C00313,P0011,Delhi,1,5,362.42,362.42
T0007416,2025-07-30,C00529,P0055,Bengaluru,1,10,3051.36,3051.36
T0007417,2025-12-11,C00286,P0061,Hyderabad,2,0,223.9,447.8
T0007418,2026-09-25,C00523,P0093,Pune,1,15,482.24,482.24
T0007419,2025-07-27,C00748,P0053,Pune,2,5,182.08,364.16
T0007420,2026-09-03,C00186,P0003,Delhi,2,5,338.83,677.66
T0007421,2025-04-24,C00446,P0005,Chennai,1,15,127.06,127.06
T0007422,2025-11-24,C00097,P0098,Pune,1,5,1001.21,1001.21
T0007423,2026-08-30,C00349,P0051,Chennai,2,10,752.5,1505.0
T0007424,2025-08-23,C00286,P0038,Hyderabad,1,0,562.66,562.66
T0007425,2025-06-23,C00702,P0048,Ahmedabad,1,0,615.54,615.54
T0007426,2025-01-31,C00403,P0031,Pune,1,0,232.11,232.11
T0007427,2025-08-24,C00097,P0035,Pune,2,15,311.95,623.9
T0007428,2026-06-23,C00561,P0001,Hyderabad,2,25,548.7,1097.4
T0007429,2026-07-18,C00652,P0093,Chennai,3,0,567.34,1702.02
T0007430,2026-09-08,C00084,P0069,Mumbai,1,15,105.43,105.43
T0007431,2026-07-20,C00346,P0071,Delhi,4,25,1201.79,4807.16
T0007432,2026-01-13,C00814,P0028,Pune,2,0,623.14,1246.28
T0007433,2026-08-16,C00087,P0009,Mumbai,1,10,108.91,108.91
T0007434,2026-05-29,C00863,P0080,Mumbai,1,15,278.47,278.47
T0007435,2026-09-24,C00395,P0097,Ahmedabad,1,10,1716.2,1716.2
T0007436,2026-06-17,C00242,P0014,Kolkata,1,0,926.9,926.9
T0007437,2026-07-14,C00471,P0091,Kolkata,1,15,237.89,237.89
T0007438,2025-09-20,C00051,P0096,Kolkata,1,15,825.91,825.91
T0007439,2026-02-13,C00709,P0077,Hyderabad,1,0,1593.09,1593.09
T0007440,2025-10-11,C00974,P0059,Hyderabad,1,5,244.36,244.36
T0007441,2025-12-18,C00460,P0028,Bengaluru,2,0,623.14,1246.28
T0007442,2025-05-11,C00817,P0037,Hyderabad,3,20,234.54,703.62
T0007443,2026-05-24,C00171,P0069,Pune,1,0,124.03,124.03
T0007444,2026-06-21,C00893,P0036,Mumbai,1,0,471.39,471.39
T0007445,2026-09-13,C00440,P0100,Bengaluru,1,20,397.54,397.54
T0007446,2026-06-17,C00356,P0044,Hyderabad,1,10,359.17,359.17
T0007447,2025-01-20,C00373,P0093,Bengaluru,1,10,510.61,510.61
T0007448,2025-02-21,C00928,P0057,Kolkata,2,10,384.84,769.68
T0007449,2025-11-22,C00357,P0089,Delhi,1,15,178.64,178.64
T0007450,2026-08-03,C00527,P0093,Bengaluru,1,25,425.5,425.5
T0007451,2025-06-07,C00790,P0036,Mumbai,1,0,471.39,471.39
T0007452,2025-10-09,C00104,P0081,Ahmedabad,1,10,1975.2,1975.2
T0007453,2026-02-17,C00147,P0031,Delhi,1,5,220.5,220.5
T0007454,2025-05-19,C00064,P0096,Chennai,1,15,825.91,825.91
T0007455,2025-04-28,C00776,P0080,Pune,1,25,245.71,245.71
T0007456,2026-03-11,C00638,P0080,Pune,1,20,262.09,262.09
T0007457,2025-04-14,C00179,P0045,Hyderabad,2,5,154.18,308.36
T0007458,2026-06-08,C00114,P0014,Pune,1,20,741.52,741.52
T0007459,2025-04-14,C00434,P0025,Chennai,1,10,166.71,166.71
T0007460,2026-07-19,C00675,P0004,Kolkata,3,5,532.85,1598.55
T0007461,2026-02-01,C00621,P0003,Chennai,1,0,356.66,356.66
T0007462,2025-04-11,C00389,P0059,Ahmedabad,3,15,218.64,655.92
T0007463,2025-06-26,C00404,P0043,Bengaluru,2,20,231.18,462.36
T0007464,2026-01-07,C00373,P0043,Bengaluru,1,0,288.97,288.97
T0007465,2026-07-27,C00646,P0084,Mumbai,1,0,530.34,530.34
T0007466,2026-09-30,C00056,P0043,Ahmedabad,1,20,231.18,231.18
T0007467,2025-01-21,C00635,P0053,Chennai,1,0,191.66,191.66
T0007468,2026-01-18,C00140,P0053,Ahmedabad,1,10,172.49,172.49
T0007469,2025-01-22,C00535,P0040,Pune,1,15,621.75,621.75
T0007470,2026-04-27,C00567,P0077,Kolkata,3,5,1513.44,4540.32
T0007471,2025-03-22,C00048,P0093,Ahmedabad,1,5,538.97,538.97
T0007472,2025-08-20,C00630,P0095,Bengaluru,3,10,312.0,936.0
T0007473,2026-09-30,C00086,P0076,Delhi,1,10,353.92,353.92
T0007474,2026-09-30,C00189,P0087,Hyderabad,1,0,341.41,341.41
T0007475,2025-05-31,C00445,P0056,Delhi,1,0,533.92,533.92
T0007476,2025-03-13,C00584,P0073,Hyderabad,1,0,287.1,287.1
T0007477,2025-06-02,C00860,P0008,Ahmedabad,3,10,165.99,497.97
T0007478,2025-07-25,C00162,P0048,Chennai,1,0,615.54,615.54
T0007479,2025-01-19,C00096,P0037,Chennai,1,0,293.17,293.17
T0007480,2025-04-11,C00413,P0070,Ahmedabad,1,15,572.67,572.67
T0007481,2025-11-11,C00593,P0039,Delhi,2,0,715.73,1431.46
T0007482,2025-11-28,C00366,P0004,Bengaluru,1,20,448.71,448.71
T0007483,2026-07-26,C00685,P0060,Delhi,1,15,279.85,279.85
T0007484,2025-11-19,C00462,P0100,Bengaluru,2,10,447.23,894.46
T0007485,2025-07-22,C00089,P0082,Kolkata,2,5,335.1,670.2
T0007486,2026-06-16,C00733,P0014,Ahmedabad,3,10,834.21,2502.63
T0007487,2026-09-17,C00660,P0053,Hyderabad,1,10,172.49,172.49
T0007488,2025-10-16,C00731,P0046,Kolkata,2,5,540.53,1081.06
T0007489,2026-06-12,C00415,P0059,Chennai,1,0,257.22,257.22
T0007490,2026-06-28,C00341,P0082,Mumbai,1,0,352.74,352.74
T0007491,2025-04-13,C00690,P0089,Delhi,2,25,157.62,315.24
T0007492,2026-01-23,C00984,P0068,Pune,3,5,326.7,980.1
T0007493,2025-09-03,C00478,P0091,Ahmedabad,2,0,279.87,559.74
T0007494,2025-06-02,C00224,P0026,Bengaluru,2,0,571.26,1142.52
T0007495,2025-12-16,C00217,P0054,Pune,1,5,276.74,276.74
T0007496,2025-11-14,C00422,P0058,Kolkata,1,10,741.78,741.78
T0007497,2025-05-28,C00714,P0020,Chennai,1,10,971.66,971.66
T0007498,2026-07-05,C00823,P0036,Bengaluru,3,0,471.39,1414.17
T0007499,2025-08-02,C00248,P0091,Ahmedabad,1,0,279.87,279.87
T0007500,2025-01-13,C00092,P0095,Delhi,1,10,312.0,312.0
T0007501,2026-09-11,C00838,P0019,Kolkata,1,0,173.97,173.97
T0007502,2025-03-22,C00406,P0076,Bengaluru,1,0,393.24,393.24
T0007503,2025-06-15,C00488,P0068,Pune,2,0,343.9,687.8
T0007504,2026-06-09,C00465,P0040,Pune,1,15,621.75,621.75
T0007505,2025-02-13,C00052,P0076,Chennai,1,20,314.59,314.59
T0007506,2025-10-23,C00172,P0042,Hyderabad,2,5,725.71,1451.42
T0007507,2026-05-16,C00205,P0062,Ahmedabad,1,15,1124.18,1124.18
T0007508,2025-01-23,C00817,P0008,Hyderabad,1,15,156.77,156.77
T0007509,2026-02-18,C00698,P0063,Chennai,1,5,134.56,134.56
T0007510,2026-05-14,C00418,P0091,Pune,1,0,279.87,279.87
T0007511,2025-09-19,C00349,P0091,Chennai,1,20,223.9,223.9
T0007512,2026-07-24,C00446,P0022,Chennai,1,15,401.54,401.54
T0007513,2025-08-31,C00785,P0025,Mumbai,2,10,166.71,333.42
T0007514,2026-01-28,C00148,P0007,Chennai,1,5,497.99,497.99
T0007515,2026-01-04,C00651,P0095,Bengaluru,1,25,260.0,260.0
T0007516,2025-10-09,C00909,P0046,Ahmedabad,2,0,568.98,1137.96
T0007517,2026-08-09,C00279,P0043,Hyderabad,1,25,216.73,216.73
T0007518,2025-03-20,C00303,P0018,Kolkata,1,0,767.23,767.23
T0007519,2025-05-19,C00044,P0043,Hyderabad,1,15,245.62,245.62
T0007520,2026-05-28,C00902,P0084,Pune,1,10,477.31,477.31
T0007521,2026-06-14,C00696,P0080,Kolkata,2,0,327.61,655.22
T0007522,2025-05-24,C00855,P0054,Ahmedabad,1,0,291.3,291.3
T0007523,2025-11-03,C00485,P0010,Chennai,1,0,1094.67,1094.67
T0007524,2026-02-27,C00896,P0093,Ahmedabad,3,10,510.61,1531.83
T0007525,2025-04-06,C00426,P0033,Hyderabad,1,5,262.72,262.72
T0007526,2025-10-15,C00263,P0015,Delhi,2,0,2573.78,5147.56
T0007527,2026-08-20,C00263,P0073,Delhi,3,0,287.1,861.3
T0007528,2025-10-12,C00908,P0081,Bengaluru,1,15,1865.47,1865.47
T0007529,2025-08-03,C00317,P0043,Ahmedabad,4,25,216.73,866.92
T0007530,2025-08-09,C00627,P0083,Bengaluru,1,10,4188.81,4188.81
T0007531,2026-09-09,C00260,P0037,Pune,1,0,293.17,293.17
T0007532,2025-10-05,C00566,P0090,Chennai,2,0,280.72,561.44
T0007533,2026-09-21,C00559,P0027,Chennai,2,15,508.81,1017.62
T0007534,2026-07-07,C00751,P0068,Chennai,1,10,309.51,309.51
T0007535,2025-03-22,C00762,P0093,Ahmedabad,1,20,453.87,453.87
T0007536,2026-01-31,C00642,P0034,Chennai,2,5,267.08,534.16
T0007537,2025-04-05,C00023,P0083,Delhi,1,25,3490.67,3490.67
T0007538,2025-08-15,C00919,P0100,Mumbai,1,0,496.92,496.92
T0007539,2025-10-08,C00173,P0039,Hyderabad,1,5,679.94,679.94
T0007540,2026-01-21,C00863,P0055,Mumbai,3,15,2881.84,8645.52
T0007541,2025-07-19,C00342,P0091,Kolkata,1,5,265.88,265.88
T0007542,2026-08-20,C00592,P0010,Kolkata,2,5,1039.94,2079.88
T0007543,2026-01-28,C00217,P0008,Pune,2,5,175.21,350.42
T0007544,2025-07-06,C00598,P0005,Hyderabad,1,15,127.06,127.06
T0007545,2025-01-18,C00325,P0070,Kolkata,1,0,673.73,673.73
T0007546,2026-09-17,C00827,P0025,Pune,1,10,166.71,166.71
T0007547,2025-09-23,C00160,P0039,Kolkata,2,5,679.94,1359.88
T0007548,2025-01-09,C00547,P0048,Pune,1,0,615.54,615.54
T0007549,2025-09-06,C00157,P0029,Kolkata,1,5,396.9,396.9
T0007550,2025-08-16,C00323,P0073,Ahmedabad,1,0,287.1,287.1
T0007551,2026-06-03,C00919,P0076,Mumbai,1,0,393.24,393.24
T0007552,2025-11-23,C00404,P0093,Bengaluru,1,20,453.87,453.87
T0007553,2025-09-24,C00483,P0056,Hyderabad,1,5,507.22,507.22
T0007554,2026-01-31,C00162,P0048,Chennai,1,10,553.99,553.99
T0007555,2026-08-20,C00009,P0066,Ahmedabad,2,10,898.74,1797.48
T0007556,2025-12-03,C00662,P0008,Bengaluru,3,10,165.99,497.97
T0007557,2025-12-05,C00685,P0017,Delhi,2,5,295.74,591.48
T0007558,2026-06-04,C00094,P0093,Bengaluru,4,10,510.61,2042.44
T0007559,2025-12-13,C00725,P0099,Chennai,1,0,306.5,306.5
T0007560,2025-07-02,C00665,P0010,Chennai,3,5,1039.94,3119.82
T0007561,2026-01-05,C00676,P0093,Bengaluru,1,10,510.61,510.61
T0007562,2025-08-09,C00548,P0088,Bengaluru,2,15,175.02,350.04
T0007563,2026-04-24,C00708,P0026,Ahmedabad,2,10,514.13,1028.26
T0007564,2026-01-06,C00682,P0008,Hyderabad,1,10,165.99,165.99
T0007565,2025-11-30,C00393,P0012,Ahmedabad,1,0,222.18,222.18
T0007566,2025-03-01,C00062,P0016,Hyderabad,2,0,1058.17,2116.34
T0007567,2025-02-10,C00228,P0047,Mumbai,1,15,612.44,612.44
T0007568,2025-08-03,C00438,P0003,Chennai,1,5,338.83,338.83
T0007569,2026-09-23,C00905,P0047,Pune,1,0,720.52,720.52
T0007570,2026-04-22,C00449,P0042,Delhi,1,15,649.32,649.32
T0007571,2026-01-22,C00588,P0055,Bengaluru,1,5,3220.88,3220.88
T0007572,2026-06-16,C00106,P0018,Hyderabad,1,10,690.51,690.51
T0007573,2025-01-18,C00275,P0030,Hyderabad,2,0,386.5,773.0
T0007574,2025-09-14,C00285,P0072,Chennai,1,0,298.01,298.01
T0007575,2025-10-01,C00219,P0022,Delhi,2,0,472.4,944.8
T0007576,2025-04-04,C00334,P0051,Mumbai,2,0,836.11,1672.22
T0007577,2025-02-23,C00845,P0082,Ahmedabad,1,0,352.74,352.74
T0007578,2025-08-18,C00321,P0089,Hyderabad,1,5,199.65,199.65
T0007579,2025-04-11,C00802,P0010,Chennai,1,10,985.2,985.2
T0007580,2025-12-05,C00248,P0051,Ahmedabad,3,15,710.69,2132.07
T0007581,2026-08-04,C00148,P0019,Chennai,4,5,165.27,661.08
T0007582,2025-06-19,C00478,P0081,Ahmedabad,1,20,1755.74,1755.74
T0007583,2025-06-26,C00803,P0066,Delhi,1,0,998.6,998.6
T0007584,2026-04-30,C00802,P0088,Chennai,1,10,185.32,185.32
T0007585,2025-06-09,C00822,P0021,Chennai,1,10,565.69,565.69
T0007586,2025-03-04,C00490,P0028,Chennai,2,0,623.14,1246.28
T0007587,2026-03-04,C00132,P0030,Hyderabad,1,20,309.2,309.2
T0007588,2025-10-25,C00914,P0081,Pune,1,5,2084.94,2084.94
T0007589,2025-05-22,C00279,P0093,Hyderabad,2,10,510.61,1021.22
T0007590,2025-03-19,C00719,P0073,Mumbai,3,0,287.1,861.3
T0007591,2025-03-08,C00002,P0006,Mumbai,1,0,337.31,337.31
T0007592,2025-07-22,C00069,P0096,Mumbai,1,25,728.74,728.74
T0007593,2025-09-18,C00593,P0082,Delhi,2,15,299.83,599.66
T0007594,2025-05-06,C00789,P0048,Bengaluru,1,0,615.54,615.54
T0007595,2025-01-29,C00393,P0012,Ahmedabad,1,0,222.18,222.18
T0007596,2026-09-09,C00688,P0014,Pune,1,15,787.86,787.86
T0007597,2025-10-19,C00045,P0024,Mumbai,1,10,228.92,228.92
T0007598,2025-09-03,C00212,P0081,Pune,1,0,2194.67,2194.67
T0007599,2026-04-10,C00575,P0078,Kolkata,1,25,271.21,271.21
T0007600,2025-04-24,C00229,P0027,Ahmedabad,1,15,508.81,508.81
T0007601,2025-12-04,C00243,P0001,Hyderabad,2,5,695.02,1390.04
T0007602,2025-06-16,C00408,P0081,Delhi,1,15,1865.47,1865.47
T0007603,2025-06-24,C00533,P0024,Hyderabad,2,10,228.92,457.84
T0007604,2025-05-22,C00811,P0058,Bengaluru,3,0,824.2,2472.6
T0007605,2025-12-01,C00770,P0039,Chennai,1,15,608.37,608.37
T0007606,2025-05-02,C00989,P0068,Pune,2,5,326.7,653.4
T0007607,2025-10-03,C00124,P0093,Ahmedabad,1,0,567.34,567.34
T0007608,2025-10-26,C00861,P0076,Pune,1,10,353.92,353.92
T0007609,2026-03-12,C00277,P0068,Ahmedabad,2,15,292.32,584.64
T0007610,2025-12-08,C00869,P0049,Chennai,1,15,116.42,116.42
T0007611,2025-09-22,C00466,P0037,Mumbai,1,10,263.85,263.85
T0007612,2026-04-02,C00249,P0093,Kolkata,3,5,538.97,1616.91
T0007613,2025-02-22,C00741,P0067,Pune,1,0,486.32,486.32
T0007614,2025-10-07,C00317,P0043,Ahmedabad,1,15,245.62,245.62
T0007615,2025-03-05,C00092,P0095,Delhi,1,5,329.34,329.34
T0007616,2025-06-24,C00855,P0062,Ahmedabad,3,0,1322.57,3967.71
T0007617,2026-07-02,C00689,P0073,Hyderabad,1,5,272.74,272.74
T0007618,2025-07-05,C00857,P0016,Bengaluru,1,0,1058.17,1058.17
T0007619,2026-06-01,C00940,P0020,Pune,1,10,971.66,971.66
T0007620,2025-05-25,C00865,P0077,Chennai,2,0,1593.09,3186.18
T0007621,2025-07-23,C00908,P0081,Bengaluru,3,0,2194.67,6584.01
T0007622,2026-03-04,C00591,P0097,Chennai,1,0,1906.89,1906.89
T0007623,2025-09-21,C00351,P0034,Kolkata,1,10,253.03,253.03
T0007624,2025-03-22,C00305,P0046,Delhi,1,5,540.53,540.53
T0007625,2026-06-19,C00872,P0018,Mumbai,3,0,767.23,2301.69
T0007626,2026-08-31,C00415,P0072,Chennai,1,15,253.31,253.31
T0007627,2025-11-20,C00721,P0059,Ahmedabad,3,0,257.22,771.66
T0007628,2025-05-10,C00991,P0088,Pune,1,0,205.91,205.91
T0007629,2026-04-05,C00936,P0058,Delhi,1,5,782.99,782.99
T0007630,2026-09-06,C00593,P0098,Delhi,1,25,790.43,790.43
T0007631,2026-09-01,C00495,P0071,Ahmedabad,2,5,1522.26,3044.52
T0007632,2025-09-15,C00661,P0093,Bengaluru,1,0,567.34,567.34
T0007633,2026-02-28,C00414,P0077,Ahmedabad,2,5,1513.44,3026.88
T0007634,2026-09-09,C00413,P0025,Ahmedabad,2,0,185.23,370.46
T0007635,2025-08-06,C00368,P0001,Ahmedabad,1,0,731.6,731.6
T0007636,2026-07-30,C00021,P0092,Kolkata,1,0,337.81,337.81
T0007637,2025-02-16,C00596,P0043,Pune,2,5,274.52,549.04
T0007638,2026-06-17,C00223,P0098,Ahmedabad,1,15,895.82,895.82
T0007639,2026-09-30,C00351,P0086,Kolkata,1,20,330.89,330.89
T0007640,2026-08-19,C00883,P0087,Chennai,2,5,324.34,648.68
T0007641,2025-08-30,C00041,P0093,Pune,1,5,538.97,538.97
T0007642,2025-06-20,C00943,P0007,Delhi,3,20,419.36,1258.08
T0007643,2025-06-14,C00216,P0043,Kolkata,1,10,260.07,260.07
T0007644,2025-03-28,C00781,P0016,Ahmedabad,1,5,1005.26,1005.26
T0007645,2025-01-09,C00827,P0040,Pune,1,10,658.32,658.32
T0007646,2025-08-16,C00463,P0030,Mumbai,2,0,386.5,773.0
T0007647,2025-04-21,C00032,P0093,Mumbai,1,20,453.87,453.87
T0007648,2025-09-28,C00089,P0005,Kolkata,1,5,142.01,142.01
T0007649,2025-01-22,C00274,P0068,Ahmedabad,2,0,343.9,687.8
T0007650,2026-07-22,C00014,P0050,Kolkata,2,10,1019.73,2039.46
T0007651,2026-07-06,C00752,P0043,Kolkata,1,5,274.52,274.52
T0007652,2026-09-17,C00806,P0072,Kolkata,2,20,238.41,476.82
T0007653,2025-08-28,C00278,P0094,Pune,1,10,952.39,952.39
T0007654,2026-03-13,C00183,P0068,Ahmedabad,1,5,326.7,326.7
T0007655,2025-12-28,C00594,P0054,Bengaluru,1,0,291.3,291.3
T0007656,2025-06-18,C00719,P0024,Mumbai,1,0,254.35,254.35
T0007657,2026-04-19,C00889,P0069,Hyderabad,2,0,124.03,248.06
T0007658,2025-10-19,C00122,P0031,Mumbai,3,5,220.5,661.5
T0007659,2026-07-11,C00938,P0080,Chennai,1,10,294.85,294.85
T0007660,2025-06-08,C00124,P0068,Ahmedabad,1,10,309.51,309.51
T0007661,2025-10-12,C00267,P0020,Bengaluru,1,0,1079.62,1079.62
T0007662,2026-08-31,C00151,P0093,Hyderabad,1,0,567.34,567.34
T0007663,2025-04-23,C00447,P0006,Chennai,1,5,320.44,320.44
T0007664,2025-03-05,C00889,P0019,Hyderabad,1,5,165.27,165.27
T0007665,2026-09-25,C00393,P0015,Ahmedabad,2,20,2059.02,4118.04
T0007666,2026-02-16,C00153,P0076,Kolkata,1,5,373.58,373.58
T0007667,2025-10-21,C00258,P0011,Bengaluru,1,5,362.42,362.42
T0007668,2026-07-18,C00763,P0011,Kolkata,4,0,381.49,1525.96
T0007669,2026-09-05,C00622,P0031,Hyderabad,2,0,232.11,464.22
T0007670,2025-05-16,C00438,P0082,Chennai,3,0,352.74,1058.22
T0007671,2026-07-04,C00518,P0061,Mumbai,1,0,223.9,223.9
T0007672,2025-11-06,C00115,P0032,Delhi,1,0,948.64,948.64
T0007673,2025-01-19,C00113,P0068,Chennai,1,15,292.32,292.32
T0007674,2025-09-11,C00203,P0080,Mumbai,2,0,327.61,655.22
T0007675,2025-07-18,C00828,P0001,Kolkata,1,5,695.02,695.02
T0007676,2025-06-29,C00199,P0068,Bengaluru,1,0,343.9,343.9
T0007677,2025-01-23,C00218,P0035,Hyderabad,1,20,293.6,293.6
T0007678,2026-08-27,C00637,P0020,Pune,1,0,1079.62,1079.62
T0007679,2025-08-23,C00330,P0068,Pune,1,15,292.32,292.32
T0007680,2025-02-09,C00922,P0074,Pune,1,25,346.06,346.06
T0007681,2025-05-26,C00260,P0008,Pune,1,10,165.99,165.99
T0007682,2026-08-17,C00234,P0095,Ahmedabad,1,15,294.67,294.67
T0007683,2026-08-08,C00904,P0027,Pune,1,0,598.6,598.6
T0007684,2025-03-30,C00355,P0068,Delhi,1,10,309.51,309.51
T0007685,2026-07-29,C00177,P0076,Kolkata,2,10,353.92,707.84
T0007686,2025-10-05,C00928,P0057,Kolkata,3,25,320.7,962.1
T0007687,2025-10-20,C00999,P0077,Pune,1,25,1194.82,1194.82
T0007688,2025-09-22,C00028,P0076,Kolkata,2,0,393.24,786.48
T0007689,2025-05-13,C00957,P0043,Bengaluru,1,25,216.73,216.73
T0007690,2025-10-28,C00191,P0070,Mumbai,2,10,606.36,1212.72
T0007691,2025-12-02,C00071,P0043,Chennai,1,5,274.52,274.52
T0007692,2026-05-11,C00171,P0057,Pune,1,0,427.6,427.6
T0007693,2025-02-10,C00291,P0078,Kolkata,1,5,343.53,343.53
T0007694,2026-06-16,C00370,P0004,Delhi,3,0,560.89,1682.67
T0007695,2026-05-02,C00909,P0039,Ahmedabad,2,0,715.73,1431.46
T0007696,2026-01-30,C00928,P0007,Kolkata,1,20,419.36,419.36
T0007697,2025-07-22,C00124,P0068,Ahmedabad,1,0,343.9,343.9
T0007698,2025-02-20,C00033,P0016,Hyderabad,1,10,952.35,952.35
T0007699,2025-05-13,C00883,P0040,Chennai,1,5,694.9,694.9
T0007700,2025-11-11,C00096,P0049,Chennai,1,0,136.97,136.97
T0007701,2026-01-01,C00729,P0021,Ahmedabad,1,0,628.54,628.54
T0007702,2025-07-10,C00093,P0052,Delhi,1,0,256.33,256.33
T0007703,2025-08-15,C00214,P0089,Bengaluru,1,5,199.65,199.65
T0007704,2025-06-19,C00397,P0043,Hyderabad,2,25,216.73,433.46
T0007705,2025-02-06,C00365,P0047,Ahmedabad,1,15,612.44,612.44
T0007706,2026-02-12,C00771,P0012,Hyderabad,1,10,199.96,199.96
T0007707,2025-07-05,C00775,P0043,Chennai,1,0,288.97,288.97
T0007708,2025-06-10,C00725,P0042,Chennai,3,25,572.93,1718.79
T0007709,2025-08-19,C00284,P0030,Hyderabad,1,5,367.17,367.17
T0007710,2025-07-04,C00468,P0039,Mumbai,2,0,715.73,1431.46
T0007711,2025-02-21,C00421,P0080,Pune,1,0,327.61,327.61
T0007712,2026-08-31,C00003,P0095,Hyderabad,1,0,346.67,346.67
T0007713,2025-11-02,C00016,P0035,Bengaluru,1,5,348.65,348.65
T0007714,2025-07-26,C00855,P0042,Ahmedabad,1,20,611.13,611.13
T0007715,2025-05-01,C00429,P0036,Pune,1,5,447.82,447.82
T0007716,2026-02-25,C00950,P0075,Mumbai,1,0,169.09,169.09
T0007717,2025-11-26,C00706,P0064,Mumbai,1,10,624.31,624.31
T0007718,2025-04-13,C00199,P0068,Bengaluru,1,25,257.92,257.92
T0007719,2026-08-02,C00435,P0083,Pune,1,15,3956.1,3956.1
T0007720,2025-04-25,C00270,P0055,Mumbai,1,5,3220.88,3220.88
T0007721,2025-01-30,C00026,P0056,Mumbai,1,15,453.83,453.83
T0007722,2026-02-05,C00421,P0011,Pune,1,10,343.34,343.34
T0007723,2025-10-01,C00664,P0057,Kolkata,1,0,427.6,427.6
T0007724,2025-03-12,C00472,P0040,Chennai,1,0,731.47,731.47
T0007725,2025-05-20,C00482,P0009,Mumbai,1,0,121.01,121.01
T0007726,2025-09-28,C00655,P0066,Ahmedabad,1,0,998.6,998.6
T0007727,2025-01-01,C00698,P0041,Chennai,1,5,884.1,884.1
T0007728,2025-12-25,C00261,P0089,Pune,1,0,210.16,210.16
T0007729,2025-08-15,C00477,P0042,Kolkata,2,5,725.71,1451.42
T0007730,2025-01-17,C00948,P0099,Delhi,3,10,275.85,827.55
T0007731,2025-03-02,C00304,P0060,Delhi,1,25,246.93,246.93
T0007732,2026-04-14,C00267,P0030,Bengaluru,2,10,347.85,695.7
T0007733,2025-03-08,C00068,P0075,Bengaluru,1,0,169.09,169.09
T0007734,2025-03-11,C00947,P0055,Delhi,1,5,3220.88,3220.88
T0007735,2026-07-02,C00757,P0075,Mumbai,1,0,169.09,169.09
T0007736,2026-08-11,C00348,P0014,Mumbai,3,5,880.56,2641.68
T0007737,2025-04-08,C00280,P0043,Chennai,1,15,245.62,245.62
T0007738,2026-02-17,C00282,P0027,Ahmedabad,2,20,478.88,957.76
T0007739,2025-07-22,C00669,P0091,Bengaluru,1,0,279.87,279.87
T0007740,2026-03-31,C00258,P0031,Bengaluru,1,0,232.11,232.11
T0007741,2026-03-09,C00407,P0007,Pune,1,25,393.15,393.15
T0007742,2025-08-09,C00429,P0047,Pune,1,10,648.47,648.47
T0007743,2025-01-18,C00113,P0043,Chennai,1,25,216.73,216.73
T0007744,2026-02-03,C00780,P0029,Mumbai,1,0,417.79,417.79
T0007745,2025-10-22,C00233,P0076,Delhi,2,0,393.24,786.48
T0007746,2026-01-09,C00952,P0045,Kolkata,3,25,121.72,365.16
T0007747,2025-09-17,C00545,P0067,Chennai,2,10,437.69,875.38
T0007748,2026-05-09,C00677,P0093,Ahmedabad,1,0,567.34,567.34
T0007749,2025-06-24,C00630,P0005,Bengaluru,1,0,149.48,149.48
T0007750,2026-05-02,C00112,P0068,Ahmedabad,1,5,326.7,326.7
T0007751,2025-07-05,C00921,P0043,Pune,1,10,260.07,260.07
T0007752,2025-05-26,C00553,P0029,Ahmedabad,1,0,417.79,417.79
T0007753,2025-10-11,C00041,P0093,Pune,1,0,567.34,567.34
T0007754,2025-07-01,C00036,P0019,Mumbai,1,20,139.18,139.18
T0007755,2026-05-29,C00471,P0011,Kolkata,2,10,343.34,686.68
T0007756,2025-02-15,C00809,P0035,Ahmedabad,1,10,330.3,330.3
T0007757,2025-10-17,C00075,P0021,Ahmedabad,3,10,565.69,1697.07
T0007758,2025-09-15,C00181,P0087,Mumbai,1,15,290.2,290.2
T0007759,2025-03-24,C00560,P0050,Bengaluru,2,15,963.08,1926.16
T0007760,2025-01-19,C00266,P0043,Chennai,1,0,288.97,288.97
T0007761,2026-09-11,C00530,P0016,Pune,2,10,952.35,1904.7
T0007762,2025-03-31,C00643,P0059,Chennai,1,25,192.92,192.92
T0007763,2026-06-04,C00144,P0040,Ahmedabad,2,25,548.6,1097.2
T0007764,2026-06-13,C00392,P0095,Chennai,1,10,312.0,312.0
T0007765,2026-05-24,C00991,P0038,Pune,1,5,534.53,534.53
T0007766,2025-04-08,C00056,P0043,Ahmedabad,1,10,260.07,260.07
T0007767,2025-06-18,C00793,P0035,Pune,1,20,293.6,293.6
T0007768,2025-07-29,C00079,P0052,Bengaluru,1,0,256.33,256.33
T0007769,2025-02-20,C00979,P0049,Chennai,3,10,123.27,369.81
T0007770,2026-05-27,C00007,P0071,Kolkata,4,10,1442.14,5768.56
T0007771,2025-08-09,C00200,P0068,Chennai,2,20,275.12,550.24
T0007772,2025-03-02,C00092,P0065,Delhi,1,20,1015.45,1015.45
T0007773,2025-08-31,C00872,P0025,Mumbai,2,5,175.97,351.94
T0007774,2025-06-03,C00786,P0073,Kolkata,2,10,258.39,516.78
T0007775,2026-05-06,C00254,P0025,Bengaluru,1,0,185.23,185.23
T0007776,2026-06-22,C00773,P0018,Chennai,1,10,690.51,690.51
T0007777,2025-02-05,C00317,P0093,Ahmedabad,2,0,567.34,1134.68
T0007778,2026-08-04,C00920,P0058,Pune,2,5,782.99,1565.98
T0007779,2026-01-29,C00352,P0093,Delhi,1,10,510.61,510.61
T0007780,2025-08-25,C00676,P0068,Bengaluru,1,10,309.51,309.51
T0007781,2025-05-14,C00904,P0030,Pune,1,5,367.17,367.17
T0007782,2025-10-06,C00071,P0068,Chennai,1,10,309.51,309.51
T0007783,2026-05-03,C00219,P0053,Delhi,1,10,172.49,172.49
T0007784,2025-11-23,C00793,P0023,Pune,3,15,382.49,1147.47
T0007785,2026-07-15,C00035,P0067,Ahmedabad,1,10,437.69,437.69
T0007786,2025-09-07,C00580,P0029,Ahmedabad,1,15,355.12,355.12
T0007787,2026-04-06,C00038,P0098,Mumbai,2,10,948.52,1897.04
T0007788,2025-07-23,C00367,P0003,Ahmedabad,1,20,285.33,285.33
T0007789,2025-11-01,C00975,P0086,Bengaluru,4,15,351.57,1406.28
T0007790,2025-09-03,C00604,P0093,Delhi,1,0,567.34,567.34
T0007791,2026-01-04,C00685,P0075,Delhi,1,5,160.64,160.64
T0007792,2026-03-22,C00279,P0093,Hyderabad,1,0,567.34,567.34
T0007793,2025-06-28,C00323,P0027,Ahmedabad,1,0,598.6,598.6
T0007794,2025-08-17,C00708,P0094,Ahmedabad,2,20,846.57,1693.14
T0007795,2026-03-01,C00938,P0055,Chennai,1,25,2542.8,2542.8
T0007796,2025-09-30,C00959,P0057,Hyderabad,3,10,384.84,1154.52
T0007797,2025-07-09,C00608,P0003,Hyderabad,1,0,356.66,356.66
T0007798,2025-02-03,C00152,P0046,Delhi,3,20,455.18,1365.54
T0007799,2026-09-15,C00187,P0004,Hyderabad,1,0,560.89,560.89
T0007800,2025-07-31,C00058,P0089,Pune,1,5,199.65,199.65
T0007801,2025-08-17,C00486,P0073,Ahmedabad,1,20,229.68,229.68
T0007802,2025-08-04,C00229,P0033,Ahmedabad,1,0,276.55,276.55
T0007803,2025-11-17,C00643,P0042,Chennai,3,15,649.32,1947.96
T0007804,2025-02-01,C00842,P0059,Ahmedabad,1,0,257.22,257.22
T0007805,2025-02-21,C00747,P0034,Hyderabad,2,0,281.14,562.28
T0007806,2026-05-17,C00370,P0018,Delhi,1,10,690.51,690.51
T0007807,2026-01-19,C00351,P0034,Kolkata,2,5,267.08,534.16
T0007808,2026-09-23,C00848,P0060,Pune,1,15,279.85,279.85
T0007809,2025-12-29,C00343,P0065,Pune,1,0,1269.31,1269.31
T0007810,2025-12-27,C00107,P0089,Mumbai,1,10,189.14,189.14
T0007811,2026-09-20,C00700,P0093,Mumbai,1,10,510.61,510.61
T0007812,2026-04-04,C00196,P0093,Pune,1,10,510.61,510.61
T0007813,2025-09-14,C00459,P0055,Ahmedabad,2,15,2881.84,5763.68
T0007814,2025-08-07,C00639,P0077,Mumbai,1,5,1513.44,1513.44
T0007815,2026-07-31,C00564,P0042,Pune,2,15,649.32,1298.64
T0007816,2025-11-24,C00217,P0089,Pune,3,0,210.16,630.48
T0007817,2025-08-20,C00408,P0055,Delhi,1,15,2881.84,2881.84
T0007818,2026-05-28,C00888,P0012,Kolkata,1,0,222.18,222.18
T0007819,2026-08-16,C00779,P0056,Hyderabad,1,0,533.92,533.92
T0007820,2025-07-13,C00635,P0083,Chennai,1,5,4421.52,4421.52
T0007821,2026-05-16,C00112,P0093,Ahmedabad,4,15,482.24,1928.96
T0007822,2026-06-15,C00618,P0021,Pune,2,15,534.26,1068.52
T0007823,2025-12-31,C00722,P0005,Chennai,1,5,142.01,142.01
T0007824,2025-07-09,C00470,P0091,Ahmedabad,1,25,209.9,209.9
T0007825,2025-04-21,C00403,P0058,Pune,1,10,741.78,741.78
T0007826,2025-04-12,C00555,P0080,Kolkata,1,5,311.23,311.23
T0007827,2025-12-29,C00966,P0024,Bengaluru,2,20,203.48,406.96
T0007828,2026-03-10,C00774,P0054,Ahmedabad,1,10,262.17,262.17
T0007829,2026-07-02,C00997,P0068,Ahmedabad,1,25,257.92,257.92
T0007830,2025-07-16,C00179,P0028,Hyderabad,2,15,529.67,1059.34
T0007831,2026-03-13,C00570,P0056,Pune,1,0,533.92,533.92
T0007832,2025-06-18,C00700,P0068,Mumbai,1,25,257.92,257.92
T0007833,2025-05-13,C00363,P0070,Mumbai,1,5,640.04,640.04
T0007834,2025-06-23,C00172,P0092,Hyderabad,1,0,337.81,337.81
T0007835,2026-08-07,C00826,P0023,Hyderabad,1,0,449.99,449.99
T0007836,2026-07-05,C00182,P0010,Kolkata,1,20,875.74,875.74
T0007837,2025-06-14,C00235,P0053,Hyderabad,1,15,162.91,162.91
T0007838,2026-03-24,C00513,P0048,Chennai,1,20,492.43,492.43
T0007839,2025-06-03,C00008,P0090,Kolkata,1,5,266.68,266.68
T0007840,2026-08-02,C00034,P0011,Hyderabad,2,0,381.49,762.98
T0007841,2026-06-15,C00915,P0081,Hyderabad,2,15,1865.47,3730.94
T0007842,2025-09-13,C00271,P0032,Mumbai,1,10,853.78,853.78
T0007843,2025-02-12,C00174,P0048,Hyderabad,1,10,553.99,553.99
T0007844,2025-07-07,C00517,P0047,Hyderabad,1,10,648.47,648.47
T0007845,2026-02-16,C00183,P0093,Ahmedabad,1,0,567.34,567.34
T0007846,2025-08-10,C00933,P0016,Hyderabad,1,0,1058.17,1058.17
T0007847,2025-08-15,C00129,P0070,Ahmedabad,1,10,606.36,606.36
T0007848,2025-08-03,C00922,P0075,Pune,1,0,169.09,169.09
T0007849,2025-01-30,C00228,P0087,Mumbai,1,5,324.34,324.34
T0007850,2025-12-08,C00098,P0002,Pune,1,15,276.24,276.24
T0007851,2026-03-08,C00168,P0014,Mumbai,3,5,880.56,2641.68
T0007852,2026-03-27,C00424,P0080,Pune,1,10,294.85,294.85
T0007853,2025-11-05,C00958,P0038,Mumbai,1,0,562.66,562.66
T0007854,2025-03-31,C00573,P0040,Chennai,1,0,731.47,731.47
T0007855,2026-06-01,C00118,P0087,Mumbai,2,20,273.13,546.26
T0007856,2026-09-25,C00209,P0061,Kolkata,1,10,201.51,201.51
T0007857,2026-01-29,C00245,P0067,Pune,2,15,413.37,826.74
T0007858,2025-04-29,C00887,P0097,Kolkata,1,5,1811.55,1811.55
T0007859,2025-01-31,C00596,P0093,Pune,1,15,482.24,482.24
T0007860,2026-05-24,C00458,P0050,Kolkata,1,10,1019.73,1019.73
T0007861,2025-08-25,C00936,P0091,Delhi,1,5,265.88,265.88
T0007862,2025-02-20,C00983,P0019,Chennai,1,10,156.57,156.57
T0007863,2025-12-09,C00849,P0040,Bengaluru,1,0,731.47,731.47
T0007864,2026-07-11,C00153,P0048,Kolkata,1,5,584.76,584.76
T0007865,2026-06-22,C00720,P0014,Mumbai,1,0,926.9,926.9
T0007866,2025-05-21,C00350,P0030,Chennai,1,20,309.2,309.2
T0007867,2025-12-30,C00859,P0039,Mumbai,3,5,679.94,2039.82
T0007868,2026-07-05,C00762,P0068,Ahmedabad,1,0,343.9,343.9
T0007869,2026-02-20,C00505,P0004,Bengaluru,2,5,532.85,1065.7
T0007870,2026-05-04,C00937,P0095,Mumbai,1,5,329.34,329.34
T0007871,2026-08-17,C00408,P0051,Delhi,1,0,836.11,836.11
T0007872,2025-11-05,C00889,P0017,Hyderabad,1,20,249.04,249.04
T0007873,2025-07-25,C00984,P0043,Pune,1,0,288.97,288.97
T0007874,2026-07-10,C00102,P0065,Mumbai,1,20,1015.45,1015.45
T0007875,2025-02-14,C00428,P0080,Chennai,1,0,327.61,327.61
T0007876,2025-08-30,C00200,P0093,Chennai,1,20,453.87,453.87
T0007877,2025-07-29,C00203,P0080,Mumbai,1,15,278.47,278.47
T0007878,2025-08-31,C00788,P0003,Bengaluru,1,5,338.83,338.83
T0007879,2026-01-21,C00770,P0016,Chennai,3,10,952.35,2857.05
T0007880,2025-04-12,C00412,P0093,Ahmedabad,1,25,425.5,425.5
T0007881,2025-12-20,C00589,P0048,Pune,1,0,615.54,615.54
T0007882,2025-03-08,C00593,P0022,Delhi,4,0,472.4,1889.6
T0007883,2026-07-19,C00809,P0046,Ahmedabad,1,20,455.18,455.18
T0007884,2025-07-25,C00808,P0020,Delhi,1,0,1079.62,1079.62
T0007885,2025-07-28,C00341,P0083,Mumbai,1,5,4421.52,4421.52
T0007886,2025-01-22,C00514,P0034,Bengaluru,3,20,224.91,674.73
T0007887,2025-01-03,C00369,P0015,Delhi,1,10,2316.4,2316.4
T0007888,2026-03-11,C00684,P0036,Ahmedabad,2,0,471.39,942.78
T0007889,2026-03-04,C00682,P0021,Hyderabad,1,0,628.54,628.54
T0007890,2026-07-18,C00008,P0026,Kolkata,1,5,542.7,542.7
T0007891,2026-01-05,C00102,P0082,Mumbai,1,10,317.47,317.47
T0007892,2026-06-01,C00851,P0051,Mumbai,4,0,836.11,3344.44
T0007893,2025-02-05,C00254,P0087,Bengaluru,1,5,324.34,324.34
T0007894,2026-05-03,C00905,P0040,Pune,1,0,731.47,731.47
T0007895,2025-03-14,C00692,P0087,Ahmedabad,2,5,324.34,648.68
T0007896,2026-01-20,C00569,P0012,Mumbai,1,0,222.18,222.18
T0007897,2026-03-09,C00604,P0068,Delhi,1,0,343.9,343.9
T0007898,2025-07-19,C00491,P0061,Hyderabad,1,0,223.9,223.9
T0007899,2025-06-01,C00875,P0083,Delhi,1,5,4421.52,4421.52
T0007900,2025-12-28,C00077,P0043,Mumbai,2,25,216.73,433.46
T0007901,2025-09-22,C00128,P0062,Ahmedabad,1,10,1190.31,1190.31
T0007902,2026-03-04,C00195,P0035,Bengaluru,3,10,330.3,990.9
T0007903,2026-02-08,C00587,P0047,Hyderabad,1,5,684.49,684.49
T0007904,2025-08-30,C00960,P0018,Delhi,1,20,613.78,613.78
T0007905,2026-07-11,C00047,P0014,Pune,2,5,880.56,1761.12
T0007906,2025-01-25,C00155,P0006,Hyderabad,3,0,337.31,1011.93
T0007907,2025-02-10,C00334,P0067,Mumbai,1,0,486.32,486.32
T0007908,2025-09-19,C00445,P0025,Delhi,1,0,185.23,185.23
T0007909,2026-08-02,C00756,P0042,Hyderabad,1,15,649.32,649.32
T0007910,2025-02-26,C00915,P0080,Hyderabad,2,25,245.71,491.42
T0007911,2025-02-15,C00528,P0067,Bengaluru,1,5,462.0,462.0
T0007912,2026-01-03,C00933,P0082,Hyderabad,1,0,352.74,352.74
T0007913,2025-12-14,C00379,P0043,Delhi,2,0,288.97,577.94
T0007914,2026-05-26,C00845,P0065,Ahmedabad,2,0,1269.31,2538.62
T0007915,2025-10-31,C00519,P0020,Chennai,1,15,917.68,917.68
T0007916,2025-02-20,C00298,P0058,Ahmedabad,1,0,824.2,824.2
T0007917,2026-04-25,C00471,P0081,Kolkata,1,15,1865.47,1865.47
T0007918,2026-06-08,C00306,P0027,Pune,1,5,568.67,568.67
T0007919,2025-06-30,C00655,P0089,Ahmedabad,2,5,199.65,399.3
T0007920,2025-09-20,C00968,P0007,Pune,2,5,497.99,995.98
T0007921,2026-09-10,C00712,P0091,Ahmedabad,1,10,251.88,251.88
T0007922,2025-06-01,C00339,P0027,Ahmedabad,2,0,598.6,1197.2
T0007923,2026-05-05,C00818,P0017,Pune,1,10,280.17,280.17
T0007924,2025-10-20,C00566,P0094,Chennai,1,0,1058.21,1058.21
T0007925,2025-01-16,C00217,P0054,Pune,1,0,291.3,291.3
T0007926,2026-09-18,C00037,P0044,Pune,1,15,339.22,339.22
T0007927,2025-01-16,C00534,P0087,Kolkata,1,0,341.41,341.41
T0007928,2025-03-27,C00981,P0093,Bengaluru,2,10,510.61,1021.22
T0007929,2026-08-15,C00207,P0062,Kolkata,1,15,1124.18,1124.18
T0007930,2025-07-18,C00131,P0047,Pune,1,5,684.49,684.49
T0007931,2025-04-13,C00968,P0007,Pune,1,10,471.78,471.78
T0007932,2026-03-03,C00548,P0048,Bengaluru,1,15,523.21,523.21
T0007933,2025-07-30,C00171,P0002,Pune,1,0,324.99,324.99
T0007934,2025-06-27,C00725,P0066,Chennai,1,0,998.6,998.6
T0007935,2025-08-30,C00129,P0014,Ahmedabad,1,10,834.21,834.21
T0007936,2026-03-18,C00928,P0017,Kolkata,3,20,249.04,747.12
T0007937,2025-11-20,C00981,P0093,Bengaluru,4,25,425.5,1702.0
T0007938,2025-07-11,C00047,P0036,Pune,1,5,447.82,447.82
T0007939,2025-09-11,C00049,P0021,Kolkata,1,5,597.11,597.11
T0007940,2025-08-12,C00954,P0091,Hyderabad,1,0,279.87,279.87
T0007941,2025-03-21,C00590,P0054,Ahmedabad,1,15,247.6,247.6
T0007942,2026-02-27,C00210,P0043,Kolkata,1,5,274.52,274.52
T0007943,2026-02-19,C00714,P0027,Chennai,1,0,598.6,598.6
T0007944,2026-08-24,C00582,P0020,Ahmedabad,1,5,1025.64,1025.64
T0007945,2026-01-09,C00229,P0034,Ahmedabad,2,25,210.86,421.72
T0007946,2025-04-26,C00942,P0094,Chennai,1,20,846.57,846.57
T0007947,2025-11-22,C00175,P0094,Kolkata,3,5,1005.3,3015.9
T0007948,2026-09-19,C00698,P0090,Chennai,2,0,280.72,561.44
T0007949,2026-02-28,C00333,P0012,Hyderabad,1,10,199.96,199.96
T0007950,2026-09-24,C00616,P0086,Chennai,1,25,310.21,310.21
T0007951,2025-02-07,C00237,P0006,Chennai,1,15,286.71,286.71
T0007952,2026-06-23,C00784,P0057,Bengaluru,1,10,384.84,384.84
T0007953,2025-05-06,C00842,P0009,Ahmedabad,1,10,108.91,108.91
T0007954,2026-01-24,C00686,P0051,Delhi,1,0,836.11,836.11
T0007955,2025-05-17,C00261,P0009,Pune,2,0,121.01,242.02
T0007956,2026-02-13,C00202,P0089,Chennai,2,0,210.16,420.32
T0007957,2026-09-04,C00853,P0002,Chennai,1,0,324.99,324.99
T0007958,2026-06-30,C00515,P0010,Kolkata,1,5,1039.94,1039.94
T0007959,2026-03-10,C00776,P0081,Pune,3,10,1975.2,5925.6
T0007960,2026-07-18,C00199,P0043,Bengaluru,2,0,288.97,577.94
T0007961,2026-01-12,C00119,P0065,Hyderabad,1,10,1142.38,1142.38
T0007962,2025-02-23,C00781,P0023,Ahmedabad,3,10,404.99,1214.97
T0007963,2026-08-05,C00288,P0090,Chennai,1,0,280.72,280.72
T0007964,2026-07-25,C00971,P0070,Bengaluru,1,25,505.3,505.3
T0007965,2026-09-13,C00752,P0093,Kolkata,2,0,567.34,1134.68
T0007966,2025-10-03,C00677,P0068,Ahmedabad,1,20,275.12,275.12
T0007967,2025-04-08,C00591,P0001,Chennai,1,0,731.6,731.6
T0007968,2025-10-11,C00817,P0059,Hyderabad,2,0,257.22,514.44
T0007969,2025-05-03,C00102,P0053,Mumbai,1,20,153.33,153.33
T0007970,2026-04-19,C00010,P0039,Bengaluru,1,15,608.37,608.37
T0007971,2025-05-04,C00444,P0067,Pune,1,10,437.69,437.69
T0007972,2025-11-13,C00403,P0051,Pune,2,0,836.11,1672.22
T0007973,2025-07-12,C00303,P0036,Kolkata,3,15,400.68,1202.04
T0007974,2025-07-30,C00224,P0044,Bengaluru,1,0,399.08,399.08
T0007975,2025-08-15,C00864,P0081,Delhi,2,5,2084.94,4169.88
T0007976,2025-10-20,C00834,P0090,Hyderabad,3,20,224.58,673.74
T0007977,2025-03-29,C00261,P0042,Pune,1,0,763.91,763.91
T0007978,2025-02-18,C00340,P0068,Bengaluru,4,0,343.9,1375.6
T0007979,2025-07-25,C00536,P0031,Delhi,2,5,220.5,441.0
T0007980,2026-09-27,C00681,P0002,Bengaluru,3,0,324.99,974.97
T0007981,2025-04-01,C00020,P0047,Kolkata,1,10,648.47,648.47
T0007982,2025-10-11,C00271,P0032,Mumbai,1,0,948.64,948.64
T0007983,2026-01-23,C00366,P0018,Bengaluru,1,5,728.87,728.87
T0007984,2025-08-26,C00995,P0060,Kolkata,1,15,279.85,279.85
T0007985,2026-04-26,C00812,P0013,Hyderabad,1,5,553.56,553.56
T0007986,2025-06-02,C00833,P0047,Bengaluru,2,15,612.44,1224.88
T0007987,2026-03-28,C00633,P0083,Bengaluru,1,10,4188.81,4188.81
T0007988,2026-07-09,C00392,P0039,Chennai,1,0,715.73,715.73
T0007989,2025-07-23,C00300,P0067,Bengaluru,1,10,437.69,437.69
T0007990,2026-03-25,C00229,P0032,Ahmedabad,1,10,853.78,853.78
T0007991,2025-04-20,C00315,P0093,Chennai,1,5,538.97,538.97
T0007992,2026-05-22,C00466,P0049,Mumbai,1,15,116.42,116.42
T0007993,2025-05-01,C00053,P0043,Ahmedabad,1,15,245.62,245.62
T0007994,2026-07-11,C00065,P0047,Mumbai,1,10,648.47,648.47
T0007995,2026-08-03,C00278,P0061,Pune,1,10,201.51,201.51
T0007996,2026-03-27,C00710,P0072,Bengaluru,1,20,238.41,238.41
T0007997,2026-06-12,C00510,P0022,Chennai,3,10,425.16,1275.48
T0007998,2025-01-21,C00780,P0027,Mumbai,1,0,598.6,598.6
T0007999,2026-05-20,C00387,P0019,Kolkata,2,5,165.27,330.54
T0008000,2025-08-20,C00453,P0056,Delhi,3,5,507.22,1521.66
T0008001,2025-08-11,C00884,P0019,Chennai,1,0,173.97,173.97
T0008002,2026-08-22,C00353,P0096,Hyderabad,1,5,923.08,923.08
T0008003,2026-09-17,C00405,P0053,Ahmedabad,1,15,162.91,162.91
T0008004,2025-06-03,C00766,P0083,Kolkata,1,20,3723.38,3723.38
T0008005,2025-04-02,C00958,P0044,Mumbai,1,0,399.08,399.08
T0008006,2025-12-29,C00222,P0018,Ahmedabad,1,5,728.87,728.87
T0008007,2026-03-31,C00371,P0074,Bengaluru,1,20,369.13,369.13
T0008008,2025-09-06,C00695,P0067,Bengaluru,1,0,486.32,486.32
T0008009,2025-06-10,C00181,P0087,Mumbai,2,0,341.41,682.82
T0008010,2025-04-23,C00248,P0055,Ahmedabad,1,5,3220.88,3220.88
T0008011,2025-11-15,C00924,P0068,Kolkata,2,5,326.7,653.4
T0008012,2025-01-15,C00574,P0058,Ahmedabad,1,5,782.99,782.99
T0008013,2026-07-08,C00443,P0092,Hyderabad,1,15,287.14,287.14
T0008014,2026-08-23,C00899,P0080,Ahmedabad,1,0,327.61,327.61
T0008015,2026-08-16,C00227,P0006,Pune,1,5,320.44,320.44
T0008016,2026-06-05,C00250,P0077,Ahmedabad,1,25,1194.82,1194.82
T0008017,2026-06-16,C00611,P0043,Kolkata,1,0,288.97,288.97
T0008018,2026-04-06,C00759,P0036,Delhi,2,5,447.82,895.64
T0008019,2026-01-25,C00356,P0088,Hyderabad,1,0,205.91,205.91
T0008020,2025-10-11,C00295,P0053,Pune,1,20,153.33,153.33
T0008021,2025-11-16,C00813,P0004,Hyderabad,1,5,532.85,532.85
T0008022,2026-08-04,C00479,P0059,Kolkata,2,10,231.5,463.0
T0008023,2025-01-24,C00746,P0084,Hyderabad,1,0,530.34,530.34
T0008024,2025-05-02,C00377,P0019,Chennai,1,0,173.97,173.97
T0008025,2025-06-15,C00300,P0058,Bengaluru,1,20,659.36,659.36
T0008026,2025-12-14,C00041,P0068,Pune,1,25,257.92,257.92
T0008027,2025-03-27,C00272,P0009,Chennai,1,15,102.86,102.86
T0008028,2026-07-30,C00901,P0060,Bengaluru,2,15,279.85,559.7
T0008029,2025-03-08,C00223,P0003,Ahmedabad,1,5,338.83,338.83
T0008030,2025-01-16,C00517,P0087,Hyderabad,1,10,307.27,307.27
T0008031,2026-04-06,C00587,P0018,Hyderabad,2,15,652.15,1304.3
T0008032,2026-06-26,C00136,P0058,Mumbai,2,25,618.15,1236.3
T0008033,2025-05-09,C00322,P0092,Delhi,1,20,270.25,270.25
T0008034,2026-09-27,C00680,P0006,Bengaluru,4,15,286.71,1146.84
T0008035,2026-08-20,C00772,P0091,Mumbai,2,15,237.89,475.78
T0008036,2025-03-10,C00218,P0095,Hyderabad,2,10,312.0,624.0
T0008037,2026-04-30,C00445,P0070,Delhi,1,5,640.04,640.04
T0008038,2026-07-29,C00822,P0049,Chennai,3,5,130.12,390.36
T0008039,2026-08-04,C00343,P0046,Pune,3,0,568.98,1706.94
T0008040,2025-10-12,C00069,P0084,Mumbai,1,15,450.79,450.79
T0008041,2025-06-13,C00122,P0080,Mumbai,1,25,245.71,245.71
T0008042,2025-11-10,C00263,P0073,Delhi,1,15,244.04,244.04
T0008043,2026-02-05,C00602,P0031,Kolkata,4,5,220.5,882.0
T0008044,2026-09-19,C00561,P0027,Hyderabad,1,0,598.6,598.6
T0008045,2026-04-13,C00277,P0068,Ahmedabad,1,15,292.32,292.32
T0008046,2025-06-07,C00434,P0070,Chennai,3,25,505.3,1515.9
T0008047,2025-05-16,C00802,P0100,Chennai,2,0,496.92,993.84
T0008048,2025-07-21,C00075,P0008,Ahmedabad,3,10,165.99,497.97
T0008049,2025-04-07,C00574,P0080,Ahmedabad,1,10,294.85,294.85
T0008050,2025-11-27,C00377,P0071,Chennai,1,25,1201.79,1201.79
T0008051,2026-02-15,C00251,P0081,Hyderabad,1,15,1865.47,1865.47
T0008052,2026-08-19,C00380,P0067,Mumbai,1,0,486.32,486.32
T0008053,2025-11-22,C00015,P0086,Kolkata,1,0,413.61,413.61
T0008054,2026-03-05,C00877,P0082,Hyderabad,2,10,317.47,634.94
T0008055,2025-02-18,C00807,P0046,Ahmedabad,1,0,568.98,568.98
T0008056,2025-08-02,C00168,P0040,Mumbai,1,0,731.47,731.47
T0008057,2025-01-18,C00642,P0097,Chennai,2,15,1620.86,3241.72
T0008058,2025-02-18,C00467,P0063,Delhi,1,25,106.23,106.23
T0008059,2025-11-05,C00678,P0086,Pune,1,20,330.89,330.89
T0008060,2025-05-05,C00576,P0001,Chennai,1,0,731.6,731.6
T0008061,2025-06-28,C00061,P0073,Kolkata,1,0,287.1,287.1
T0008062,2025-07-06,C00990,P0091,Bengaluru,1,15,237.89,237.89
T0008063,2025-05-06,C00958,P0038,Mumbai,1,15,478.26,478.26
T0008064,2026-09-21,C00956,P0077,Mumbai,1,5,1513.44,1513.44
T0008065,2025-11-26,C00359,P0001,Kolkata,1,15,621.86,621.86
T0008066,2025-01-03,C00667,P0014,Hyderabad,1,20,741.52,741.52
T0008067,2025-10-25,C00669,P0055,Bengaluru,1,10,3051.36,3051.36
T0008068,2025-07-22,C00118,P0025,Mumbai,1,0,185.23,185.23
T0008069,2025-07-27,C00035,P0080,Ahmedabad,3,0,327.61,982.83
T0008070,2026-01-13,C00879,P0002,Bengaluru,1,10,292.49,292.49
T0008071,2026-07-25,C00411,P0089,Hyderabad,1,5,199.65,199.65
T0008072,2026-09-15,C00151,P0043,Hyderabad,1,15,245.62,245.62
T0008073,2025-05-30,C00505,P0013,Bengaluru,2,10,524.42,1048.84
T0008074,2025-07-30,C00014,P0019,Kolkata,1,0,173.97,173.97
T0008075,2026-08-28,C00327,P0065,Chennai,4,0,1269.31,5077.24
T0008076,2025-10-19,C00750,P0068,Hyderabad,1,5,326.7,326.7
T0008077,2025-10-23,C00691,P0037,Hyderabad,3,20,234.54,703.62
T0008078,2025-02-15,C00578,P0056,Ahmedabad,3,15,453.83,1361.49
T0008079,2025-03-08,C00911,P0094,Kolkata,1,0,1058.21,1058.21
T0008080,2025-09-15,C00626,P0007,Hyderabad,1,15,445.57,445.57
T0008081,2025-07-08,C00972,P0082,Delhi,1,0,352.74,352.74
T0008082,2026-01-04,C00153,P0088,Kolkata,3,10,185.32,555.96
T0008083,2026-07-16,C00568,P0093,Pune,1,20,453.87,453.87
T0008084,2025-09-22,C00509,P0068,Chennai,1,15,292.32,292.32
T0008085,2025-10-16,C00682,P0072,Hyderabad,1,25,223.51,223.51
T0008086,2026-01-26,C00079,P0084,Bengaluru,1,5,503.82,503.82
T0008087,2025-04-15,C00749,P0074,Hyderabad,1,0,461.41,461.41
T0008088,2025-11-04,C00582,P0033,Ahmedabad,1,0,276.55,276.55
T0008089,2025-01-22,C00222,P0087,Ahmedabad,1,0,341.41,341.41
T0008090,2025-05-05,C00810,P0011,Delhi,1,10,343.34,343.34
T0008091,2026-06-21,C00335,P0093,Pune,1,5,538.97,538.97
T0008092,2025-02-13,C00594,P0089,Bengaluru,1,10,189.14,189.14
T0008093,2026-09-05,C00597,P0027,Pune,1,10,538.74,538.74
T0008094,2025-11-18,C00654,P0041,Hyderabad,1,20,744.5,744.5
T0008095,2025-03-10,C00781,P0082,Ahmedabad,2,5,335.1,670.2
T0008096,2025-03-14,C00472,P0056,Chennai,2,5,507.22,1014.44
T0008097,2025-02-08,C00786,P0097,Kolkata,1,0,1906.89,1906.89
T0008098,2026-05-05,C00056,P0043,Ahmedabad,2,25,216.73,433.46
T0008099,2026-07-24,C00432,P0013,Kolkata,2,0,582.69,1165.38
T0008100,2026-09-09,C00549,P0091,Kolkata,2,0,279.87,559.74
T0008101,2025-06-08,C00217,P0042,Pune,1,10,687.52,687.52
T0008102,2025-03-12,C00230,P0087,Ahmedabad,1,0,341.41,341.41
T0008103,2025-06-26,C00504,P0028,Ahmedabad,1,10,560.83,560.83
T0008104,2025-02-26,C00132,P0078,Hyderabad,1,0,361.61,361.61
T0008105,2025-06-02,C00013,P0004,Bengaluru,2,10,504.8,1009.6
T0008106,2026-09-13,C00023,P0098,Delhi,1,10,948.52,948.52
T0008107,2026-07-18,C00401,P0002,Hyderabad,1,5,308.74,308.74
T0008108,2025-02-09,C00180,P0036,Delhi,2,20,377.11,754.22
T0008109,2026-06-14,C00616,P0034,Chennai,1,5,267.08,267.08
T0008110,2026-07-11,C00653,P0001,Hyderabad,1,10,658.44,658.44
T0008111,2025-11-30,C00187,P0013,Hyderabad,2,0,582.69,1165.38
T0008112,2025-03-15,C00048,P0093,Ahmedabad,2,15,482.24,964.48
T0008113,2026-04-14,C00567,P0094,Kolkata,2,0,1058.21,2116.42
T0008114,2026-04-21,C00844,P0065,Pune,3,0,1269.31,3807.93
T0008115,2025-03-14,C00245,P0011,Pune,2,15,324.27,648.54
T0008116,2026-04-07,C00721,P0099,Ahmedabad,1,0,306.5,306.5
T0008117,2025-02-07,C00366,P0056,Bengaluru,1,0,533.92,533.92
T0008118,2026-04-16,C00905,P0056,Pune,1,20,427.14,427.14
T0008119,2025-03-22,C00215,P0089,Pune,1,0,210.16,210.16
T0008120,2025-05-15,C00189,P0040,Hyderabad,1,0,731.47,731.47
T0008121,2026-01-26,C00766,P0003,Kolkata,1,15,303.16,303.16
T0008122,2026-08-26,C00015,P0029,Kolkata,2,5,396.9,793.8
T0008123,2025-07-18,C00828,P0033,Kolkata,2,10,248.9,497.8
T0008124,2025-12-13,C00056,P0093,Ahmedabad,1,10,510.61,510.61
T0008125,2026-09-06,C00486,P0024,Ahmedabad,1,5,241.63,241.63
T0008126,2026-07-31,C00916,P0044,Ahmedabad,1,15,339.22,339.22
T0008127,2025-03-01,C00958,P0048,Mumbai,1,10,553.99,553.99
T0008128,2026-07-03,C00522,P0025,Pune,1,20,148.18,148.18
T0008129,2025-08-28,C00978,P0055,Pune,2,15,2881.84,5763.68
T0008130,2026-03-05,C00104,P0051,Ahmedabad,1,5,794.3,794.3
T0008131,2026-09-22,C00402,P0085,Bengaluru,1,15,498.18,498.18
T0008132,2025-04-02,C00784,P0079,Bengaluru,1,15,349.2,349.2
T0008133,2025-10-16,C00161,P0077,Mumbai,2,5,1513.44,3026.88
T0008134,2025-09-06,C00458,P0079,Kolkata,1,0,410.82,410.82
T0008135,2026-09-25,C00192,P0054,Kolkata,3,5,276.74,830.22
T0008136,2026-05-16,C00216,P0043,Kolkata,2,5,274.52,549.04
T0008137,2025-04-17,C00138,P0007,Chennai,2,0,524.2,1048.4
T0008138,2026-01-31,C00048,P0043,Ahmedabad,4,5,274.52,1098.08
T0008139,2026-05-12,C00120,P0073,Delhi,1,10,258.39,258.39
T0008140,2026-09-21,C00674,P0093,Chennai,3,10,510.61,1531.83
T0008141,2025-05-30,C00263,P0012,Delhi,2,15,188.85,377.7
T0008142,2026-08-16,C00246,P0044,Hyderabad,1,5,379.13,379.13
T0008143,2026-02-15,C00172,P0028,Hyderabad,1,5,591.98,591.98
T0008144,2026-02-17,C00070,P0009,Ahmedabad,1,15,102.86,102.86
T0008145,2025-11-27,C00378,P0023,Chennai,1,0,449.99,449.99
T0008146,2026-01-29,C00983,P0057,Chennai,1,0,427.6,427.6
T0008147,2025-01-28,C00645,P0086,Ahmedabad,1,15,351.57,351.57
T0008148,2026-02-28,C00193,P0095,Mumbai,2,10,312.0,624.0
T0008149,2026-03-04,C00706,P0049,Mumbai,1,15,116.42,116.42
T0008150,2026-04-21,C00242,P0036,Kolkata,1,0,471.39,471.39
T0008151,2026-08-12,C00915,P0058,Hyderabad,2,0,824.2,1648.4
T0008152,2026-05-20,C00273,P0026,Mumbai,1,25,428.44,428.44
T0008153,2025-09-03,C00387,P0075,Kolkata,1,5,160.64,160.64
T0008154,2025-12-31,C00240,P0070,Ahmedabad,1,15,572.67,572.67
T0008155,2025-04-06,C00833,P0070,Bengaluru,1,0,673.73,673.73
T0008156,2025-09-25,C00425,P0094,Kolkata,3,0,1058.21,3174.63
T0008157,2026-04-17,C00044,P0068,Hyderabad,1,20,275.12,275.12
T0008158,2025-04-25,C00009,P0037,Ahmedabad,1,10,263.85,263.85
T0008159,2025-11-15,C00502,P0034,Delhi,2,0,281.14,562.28
T0008160,2026-07-05,C00935,P0068,Kolkata,2,10,309.51,619.02
T0008161,2025-01-05,C00234,P0046,Ahmedabad,2,0,568.98,1137.96
T0008162,2026-02-23,C00348,P0070,Mumbai,1,20,538.98,538.98
T0008163,2025-04-25,C00391,P0079,Kolkata,2,10,369.74,739.48
T0008164,2025-04-28,C00004,P0015,Bengaluru,1,0,2573.78,2573.78
T0008165,2025-05-05,C00467,P0063,Delhi,4,10,127.48,509.92
T0008166,2025-03-08,C00223,P0046,Ahmedabad,2,0,568.98,1137.96
T0008167,2026-09-26,C00597,P0015,Pune,2,0,2573.78,5147.56
T0008168,2025-09-26,C00279,P0093,Hyderabad,1,0,567.34,567.34
T0008169,2025-06-08,C00893,P0047,Mumbai,1,0,720.52,720.52
T0008170,2025-02-05,C00360,P0011,Chennai,1,10,343.34,343.34
T0008171,2025-05-01,C00979,P0009,Chennai,1,10,108.91,108.91
T0008172,2025-03-14,C00192,P0009,Kolkata,1,15,102.86,102.86
T0008173,2025-12-04,C00391,P0069,Kolkata,2,15,105.43,210.86
T0008174,2025-02-16,C00476,P0068,Kolkata,1,15,292.32,292.32
T0008175,2025-08-18,C00024,P0068,Mumbai,1,15,292.32,292.32
T0008176,2026-06-07,C00703,P0036,Pune,1,5,447.82,447.82
T0008177,2025-04-09,C00772,P0011,Mumbai,3,0,381.49,1144.47
T0008178,2026-01-22,C00473,P0039,Mumbai,3,0,715.73,2147.19
T0008179,2025-01-20,C00606,P0033,Hyderabad,2,0,276.55,553.1
T0008180,2026-02-09,C00542,P0043,Kolkata,1,15,245.62,245.62
T0008181,2026-01-14,C00978,P0058,Pune,2,0,824.2,1648.4
T0008182,2026-03-01,C00882,P0018,Delhi,1,10,690.51,690.51
T0008183,2025-02-05,C00862,P0038,Hyderabad,1,10,506.39,506.39
T0008184,2026-01-13,C00516,P0070,Bengaluru,1,5,640.04,640.04
T0008185,2025-12-03,C00293,P0086,Bengaluru,2,0,413.61,827.22
T0008186,2025-12-10,C00624,P0085,Chennai,1,20,468.88,468.88
T0008187,2026-02-01,C00230,P0025,Ahmedabad,2,25,138.92,277.84
T0008188,2025-06-03,C00421,P0058,Pune,2,10,741.78,1483.56
T0008189,2025-11-27,C00261,P0037,Pune,1,0,293.17,293.17
T0008190,2025-06-06,C00639,P0010,Mumbai,1,0,1094.67,1094.67
T0008191,2025-09-09,C00668,P0042,Pune,1,10,687.52,687.52
T0008192,2026-07-13,C00267,P0015,Bengaluru,1,0,2573.78,2573.78
T0008193,2026-02-02,C00600,P0071,Pune,1,5,1522.26,1522.26
T0008194,2026-08-16,C00015,P0032,Kolkata,1,0,948.64,948.64
T0008195,2025-07-12,C00577,P0068,Bengaluru,1,0,343.9,343.9
T0008196,2025-11-06,C00283,P0079,Chennai,1,15,349.2,349.2
T0008197,2026-08-19,C00186,P0022,Delhi,2,15,401.54,803.08
T0008198,2026-06-07,C00027,P0094,Hyderabad,1,10,952.39,952.39
T0008199,2025-03-09,C00280,P0043,Chennai,1,10,260.07,260.07
T0008200,2026-09-06,C00233,P0038,Delhi,1,5,534.53,534.53
T0008201,2026-04-01,C00963,P0043,Chennai,1,10,260.07,260.07
T0008202,2026-06-05,C00740,P0053,Delhi,1,15,162.91,162.91
T0008203,2026-03-19,C00320,P0096,Mumbai,1,0,971.66,971.66
T0008204,2026-05-31,C00904,P0097,Pune,3,25,1430.17,4290.51
T0008205,2025-02-04,C00418,P0058,Pune,1,0,824.2,824.2
T0008206,2026-07-22,C00744,P0069,Delhi,1,15,105.43,105.43
T0008207,2026-05-03,C00229,P0097,Ahmedabad,4,5,1811.55,7246.2
T0008208,2025-12-29,C00805,P0093,Mumbai,2,0,567.34,1134.68
T0008209,2025-12-18,C00180,P0040,Delhi,1,0,731.47,731.47
T0008210,2026-01-04,C00021,P0099,Kolkata,1,20,245.2,245.2
T0008211,2025-12-25,C00659,P0067,Hyderabad,1,15,413.37,413.37
T0008212,2025-12-24,C00855,P0054,Ahmedabad,2,5,276.74,553.48
T0008213,2026-03-28,C00062,P0003,Hyderabad,1,0,356.66,356.66
T0008214,2025-05-11,C00215,P0072,Pune,4,0,298.01,1192.04
T0008215,2026-01-29,C00022,P0055,Mumbai,1,0,3390.4,3390.4
T0008216,2025-08-18,C00871,P0086,Mumbai,1,0,413.61,413.61
T0008217,2026-02-27,C00087,P0062,Mumbai,1,5,1256.44,1256.44
T0008218,2026-02-13,C00354,P0086,Bengaluru,1,0,413.61,413.61
T0008219,2025-06-02,C00087,P0037,Mumbai,1,10,263.85,263.85
T0008220,2026-03-07,C00005,P0090,Bengaluru,1,10,252.65,252.65
T0008221,2025-03-21,C00472,P0070,Chennai,1,0,673.73,673.73
T0008222,2025-12-03,C00075,P0062,Ahmedabad,1,0,1322.57,1322.57
T0008223,2025-03-24,C00531,P0082,Pune,1,15,299.83,299.83
T0008224,2025-12-08,C00676,P0068,Bengaluru,1,20,275.12,275.12
T0008225,2025-01-04,C00834,P0088,Hyderabad,1,5,195.61,195.61
T0008226,2025-09-11,C00467,P0100,Delhi,4,10,447.23,1788.92
T0008227,2025-10-13,C00627,P0035,Bengaluru,2,0,367.0,734.0
T0008228,2025-02-16,C00132,P0097,Hyderabad,1,0,1906.89,1906.89
T0008229,2026-04-18,C00231,P0096,Mumbai,2,5,923.08,1846.16
T0008230,2026-02-17,C00670,P0048,Kolkata,1,10,553.99,553.99
T0008231,2025-03-11,C00471,P0067,Kolkata,2,0,486.32,972.64
T0008232,2026-01-27,C00746,P0019,Hyderabad,1,10,156.57,156.57
T0008233,2025-02-09,C00376,P0033,Hyderabad,1,0,276.55,276.55
T0008234,2026-06-26,C00287,P0021,Delhi,1,15,534.26,534.26
T0008235,2025-04-18,C00351,P0078,Kolkata,1,15,307.37,307.37
T0008236,2026-07-29,C00831,P0058,Chennai,1,0,824.2,824.2
T0008237,2026-03-22,C00431,P0090,Mumbai,2,25,210.54,421.08
T0008238,2025-06-07,C00059,P0098,Pune,1,15,895.82,895.82
T0008239,2025-12-24,C00104,P0080,Ahmedabad,1,10,294.85,294.85
T0008240,2025-12-30,C00264,P0007,Bengaluru,1,0,524.2,524.2
T0008241,2025-07-29,C00250,P0063,Ahmedabad,1,0,141.64,141.64
T0008242,2025-10-06,C00807,P0098,Ahmedabad,1,10,948.52,948.52
T0008243,2025-11-17,C00388,P0069,Chennai,1,0,124.03,124.03
T0008244,2025-09-17,C00095,P0068,Kolkata,1,0,343.9,343.9
T0008245,2026-07-07,C00987,P0061,Bengaluru,1,25,167.92,167.92
T0008246,2025-02-02,C00321,P0092,Hyderabad,4,20,270.25,1081.0
T0008247,2025-06-12,C00159,P0035,Chennai,2,0,367.0,734.0
T0008248,2025-09-27,C00764,P0080,Kolkata,1,10,294.85,294.85
T0008249,2026-03-10,C00681,P0057,Bengaluru,1,20,342.08,342.08
T0008250,2025-07-27,C00611,P0043,Kolkata,1,25,216.73,216.73
T0008251,2026-01-04,C00348,P0087,Mumbai,1,0,341.41,341.41
T0008252,2025-02-28,C00534,P0036,Kolkata,2,0,471.39,942.78
T0008253,2026-09-18,C00424,P0080,Pune,1,10,294.85,294.85
T0008254,2026-09-01,C00368,P0086,Ahmedabad,1,15,351.57,351.57
T0008255,2025-10-16,C00703,P0087,Pune,1,20,273.13,273.13
T0008256,2025-11-30,C00975,P0078,Bengaluru,4,5,343.53,1374.12
T0008257,2025-04-25,C00373,P0093,Bengaluru,1,0,567.34,567.34
T0008258,2025-07-05,C00020,P0025,Kolkata,2,0,185.23,370.46
T0008259,2025-06-19,C00685,P0002,Delhi,1,15,276.24,276.24
T0008260,2025-04-20,C00606,P0030,Hyderabad,1,5,367.17,367.17
T0008261,2026-06-27,C00906,P0096,Kolkata,1,25,728.74,728.74
T0008262,2025-01-23,C00959,P0017,Hyderabad,3,0,311.3,933.9
T0008263,2025-09-28,C00161,P0063,Mumbai,1,10,127.48,127.48
T0008264,2025-04-21,C00425,P0063,Kolkata,3,15,120.39,361.17
T0008265,2025-07-03,C00991,P0041,Pune,1,0,930.63,930.63
T0008266,2026-08-08,C00658,P0063,Pune,1,5,134.56,134.56
T0008267,2025-03-13,C00272,P0064,Chennai,1,20,554.94,554.94
T0008268,2025-03-26,C00344,P0014,Chennai,1,25,695.18,695.18
T0008269,2026-01-04,C00817,P0045,Hyderabad,1,15,137.95,137.95
T0008270,2026-06-18,C00707,P0081,Chennai,2,25,1646.0,3292.0
T0008271,2025-04-20,C00341,P0035,Mumbai,1,0,367.0,367.0
T0008272,2025-01-30,C00907,P0067,Kolkata,2,10,437.69,875.38
T0008273,2025-05-16,C00875,P0053,Delhi,3,5,182.08,546.24
T0008274,2025-04-15,C00290,P0096,Kolkata,2,0,971.66,1943.32
T0008275,2025-08-07,C00824,P0093,Mumbai,2,10,510.61,1021.22
T0008276,2026-04-16,C00984,P0043,Pune,2,10,260.07,520.14
T0008277,2026-05-28,C00340,P0068,Bengaluru,1,15,292.32,292.32
T0008278,2025-11-22,C00361,P0091,Mumbai,3,5,265.88,797.64
T0008279,2025-02-05,C00253,P0093,Ahmedabad,1,20,453.87,453.87
T0008280,2026-08-28,C00617,P0040,Kolkata,1,15,621.75,621.75
T0008281,2025-09-13,C00489,P0002,Chennai,1,0,324.99,324.99
T0008282,2025-01-01,C00868,P0029,Delhi,1,20,334.23,334.23
T0008283,2025-07-14,C00358,P0048,Pune,2,0,615.54,1231.08
T0008284,2025-03-26,C00652,P0068,Chennai,2,10,309.51,619.02
T0008285,2025-12-31,C00576,P0012,Chennai,1,0,222.18,222.18
T0008286,2025-05-02,C00669,P0081,Bengaluru,1,10,1975.2,1975.2
T0008287,2026-06-27,C00644,P0019,Ahmedabad,1,5,165.27,165.27
T0008288,2025-05-21,C00519,P0073,Chennai,1,15,244.04,244.04
T0008289,2026-08-23,C00983,P0084,Chennai,3,15,450.79,1352.37
T0008290,2026-05-28,C00400,P0071,Pune,1,25,1201.79,1201.79
T0008291,2025-05-16,C00277,P0043,Ahmedabad,2,0,288.97,577.94
T0008292,2025-12-27,C00111,P0074,Kolkata,1,5,438.34,438.34
T0008293,2026-02-08,C00331,P0080,Pune,1,5,311.23,311.23
T0008294,2026-01-22,C00234,P0046,Ahmedabad,1,0,568.98,568.98
T0008295,2026-02-07,C00123,P0043,Ahmedabad,2,20,231.18,462.36
T0008296,2025-02-23,C00171,P0074,Pune,2,10,415.27,830.54
T0008297,2026-06-01,C00413,P0014,Ahmedabad,1,20,741.52,741.52
T0008298,2025-11-25,C00629,P0055,Chennai,1,5,3220.88,3220.88
T0008299,2025-04-14,C00068,P0052,Bengaluru,2,5,243.51,487.02
T0008300,2026-01-14,C00590,P0059,Ahmedabad,1,0,257.22,257.22
T0008301,2026-09-17,C00738,P0081,Mumbai,2,15,1865.47,3730.94
T0008302,2026-04-01,C00911,P0076,Kolkata,1,0,393.24,393.24
T0008303,2025-07-28,C00415,P0045,Chennai,1,10,146.06,146.06
T0008304,2026-05-19,C00629,P0091,Chennai,3,10,251.88,755.64
T0008305,2026-05-21,C00086,P0061,Delhi,1,0,223.9,223.9
T0008306,2025-12-22,C00989,P0093,Pune,4,0,567.34,2269.36
T0008307,2025-08-24,C00776,P0081,Pune,1,5,2084.94,2084.94
T0008308,2026-07-18,C00863,P0081,Mumbai,1,0,2194.67,2194.67
T0008309,2026-09-04,C00267,P0027,Bengaluru,3,0,598.6,1795.8
T0008310,2025-09-07,C00374,P0043,Delhi,1,20,231.18,231.18
T0008311,2025-08-04,C00590,P0021,Ahmedabad,1,0,628.54,628.54
T0008312,2026-03-21,C00732,P0043,Mumbai,1,0,288.97,288.97
T0008313,2026-09-25,C00612,P0033,Kolkata,1,25,207.41,207.41
T0008314,2026-02-20,C00757,P0017,Mumbai,2,0,311.3,622.6
T0008315,2026-01-20,C00584,P0033,Hyderabad,3,5,262.72,788.16
T0008316,2026-06-02,C00009,P0021,Ahmedabad,2,10,565.69,1131.38
T0008317,2026-07-09,C00903,P0062,Bengaluru,1,0,1322.57,1322.57
T0008318,2025-06-14,C00933,P0023,Hyderabad,4,20,359.99,1439.96
T0008319,2026-07-10,C00613,P0007,Chennai,1,25,393.15,393.15
T0008320,2026-05-17,C00909,P0035,Ahmedabad,1,0,367.0,367.0
T0008321,2025-11-28,C00974,P0037,Hyderabad,1,5,278.51,278.51
T0008322,2025-05-18,C00959,P0017,Hyderabad,3,0,311.3,933.9
T0008323,2026-01-26,C00355,P0068,Delhi,2,0,343.9,687.8
T0008324,2026-09-01,C00091,P0060,Bengaluru,1,5,312.78,312.78
T0008325,2026-01-21,C00633,P0095,Bengaluru,1,10,312.0,312.0
T0008326,2025-11-16,C00092,P0095,Delhi,1,10,312.0,312.0
T0008327,2025-03-27,C00653,P0027,Hyderabad,1,20,478.88,478.88
T0008328,2025-01-21,C00141,P0094,Bengaluru,1,0,1058.21,1058.21
T0008329,2026-06-13,C00536,P0051,Delhi,1,0,836.11,836.11
T0008330,2025-03-26,C00304,P0006,Delhi,1,0,337.31,337.31
T0008331,2025-03-05,C00812,P0018,Hyderabad,1,15,652.15,652.15
T0008332,2025-05-25,C00240,P0013,Ahmedabad,2,0,582.69,1165.38
T0008333,2026-03-04,C00917,P0072,Bengaluru,1,0,298.01,298.01
T0008334,2025-03-12,C00017,P0070,Chennai,2,5,640.04,1280.08
T0008335,2025-07-22,C00090,P0037,Chennai,2,25,219.88,439.76
T0008336,2025-05-26,C00231,P0052,Mumbai,4,20,205.06,820.24
T0008337,2025-08-20,C00055,P0014,Mumbai,1,10,834.21,834.21
T0008338,2025-09-05,C00468,P0039,Mumbai,1,0,715.73,715.73
T0008339,2026-01-21,C00132,P0078,Hyderabad,4,20,289.29,1157.16
T0008340,2025-11-26,C00505,P0056,Bengaluru,2,0,533.92,1067.84
T0008341,2026-05-18,C00983,P0017,Chennai,1,0,311.3,311.3
T0008342,2025-12-08,C00236,P0095,Mumbai,1,0,346.67,346.67
T0008343,2025-09-13,C00686,P0011,Delhi,3,5,362.42,1087.26
T0008344,2025-02-19,C00116,P0040,Bengaluru,1,0,731.47,731.47
T0008345,2026-05-21,C00164,P0093,Delhi,2,0,567.34,1134.68
T0008346,2025-07-08,C00793,P0022,Pune,2,10,425.16,850.32
T0008347,2025-01-14,C00417,P0023,Delhi,3,10,404.99,1214.97
T0008348,2026-09-04,C00967,P0072,Ahmedabad,1,10,268.21,268.21
T0008349,2026-08-27,C00462,P0100,Bengaluru,1,0,496.92,496.92
T0008350,2026-04-08,C00588,P0067,Bengaluru,1,10,437.69,437.69
T0008351,2026-07-04,C00872,P0018,Mumbai,3,5,728.87,2186.61
T0008352,2025-01-11,C00336,P0068,Hyderabad,1,5,326.7,326.7
T0008353,2026-06-07,C00238,P0093,Delhi,1,25,425.5,425.5
T0008354,2026-09-14,C00670,P0063,Kolkata,3,10,127.48,382.44
T0008355,2025-04-18,C00328,P0089,Pune,3,15,178.64,535.92
T0008356,2025-04-15,C00516,P0040,Bengaluru,1,10,658.32,658.32
T0008357,2025-08-29,C00382,P0041,Pune,1,0,930.63,930.63
T0008358,2026-03-17,C00800,P0014,Bengaluru,1,0,926.9,926.9
T0008359,2025-01-09,C00531,P0022,Pune,2,0,472.4,944.8
T0008360,2025-04-28,C00691,P0008,Hyderabad,2,5,175.21,350.42
T0008361,2025-12-23,C00835,P0037,Pune,1,15,249.19,249.19
T0008362,2026-08-01,C00259,P0080,Pune,1,5,311.23,311.23
T0008363,2025-11-30,C00406,P0038,Bengaluru,1,0,562.66,562.66
T0008364,2026-05-19,C00621,P0023,Chennai,1,20,359.99,359.99
T0008365,2026-09-16,C00088,P0090,Kolkata,1,10,252.65,252.65
T0008366,2026-07-15,C00524,P0042,Mumbai,4,25,572.93,2291.72
T0008367,2026-06-27,C00108,P0010,Bengaluru,1,20,875.74,875.74
T0008368,2025-06-29,C00156,P0090,Ahmedabad,3,0,280.72,842.16
T0008369,2026-06-11,C00223,P0022,Ahmedabad,2,0,472.4,944.8
T0008370,2025-03-07,C00449,P0037,Delhi,1,20,234.54,234.54
T0008371,2026-01-24,C00350,P0078,Chennai,2,0,361.61,723.22
T0008372,2025-12-17,C00287,P0092,Delhi,2,0,337.81,675.62
T0008373,2026-03-16,C00155,P0006,Hyderabad,1,0,337.31,337.31
T0008374,2025-01-22,C00166,P0067,Chennai,1,5,462.0,462.0
T0008375,2026-06-29,C00953,P0031,Chennai,4,0,232.11,928.44
T0008376,2026-04-01,C00969,P0087,Bengaluru,1,0,341.41,341.41
T0008377,2026-07-13,C00941,P0084,Bengaluru,1,0,530.34,530.34
T0008378,2026-01-22,C00965,P0084,Ahmedabad,1,5,503.82,503.82
T0008379,2026-04-27,C00618,P0045,Pune,1,25,121.72,121.72
T0008380,2025-02-13,C00300,P0091,Bengaluru,2,0,279.87,559.74
T0008381,2026-05-12,C00547,P0063,Pune,1,0,141.64,141.64
T0008382,2025-07-04,C00884,P0074,Chennai,1,15,392.2,392.2
T0008383,2025-06-20,C00489,P0006,Chennai,1,0,337.31,337.31
T0008384,2025-08-27,C00077,P0068,Mumbai,2,0,343.9,687.8
T0008385,2026-06-12,C00317,P0093,Ahmedabad,1,5,538.97,538.97
T0008386,2025-08-22,C00477,P0037,Kolkata,1,5,278.51,278.51
T0008387,2025-07-23,C00556,P0058,Mumbai,2,0,824.2,1648.4
T0008388,2026-05-25,C00743,P0073,Bengaluru,2,5,272.74,545.48
T0008389,2026-08-01,C00296,P0067,Bengaluru,2,5,462.0,924.0
T0008390,2025-08-29,C00394,P0062,Ahmedabad,1,10,1190.31,1190.31
T0008391,2026-08-15,C00993,P0032,Pune,1,20,758.91,758.91
T0008392,2026-08-18,C00045,P0024,Mumbai,1,0,254.35,254.35
T0008393,2026-07-22,C00113,P0093,Chennai,1,5,538.97,538.97
T0008394,2025-07-02,C00890,P0067,Kolkata,1,10,437.69,437.69
T0008395,2026-01-01,C00719,P0073,Mumbai,2,15,244.04,488.08
T0008396,2026-04-02,C00584,P0020,Hyderabad,1,5,1025.64,1025.64
T0008397,2025-04-07,C00861,P0088,Pune,1,20,164.73,164.73
T0008398,2025-09-12,C00163,P0093,Delhi,1,20,453.87,453.87
T0008399,2026-04-15,C00070,P0059,Ahmedabad,1,25,192.92,192.92
T0008400,2025-10-18,C00309,P0037,Chennai,2,0,293.17,586.34
T0008401,2026-05-25,C00430,P0048,Hyderabad,1,5,584.76,584.76
T0008402,2026-02-06,C00505,P0047,Bengaluru,2,10,648.47,1296.94
T0008403,2025-02-09,C00041,P0068,Pune,2,0,343.9,687.8
T0008404,2026-04-19,C00599,P0002,Pune,1,0,324.99,324.99
T0008405,2026-02-13,C00488,P0043,Pune,1,10,260.07,260.07
T0008406,2025-03-30,C00510,P0023,Chennai,1,15,382.49,382.49
T0008407,2026-02-09,C00089,P0082,Kolkata,1,10,317.47,317.47
T0008408,2025-09-15,C00892,P0100,Chennai,3,10,447.23,1341.69
T0008409,2025-11-17,C00855,P0028,Ahmedabad,1,0,623.14,623.14
T0008410,2025-10-24,C00194,P0042,Chennai,1,5,725.71,725.71
T0008411,2025-07-02,C00501,P0082,Delhi,1,25,264.56,264.56
T0008412,2026-03-25,C00899,P0067,Ahmedabad,1,0,486.32,486.32
T0008413,2025-02-13,C00738,P0081,Mumbai,1,10,1975.2,1975.2
T0008414,2025-07-03,C00201,P0074,Kolkata,1,25,346.06,346.06
T0008415,2025-09-20,C00547,P0038,Pune,1,20,450.13,450.13
T0008416,2026-04-19,C00767,P0087,Pune,1,0,341.41,341.41
T0008417,2026-09-21,C00303,P0087,Kolkata,3,20,273.13,819.39
T0008418,2025-11-18,C00703,P0070,Pune,1,0,673.73,673.73
T0008419,2025-12-04,C00549,P0081,Kolkata,1,10,1975.2,1975.2
T0008420,2025-01-25,C00291,P0029,Kolkata,2,10,376.01,752.02
T0008421,2026-04-20,C00810,P0080,Delhi,1,10,294.85,294.85
T0008422,2025-07-02,C01000,P0043,Kolkata,1,0,288.97,288.97
T0008423,2025-04-21,C00942,P0041,Chennai,2,0,930.63,1861.26
T0008424,2026-03-07,C00670,P0094,Kolkata,2,0,1058.21,2116.42
T0008425,2025-07-08,C00358,P0088,Pune,1,5,195.61,195.61
T0008426,2026-04-17,C00059,P0046,Pune,2,10,512.08,1024.16
T0008427,2025-08-24,C00021,P0099,Kolkata,1,10,275.85,275.85
T0008428,2025-06-05,C00663,P0022,Hyderabad,1,5,448.78,448.78
T0008429,2025-01-10,C00095,P0043,Kolkata,1,0,288.97,288.97
T0008430,2025-03-13,C00089,P0023,Kolkata,1,0,449.99,449.99
T0008431,2026-02-06,C00208,P0071,Mumbai,1,20,1281.9,1281.9
T0008432,2025-12-23,C00612,P0034,Kolkata,1,15,238.97,238.97
T0008433,2025-09-22,C00378,P0083,Chennai,2,10,4188.81,8377.62
T0008434,2026-08-05,C00911,P0048,Kolkata,1,5,584.76,584.76
T0008435,2026-07-22,C00228,P0025,Mumbai,1,10,166.71,166.71
T0008436,2026-03-20,C00936,P0011,Delhi,1,0,381.49,381.49
T0008437,2026-04-06,C00917,P0045,Bengaluru,1,5,154.18,154.18
T0008438,2026-08-01,C00936,P0011,Delhi,2,0,381.49,762.98
T0008439,2026-07-01,C00870,P0019,Mumbai,1,10,156.57,156.57
T0008440,2026-09-04,C00506,P0025,Mumbai,1,5,175.97,175.97
T0008441,2025-09-12,C00848,P0007,Pune,1,0,524.2,524.2
T0008442,2026-04-18,C00188,P0081,Pune,2,5,2084.94,4169.88
T0008443,2026-01-14,C00307,P0097,Mumbai,2,15,1620.86,3241.72
T0008444,2025-12-09,C00634,P0043,Hyderabad,2,15,245.62,491.24
T0008445,2025-08-10,C00269,P0036,Hyderabad,1,5,447.82,447.82
T0008446,2026-09-23,C00622,P0058,Hyderabad,1,10,741.78,741.78
T0008447,2025-04-04,C00010,P0053,Bengaluru,1,15,162.91,162.91
T0008448,2025-04-08,C00233,P0061,Delhi,1,20,179.12,179.12
T0008449,2026-05-03,C00945,P0038,Pune,2,10,506.39,1012.78
T0008450,2025-05-17,C00404,P0093,Bengaluru,1,10,510.61,510.61
T0008451,2026-09-17,C00775,P0043,Chennai,2,15,245.62,491.24
T0008452,2025-09-05,C00834,P0041,Hyderabad,1,0,930.63,930.63
T0008453,2025-05-01,C00879,P0050,Bengaluru,1,10,1019.73,1019.73
T0008454,2025-01-21,C00735,P0043,Mumbai,1,20,231.18,231.18
T0008455,2025-09-12,C00448,P0043,Delhi,1,15,245.62,245.62
T0008456,2026-03-12,C00162,P0090,Chennai,1,20,224.58,224.58
T0008457,2025-05-15,C00315,P0093,Chennai,1,15,482.24,482.24
T0008458,2025-07-11,C00038,P0023,Mumbai,1,0,449.99,449.99
T0008459,2025-01-14,C00120,P0001,Delhi,1,5,695.02,695.02
T0008460,2025-06-19,C00546,P0073,Bengaluru,4,5,272.74,1090.96
T0008461,2025-11-14,C00957,P0093,Bengaluru,1,0,567.34,567.34
T0008462,2026-03-31,C00354,P0034,Bengaluru,1,20,224.91,224.91
T0008463,2026-07-15,C00667,P0036,Hyderabad,1,5,447.82,447.82
T0008464,2025-04-17,C00816,P0039,Chennai,4,5,679.94,2719.76
T0008465,2026-09-05,C00026,P0056,Mumbai,1,5,507.22,507.22
T0008466,2026-01-04,C00500,P0011,Pune,1,20,305.19,305.19
T0008467,2026-06-15,C00727,P0048,Hyderabad,1,10,553.99,553.99
T0008468,2025-03-15,C00410,P0071,Kolkata,1,0,1602.38,1602.38
T0008469,2026-02-09,C00438,P0016,Chennai,2,0,1058.17,2116.34
T0008470,2025-11-05,C00886,P0061,Delhi,1,0,223.9,223.9
T0008471,2025-12-01,C00727,P0010,Hyderabad,1,5,1039.94,1039.94
T0008472,2026-07-19,C00455,P0054,Bengaluru,3,5,276.74,830.22
T0008473,2025-09-13,C00938,P0031,Chennai,1,10,208.9,208.9
T0008474,2026-03-30,C00574,P0058,Ahmedabad,1,0,824.2,824.2
T0008475,2025-10-19,C00558,P0005,Delhi,1,25,112.11,112.11
T0008476,2026-06-02,C00480,P0068,Kolkata,1,20,275.12,275.12
T0008477,2025-03-15,C00901,P0002,Bengaluru,1,0,324.99,324.99
T0008478,2026-02-21,C00625,P0045,Hyderabad,1,0,162.29,162.29
T0008479,2025-05-23,C00812,P0056,Hyderabad,1,5,507.22,507.22
T0008480,2026-02-23,C00413,P0014,Ahmedabad,3,0,926.9,2780.7
T0008481,2026-05-17,C00424,P0080,Pune,1,10,294.85,294.85
T0008482,2026-08-17,C00082,P0094,Hyderabad,1,25,793.66,793.66
T0008483,2026-05-28,C00044,P0068,Hyderabad,1,10,309.51,309.51
T0008484,2026-05-20,C00695,P0011,Bengaluru,1,20,305.19,305.19
T0008485,2026-07-14,C00923,P0020,Bengaluru,1,20,863.7,863.7
T0008486,2025-05-10,C00032,P0043,Mumbai,1,5,274.52,274.52
T0008487,2025-08-18,C00441,P0094,Mumbai,1,5,1005.3,1005.3
T0008488,2026-04-17,C00465,P0070,Pune,2,25,505.3,1010.6
T0008489,2025-05-01,C00456,P0029,Kolkata,1,20,334.23,334.23
T0008490,2026-07-20,C00069,P0019,Mumbai,3,10,156.57,469.71
T0008491,2026-02-23,C00533,P0001,Hyderabad,1,15,621.86,621.86
T0008492,2025-05-24,C00028,P0090,Kolkata,1,10,252.65,252.65
T0008493,2026-06-10,C00980,P0095,Kolkata,2,15,294.67,589.34
T0008494,2026-05-03,C00315,P0068,Chennai,1,10,309.51,309.51
T0008495,2025-12-20,C00496,P0087,Delhi,1,5,324.34,324.34
T0008496,2026-05-06,C00884,P0002,Chennai,1,0,324.99,324.99
T0008497,2025-08-13,C00524,P0059,Mumbai,1,5,244.36,244.36
T0008498,2025-09-04,C00317,P0068,Ahmedabad,1,0,343.9,343.9
T0008499,2025-10-03,C00665,P0077,Chennai,2,20,1274.47,2548.94
T0008500,2026-09-12,C00585,P0093,Pune,1,0,567.34,567.34
T0008501,2026-09-07,C00103,P0037,Mumbai,4,10,263.85,1055.4
T0008502,2025-10-16,C00992,P0081,Delhi,1,10,1975.2,1975.2
T0008503,2026-06-05,C00537,P0048,Hyderabad,1,0,615.54,615.54
T0008504,2025-04-26,C00119,P0039,Hyderabad,1,0,715.73,715.73
T0008505,2025-04-18,C00800,P0036,Bengaluru,1,5,447.82,447.82
T0008506,2026-01-05,C00953,P0051,Chennai,1,20,668.89,668.89
T0008507,2025-08-06,C00953,P0081,Chennai,1,5,2084.94,2084.94
T0008508,2025-07-31,C00575,P0097,Kolkata,2,20,1525.51,3051.02
T0008509,2025-12-24,C00632,P0044,Hyderabad,1,5,379.13,379.13
T0008510,2025-05-13,C00641,P0075,Mumbai,2,10,152.18,304.36
T0008511,2025-10-13,C00062,P0003,Hyderabad,3,15,303.16,909.48
T0008512,2025-09-06,C00446,P0098,Chennai,1,15,895.82,895.82
T0008513,2026-07-07,C00091,P0017,Bengaluru,1,0,311.3,311.3
T0008514,2025-09-19,C00544,P0100,Pune,2,25,372.69,745.38
T0008515,2026-09-22,C00010,P0082,Bengaluru,1,0,352.74,352.74
T0008516,2025-06-25,C00268,P0027,Ahmedabad,1,0,598.6,598.6
T0008517,2025-09-13,C00694,P0022,Pune,4,0,472.4,1889.6
T0008518,2026-03-27,C00514,P0078,Bengaluru,1,0,361.61,361.61
T0008519,2025-03-06,C00535,P0056,Pune,3,0,533.92,1601.76
T0008520,2025-05-08,C00194,P0089,Chennai,2,10,189.14,378.28
T0008521,2026-09-03,C00263,P0024,Delhi,1,20,203.48,203.48
T0008522,2026-05-24,C00082,P0094,Hyderabad,1,0,1058.21,1058.21
T0008523,2025-05-21,C00481,P0028,Hyderabad,1,0,623.14,623.14
T0008524,2025-08-06,C00185,P0051,Pune,1,15,710.69,710.69
T0008525,2026-04-27,C00525,P0099,Chennai,3,0,306.5,919.5
T0008526,2026-09-14,C00179,P0089,Hyderabad,1,0,210.16,210.16
T0008527,2026-03-29,C00979,P0049,Chennai,3,0,136.97,410.91
T0008528,2025-08-04,C00674,P0068,Chennai,1,20,275.12,275.12
T0008529,2026-05-04,C00773,P0087,Chennai,1,15,290.2,290.2
T0008530,2025-06-12,C00322,P0009,Delhi,1,10,108.91,108.91
T0008531,2025-03-06,C00158,P0014,Delhi,1,0,926.9,926.9
T0008532,2026-06-21,C00774,P0042,Ahmedabad,2,5,725.71,1451.42
T0008533,2026-05-01,C00250,P0088,Ahmedabad,1,0,205.91,205.91
T0008534,2026-08-25,C00363,P0070,Mumbai,2,15,572.67,1145.34
T0008535,2025-05-02,C00493,P0043,Ahmedabad,2,0,288.97,577.94
T0008536,2025-09-09,C00461,P0053,Bengaluru,1,0,191.66,191.66
T0008537,2025-12-26,C00075,P0092,Ahmedabad,1,0,337.81,337.81
T0008538,2025-08-01,C00767,P0040,Pune,2,20,585.18,1170.36
T0008539,2025-12-16,C00443,P0072,Hyderabad,1,0,298.01,298.01
T0008540,2025-04-08,C00220,P0097,Ahmedabad,2,0,1906.89,3813.78
T0008541,2025-06-21,C00005,P0038,Bengaluru,3,0,562.66,1687.98
T0008542,2026-05-12,C00576,P0085,Chennai,2,10,527.49,1054.98
T0008543,2025-01-11,C00612,P0027,Kolkata,1,5,568.67,568.67
T0008544,2025-11-16,C00869,P0009,Chennai,1,10,108.91,108.91
T0008545,2026-09-20,C00194,P0099,Chennai,2,15,260.52,521.04
T0008546,2026-04-30,C00201,P0019,Kolkata,1,5,165.27,165.27
T0008547,2025-04-01,C00632,P0038,Hyderabad,2,0,562.66,1125.32
T0008548,2025-05-19,C00518,P0100,Mumbai,1,20,397.54,397.54
T0008549,2025-11-22,C00787,P0029,Hyderabad,1,0,417.79,417.79
T0008550,2026-04-03,C00607,P0006,Hyderabad,2,0,337.31,674.62
T0008551,2025-11-26,C00518,P0063,Mumbai,1,15,120.39,120.39
T0008552,2026-08-13,C00791,P0089,Kolkata,2,0,210.16,420.32
T0008553,2026-03-14,C00199,P0093,Bengaluru,1,20,453.87,453.87
T0008554,2026-01-02,C00757,P0084,Mumbai,3,15,450.79,1352.37
T0008555,2025-11-15,C00816,P0046,Chennai,3,10,512.08,1536.24
T0008556,2025-04-29,C00218,P0046,Hyderabad,2,0,568.98,1137.96
T0008557,2025-08-17,C00755,P0079,Hyderabad,1,0,410.82,410.82
T0008558,2026-08-18,C00753,P0001,Kolkata,1,0,731.6,731.6
T0008559,2026-07-25,C00139,P0080,Kolkata,1,10,294.85,294.85
T0008560,2025-06-07,C00756,P0054,Hyderabad,1,5,276.74,276.74
T0008561,2025-05-12,C00678,P0024,Pune,1,5,241.63,241.63
T0008562,2025-02-15,C00408,P0091,Delhi,2,0,279.87,559.74
T0008563,2025-06-14,C00686,P0011,Delhi,2,0,381.49,762.98
T0008564,2025-02-02,C00268,P0024,Ahmedabad,1,0,254.35,254.35
T0008565,2026-05-01,C00236,P0035,Mumbai,1,10,330.3,330.3
T0008566,2025-01-28,C00120,P0085,Delhi,2,5,556.79,1113.58
T0008567,2025-09-23,C00949,P0073,Bengaluru,1,20,229.68,229.68
T0008568,2025-03-21,C00051,P0075,Kolkata,1,15,143.73,143.73
T0008569,2025-10-16,C00338,P0007,Mumbai,2,0,524.2,1048.4
T0008570,2025-11-17,C00595,P0036,Pune,1,10,424.25,424.25
T0008571,2026-01-23,C00424,P0091,Pune,1,10,251.88,251.88
T0008572,2025-05-06,C00119,P0039,Hyderabad,1,0,715.73,715.73
T0008573,2026-07-29,C00289,P0060,Hyderabad,2,20,263.39,526.78
T0008574,2025-04-15,C00717,P0025,Bengaluru,1,0,185.23,185.23
T0008575,2025-11-24,C00313,P0067,Delhi,4,0,486.32,1945.28
T0008576,2025-10-27,C00251,P0031,Hyderabad,1,20,185.69,185.69
T0008577,2026-06-12,C00528,P0080,Bengaluru,4,15,278.47,1113.88
T0008578,2025-07-27,C00041,P0043,Pune,1,15,245.62,245.62
T0008579,2025-08-11,C00245,P0051,Pune,2,10,752.5,1505.0
T0008580,2025-11-12,C00865,P0044,Chennai,1,10,359.17,359.17
T0008581,2026-05-11,C00403,P0051,Pune,1,10,752.5,752.5
T0008582,2025-11-27,C00981,P0093,Bengaluru,1,10,510.61,510.61
T0008583,2025-04-08,C00836,P0055,Chennai,1,15,2881.84,2881.84
T0008584,2025-04-27,C00271,P0029,Mumbai,1,5,396.9,396.9
T0008585,2025-12-08,C00514,P0078,Bengaluru,1,15,307.37,307.37
T0008586,2025-10-21,C00758,P0040,Kolkata,1,0,731.47,731.47
T0008587,2026-08-17,C00176,P0044,Chennai,1,0,399.08,399.08
T0008588,2025-03-22,C00329,P0010,Pune,1,0,1094.67,1094.67
T0008589,2026-07-02,C00488,P0068,Pune,1,15,292.32,292.32
T0008590,2025-05-07,C00615,P0014,Hyderabad,2,10,834.21,1668.42
T0008591,2025-03-22,C00304,P0071,Delhi,1,10,1442.14,1442.14
T0008592,2026-08-18,C00765,P0005,Delhi,1,15,127.06,127.06
T0008593,2025-10-29,C00682,P0021,Hyderabad,1,5,597.11,597.11
T0008594,2025-12-18,C00720,P0047,Mumbai,1,15,612.44,612.44
T0008595,2025-06-03,C00763,P0051,Kolkata,1,5,794.3,794.3
T0008596,2025-10-29,C00733,P0040,Ahmedabad,2,0,731.47,1462.94
T0008597,2025-10-03,C00720,P0014,Mumbai,1,0,926.9,926.9
T0008598,2026-01-22,C00511,P0077,Kolkata,1,5,1513.44,1513.44
T0008599,2026-01-21,C00795,P0059,Ahmedabad,1,5,244.36,244.36
T0008600,2025-08-18,C00390,P0044,Mumbai,1,0,399.08,399.08
T0008601,2026-09-15,C00868,P0029,Delhi,1,15,355.12,355.12
T0008602,2026-01-20,C00615,P0040,Hyderabad,1,15,621.75,621.75
T0008603,2025-01-07,C00148,P0071,Chennai,1,5,1522.26,1522.26
T0008604,2025-04-22,C00163,P0068,Delhi,1,0,343.9,343.9
T0008605,2025-07-12,C00987,P0061,Bengaluru,1,15,190.32,190.32
T0008606,2025-04-04,C00475,P0099,Ahmedabad,2,20,245.2,490.4
T0008607,2025-01-05,C00719,P0033,Mumbai,1,0,276.55,276.55
T0008608,2026-05-12,C00194,P0042,Chennai,1,10,687.52,687.52
T0008609,2025-01-08,C00630,P0039,Bengaluru,3,0,715.73,2147.19
T0008610,2025-02-10,C00091,P0069,Bengaluru,1,0,124.03,124.03
T0008611,2025-09-02,C00727,P0063,Hyderabad,4,5,134.56,538.24
T0008612,2026-06-19,C00786,P0086,Kolkata,3,10,372.25,1116.75
T0008613,2026-07-15,C00111,P0006,Kolkata,2,0,337.31,674.62
T0008614,2025-06-29,C00586,P0042,Mumbai,2,0,763.91,1527.82
T0008615,2025-04-18,C00519,P0030,Chennai,1,5,367.17,367.17
T0008616,2025-04-12,C00185,P0080,Pune,1,10,294.85,294.85
T0008617,2025-02-27,C00726,P0055,Chennai,2,0,3390.4,6780.8
T0008618,2025-10-21,C00631,P0081,Kolkata,1,25,1646.0,1646.0
T0008619,2025-10-18,C00130,P0039,Bengaluru,1,10,644.16,644.16
T0008620,2026-03-04,C00817,P0062,Hyderabad,1,0,1322.57,1322.57
T0008621,2025-12-10,C00799,P0075,Hyderabad,2,15,143.73,287.46
T0008622,2025-01-30,C00548,P0100,Bengaluru,2,25,372.69,745.38
T0008623,2025-11-08,C00977,P0004,Hyderabad,3,0,560.89,1682.67
T0008624,2025-10-09,C00418,P0091,Pune,1,10,251.88,251.88
T0008625,2025-01-22,C00245,P0058,Pune,1,0,824.2,824.2
T0008626,2025-06-16,C00614,P0027,Pune,2,0,598.6,1197.2
T0008627,2025-09-17,C00989,P0043,Pune,1,15,245.62,245.62
T0008628,2026-06-24,C00200,P0043,Chennai,1,10,260.07,260.07
T0008629,2026-04-10,C00152,P0035,Delhi,1,15,311.95,311.95
T0008630,2025-12-04,C00286,P0048,Hyderabad,1,0,615.54,615.54
T0008631,2026-04-13,C00090,P0089,Chennai,2,5,199.65,399.3
T0008632,2026-04-16,C00388,P0017,Chennai,1,0,311.3,311.3
T0008633,2025-01-02,C00867,P0082,Kolkata,2,15,299.83,599.66
T0008634,2026-04-24,C00118,P0018,Mumbai,1,0,767.23,767.23
T0008635,2025-09-02,C00096,P0009,Chennai,1,0,121.01,121.01
T0008636,2025-05-20,C00840,P0027,Chennai,2,10,538.74,1077.48
T0008637,2026-06-05,C00183,P0043,Ahmedabad,1,25,216.73,216.73
T0008638,2026-09-20,C00463,P0097,Mumbai,1,5,1811.55,1811.55
T0008639,2025-10-15,C00668,P0062,Pune,1,0,1322.57,1322.57
T0008640,2025-10-16,C00213,P0040,Chennai,1,0,731.47,731.47
T0008641,2025-01-04,C00880,P0054,Hyderabad,3,20,233.04,699.12
T0008642,2026-07-11,C00336,P0093,Hyderabad,2,25,425.5,851.0
T0008643,2025-05-10,C00467,P0063,Delhi,1,5,134.56,134.56
T0008644,2025-11-19,C00672,P0010,Pune,1,0,1094.67,1094.67
T0008645,2026-06-08,C00760,P0043,Mumbai,2,20,231.18,462.36
T0008646,2025-11-18,C00750,P0043,Hyderabad,1,10,260.07,260.07
T0008647,2025-05-09,C00031,P0081,Mumbai,2,5,2084.94,4169.88
T0008648,2025-11-13,C00453,P0040,Delhi,1,15,621.75,621.75
T0008649,2026-01-27,C00464,P0093,Pune,1,0,567.34,567.34
T0008650,2026-08-24,C00673,P0043,Kolkata,1,0,288.97,288.97
T0008651,2025-02-03,C00822,P0042,Chennai,3,0,763.91,2291.73
T0008652,2026-06-22,C00169,P0091,Ahmedabad,1,10,251.88,251.88
T0008653,2025-03-22,C00246,P0044,Hyderabad,1,20,319.26,319.26
T0008654,2026-05-04,C00689,P0001,Hyderabad,4,5,695.02,2780.08
T0008655,2026-07-23,C00035,P0067,Ahmedabad,1,0,486.32,486.32
T0008656,2026-08-21,C00868,P0027,Delhi,1,5,568.67,568.67
T0008657,2025-12-11,C00064,P0002,Chennai,1,0,324.99,324.99
T0008658,2025-10-26,C00538,P0098,Mumbai,1,5,1001.21,1001.21
T0008659,2025-03-29,C00737,P0030,Ahmedabad,2,0,386.5,773.0
T0008660,2026-04-09,C00024,P0093,Mumbai,1,10,510.61,510.61
T0008661,2026-05-03,C00222,P0014,Ahmedabad,1,10,834.21,834.21
T0008662,2026-02-28,C00860,P0089,Ahmedabad,3,5,199.65,598.95
T0008663,2026-08-03,C00525,P0042,Chennai,1,5,725.71,725.71
T0008664,2026-08-25,C00822,P0042,Chennai,3,20,611.13,1833.39
T0008665,2025-07-13,C00139,P0081,Kolkata,1,0,2194.67,2194.67
T0008666,2026-06-12,C00538,P0083,Mumbai,3,0,4654.23,13962.69
T0008667,2025-02-23,C00078,P0026,Chennai,1,0,571.26,571.26
T0008668,2025-07-09,C00093,P0060,Delhi,2,20,263.39,526.78
T0008669,2025-11-20,C00758,P0040,Kolkata,4,5,694.9,2779.6
T0008670,2026-04-11,C00155,P0050,Hyderabad,3,0,1133.03,3399.09
T0008671,2025-05-06,C00828,P0073,Kolkata,1,0,287.1,287.1
T0008672,2025-08-15,C00635,P0022,Chennai,1,15,401.54,401.54
T0008673,2025-03-25,C00403,P0051,Pune,1,10,752.5,752.5
T0008674,2026-01-28,C00027,P0061,Hyderabad,1,5,212.7,212.7
T0008675,2026-05-23,C00217,P0066,Pune,1,20,798.88,798.88
T0008676,2026-09-09,C00283,P0050,Chennai,2,10,1019.73,2039.46
T0008677,2025-01-21,C00159,P0053,Chennai,1,25,143.74,143.74
T0008678,2025-12-09,C00646,P0075,Mumbai,1,10,152.18,152.18
T0008679,2025-04-23,C00643,P0008,Chennai,1,25,138.32,138.32
T0008680,2026-08-04,C00251,P0091,Hyderabad,1,0,279.87,279.87
T0008681,2026-04-18,C00384,P0045,Kolkata,1,15,137.95,137.95
T0008682,2026-04-15,C00511,P0048,Kolkata,1,0,615.54,615.54
T0008683,2025-02-01,C00351,P0033,Kolkata,1,0,276.55,276.55
T0008684,2025-03-20,C00657,P0070,Chennai,1,0,673.73,673.73
T0008685,2025-11-25,C00136,P0051,Mumbai,2,15,710.69,1421.38
T0008686,2026-08-18,C00460,P0037,Bengaluru,1,10,263.85,263.85
T0008687,2025-07-10,C00712,P0067,Ahmedabad,3,0,486.32,1458.96
T0008688,2025-01-17,C00052,P0038,Chennai,2,10,506.39,1012.78
T0008689,2025-10-21,C00242,P0018,Kolkata,3,0,767.23,2301.69
T0008690,2025-07-01,C00028,P0077,Kolkata,2,25,1194.82,2389.64
T0008691,2025-03-10,C00921,P0093,Pune,1,0,567.34,567.34
T0008692,2025-03-16,C00477,P0037,Kolkata,1,0,293.17,293.17
T0008693,2026-08-09,C00854,P0084,Ahmedabad,1,0,530.34,530.34
T0008694,2025-12-26,C00265,P0043,Mumbai,1,20,231.18,231.18
T0008695,2026-08-02,C00300,P0031,Bengaluru,1,0,232.11,232.11
T0008696,2026-03-07,C00178,P0034,Mumbai,1,0,281.14,281.14
T0008697,2025-08-15,C00390,P0061,Mumbai,1,10,201.51,201.51
T0008698,2025-04-15,C00453,P0014,Delhi,1,0,926.9,926.9
T0008699,2026-05-11,C00086,P0041,Delhi,1,10,837.57,837.57
T0008700,2025-04-23,C00941,P0006,Bengaluru,1,5,320.44,320.44
T0008701,2025-07-20,C00873,P0003,Mumbai,2,0,356.66,713.32
T0008702,2025-07-07,C00811,P0051,Bengaluru,1,15,710.69,710.69
T0008703,2026-05-14,C00898,P0044,Mumbai,3,5,379.13,1137.39
T0008704,2026-04-04,C00623,P0001,Mumbai,1,10,658.44,658.44
T0008705,2025-02-08,C00709,P0038,Hyderabad,4,0,562.66,2250.64
T0008706,2025-10-03,C00149,P0047,Kolkata,2,0,720.52,1441.04
T0008707,2026-09-09,C00555,P0058,Kolkata,1,10,741.78,741.78
T0008708,2026-03-31,C00069,P0075,Mumbai,1,0,169.09,169.09
T0008709,2026-05-20,C00408,P0058,Delhi,2,0,824.2,1648.4
T0008710,2026-05-13,C00668,P0009,Pune,2,5,114.96,229.92
T0008711,2025-04-30,C00337,P0071,Chennai,2,25,1201.79,2403.58
T0008712,2026-07-15,C00050,P0043,Pune,1,0,288.97,288.97
T0008713,2025-12-01,C00048,P0068,Ahmedabad,1,5,326.7,326.7
T0008714,2025-12-23,C00685,P0096,Delhi,2,0,971.66,1943.32
T0008715,2025-01-27,C00363,P0014,Mumbai,1,20,741.52,741.52
T0008716,2026-04-22,C00974,P0042,Hyderabad,3,25,572.93,1718.79
T0008717,2025-02-02,C00178,P0097,Mumbai,1,10,1716.2,1716.2
T0008718,2025-05-02,C00541,P0001,Delhi,1,0,731.6,731.6
T0008719,2025-05-07,C00555,P0058,Kolkata,1,0,824.2,824.2
T0008720,2025-02-15,C00868,P0033,Delhi,1,10,248.9,248.9
T0008721,2026-03-11,C00025,P0012,Ahmedabad,3,0,222.18,666.54
T0008722,2025-12-18,C00330,P0043,Pune,1,5,274.52,274.52
T0008723,2025-02-03,C00790,P0070,Mumbai,1,0,673.73,673.73
T0008724,2025-09-11,C00719,P0073,Mumbai,1,0,287.1,287.1
T0008725,2025-01-29,C00109,P0021,Ahmedabad,1,5,597.11,597.11
T0008726,2026-02-02,C00398,P0068,Kolkata,1,0,343.9,343.9
T0008727,2026-01-11,C00883,P0014,Chennai,2,15,787.86,1575.72
T0008728,2025-07-03,C00775,P0093,Chennai,2,10,510.61,1021.22
T0008729,2026-04-25,C00830,P0070,Kolkata,1,10,606.36,606.36
T0008730,2025-05-28,C00848,P0050,Pune,2,20,906.42,1812.84
T0008731,2026-03-13,C00732,P0068,Mumbai,1,0,343.9,343.9
T0008732,2025-02-17,C00961,P0068,Pune,2,15,292.32,584.64
T0008733,2025-05-04,C00806,P0092,Kolkata,1,15,287.14,287.14
T0008734,2025-04-30,C00200,P0093,Chennai,2,0,567.34,1134.68
T0008735,2026-06-29,C00012,P0093,Bengaluru,1,0,567.34,567.34
T0008736,2025-07-05,C00120,P0097,Delhi,1,20,1525.51,1525.51
T0008737,2025-03-14,C00853,P0007,Chennai,1,10,471.78,471.78
T0008738,2025-05-08,C00941,P0050,Bengaluru,2,10,1019.73,2039.46
T0008739,2025-02-03,C00921,P0093,Pune,1,15,482.24,482.24
T0008740,2025-09-13,C00098,P0006,Pune,1,15,286.71,286.71
T0008741,2025-07-08,C00554,P0019,Kolkata,1,10,156.57,156.57
T0008742,2025-05-23,C00904,P0012,Pune,3,0,222.18,666.54
T0008743,2025-04-26,C00222,P0047,Ahmedabad,1,15,612.44,612.44
T0008744,2026-07-12,C00405,P0035,Ahmedabad,1,5,348.65,348.65
T0008745,2025-02-20,C00334,P0031,Mumbai,1,5,220.5,220.5
T0008746,2026-08-03,C00016,P0046,Bengaluru,1,15,483.63,483.63
T0008747,2025-11-24,C00633,P0095,Bengaluru,2,10,312.0,624.0
T0008748,2025-09-19,C00703,P0018,Pune,2,0,767.23,1534.46
T0008749,2025-08-14,C00091,P0006,Bengaluru,1,10,303.58,303.58
T0008750,2026-06-16,C00445,P0070,Delhi,2,0,673.73,1347.46
T0008751,2025-09-23,C00459,P0080,Ahmedabad,1,0,327.61,327.61
T0008752,2025-10-27,C00162,P0094,Chennai,2,20,846.57,1693.14
T0008753,2025-04-01,C00225,P0033,Delhi,1,10,248.9,248.9
T0008754,2026-02-19,C00562,P0043,Bengaluru,1,15,245.62,245.62
T0008755,2025-08-24,C00828,P0078,Kolkata,1,15,307.37,307.37
T0008756,2026-06-13,C00042,P0089,Chennai,1,0,210.16,210.16
T0008757,2026-03-23,C00541,P0097,Delhi,1,20,1525.51,1525.51
T0008758,2025-04-29,C00580,P0033,Ahmedabad,2,0,276.55,553.1
T0008759,2026-02-08,C00324,P0020,Bengaluru,1,0,1079.62,1079.62
T0008760,2025-12-26,C00759,P0056,Delhi,1,10,480.53,480.53
T0008761,2026-02-19,C00660,P0095,Hyderabad,3,15,294.67,884.01
T0008762,2025-02-25,C00937,P0095,Mumbai,2,5,329.34,658.68
T0008763,2026-05-29,C00854,P0057,Ahmedabad,1,0,427.6,427.6
T0008764,2026-08-01,C00655,P0054,Ahmedabad,2,10,262.17,524.34
T0008765,2026-06-07,C00886,P0094,Delhi,1,5,1005.3,1005.3
T0008766,2026-03-24,C00692,P0040,Ahmedabad,1,10,658.32,658.32
T0008767,2025-08-20,C00738,P0080,Mumbai,1,0,327.61,327.61
T0008768,2025-02-24,C00267,P0073,Bengaluru,4,25,215.32,861.28
T0008769,2025-01-11,C00339,P0029,Ahmedabad,1,5,396.9,396.9
T0008770,2026-02-19,C00259,P0080,Pune,1,10,294.85,294.85
T0008771,2025-03-08,C00333,P0032,Hyderabad,2,0,948.64,1897.28
T0008772,2026-04-25,C00662,P0054,Bengaluru,1,5,276.74,276.74
T0008773,2025-03-04,C00926,P0045,Ahmedabad,2,20,129.83,259.66
T0008774,2026-03-22,C00955,P0004,Chennai,1,25,420.67,420.67
T0008775,2025-08-24,C00717,P0025,Bengaluru,1,20,148.18,148.18
T0008776,2026-02-06,C00892,P0063,Chennai,2,0,141.64,283.28
T0008777,2025-06-13,C00166,P0055,Chennai,2,15,2881.84,5763.68
T0008778,2026-01-09,C00230,P0013,Ahmedabad,2,5,553.56,1107.12
T0008779,2025-01-02,C00242,P0040,Kolkata,1,5,694.9,694.9
T0008780,2026-01-09,C00118,P0047,Mumbai,2,15,612.44,1224.88
T0008781,2026-05-15,C00108,P0088,Bengaluru,1,10,185.32,185.32
T0008782,2026-07-15,C00675,P0014,Kolkata,2,5,880.56,1761.12
T0008783,2025-07-17,C00506,P0070,Mumbai,1,15,572.67,572.67
T0008784,2026-07-12,C00179,P0045,Hyderabad,4,15,137.95,551.8
T0008785,2026-02-27,C00612,P0029,Kolkata,1,0,417.79,417.79
T0008786,2025-05-19,C00646,P0017,Mumbai,1,10,280.17,280.17
T0008787,2025-04-23,C00734,P0010,Hyderabad,1,0,1094.67,1094.67
T0008788,2026-08-19,C00710,P0062,Bengaluru,2,10,1190.31,2380.62
T0008789,2025-09-04,C00557,P0094,Bengaluru,1,20,846.57,846.57
T0008790,2025-02-02,C00174,P0041,Hyderabad,1,5,884.1,884.1
T0008791,2026-09-29,C00763,P0081,Kolkata,1,0,2194.67,2194.67
T0008792,2025-11-15,C00726,P0080,Chennai,1,15,278.47,278.47
T0008793,2026-06-26,C00025,P0027,Ahmedabad,1,0,598.6,598.6
T0008794,2025-05-20,C00045,P0020,Mumbai,1,5,1025.64,1025.64
T0008795,2025-02-02,C00769,P0042,Chennai,1,0,763.91,763.91
T0008796,2026-03-12,C00708,P0038,Ahmedabad,2,15,478.26,956.52
T0008797,2026-09-10,C00899,P0067,Ahmedabad,2,5,462.0,924.0
T0008798,2026-09-09,C00942,P0048,Chennai,3,5,584.76,1754.28
T0008799,2025-03-24,C00886,P0061,Delhi,2,0,223.9,447.8
T0008800,2026-06-18,C00168,P0056,Mumbai,1,15,453.83,453.83
T0008801,2026-05-05,C00530,P0005,Pune,2,0,149.48,298.96
T0008802,2026-09-09,C00167,P0060,Mumbai,1,0,329.24,329.24
T0008803,2025-11-15,C00766,P0039,Kolkata,2,0,715.73,1431.46
T0008804,2025-09-01,C00130,P0095,Bengaluru,4,5,329.34,1317.36
T0008805,2025-11-23,C00438,P0016,Chennai,1,15,899.44,899.44
T0008806,2025-12-30,C00409,P0078,Ahmedabad,1,5,343.53,343.53
T0008807,2025-04-27,C00869,P0064,Chennai,1,5,659.0,659.0
T0008808,2026-04-03,C00684,P0025,Ahmedabad,1,0,185.23,185.23
T0008809,2026-08-10,C00485,P0088,Chennai,2,0,205.91,411.82
T0008810,2026-01-11,C00047,P0047,Pune,1,0,720.52,720.52
T0008811,2025-10-08,C00123,P0068,Ahmedabad,1,10,309.51,309.51
T0008812,2025-11-01,C00067,P0058,Hyderabad,2,25,618.15,1236.3
T0008813,2026-07-05,C00875,P0053,Delhi,1,0,191.66,191.66
T0008814,2026-07-17,C00995,P0007,Kolkata,1,10,471.78,471.78
T0008815,2026-01-28,C00791,P0059,Kolkata,1,0,257.22,257.22
T0008816,2025-04-20,C00462,P0063,Bengaluru,4,25,106.23,424.92
T0008817,2026-08-25,C00475,P0049,Ahmedabad,1,5,130.12,130.12
T0008818,2025-11-10,C00759,P0056,Delhi,1,10,480.53,480.53
T0008819,2025-10-27,C00228,P0013,Mumbai,2,5,553.56,1107.12
T0008820,2025-01-19,C00927,P0060,Kolkata,2,0,329.24,658.48
T0008821,2026-02-22,C00308,P0039,Kolkata,1,20,572.58,572.58
T0008822,2026-09-01,C00328,P0062,Pune,1,0,1322.57,1322.57
T0008823,2026-08-02,C00612,P0078,Kolkata,1,0,361.61,361.61
T0008824,2026-01-04,C00487,P0044,Kolkata,1,0,399.08,399.08
T0008825,2026-03-21,C00029,P0043,Bengaluru,2,0,288.97,577.94
T0008826,2025-11-27,C00334,P0067,Mumbai,2,10,437.69,875.38
T0008827,2026-01-22,C00779,P0047,Hyderabad,1,10,648.47,648.47
T0008828,2026-03-13,C00109,P0049,Ahmedabad,1,0,136.97,136.97
T0008829,2025-01-29,C00833,P0025,Bengaluru,1,5,175.97,175.97
T0008830,2026-04-30,C00927,P0075,Kolkata,1,0,169.09,169.09
T0008831,2026-07-25,C00130,P0003,Bengaluru,1,10,320.99,320.99
T0008832,2025-09-05,C00899,P0091,Ahmedabad,1,0,279.87,279.87
T0008833,2026-01-18,C00830,P0013,Kolkata,4,15,495.29,1981.16
T0008834,2026-08-11,C00096,P0099,Chennai,1,10,275.85,275.85
T0008835,2026-05-03,C00619,P0068,Kolkata,1,10,309.51,309.51
T0008836,2026-07-21,C00498,P0020,Pune,1,0,1079.62,1079.62
T0008837,2026-07-15,C00698,P0038,Chennai,2,10,506.39,1012.78
T0008838,2026-03-04,C00682,P0062,Hyderabad,2,0,1322.57,2645.14
T0008839,2025-06-17,C00871,P0024,Mumbai,2,5,241.63,483.26
T0008840,2025-06-06,C00189,P0013,Hyderabad,1,0,582.69,582.69
T0008841,2026-04-22,C00181,P0018,Mumbai,1,20,613.78,613.78
T0008842,2025-06-07,C00651,P0046,Bengaluru,1,0,568.98,568.98
T0008843,2026-04-18,C00384,P0072,Kolkata,1,20,238.41,238.41
T0008844,2025-08-17,C00180,P0087,Delhi,1,10,307.27,307.27
T0008845,2025-03-12,C00795,P0028,Ahmedabad,2,0,623.14,1246.28
T0008846,2025-07-03,C00091,P0079,Bengaluru,1,0,410.82,410.82
T0008847,2026-09-26,C00077,P0043,Mumbai,1,10,260.07,260.07
T0008848,2025-09-18,C00306,P0027,Pune,1,0,598.6,598.6
T0008849,2025-01-29,C00346,P0074,Delhi,1,0,461.41,461.41
T0008850,2026-07-15,C00614,P0086,Pune,1,10,372.25,372.25
T0008851,2025-11-22,C00189,P0004,Hyderabad,1,20,448.71,448.71
T0008852,2025-06-07,C00519,P0078,Chennai,1,0,361.61,361.61
T0008853,2025-06-12,C00273,P0090,Mumbai,2,15,238.61,477.22
T0008854,2025-02-27,C00174,P0090,Hyderabad,1,20,224.58,224.58
T0008855,2026-06-20,C00298,P0081,Ahmedabad,1,0,2194.67,2194.67
T0008856,2025-08-08,C00603,P0015,Kolkata,1,20,2059.02,2059.02
T0008857,2025-07-20,C00978,P0011,Pune,1,0,381.49,381.49
T0008858,2025-10-31,C00905,P0070,Pune,1,10,606.36,606.36
T0008859,2026-06-20,C00951,P0047,Bengaluru,2,25,540.39,1080.78
T0008860,2025-09-19,C00082,P0088,Hyderabad,1,25,154.43,154.43
T0008861,2025-02-16,C00177,P0061,Kolkata,1,15,190.32,190.32
T0008862,2026-09-24,C00060,P0001,Delhi,1,25,548.7,548.7
T0008863,2026-02-10,C00475,P0049,Ahmedabad,2,0,136.97,273.94
T0008864,2025-03-24,C00744,P0007,Delhi,1,20,419.36,419.36
T0008865,2026-09-29,C00356,P0048,Hyderabad,1,5,584.76,584.76
T0008866,2025-10-23,C00276,P0083,Kolkata,1,5,4421.52,4421.52
T0008867,2026-03-22,C00459,P0080,Ahmedabad,2,0,327.61,655.22
T0008868,2026-06-03,C00087,P0042,Mumbai,1,25,572.93,572.93
T0008869,2025-06-06,C00646,P0071,Mumbai,1,5,1522.26,1522.26
T0008870,2026-07-03,C00226,P0010,Delhi,1,15,930.47,930.47
T0008871,2026-06-12,C00288,P0041,Chennai,1,15,791.04,791.04
T0008872,2025-10-18,C00873,P0016,Mumbai,2,20,846.54,1693.08
T0008873,2025-09-19,C00381,P0038,Kolkata,1,10,506.39,506.39
T0008874,2025-03-09,C00179,P0072,Hyderabad,4,10,268.21,1072.84
T0008875,2025-02-11,C00107,P0021,Mumbai,1,5,597.11,597.11
T0008876,2025-10-28,C00187,P0025,Hyderabad,1,5,175.97,175.97
T0008877,2025-03-08,C00261,P0059,Pune,2,10,231.5,463.0
T0008878,2026-08-29,C00725,P0021,Chennai,1,0,628.54,628.54
T0008879,2025-07-01,C00059,P0005,Pune,1,10,134.53,134.53
T0008880,2025-01-03,C00466,P0072,Mumbai,2,5,283.11,566.22
T0008881,2025-11-11,C00593,P0022,Delhi,1,0,472.4,472.4
T0008882,2026-02-09,C00606,P0032,Hyderabad,1,15,806.34,806.34
T0008883,2025-04-16,C00655,P0064,Ahmedabad,2,25,520.26,1040.52
T0008884,2025-01-18,C00656,P0003,Kolkata,3,0,356.66,1069.98
T0008885,2025-12-01,C00748,P0046,Pune,2,20,455.18,910.36
T0008886,2025-03-22,C00868,P0034,Delhi,1,10,253.03,253.03
T0008887,2025-12-21,C00910,P0068,Ahmedabad,2,0,343.9,687.8
T0008888,2025-10-24,C00324,P0033,Bengaluru,3,0,276.55,829.65
T0008889,2025-05-23,C00189,P0004,Hyderabad,3,0,560.89,1682.67
T0008890,2025-01-30,C00827,P0040,Pune,1,15,621.75,621.75
T0008891,2026-04-25,C00279,P0068,Hyderabad,3,0,343.9,1031.7
T0008892,2026-01-03,C00417,P0039,Delhi,1,15,608.37,608.37
T0008893,2025-11-22,C00598,P0023,Hyderabad,2,0,449.99,899.98
T0008894,2025-10-30,C00823,P0013,Bengaluru,1,0,582.69,582.69
T0008895,2026-09-19,C00697,P0031,Delhi,1,0,232.11,232.11
T0008896,2025-02-25,C00321,P0092,Hyderabad,1,15,287.14,287.14
T0008897,2025-05-22,C00192,P0092,Kolkata,1,10,304.03,304.03
T0008898,2026-08-13,C00597,P0015,Pune,1,25,1930.34,1930.34
T0008899,2025-09-08,C00162,P0026,Chennai,1,10,514.13,514.13
T0008900,2026-05-30,C00725,P0021,Chennai,1,0,628.54,628.54
T0008901,2026-06-16,C00005,P0088,Bengaluru,1,0,205.91,205.91
T0008902,2026-09-20,C00924,P0043,Kolkata,1,5,274.52,274.52
T0008903,2026-02-10,C00004,P0027,Bengaluru,1,10,538.74,538.74
T0008904,2026-03-06,C00413,P0087,Ahmedabad,2,5,324.34,648.68
T0008905,2026-09-07,C00924,P0093,Kolkata,1,0,567.34,567.34
T0008906,2025-07-30,C00300,P0067,Bengaluru,1,0,486.32,486.32
T0008907,2025-06-03,C00793,P0035,Pune,1,5,348.65,348.65
T0008908,2026-01-21,C00462,P0100,Bengaluru,1,0,496.92,496.92
T0008909,2026-06-01,C00041,P0043,Pune,1,10,260.07,260.07
T0008910,2025-06-02,C00870,P0006,Mumbai,2,5,320.44,640.88
T0008911,2025-11-26,C00558,P0098,Delhi,1,0,1053.91,1053.91
T0008912,2025-08-31,C00719,P0001,Mumbai,1,10,658.44,658.44
T0008913,2025-07-20,C00750,P0068,Hyderabad,4,15,292.32,1169.28
T0008914,2025-10-08,C00394,P0066,Ahmedabad,1,0,998.6,998.6
T0008915,2026-09-27,C00767,P0004,Pune,3,10,504.8,1514.4
T0008916,2026-07-14,C00748,P0095,Pune,1,15,294.67,294.67
T0008917,2025-02-16,C00626,P0060,Hyderabad,3,20,263.39,790.17
T0008918,2025-04-11,C00808,P0033,Delhi,2,15,235.07,470.14
T0008919,2026-09-25,C00390,P0100,Mumbai,1,15,422.38,422.38
T0008920,2026-09-09,C00903,P0028,Bengaluru,2,0,623.14,1246.28
T0008921,2026-01-17,C00345,P0073,Bengaluru,1,10,258.39,258.39
T0008922,2026-05-31,C00073,P0068,Kolkata,1,10,309.51,309.51
T0008923,2025-07-26,C00481,P0066,Hyderabad,1,10,898.74,898.74
T0008924,2025-08-20,C00150,P0088,Chennai,3,15,175.02,525.06
T0008925,2025-09-04,C00918,P0097,Mumbai,2,5,1811.55,3623.1
T0008926,2025-12-22,C00140,P0005,Ahmedabad,1,0,149.48,149.48
T0008927,2026-06-16,C00239,P0085,Pune,4,5,556.79,2227.16
T0008928,2025-01-27,C00273,P0010,Mumbai,1,0,1094.67,1094.67
T0008929,2026-07-21,C00700,P0068,Mumbai,2,0,343.9,687.8
T0008930,2026-09-13,C00247,P0054,Chennai,1,0,291.3,291.3
T0008931,2025-03-09,C00986,P0070,Ahmedabad,1,10,606.36,606.36
T0008932,2026-06-14,C00777,P0093,Delhi,2,0,567.34,1134.68
T0008933,2025-05-20,C00052,P0094,Chennai,4,0,1058.21,4232.84
T0008934,2026-04-05,C00721,P0089,Ahmedabad,4,0,210.16,840.64
T0008935,2025-09-03,C00689,P0029,Hyderabad,2,0,417.79,835.58
T0008936,2026-06-03,C00743,P0012,Bengaluru,1,5,211.07,211.07
T0008937,2025-04-02,C00613,P0057,Chennai,1,10,384.84,384.84
T0008938,2025-04-29,C00790,P0025,Mumbai,1,5,175.97,175.97
T0008939,2025-07-05,C00503,P0047,Ahmedabad,1,20,576.42,576.42
T0008940,2025-08-24,C00115,P0015,Delhi,1,10,2316.4,2316.4
T0008941,2025-01-13,C00442,P0026,Kolkata,1,5,542.7,542.7
T0008942,2025-09-27,C00394,P0099,Ahmedabad,3,15,260.52,781.56
T0008943,2025-09-22,C00984,P0093,Pune,4,10,510.61,2042.44
T0008944,2025-05-03,C00106,P0004,Hyderabad,1,0,560.89,560.89
T0008945,2026-06-11,C00789,P0044,Bengaluru,1,15,339.22,339.22
T0008946,2026-08-21,C00917,P0028,Bengaluru,1,0,623.14,623.14
T0008947,2025-04-27,C00394,P0009,Ahmedabad,1,0,121.01,121.01
T0008948,2026-04-15,C00679,P0031,Ahmedabad,1,0,232.11,232.11
T0008949,2026-02-17,C00134,P0055,Kolkata,1,20,2712.32,2712.32
T0008950,2026-09-02,C00357,P0037,Delhi,4,0,293.17,1172.68
T0008951,2026-08-11,C00537,P0044,Hyderabad,1,0,399.08,399.08
T0008952,2025-12-01,C00888,P0020,Kolkata,2,10,971.66,1943.32
T0008953,2025-10-17,C00584,P0073,Hyderabad,2,20,229.68,459.36
T0008954,2026-09-23,C00852,P0010,Delhi,1,10,985.2,985.2
T0008955,2026-08-27,C00702,P0048,Ahmedabad,1,0,615.54,615.54
T0008956,2025-12-17,C00332,P0094,Bengaluru,1,0,1058.21,1058.21
T0008957,2026-04-22,C00373,P0043,Bengaluru,2,0,288.97,577.94
T0008958,2025-02-10,C00248,P0080,Ahmedabad,1,0,327.61,327.61
T0008959,2026-04-13,C00258,P0058,Bengaluru,1,20,659.36,659.36
T0008960,2026-09-30,C00235,P0022,Hyderabad,2,25,354.3,708.6
T0008961,2025-11-10,C00074,P0051,Pune,1,0,836.11,836.11
T0008962,2026-09-11,C00201,P0075,Kolkata,1,0,169.09,169.09
T0008963,2025-06-11,C00159,P0053,Chennai,1,10,172.49,172.49
T0008964,2026-09-08,C00086,P0094,Delhi,1,5,1005.3,1005.3
T0008965,2026-08-06,C00049,P0021,Kolkata,2,10,565.69,1131.38
T0008966,2026-03-10,C00271,P0027,Mumbai,1,20,478.88,478.88
T0008967,2025-07-18,C00522,P0018,Pune,1,15,652.15,652.15
T0008968,2026-05-04,C00436,P0072,Ahmedabad,1,5,283.11,283.11
T0008969,2025-01-29,C00792,P0043,Kolkata,1,15,245.62,245.62
T0008970,2025-09-12,C00037,P0088,Pune,1,10,185.32,185.32
T0008971,2026-02-16,C00960,P0036,Delhi,2,0,471.39,942.78
T0008972,2026-03-29,C00388,P0096,Chennai,2,5,923.08,1846.16
T0008973,2025-11-22,C00595,P0025,Pune,1,10,166.71,166.71
T0008974,2025-10-17,C00005,P0063,Bengaluru,1,10,127.48,127.48
T0008975,2026-08-12,C00204,P0036,Delhi,1,20,377.11,377.11
T0008976,2026-08-22,C00447,P0052,Chennai,1,15,217.88,217.88
T0008977,2026-02-25,C00580,P0012,Ahmedabad,2,10,199.96,399.92
T0008978,2025-05-13,C00902,P0052,Pune,1,10,230.7,230.7
T0008979,2025-12-23,C00572,P0051,Pune,3,10,752.5,2257.5
T0008980,2025-04-06,C00695,P0091,Bengaluru,2,0,279.87,559.74
T0008981,2026-05-27,C00129,P0040,Ahmedabad,1,0,731.47,731.47
T0008982,2026-01-24,C00859,P0053,Mumbai,1,0,191.66,191.66
T0008983,2026-06-28,C00436,P0045,Ahmedabad,2,0,162.29,324.58
T0008984,2026-01-24,C00770,P0083,Chennai,2,15,3956.1,7912.2
T0008985,2026-02-08,C00260,P0092,Pune,1,0,337.81,337.81
T0008986,2025-01-30,C00309,P0054,Chennai,3,0,291.3,873.9
T0008987,2025-01-22,C00276,P0065,Kolkata,2,5,1205.84,2411.68
T0008988,2025-08-09,C00385,P0019,Ahmedabad,3,15,147.87,443.61
T0008989,2025-02-14,C00594,P0089,Bengaluru,2,0,210.16,420.32
T0008990,2025-10-07,C00451,P0068,Bengaluru,1,20,275.12,275.12
T0008991,2026-04-16,C00973,P0071,Hyderabad,1,0,1602.38,1602.38
T0008992,2025-03-04,C00049,P0099,Kolkata,3,15,260.52,781.56
T0008993,2025-02-13,C00536,P0011,Delhi,1,5,362.42,362.42
T0008994,2025-01-12,C00665,P0063,Chennai,1,20,113.31,113.31
T0008995,2025-04-23,C00356,P0076,Hyderabad,2,20,314.59,629.18
T0008996,2025-03-08,C00816,P0083,Chennai,1,20,3723.38,3723.38
T0008997,2025-08-23,C00994,P0099,Mumbai,1,10,275.85,275.85
T0008998,2025-01-21,C00447,P0084,Chennai,1,15,450.79,450.79
T0008999,2025-03-27,C00687,P0070,Delhi,1,10,606.36,606.36
T0009000,2026-02-12,C00102,P0016,Mumbai,1,25,793.63,793.63
T0009001,2025-01-24,C00604,P0043,Delhi,2,0,288.97,577.94
T0009002,2025-05-11,C00095,P0043,Kolkata,1,15,245.62,245.62
T0009003,2026-01-20,C00909,P0023,Ahmedabad,2,10,404.99,809.98
T0009004,2026-07-11,C00526,P0064,Pune,2,20,554.94,1109.88
T0009005,2025-07-31,C00656,P0082,Kolkata,1,0,352.74,352.74
T0009006,2025-12-02,C00927,P0002,Kolkata,1,5,308.74,308.74
T0009007,2026-08-28,C00340,P0068,Bengaluru,1,25,257.92,257.92
T0009008,2026-01-23,C00775,P0043,Chennai,2,15,245.62,491.24
T0009009,2025-06-17,C00107,P0009,Mumbai,1,5,114.96,114.96
T0009010,2026-06-06,C00331,P0081,Pune,1,20,1755.74,1755.74
T0009011,2026-05-21,C00070,P0066,Ahmedabad,2,0,998.6,1997.2
T0009012,2025-08-10,C00504,P0089,Ahmedabad,3,5,199.65,598.95
T0009013,2025-08-11,C00658,P0094,Pune,1,0,1058.21,1058.21
T0009014,2026-03-29,C00758,P0040,Kolkata,1,0,731.47,731.47
T0009015,2026-08-27,C00207,P0092,Kolkata,2,0,337.81,675.62
T0009016,2025-03-24,C00006,P0025,Hyderabad,1,0,185.23,185.23
T0009017,2025-10-15,C00799,P0007,Hyderabad,1,15,445.57,445.57
T0009018,2026-07-07,C00825,P0086,Pune,4,0,413.61,1654.44
T0009019,2026-01-23,C00153,P0048,Kolkata,1,25,461.66,461.66
T0009020,2025-01-26,C00927,P0057,Kolkata,1,10,384.84,384.84
T0009021,2025-09-21,C00964,P0005,Bengaluru,1,10,134.53,134.53
T0009022,2025-01-22,C00515,P0061,Kolkata,1,25,167.92,167.92
T0009023,2025-11-25,C00867,P0005,Kolkata,1,15,127.06,127.06
T0009024,2025-09-05,C00470,P0091,Ahmedabad,2,0,279.87,559.74
T0009025,2025-05-28,C00817,P0062,Hyderabad,2,15,1124.18,2248.36
T0009026,2026-09-30,C00621,P0082,Chennai,2,5,335.1,670.2
T0009027,2025-12-22,C00467,P0026,Delhi,1,0,571.26,571.26
T0009028,2025-02-27,C00144,P0087,Ahmedabad,1,5,324.34,324.34
T0009029,2025-05-14,C00168,P0036,Mumbai,1,10,424.25,424.25
T0009030,2025-08-10,C00364,P0019,Pune,2,15,147.87,295.74
T0009031,2026-02-19,C00092,P0022,Delhi,1,15,401.54,401.54
T0009032,2025-01-16,C00665,P0061,Chennai,1,5,212.7,212.7
T0009033,2025-07-03,C00620,P0062,Ahmedabad,2,15,1124.18,2248.36
T0009034,2025-03-29,C00441,P0044,Mumbai,2,25,299.31,598.62
T0009035,2026-09-29,C00346,P0096,Delhi,1,15,825.91,825.91
T0009036,2025-07-19,C00376,P0029,Hyderabad,2,10,376.01,752.02
T0009037,2026-03-16,C00696,P0091,Kolkata,1,0,279.87,279.87
T0009038,2025-06-05,C00889,P0060,Hyderabad,1,15,279.85,279.85
T0009039,2025-09-01,C00459,P0080,Ahmedabad,1,5,311.23,311.23
T0009040,2025-09-12,C00156,P0077,Ahmedabad,1,0,1593.09,1593.09
T0009041,2026-01-12,C00362,P0040,Kolkata,1,0,731.47,731.47
T0009042,2026-08-26,C00153,P0041,Kolkata,1,5,884.1,884.1
T0009043,2026-05-15,C00240,P0040,Ahmedabad,1,15,621.75,621.75
T0009044,2026-07-06,C00798,P0074,Bengaluru,2,10,415.27,830.54
T0009045,2025-01-25,C00557,P0048,Bengaluru,1,10,553.99,553.99
T0009046,2026-05-19,C00299,P0096,Delhi,2,15,825.91,1651.82
T0009047,2026-01-15,C00207,P0072,Kolkata,1,5,283.11,283.11
T0009048,2026-09-04,C00429,P0018,Pune,1,0,767.23,767.23
T0009049,2026-02-11,C00844,P0016,Pune,2,5,1005.26,2010.52
T0009050,2025-08-11,C00960,P0036,Delhi,1,0,471.39,471.39
T0009051,2026-07-22,C00403,P0051,Pune,2,10,752.5,1505.0
T0009052,2026-09-14,C00569,P0012,Mumbai,1,5,211.07,211.07
T0009053,2025-02-05,C00924,P0068,Kolkata,1,0,343.9,343.9
T0009054,2025-06-20,C00789,P0063,Bengaluru,1,0,141.64,141.64
T0009055,2025-09-21,C00618,P0021,Pune,2,10,565.69,1131.38
T0009056,2025-08-10,C00247,P0009,Chennai,2,15,102.86,205.72
T0009057,2026-07-30,C00658,P0090,Pune,1,5,266.68,266.68
T0009058,2026-05-02,C00300,P0051,Bengaluru,2,10,752.5,1505.0
T0009059,2025-12-17,C00577,P0068,Bengaluru,2,10,309.51,619.02
T0009060,2025-08-29,C00423,P0047,Mumbai,1,5,684.49,684.49
T0009061,2025-12-07,C00226,P0010,Delhi,1,10,985.2,985.2
T0009062,2025-06-24,C00665,P0076,Chennai,3,25,294.93,884.79
T0009063,2025-12-05,C00436,P0037,Ahmedabad,1,0,293.17,293.17
T0009064,2026-01-30,C00979,P0064,Chennai,1,10,624.31,624.31
T0009065,2025-03-24,C00433,P0098,Bengaluru,1,20,843.13,843.13
T0009066,2026-09-29,C00476,P0093,Kolkata,4,5,538.97,2155.88
T0009067,2026-08-30,C00078,P0038,Chennai,1,0,562.66,562.66
T0009068,2025-06-20,C00721,P0049,Ahmedabad,1,5,130.12,130.12
T0009069,2025-08-10,C00040,P0078,Kolkata,1,5,343.53,343.53
T0009070,2026-03-08,C00602,P0051,Kolkata,1,0,836.11,836.11
T0009071,2025-08-07,C00322,P0066,Delhi,1,20,798.88,798.88
T0009072,2025-10-30,C00620,P0089,Ahmedabad,4,0,210.16,840.64
T0009073,2026-07-31,C00190,P0093,Kolkata,1,0,567.34,567.34
T0009074,2026-09-04,C00864,P0080,Delhi,1,0,327.61,327.61
T0009075,2026-04-23,C00119,P0095,Hyderabad,1,0,346.67,346.67
T0009076,2025-10-03,C00299,P0074,Delhi,1,15,392.2,392.2
T0009077,2026-02-16,C00304,P0017,Delhi,3,10,280.17,840.51
T0009078,2026-09-20,C00036,P0050,Mumbai,1,5,1076.38,1076.38
T0009079,2026-02-24,C00410,P0084,Kolkata,1,10,477.31,477.31
T0009080,2025-07-03,C00440,P0038,Bengaluru,1,5,534.53,534.53
T0009081,2026-05-04,C00558,P0022,Delhi,1,20,377.92,377.92
T0009082,2026-08-29,C00626,P0071,Hyderabad,1,10,1442.14,1442.14
T0009083,2026-04-25,C00417,P0095,Delhi,1,0,346.67,346.67
T0009084,2026-08-23,C00677,P0043,Ahmedabad,1,0,288.97,288.97
T0009085,2026-02-25,C00127,P0082,Pune,1,20,282.19,282.19
T0009086,2025-03-14,C00613,P0060,Chennai,1,0,329.24,329.24
T0009087,2025-10-31,C00214,P0062,Bengaluru,3,0,1322.57,3967.71
T0009088,2025-08-25,C00926,P0008,Ahmedabad,1,25,138.32,138.32
T0009089,2025-10-15,C00230,P0040,Ahmedabad,1,5,694.9,694.9
T0009090,2026-01-02,C00740,P0065,Delhi,1,0,1269.31,1269.31
T0009091,2026-05-19,C00229,P0032,Ahmedabad,2,20,758.91,1517.82
T0009092,2026-03-21,C00744,P0060,Delhi,1,10,296.32,296.32
T0009093,2026-05-05,C00233,P0048,Delhi,2,10,553.99,1107.98
T0009094,2025-06-12,C00686,P0067,Delhi,2,0,486.32,972.64
T0009095,2025-04-11,C00780,P0097,Mumbai,1,15,1620.86,1620.86
T0009096,2025-01-20,C00416,P0041,Bengaluru,1,0,930.63,930.63
T0009097,2025-12-14,C00723,P0045,Kolkata,1,5,154.18,154.18
T0009098,2025-03-07,C00265,P0043,Mumbai,2,0,288.97,577.94
T0009099,2026-04-14,C00038,P0098,Mumbai,1,5,1001.21,1001.21
T0009100,2026-08-31,C00055,P0018,Mumbai,1,0,767.23,767.23
T0009101,2025-12-18,C00049,P0099,Kolkata,2,0,306.5,613.0
T0009102,2026-03-26,C00195,P0003,Bengaluru,1,0,356.66,356.66
T0009103,2025-12-28,C00871,P0034,Mumbai,1,15,238.97,238.97
T0009104,2026-05-13,C00942,P0044,Chennai,1,0,399.08,399.08
T0009105,2026-05-05,C00639,P0094,Mumbai,1,25,793.66,793.66
T0009106,2025-10-19,C00798,P0079,Bengaluru,1,0,410.82,410.82
T0009107,2026-02-26,C00522,P0087,Pune,1,25,256.06,256.06
T0009108,2025-10-13,C00245,P0067,Pune,1,10,437.69,437.69
T0009109,2026-03-03,C00671,P0004,Kolkata,1,5,532.85,532.85
T0009110,2025-08-30,C00361,P0067,Mumbai,1,10,437.69,437.69
T0009111,2025-11-09,C00055,P0040,Mumbai,4,0,731.47,2925.88
T0009112,2025-11-16,C00184,P0006,Delhi,3,0,337.31,1011.93
T0009113,2026-01-12,C00253,P0093,Ahmedabad,1,20,453.87,453.87
T0009114,2025-04-22,C00564,P0008,Pune,1,5,175.21,175.21
T0009115,2025-11-03,C00184,P0019,Delhi,1,15,147.87,147.87
T0009116,2026-03-28,C00797,P0051,Pune,1,20,668.89,668.89
T0009117,2025-01-08,C00171,P0017,Pune,1,10,280.17,280.17
T0009118,2025-01-20,C00586,P0066,Mumbai,1,5,948.67,948.67
T0009119,2025-08-17,C00883,P0056,Chennai,1,15,453.83,453.83
T0009120,2025-01-29,C00597,P0033,Pune,1,0,276.55,276.55
T0009121,2025-11-07,C00135,P0081,Mumbai,2,0,2194.67,4389.34
T0009122,2026-08-23,C00440,P0076,Bengaluru,1,20,314.59,314.59
T0009123,2026-07-14,C01000,P0043,Kolkata,2,20,231.18,462.36
T0009124,2026-06-22,C00066,P0013,Bengaluru,1,0,582.69,582.69
T0009125,2026-08-15,C00703,P0004,Pune,2,5,532.85,1065.7
T0009126,2025-08-17,C00009,P0054,Ahmedabad,1,20,233.04,233.04
T0009127,2026-07-07,C00247,P0008,Chennai,1,5,175.21,175.21
T0009128,2026-08-19,C00979,P0037,Chennai,1,0,293.17,293.17
T0009129,2026-07-01,C00396,P0042,Hyderabad,2,10,687.52,1375.04
T0009130,2025-11-05,C00249,P0093,Kolkata,2,15,482.24,964.48
T0009131,2025-07-19,C00061,P0030,Kolkata,1,0,386.5,386.5
T0009132,2025-01-21,C00815,P0011,Bengaluru,1,15,324.27,324.27
T0009133,2026-06-29,C00036,P0050,Mumbai,2,10,1019.73,2039.46
T0009134,2026-09-19,C00871,P0085,Mumbai,2,5,556.79,1113.58
T0009135,2026-01-03,C00870,P0071,Mumbai,1,20,1281.9,1281.9
T0009136,2025-12-28,C00426,P0012,Hyderabad,1,10,199.96,199.96
T0009137,2025-03-24,C00476,P0043,Kolkata,2,0,288.97,577.94
T0009138,2025-07-27,C00590,P0009,Ahmedabad,2,0,121.01,242.02
T0009139,2025-06-11,C00342,P0011,Kolkata,1,20,305.19,305.19
T0009140,2026-09-17,C00016,P0098,Bengaluru,3,0,1053.91,3161.73
T0009141,2026-03-30,C00901,P0071,Bengaluru,2,10,1442.14,2884.28
T0009142,2025-04-26,C00142,P0012,Ahmedabad,2,0,222.18,444.36
T0009143,2025-09-09,C00876,P0005,Pune,3,0,149.48,448.44
T0009144,2025-10-21,C00916,P0094,Ahmedabad,3,15,899.48,2698.44
T0009145,2026-04-29,C00768,P0042,Delhi,1,0,763.91,763.91
T0009146,2025-09-26,C00413,P0004,Ahmedabad,2,10,504.8,1009.6
T0009147,2025-03-29,C00209,P0044,Kolkata,1,10,359.17,359.17
T0009148,2026-01-17,C00120,P0001,Delhi,2,0,731.6,1463.2
T0009149,2026-08-15,C00011,P0039,Hyderabad,1,25,536.8,536.8
T0009150,2026-02-18,C00468,P0022,Mumbai,1,5,448.78,448.78
T0009151,2026-01-03,C00599,P0006,Pune,2,5,320.44,640.88
T0009152,2026-09-20,C00923,P0029,Bengaluru,1,0,417.79,417.79
T0009153,2026-04-12,C00199,P0093,Bengaluru,2,10,510.61,1021.22
T0009154,2026-06-17,C00441,P0048,Mumbai,3,15,523.21,1569.63
T0009155,2025-10-16,C00508,P0048,Ahmedabad,1,0,615.54,615.54
T0009156,2026-08-17,C00679,P0080,Ahmedabad,1,0,327.61,327.61
T0009157,2026-09-11,C00385,P0071,Ahmedabad,1,25,1201.79,1201.79
T0009158,2026-01-29,C00970,P0099,Ahmedabad,1,20,245.2,245.2
T0009159,2026-09-20,C00972,P0035,Delhi,1,0,367.0,367.0
T0009160,2025-02-09,C00442,P0063,Kolkata,1,15,120.39,120.39
T0009161,2025-07-02,C00854,P0075,Ahmedabad,1,20,135.27,135.27
T0009162,2025-03-27,C00939,P0069,Hyderabad,1,10,111.63,111.63
T0009163,2025-01-13,C00297,P0089,Ahmedabad,1,10,189.14,189.14
T0009164,2025-01-15,C00377,P0060,Chennai,2,5,312.78,625.56
T0009165,2026-04-03,C00832,P0019,Bengaluru,1,20,139.18,139.18
T0009166,2025-04-25,C00725,P0099,Chennai,2,15,260.52,521.04
T0009167,2025-12-27,C00044,P0043,Hyderabad,1,20,231.18,231.18
T0009168,2025-07-06,C00126,P0009,Bengaluru,1,0,121.01,121.01
T0009169,2026-01-28,C00724,P0053,Chennai,3,0,191.66,574.98
T0009170,2026-09-23,C00150,P0090,Chennai,1,10,252.65,252.65
T0009171,2025-03-08,C00247,P0009,Chennai,3,0,121.01,363.03
T0009172,2025-05-21,C00056,P0068,Ahmedabad,1,10,309.51,309.51
T0009173,2026-08-28,C00315,P0043,Chennai,1,5,274.52,274.52
T0009174,2025-11-20,C00524,P0021,Mumbai,3,10,565.69,1697.07
T0009175,2026-08-11,C00854,P0002,Ahmedabad,1,15,276.24,276.24
T0009176,2026-05-14,C00773,P0025,Chennai,1,15,157.45,157.45
T0009177,2026-06-12,C00649,P0014,Hyderabad,1,20,741.52,741.52
T0009178,2025-12-22,C00762,P0068,Ahmedabad,2,10,309.51,619.02
T0009179,2025-02-26,C00938,P0055,Chennai,1,5,3220.88,3220.88
T0009180,2025-11-03,C00998,P0061,Mumbai,1,0,223.9,223.9
T0009181,2025-07-11,C00771,P0024,Hyderabad,2,5,241.63,483.26
T0009182,2025-03-03,C00802,P0061,Chennai,1,0,223.9,223.9
T0009183,2025-05-08,C00637,P0078,Pune,1,10,325.45,325.45
T0009184,2026-02-14,C00500,P0055,Pune,1,0,3390.4,3390.4
T0009185,2025-11-15,C00888,P0086,Kolkata,2,10,372.25,744.5
T0009186,2025-04-01,C00648,P0068,Ahmedabad,1,0,343.9,343.9
T0009187,2026-01-04,C00698,P0026,Chennai,1,10,514.13,514.13
T0009188,2025-10-05,C00681,P0069,Bengaluru,1,5,117.83,117.83
T0009189,2025-03-14,C00657,P0014,Chennai,1,0,926.9,926.9
T0009190,2025-12-06,C00627,P0082,Bengaluru,2,0,352.74,705.48
T0009191,2025-03-05,C00097,P0022,Pune,1,5,448.78,448.78
T0009192,2026-03-27,C00579,P0026,Mumbai,1,15,485.57,485.57
T0009193,2025-01-28,C00903,P0059,Bengaluru,1,20,205.78,205.78
T0009194,2026-02-26,C00472,P0025,Chennai,1,0,185.23,185.23
T0009195,2026-08-29,C00375,P0079,Hyderabad,1,15,349.2,349.2
T0009196,2025-12-12,C00066,P0004,Bengaluru,1,0,560.89,560.89
T0009197,2026-01-28,C00141,P0077,Bengaluru,2,0,1593.09,3186.18
T0009198,2025-03-07,C00720,P0004,Mumbai,1,10,504.8,504.8
T0009199,2025-06-29,C00475,P0072,Ahmedabad,1,0,298.01,298.01
T0009200,2025-10-31,C00678,P0078,Pune,1,0,361.61,361.61
T0009201,2025-11-01,C00073,P0043,Kolkata,1,0,288.97,288.97
T0009202,2026-05-09,C00414,P0044,Ahmedabad,3,0,399.08,1197.24
T0009203,2026-09-09,C00681,P0007,Bengaluru,1,15,445.57,445.57
T0009204,2026-05-17,C00344,P0047,Chennai,1,0,720.52,720.52
T0009205,2025-09-03,C00636,P0093,Delhi,1,20,453.87,453.87
T0009206,2026-08-20,C00589,P0100,Pune,1,10,447.23,447.23
T0009207,2026-06-19,C00216,P0068,Kolkata,1,0,343.9,343.9
T0009208,2025-10-11,C00321,P0066,Hyderabad,3,10,898.74,2696.22
T0009209,2025-03-28,C00897,P0093,Hyderabad,1,0,567.34,567.34
T0009210,2025-01-14,C00007,P0071,Kolkata,1,25,1201.79,1201.79
T0009211,2026-09-06,C00100,P0043,Pune,1,15,245.62,245.62
T0009212,2025-10-13,C00729,P0092,Ahmedabad,1,5,320.92,320.92
T0009213,2026-01-05,C00335,P0068,Pune,1,15,292.32,292.32
T0009214,2025-09-28,C00120,P0034,Delhi,1,10,253.03,253.03
T0009215,2025-04-15,C00994,P0028,Mumbai,1,5,591.98,591.98
T0009216,2025-09-23,C00966,P0027,Bengaluru,2,5,568.67,1137.34
T0009217,2025-12-21,C00795,P0028,Ahmedabad,3,0,623.14,1869.42
T0009218,2025-11-06,C00919,P0094,Mumbai,1,0,1058.21,1058.21
T0009219,2026-03-20,C00896,P0068,Ahmedabad,1,0,343.9,343.9
T0009220,2026-08-11,C00885,P0068,Kolkata,2,5,326.7,653.4
T0009221,2025-10-08,C00204,P0004,Delhi,4,0,560.89,2243.56
T0009222,2026-03-04,C00689,P0029,Hyderabad,1,0,417.79,417.79
T0009223,2026-08-20,C00512,P0075,Bengaluru,2,15,143.73,287.46
T0009224,2026-08-13,C00685,P0017,Delhi,1,20,249.04,249.04
T0009225,2025-05-28,C00530,P0003,Pune,3,0,356.66,1069.98
T0009226,2026-03-29,C00660,P0022,Hyderabad,1,10,425.16,425.16
T0009227,2025-07-29,C00522,P0056,Pune,1,0,533.92,533.92
T0009228,2025-09-10,C00042,P0028,Chennai,1,15,529.67,529.67
T0009229,2026-02-11,C00475,P0062,Ahmedabad,1,10,1190.31,1190.31
T0009230,2025-02-07,C00646,P0079,Mumbai,2,10,369.74,739.48
T0009231,2026-04-18,C00760,P0043,Mumbai,1,0,288.97,288.97
T0009232,2026-08-25,C00536,P0058,Delhi,1,0,824.2,824.2
T0009233,2025-01-16,C00094,P0043,Bengaluru,2,10,260.07,520.14
T0009234,2026-09-05,C00375,P0074,Hyderabad,1,0,461.41,461.41
T0009235,2025-03-19,C00186,P0065,Delhi,1,10,1142.38,1142.38
T0009236,2025-06-24,C00535,P0004,Pune,1,5,532.85,532.85
T0009237,2025-11-12,C00907,P0091,Kolkata,1,0,279.87,279.87
T0009238,2025-11-20,C00057,P0004,Delhi,1,5,532.85,532.85
T0009239,2025-10-13,C00613,P0019,Chennai,2,0,173.97,347.94
T0009240,2025-09-26,C00517,P0056,Hyderabad,1,0,533.92,533.92
T0009241,2025-05-20,C00764,P0091,Kolkata,1,25,209.9,209.9
T0009242,2026-08-11,C00887,P0032,Kolkata,1,0,948.64,948.64
T0009243,2025-03-08,C00630,P0005,Bengaluru,1,0,149.48,149.48
T0009244,2026-03-10,C00822,P0042,Chennai,1,10,687.52,687.52
T0009245,2025-01-22,C00470,P0080,Ahmedabad,2,15,278.47,556.94
T0009246,2026-04-13,C00561,P0027,Hyderabad,1,5,568.67,568.67
T0009247,2026-03-14,C00293,P0030,Bengaluru,2,10,347.85,695.7
T0009248,2025-06-08,C00751,P0043,Chennai,1,10,260.07,260.07
T0009249,2026-03-09,C00518,P0077,Mumbai,1,25,1194.82,1194.82
T0009250,2025-04-08,C00644,P0006,Ahmedabad,1,15,286.71,286.71
T0009251,2025-12-22,C00848,P0052,Pune,2,0,256.33,512.66
T0009252,2025-10-30,C00895,P0084,Mumbai,2,0,530.34,1060.68
T0009253,2025-11-20,C00549,P0091,Kolkata,1,10,251.88,251.88
T0009254,2026-03-20,C00519,P0001,Chennai,2,10,658.44,1316.88
T0009255,2026-02-11,C00133,P0061,Kolkata,1,25,167.92,167.92
T0009256,2026-03-06,C00604,P0043,Delhi,1,0,288.97,288.97
T0009257,2026-08-12,C00038,P0046,Mumbai,1,15,483.63,483.63
T0009258,2025-12-14,C00579,P0076,Mumbai,2,0,393.24,786.48
T0009259,2025-07-07,C00719,P0012,Mumbai,1,0,222.18,222.18
T0009260,2026-03-16,C00974,P0062,Hyderabad,4,15,1124.18,4496.72
T0009261,2025-06-16,C00394,P0062,Ahmedabad,1,15,1124.18,1124.18
T0009262,2025-11-10,C00982,P0015,Pune,1,25,1930.34,1930.34
T0009263,2025-08-18,C00326,P0008,Delhi,2,5,175.21,350.42
T0009264,2025-12-04,C00571,P0058,Ahmedabad,2,15,700.57,1401.14
T0009265,2025-12-25,C00246,P0076,Hyderabad,2,15,334.25,668.5
T0009266,2026-09-04,C00554,P0006,Kolkata,3,20,269.85,809.55
T0009267,2025-08-11,C00573,P0047,Chennai,3,15,612.44,1837.32
T0009268,2025-06-15,C00208,P0052,Mumbai,1,25,192.25,192.25
T0009269,2025-05-17,C00569,P0034,Mumbai,1,0,281.14,281.14
T0009270,2025-08-19,C00406,P0048,Bengaluru,1,0,615.54,615.54
T0009271,2025-02-23,C00995,P0017,Kolkata,1,0,311.3,311.3
T0009272,2026-01-24,C00800,P0036,Bengaluru,1,10,424.25,424.25
T0009273,2025-02-04,C00013,P0040,Bengaluru,1,10,658.32,658.32
T0009274,2025-10-17,C00974,P0028,Hyderabad,2,15,529.67,1059.34
T0009275,2026-01-13,C00290,P0007,Kolkata,1,25,393.15,393.15
T0009276,2025-09-27,C00154,P0087,Bengaluru,1,0,341.41,341.41
T0009277,2025-04-10,C00515,P0026,Kolkata,1,10,514.13,514.13
T0009278,2026-03-27,C00394,P0089,Ahmedabad,1,0,210.16,210.16
T0009279,2025-11-20,C00595,P0036,Pune,1,0,471.39,471.39
T0009280,2026-03-25,C00864,P0081,Delhi,2,0,2194.67,4389.34
T0009281,2026-04-11,C00154,P0036,Bengaluru,1,25,353.54,353.54
T0009282,2025-05-26,C00512,P0007,Bengaluru,1,0,524.2,524.2
T0009283,2025-11-10,C00512,P0075,Bengaluru,1,15,143.73,143.73
T0009284,2026-04-19,C00569,P0030,Mumbai,1,0,386.5,386.5
T0009285,2025-06-15,C00212,P0081,Pune,1,20,1755.74,1755.74
T0009286,2026-08-11,C00480,P0093,Kolkata,1,5,538.97,538.97
T0009287,2026-02-16,C00209,P0044,Kolkata,1,0,399.08,399.08
T0009288,2026-05-18,C00648,P0093,Ahmedabad,1,15,482.24,482.24
T0009289,2025-04-30,C00507,P0018,Hyderabad,1,25,575.42,575.42
T0009290,2026-05-24,C00309,P0045,Chennai,1,10,146.06,146.06
T0009291,2025-11-11,C00364,P0069,Pune,1,10,111.63,111.63
T0009292,2025-11-29,C00630,P0046,Bengaluru,3,0,568.98,1706.94
T0009293,2026-01-26,C00669,P0091,Bengaluru,1,10,251.88,251.88
T0009294,2025-12-22,C00434,P0036,Chennai,1,10,424.25,424.25
T0009295,2025-04-14,C00055,P0056,Mumbai,1,0,533.92,533.92
T0009296,2026-01-14,C00733,P0056,Ahmedabad,1,15,453.83,453.83
T0009297,2026-09-10,C00695,P0055,Bengaluru,1,0,3390.4,3390.4
T0009298,2026-08-25,C00503,P0056,Ahmedabad,1,15,453.83,453.83
T0009299,2026-06-26,C00687,P0036,Delhi,1,0,471.39,471.39
T0009300,2025-10-03,C00526,P0009,Pune,3,0,121.01,363.03
T0009301,2025-03-12,C00661,P0093,Bengaluru,1,20,453.87,453.87
T0009302,2025-03-31,C00199,P0043,Bengaluru,2,15,245.62,491.24
T0009303,2026-07-22,C00885,P0093,Kolkata,1,0,567.34,567.34
T0009304,2026-08-14,C00749,P0002,Hyderabad,1,10,292.49,292.49
T0009305,2025-03-13,C00242,P0036,Kolkata,2,0,471.39,942.78
T0009306,2026-07-24,C00521,P0014,Delhi,1,10,834.21,834.21
T0009307,2026-08-26,C00796,P0059,Pune,2,20,205.78,411.56
T0009308,2026-09-24,C00204,P0047,Delhi,2,0,720.52,1441.04
T0009309,2025-07-02,C00990,P0011,Bengaluru,1,10,343.34,343.34
T0009310,2025-01-12,C00309,P0072,Chennai,1,5,283.11,283.11
T0009311,2025-02-06,C00250,P0026,Ahmedabad,1,10,514.13,514.13
T0009312,2026-01-07,C00893,P0025,Mumbai,1,25,138.92,138.92
T0009313,2026-03-28,C00233,P0100,Delhi,1,0,496.92,496.92
T0009314,2026-07-10,C00657,P0070,Chennai,1,0,673.73,673.73
T0009315,2026-02-14,C00497,P0037,Kolkata,2,0,293.17,586.34
T0009316,2026-09-04,C00256,P0090,Ahmedabad,1,0,280.72,280.72
T0009317,2025-03-31,C00395,P0015,Ahmedabad,1,0,2573.78,2573.78
T0009318,2025-12-14,C00798,P0002,Bengaluru,1,10,292.49,292.49
T0009319,2026-03-03,C00588,P0081,Bengaluru,1,0,2194.67,2194.67
T0009320,2025-02-24,C00966,P0001,Bengaluru,1,5,695.02,695.02
T0009321,2026-06-04,C00604,P0043,Delhi,2,20,231.18,462.36
T0009322,2025-12-30,C00837,P0034,Bengaluru,1,0,281.14,281.14
T0009323,2026-03-02,C00292,P0058,Pune,1,25,618.15,618.15
T0009324,2025-04-14,C00878,P0086,Hyderabad,1,0,413.61,413.61
T0009325,2025-03-26,C00331,P0031,Pune,1,5,220.5,220.5
T0009326,2025-08-30,C00219,P0065,Delhi,2,5,1205.84,2411.68
T0009327,2026-05-21,C00162,P0038,Chennai,1,0,562.66,562.66
T0009328,2025-10-23,C00624,P0073,Chennai,2,0,287.1,574.2
T0009329,2025-08-04,C00193,P0095,Mumbai,1,10,312.0,312.0
T0009330,2025-06-30,C00456,P0015,Kolkata,1,10,2316.4,2316.4
T0009331,2025-02-06,C00511,P0100,Kolkata,2,20,397.54,795.08
T0009332,2025-09-14,C00885,P0043,Kolkata,2,0,288.97,577.94
T0009333,2025-11-16,C00217,P0059,Pune,1,10,231.5,231.5
T0009334,2025-08-16,C00734,P0088,Hyderabad,1,0,205.91,205.91
T0009335,2025-10-03,C00236,P0098,Mumbai,1,10,948.52,948.52
T0009336,2026-05-20,C00633,P0098,Bengaluru,2,25,790.43,1580.86
T0009337,2026-07-06,C00851,P0011,Mumbai,2,0,381.49,762.98
T0009338,2025-11-14,C00224,P0041,Bengaluru,1,20,744.5,744.5
T0009339,2026-03-14,C00760,P0068,Mumbai,1,20,275.12,275.12
T0009340,2026-07-29,C00766,P0016,Kolkata,1,0,1058.17,1058.17
T0009341,2026-08-20,C00990,P0081,Bengaluru,1,0,2194.67,2194.67
T0009342,2026-06-02,C00837,P0012,Bengaluru,1,15,188.85,188.85
T0009343,2025-05-20,C00621,P0039,Chennai,1,10,644.16,644.16
T0009344,2025-07-14,C00248,P0067,Ahmedabad,2,5,462.0,924.0
T0009345,2026-01-24,C00215,P0099,Pune,1,0,306.5,306.5
T0009346,2025-10-15,C00989,P0043,Pune,1,5,274.52,274.52
T0009347,2026-08-15,C00747,P0024,Hyderabad,1,0,254.35,254.35
T0009348,2026-01-23,C00867,P0005,Kolkata,1,5,142.01,142.01
T0009349,2026-08-04,C00765,P0003,Delhi,1,0,356.66,356.66
T0009350,2026-02-25,C00138,P0007,Chennai,2,10,471.78,943.56
T0009351,2025-06-11,C00424,P0011,Pune,1,15,324.27,324.27
T0009352,2025-04-26,C00095,P0068,Kolkata,2,15,292.32,584.64
T0009353,2025-11-26,C00221,P0084,Kolkata,1,5,503.82,503.82
T0009354,2025-02-06,C00657,P0036,Chennai,1,0,471.39,471.39
T0009355,2025-12-26,C00443,P0062,Hyderabad,1,0,1322.57,1322.57
T0009356,2026-07-10,C00121,P0087,Kolkata,1,0,341.41,341.41
T0009357,2025-03-13,C00482,P0008,Mumbai,2,10,165.99,331.98
T0009358,2025-12-28,C00848,P0019,Pune,1,15,147.87,147.87
T0009359,2026-08-14,C00565,P0068,Delhi,1,5,326.7,326.7
T0009360,2026-05-18,C00946,P0010,Bengaluru,1,5,1039.94,1039.94
T0009361,2025-01-13,C00025,P0001,Ahmedabad,1,0,731.6,731.6
T0009362,2026-03-15,C00407,P0007,Pune,3,0,524.2,1572.6
T0009363,2026-05-15,C00421,P0067,Pune,1,0,486.32,486.32
T0009364,2025-04-04,C00246,P0077,Hyderabad,2,10,1433.78,2867.56
T0009365,2025-04-29,C00898,P0048,Mumbai,1,20,492.43,492.43
T0009366,2026-08-23,C00758,P0025,Kolkata,1,15,157.45,157.45
T0009367,2026-09-10,C00417,P0023,Delhi,1,0,449.99,449.99
T0009368,2025-06-03,C00619,P0068,Kolkata,2,25,257.92,515.84
T0009369,2025-06-09,C00224,P0048,Bengaluru,1,0,615.54,615.54
T0009370,2026-08-19,C00051,P0050,Kolkata,1,5,1076.38,1076.38
T0009371,2025-09-28,C00293,P0020,Bengaluru,2,0,1079.62,2159.24
T0009372,2025-09-16,C00061,P0001,Kolkata,1,15,621.86,621.86
T0009373,2025-09-11,C00256,P0088,Ahmedabad,1,5,195.61,195.61
T0009374,2026-07-05,C00267,P0015,Bengaluru,1,10,2316.4,2316.4
T0009375,2025-12-17,C00004,P0085,Bengaluru,1,5,556.79,556.79
T0009376,2026-03-09,C00499,P0099,Mumbai,1,0,306.5,306.5
T0009377,2026-02-13,C00015,P0032,Kolkata,1,0,948.64,948.64
T0009378,2026-01-29,C00208,P0006,Mumbai,1,20,269.85,269.85
T0009379,2025-03-08,C00050,P0043,Pune,1,5,274.52,274.52
T0009380,2025-01-12,C00020,P0025,Kolkata,1,5,175.97,175.97
T0009381,2026-08-14,C00577,P0068,Bengaluru,2,0,343.9,687.8
T0009382,2026-09-05,C00644,P0007,Ahmedabad,1,0,524.2,524.2
T0009383,2025-08-21,C00152,P0022,Delhi,1,10,425.16,425.16
T0009384,2025-10-02,C00493,P0043,Ahmedabad,1,15,245.62,245.62
T0009385,2026-04-16,C00971,P0025,Bengaluru,2,10,166.71,333.42
T0009386,2025-08-04,C00204,P0040,Delhi,1,5,694.9,694.9
T0009387,2025-03-11,C00001,P0018,Delhi,2,0,767.23,1534.46
T0009388,2026-08-17,C00644,P0002,Ahmedabad,1,5,308.74,308.74
T0009389,2026-07-19,C00372,P0078,Hyderabad,1,0,361.61,361.61
T0009390,2025-12-09,C00853,P0096,Chennai,2,0,971.66,1943.32
T0009391,2026-05-25,C00962,P0021,Mumbai,1,20,502.83,502.83
T0009392,2025-09-12,C00431,P0077,Mumbai,1,0,1593.09,1593.09
T0009393,2025-07-11,C00461,P0016,Bengaluru,1,10,952.35,952.35
T0009394,2025-02-10,C00558,P0046,Delhi,1,5,540.53,540.53
T0009395,2025-11-19,C00331,P0011,Pune,1,20,305.19,305.19
T0009396,2026-02-24,C00900,P0046,Delhi,3,15,483.63,1450.89
T0009397,2026-01-26,C00205,P0045,Ahmedabad,1,0,162.29,162.29
T0009398,2026-03-27,C00649,P0036,Hyderabad,2,0,471.39,942.78
T0009399,2026-01-12,C00291,P0001,Kolkata,2,5,695.02,1390.04
T0009400,2025-01-18,C00943,P0079,Delhi,1,5,390.28,390.28
T0009401,2026-08-16,C00259,P0055,Pune,1,0,3390.4,3390.4
T0009402,2025-02-15,C00060,P0032,Delhi,1,0,948.64,948.64
T0009403,2025-04-16,C00644,P0079,Ahmedabad,2,25,308.12,616.24
T0009404,2026-06-09,C00517,P0025,Hyderabad,3,10,166.71,500.13
T0009405,2025-03-05,C00864,P0081,Delhi,2,10,1975.2,3950.4
T0009406,2026-03-16,C00111,P0060,Kolkata,1,5,312.78,312.78
T0009407,2025-05-02,C00128,P0042,Ahmedabad,1,10,687.52,687.52
T0009408,2025-07-13,C00523,P0093,Pune,1,5,538.97,538.97
T0009409,2025-07-25,C00842,P0021,Ahmedabad,2,10,565.69,1131.38
T0009410,2025-04-15,C00721,P0009,Ahmedabad,2,20,96.81,193.62
T0009411,2026-01-30,C00440,P0076,Bengaluru,1,5,373.58,373.58
T0009412,2026-03-01,C00213,P0018,Chennai,1,0,767.23,767.23
T0009413,2025-09-17,C00761,P0004,Delhi,1,0,560.89,560.89
T0009414,2025-09-22,C00126,P0009,Bengaluru,1,0,121.01,121.01
T0009415,2025-08-29,C00171,P0017,Pune,1,0,311.3,311.3
T0009416,2026-04-18,C00584,P0001,Hyderabad,3,15,621.86,1865.58
T0009417,2026-08-29,C00981,P0043,Bengaluru,3,10,260.07,780.21
T0009418,2025-11-28,C00461,P0046,Bengaluru,1,15,483.63,483.63
T0009419,2025-05-09,C00898,P0088,Mumbai,1,20,164.73,164.73
T0009420,2026-09-20,C00375,P0060,Hyderabad,1,10,296.32,296.32
T0009421,2026-08-08,C00495,P0079,Ahmedabad,1,5,390.28,390.28
T0009422,2026-05-29,C00563,P0054,Kolkata,1,0,291.3,291.3
T0009423,2026-04-21,C00204,P0087,Delhi,1,5,324.34,324.34
T0009424,2025-06-17,C00972,P0098,Delhi,1,0,1053.91,1053.91
T0009425,2025-02-17,C00982,P0012,Pune,1,25,166.64,166.64
T0009426,2025-02-28,C00432,P0025,Kolkata,2,10,166.71,333.42
T0009427,2026-03-26,C00186,P0095,Delhi,1,25,260.0,260.0
T0009428,2025-12-06,C00878,P0033,Hyderabad,1,15,235.07,235.07
T0009429,2025-07-01,C00726,P0031,Chennai,1,5,220.5,220.5
T0009430,2026-02-18,C00302,P0056,Pune,1,15,453.83,453.83
T0009431,2025-08-26,C00156,P0041,Ahmedabad,1,0,930.63,930.63
T0009432,2025-06-04,C00855,P0059,Ahmedabad,2,10,231.5,463.0
T0009433,2026-08-06,C00936,P0080,Delhi,3,0,327.61,982.83
T0009434,2025-03-10,C00887,P0020,Kolkata,1,10,971.66,971.66
T0009435,2025-08-04,C00308,P0022,Kolkata,2,0,472.4,944.8
T0009436,2025-01-31,C00714,P0027,Chennai,1,10,538.74,538.74
T0009437,2026-05-19,C00393,P0097,Ahmedabad,1,10,1716.2,1716.2
T0009438,2025-09-30,C00796,P0062,Pune,1,25,991.93,991.93
T0009439,2025-01-10,C00776,P0031,Pune,1,0,232.11,232.11
T0009440,2025-07-28,C00039,P0054,Delhi,1,0,291.3,291.3
T0009441,2025-08-24,C00943,P0071,Delhi,2,10,1442.14,2884.28
T0009442,2025-12-10,C00515,P0063,Kolkata,2,5,134.56,269.12
T0009443,2026-05-03,C00254,P0018,Bengaluru,4,10,690.51,2762.04
T0009444,2026-03-13,C00814,P0009,Pune,1,15,102.86,102.86
T0009445,2025-01-16,C00422,P0051,Kolkata,2,0,836.11,1672.22
T0009446,2025-03-14,C00983,P0074,Chennai,1,10,415.27,415.27
T0009447,2025-10-12,C00204,P0025,Delhi,1,0,185.23,185.23
T0009448,2025-09-02,C00543,P0021,Mumbai,2,0,628.54,1257.08
T0009449,2025-01-13,C00441,P0038,Mumbai,1,0,562.66,562.66
T0009450,2026-08-02,C00308,P0005,Kolkata,1,0,149.48,149.48
T0009451,2025-04-15,C00026,P0036,Mumbai,1,10,424.25,424.25
T0009452,2025-03-18,C00856,P0059,Delhi,3,15,218.64,655.92
T0009453,2025-12-09,C00018,P0033,Bengaluru,1,0,276.55,276.55
T0009454,2026-05-12,C00449,P0062,Delhi,1,0,1322.57,1322.57
T0009455,2025-01-16,C00172,P0042,Hyderabad,2,15,649.32,1298.64
T0009456,2025-11-23,C00738,P0031,Mumbai,1,0,232.11,232.11
T0009457,2026-07-21,C00848,P0007,Pune,1,5,497.99,497.99
T0009458,2026-09-16,C00167,P0060,Mumbai,1,0,329.24,329.24
T0009459,2025-02-08,C00118,P0013,Mumbai,3,0,582.69,1748.07
T0009460,2026-06-27,C00330,P0093,Pune,1,5,538.97,538.97
T0009461,2026-08-26,C00316,P0039,Kolkata,3,10,644.16,1932.48
T0009462,2025-05-11,C00917,P0045,Bengaluru,1,10,146.06,146.06
T0009463,2026-07-09,C00654,P0044,Hyderabad,1,0,399.08,399.08
T0009464,2026-07-12,C00092,P0035,Delhi,2,25,275.25,550.5
T0009465,2025-12-10,C00519,P0033,Chennai,1,10,248.9,248.9
T0009466,2025-01-16,C00858,P0079,Bengaluru,1,5,390.28,390.28
T0009467,2025-06-12,C00994,P0009,Mumbai,1,5,114.96,114.96
T0009468,2025-05-09,C00747,P0030,Hyderabad,1,10,347.85,347.85
T0009469,2025-08-17,C00953,P0091,Chennai,3,10,251.88,755.64
T0009470,2025-12-01,C00144,P0036,Ahmedabad,1,5,447.82,447.82
T0009471,2025-05-16,C00899,P0051,Ahmedabad,1,0,836.11,836.11
T0009472,2025-03-12,C00600,P0079,Pune,1,15,349.2,349.2
T0009473,2025-12-02,C00745,P0038,Kolkata,2,5,534.53,1069.06
T0009474,2025-08-25,C00627,P0083,Bengaluru,1,10,4188.81,4188.81
T0009475,2026-09-03,C00829,P0097,Mumbai,1,15,1620.86,1620.86
T0009476,2025-01-16,C00323,P0034,Ahmedabad,1,0,281.14,281.14
T0009477,2026-01-13,C00279,P0093,Hyderabad,2,10,510.61,1021.22
T0009478,2025-08-30,C00055,P0018,Mumbai,1,20,613.78,613.78
T0009479,2026-06-09,C00754,P0073,Chennai,1,15,244.04,244.04
T0009480,2025-03-21,C00071,P0068,Chennai,4,5,326.7,1306.8
T0009481,2026-01-02,C00953,P0058,Chennai,2,20,659.36,1318.72
T0009482,2025-06-20,C00553,P0097,Ahmedabad,2,25,1430.17,2860.34
T0009483,2025-10-25,C00497,P0008,Kolkata,2,10,165.99,331.98
T0009484,2025-09-29,C00457,P0058,Chennai,1,0,824.2,824.2
T0009485,2025-09-26,C00461,P0016,Bengaluru,1,5,1005.26,1005.26
T0009486,2026-06-18,C00572,P0081,Pune,1,0,2194.67,2194.67
T0009487,2026-08-15,C00341,P0082,Mumbai,2,0,352.74,705.48
T0009488,2026-07-25,C00366,P0047,Bengaluru,2,0,720.52,1441.04
T0009489,2025-11-07,C00490,P0054,Chennai,1,10,262.17,262.17
T0009490,2025-08-04,C00327,P0082,Chennai,1,15,299.83,299.83
T0009491,2025-02-03,C00344,P0070,Chennai,1,0,673.73,673.73
T0009492,2025-01-28,C00405,P0095,Ahmedabad,1,5,329.34,329.34
T0009493,2025-04-17,C00957,P0068,Bengaluru,1,20,275.12,275.12
T0009494,2026-06-27,C00233,P0041,Delhi,3,15,791.04,2373.12
T0009495,2026-02-19,C00738,P0091,Mumbai,1,0,279.87,279.87
T0009496,2026-04-16,C00372,P0034,Hyderabad,1,10,253.03,253.03
T0009497,2026-06-24,C00872,P0018,Mumbai,1,0,767.23,767.23
T0009498,2026-06-15,C00403,P0051,Pune,4,0,836.11,3344.44
T0009499,2025-12-24,C00312,P0031,Delhi,2,0,232.11,464.22
T0009500,2025-04-09,C00126,P0092,Bengaluru,4,15,287.14,1148.56
T0009501,2026-05-30,C00452,P0051,Kolkata,1,5,794.3,794.3
T0009502,2026-04-02,C00771,P0085,Hyderabad,1,0,586.1,586.1
T0009503,2025-01-19,C00834,P0041,Hyderabad,2,5,884.1,1768.2
T0009504,2026-09-09,C00528,P0031,Bengaluru,1,15,197.29,197.29
T0009505,2025-02-11,C00149,P0025,Kolkata,1,0,185.23,185.23
T0009506,2025-07-07,C00165,P0053,Delhi,2,0,191.66,383.32
T0009507,2026-01-07,C00088,P0077,Kolkata,1,10,1433.78,1433.78
T0009508,2025-04-29,C00803,P0092,Delhi,1,5,320.92,320.92
T0009509,2025-10-21,C00409,P0034,Ahmedabad,2,0,281.14,562.28
T0009510,2025-12-08,C00480,P0068,Kolkata,1,5,326.7,326.7
T0009511,2025-06-21,C00267,P0029,Bengaluru,1,10,376.01,376.01
T0009512,2025-04-05,C00439,P0043,Ahmedabad,3,10,260.07,780.21
T0009513,2026-05-30,C00905,P0070,Pune,2,0,673.73,1347.46
T0009514,2026-01-11,C00679,P0031,Ahmedabad,2,10,208.9,417.8
T0009515,2026-07-06,C00105,P0025,Ahmedabad,1,15,157.45,157.45
T0009516,2025-10-05,C00289,P0060,Hyderabad,1,5,312.78,312.78
T0009517,2025-05-27,C00840,P0020,Chennai,2,0,1079.62,2159.24
T0009518,2025-11-26,C00365,P0036,Ahmedabad,1,0,471.39,471.39
T0009519,2026-05-22,C00863,P0051,Mumbai,2,5,794.3,1588.6
T0009520,2025-06-29,C00346,P0050,Delhi,1,5,1076.38,1076.38
T0009521,2026-02-17,C00807,P0035,Ahmedabad,2,10,330.3,660.6
T0009522,2025-08-31,C00869,P0064,Chennai,2,10,624.31,1248.62
T0009523,2026-04-01,C00788,P0005,Bengaluru,1,0,149.48,149.48
T0009524,2025-06-15,C00554,P0079,Kolkata,3,0,410.82,1232.46
T0009525,2025-09-24,C00366,P0036,Bengaluru,1,5,447.82,447.82
T0009526,2026-03-01,C00899,P0080,Ahmedabad,2,20,262.09,524.18
T0009527,2025-07-02,C00861,P0041,Pune,1,10,837.57,837.57
T0009528,2025-05-03,C00107,P0099,Mumbai,1,10,275.85,275.85
T0009529,2025-08-15,C00392,P0016,Chennai,1,15,899.44,899.44
T0009530,2025-02-15,C00969,P0047,Bengaluru,1,0,720.52,720.52
T0009531,2025-06-24,C00150,P0010,Chennai,2,5,1039.94,2079.88
T0009532,2025-05-20,C00427,P0089,Kolkata,2,5,199.65,399.3
T0009533,2026-08-21,C00064,P0052,Chennai,3,0,256.33,768.99
T0009534,2026-04-13,C00431,P0076,Mumbai,1,0,393.24,393.24
T0009535,2025-04-04,C00761,P0070,Delhi,1,10,606.36,606.36
T0009536,2026-03-31,C00790,P0036,Mumbai,1,0,471.39,471.39
T0009537,2025-12-18,C00370,P0070,Delhi,1,10,606.36,606.36
T0009538,2026-07-09,C00082,P0041,Hyderabad,1,0,930.63,930.63
T0009539,2026-05-20,C00607,P0006,Hyderabad,3,15,286.71,860.13
T0009540,2026-01-19,C00805,P0068,Mumbai,2,5,326.7,653.4
T0009541,2025-02-01,C00104,P0080,Ahmedabad,1,15,278.47,278.47
T0009542,2026-01-28,C00934,P0052,Mumbai,3,10,230.7,692.1
T0009543,2025-05-29,C00032,P0043,Mumbai,1,0,288.97,288.97
T0009544,2026-07-03,C00076,P0035,Pune,1,20,293.6,293.6
T0009545,2026-01-15,C00647,P0078,Bengaluru,1,20,289.29,289.29
T0009546,2026-02-03,C00839,P0034,Hyderabad,4,10,253.03,1012.12
T0009547,2025-01-20,C00007,P0052,Kolkata,1,5,243.51,243.51
T0009548,2026-01-29,C00327,P0005,Chennai,2,0,149.48,298.96
T0009549,2026-02-16,C00483,P0087,Hyderabad,1,0,341.41,341.41
T0009550,2025-03-16,C00354,P0097,Bengaluru,1,0,1906.89,1906.89
T0009551,2025-01-17,C00324,P0085,Bengaluru,1,15,498.18,498.18
T0009552,2025-06-04,C00395,P0020,Ahmedabad,2,10,971.66,1943.32
T0009553,2026-05-30,C00624,P0012,Chennai,1,10,199.96,199.96
T0009554,2025-10-13,C00796,P0009,Pune,2,25,90.76,181.52
T0009555,2025-06-29,C00994,P0092,Mumbai,1,15,287.14,287.14
T0009556,2025-03-22,C00510,P0098,Chennai,1,0,1053.91,1053.91
T0009557,2026-04-15,C00870,P0002,Mumbai,1,5,308.74,308.74
T0009558,2026-03-15,C00510,P0005,Chennai,1,25,112.11,112.11
T0009559,2025-04-15,C00727,P0090,Hyderabad,1,0,280.72,280.72
T0009560,2025-10-21,C00569,P0020,Mumbai,2,10,971.66,1943.32
T0009561,2025-08-06,C00795,P0054,Ahmedabad,2,0,291.3,582.6
T0009562,2025-06-19,C00153,P0100,Kolkata,3,0,496.92,1490.76
T0009563,2025-12-20,C00971,P0036,Bengaluru,2,10,424.25,848.5
T0009564,2026-05-04,C00250,P0088,Ahmedabad,3,25,154.43,463.29
T0009565,2025-09-16,C00092,P0023,Delhi,2,0,449.99,899.98
T0009566,2026-04-29,C00348,P0018,Mumbai,1,0,767.23,767.23
T0009567,2026-02-22,C00648,P0093,Ahmedabad,1,10,510.61,510.61
T0009568,2025-02-08,C00068,P0060,Bengaluru,1,0,329.24,329.24
T0009569,2025-05-15,C00512,P0057,Bengaluru,1,0,427.6,427.6
T0009570,2025-08-01,C00863,P0067,Mumbai,2,0,486.32,972.64
T0009571,2025-06-20,C00787,P0027,Hyderabad,1,15,508.81,508.81
T0009572,2025-10-17,C00653,P0020,Hyderabad,2,10,971.66,1943.32
T0009573,2025-10-13,C00622,P0091,Hyderabad,1,0,279.87,279.87
T0009574,2025-05-12,C00621,P0035,Chennai,3,15,311.95,935.85
T0009575,2025-03-18,C00339,P0078,Ahmedabad,3,10,325.45,976.35
T0009576,2025-12-09,C00727,P0094,Hyderabad,1,10,952.39,952.39
T0009577,2026-01-16,C00332,P0048,Bengaluru,2,15,523.21,1046.42
T0009578,2025-10-10,C00958,P0063,Mumbai,1,5,134.56,134.56
T0009579,2026-03-09,C00345,P0085,Bengaluru,2,5,556.79,1113.58
T0009580,2025-09-14,C00314,P0059,Kolkata,1,5,244.36,244.36
T0009581,2026-02-17,C00973,P0084,Hyderabad,1,10,477.31,477.31
T0009582,2026-05-12,C00688,P0013,Pune,2,5,553.56,1107.12
T0009583,2026-08-29,C00961,P0093,Pune,1,20,453.87,453.87
T0009584,2026-03-22,C00148,P0079,Chennai,2,0,410.82,821.64
T0009585,2025-05-28,C00287,P0028,Delhi,1,10,560.83,560.83
T0009586,2026-02-21,C00813,P0018,Hyderabad,1,0,767.23,767.23
T0009587,2025-01-03,C00610,P0022,Delhi,1,10,425.16,425.16
T0009588,2025-09-18,C00760,P0068,Mumbai,1,20,275.12,275.12
T0009589,2026-04-24,C00003,P0022,Hyderabad,1,0,472.4,472.4
T0009590,2025-10-06,C00569,P0015,Mumbai,1,20,2059.02,2059.02
T0009591,2025-10-20,C00135,P0067,Mumbai,1,10,437.69,437.69
T0009592,2026-09-10,C00390,P0077,Mumbai,2,5,1513.44,3026.88
T0009593,2025-07-12,C00057,P0013,Delhi,3,0,582.69,1748.07
T0009594,2026-03-22,C00117,P0015,Ahmedabad,1,10,2316.4,2316.4
T0009595,2025-10-17,C00787,P0020,Hyderabad,1,0,1079.62,1079.62
T0009596,2025-10-25,C00695,P0067,Bengaluru,1,5,462.0,462.0
T0009597,2025-10-07,C00042,P0092,Chennai,1,0,337.81,337.81
T0009598,2026-08-17,C00424,P0051,Pune,1,15,710.69,710.69
T0009599,2025-08-01,C00248,P0067,Ahmedabad,1,0,486.32,486.32
T0009600,2025-01-17,C00723,P0009,Kolkata,1,10,108.91,108.91
T0009601,2025-03-04,C00239,P0097,Pune,2,15,1620.86,3241.72
T0009602,2025-09-25,C00998,P0094,Mumbai,4,5,1005.3,4021.2
T0009603,2025-12-23,C00500,P0081,Pune,1,15,1865.47,1865.47
T0009604,2026-02-16,C00646,P0075,Mumbai,2,20,135.27,270.54
T0009605,2025-01-27,C00968,P0071,Pune,1,25,1201.79,1201.79
T0009606,2026-06-06,C00112,P0043,Ahmedabad,2,5,274.52,549.04
T0009607,2025-09-24,C00299,P0079,Delhi,1,20,328.66,328.66
T0009608,2026-01-30,C00778,P0043,Ahmedabad,1,10,260.07,260.07
T0009609,2025-06-23,C00512,P0002,Bengaluru,1,5,308.74,308.74
T0009610,2025-10-08,C00344,P0040,Chennai,2,0,731.47,1462.94
T0009611,2026-03-04,C00617,P0040,Kolkata,3,0,731.47,2194.41
T0009612,2025-06-07,C00141,P0061,Bengaluru,1,0,223.9,223.9
T0009613,2025-07-04,C00105,P0036,Ahmedabad,1,0,471.39,471.39
T0009614,2025-03-25,C00217,P0008,Pune,1,10,165.99,165.99
T0009615,2026-04-24,C00568,P0068,Pune,2,20,275.12,550.24
T0009616,2025-09-18,C00108,P0063,Bengaluru,1,15,120.39,120.39
T0009617,2025-12-24,C00982,P0001,Pune,3,0,731.6,2194.8
T0009618,2025-02-20,C00219,P0003,Delhi,2,25,267.5,535.0
T0009619,2026-03-03,C00054,P0011,Kolkata,1,10,343.34,343.34
T0009620,2026-09-24,C00498,P0020,Pune,1,10,971.66,971.66
T0009621,2026-09-02,C00603,P0033,Kolkata,3,0,276.55,829.65
T0009622,2025-12-02,C00828,P0033,Kolkata,2,20,221.24,442.48
T0009623,2026-05-18,C00164,P0093,Delhi,1,20,453.87,453.87
T0009624,2025-01-01,C00821,P0094,Pune,1,10,952.39,952.39
T0009625,2026-03-07,C00360,P0051,Chennai,1,20,668.89,668.89
T0009626,2025-07-05,C00539,P0078,Ahmedabad,2,0,361.61,723.22
T0009627,2025-10-31,C00588,P0055,Bengaluru,1,0,3390.4,3390.4
T0009628,2025-08-14,C00914,P0011,Pune,3,0,381.49,1144.47
T0009629,2026-09-07,C00821,P0010,Pune,2,5,1039.94,2079.88
T0009630,2026-04-17,C00512,P0019,Bengaluru,1,5,165.27,165.27
T0009631,2025-10-06,C00689,P0034,Hyderabad,1,0,281.14,281.14
T0009632,2026-01-20,C00288,P0063,Chennai,1,10,127.48,127.48
T0009633,2025-07-16,C00825,P0012,Pune,1,15,188.85,188.85
T0009634,2025-02-05,C00263,P0030,Delhi,1,0,386.5,386.5
T0009635,2025-12-29,C00458,P0002,Kolkata,1,0,324.99,324.99
T0009636,2025-09-28,C00875,P0053,Delhi,1,5,182.08,182.08
T0009637,2025-12-11,C00959,P0052,Hyderabad,1,0,256.33,256.33
T0009638,2025-06-23,C00178,P0024,Mumbai,2,10,228.92,457.84
T0009639,2025-08-22,C00631,P0051,Kolkata,3,0,836.11,2508.33
T0009640,2026-08-25,C00351,P0012,Kolkata,2,10,199.96,399.92
T0009641,2025-09-06,C00094,P0068,Bengaluru,2,20,275.12,550.24
T0009642,2026-07-20,C00181,P0014,Mumbai,1,15,787.86,787.86
T0009643,2025-01-27,C00112,P0093,Ahmedabad,2,10,510.61,1021.22
T0009644,2026-04-07,C00432,P0040,Kolkata,1,0,731.47,731.47
T0009645,2025-07-14,C00006,P0004,Hyderabad,2,0,560.89,1121.78
T0009646,2025-05-13,C00479,P0042,Kolkata,3,5,725.71,2177.13
T0009647,2026-06-17,C00949,P0097,Bengaluru,1,20,1525.51,1525.51
T0009648,2025-10-08,C00681,P0052,Bengaluru,1,10,230.7,230.7
T0009649,2025-09-04,C00437,P0010,Ahmedabad,1,15,930.47,930.47
T0009650,2025-09-03,C00092,P0046,Delhi,1,5,540.53,540.53
T0009651,2025-11-10,C00240,P0004,Ahmedabad,1,20,448.71,448.71
T0009652,2026-04-10,C00569,P0034,Mumbai,2,20,224.91,449.82
T0009653,2026-07-04,C00990,P0011,Bengaluru,1,0,381.49,381.49
T0009654,2025-08-13,C00335,P0068,Pune,1,0,343.9,343.9
T0009655,2026-08-13,C00386,P0093,Hyderabad,3,20,453.87,1361.61
T0009656,2026-04-22,C00435,P0065,Pune,1,0,1269.31,1269.31
T0009657,2025-04-19,C00109,P0042,Ahmedabad,1,5,725.71,725.71
T0009658,2026-06-13,C00609,P0045,Delhi,1,20,129.83,129.83
T0009659,2026-09-13,C00094,P0068,Bengaluru,1,5,326.7,326.7
T0009660,2026-03-07,C00569,P0020,Mumbai,1,5,1025.64,1025.64
T0009661,2025-07-08,C00099,P0068,Hyderabad,1,0,343.9,343.9
T0009662,2025-02-09,C00976,P0011,Hyderabad,1,0,381.49,381.49
T0009663,2026-06-16,C00476,P0068,Kolkata,1,5,326.7,326.7
T0009664,2025-09-22,C00230,P0018,Ahmedabad,1,20,613.78,613.78
T0009665,2026-01-04,C00315,P0093,Chennai,2,10,510.61,1021.22
T0009666,2026-08-21,C00664,P0060,Kolkata,1,25,246.93,246.93
T0009667,2025-08-11,C00298,P0091,Ahmedabad,2,15,237.89,475.78
T0009668,2025-01-02,C00874,P0011,Pune,1,20,305.19,305.19
T0009669,2026-02-01,C00932,P0093,Kolkata,4,5,538.97,2155.88
T0009670,2025-07-26,C00865,P0077,Chennai,3,25,1194.82,3584.46
T0009671,2025-03-16,C00619,P0093,Kolkata,1,0,567.34,567.34
T0009672,2026-03-12,C00949,P0034,Bengaluru,1,5,267.08,267.08
T0009673,2026-08-03,C00056,P0093,Ahmedabad,2,0,567.34,1134.68
T0009674,2025-01-10,C00250,P0088,Ahmedabad,2,15,175.02,350.04
T0009675,2025-08-09,C00610,P0035,Delhi,1,15,311.95,311.95
T0009676,2026-09-07,C00544,P0044,Pune,1,5,379.13,379.13
T0009677,2026-02-19,C00187,P0070,Hyderabad,1,0,673.73,673.73
T0009678,2026-06-29,C00995,P0084,Kolkata,4,20,424.27,1697.08
T0009679,2025-08-08,C00036,P0069,Mumbai,1,0,124.03,124.03
T0009680,2026-06-06,C00362,P0087,Kolkata,1,0,341.41,341.41
T0009681,2025-06-30,C00923,P0086,Bengaluru,1,10,372.25,372.25
T0009682,2025-11-25,C00210,P0068,Kolkata,1,5,326.7,326.7
T0009683,2026-06-03,C00556,P0081,Mumbai,1,20,1755.74,1755.74
T0009684,2026-02-07,C00020,P0047,Kolkata,2,0,720.52,1441.04
T0009685,2025-01-17,C00245,P0051,Pune,4,15,710.69,2842.76
T0009686,2025-11-05,C00039,P0021,Delhi,2,0,628.54,1257.08
T0009687,2026-04-20,C00362,P0040,Kolkata,1,15,621.75,621.75
T0009688,2025-11-03,C00653,P0027,Hyderabad,1,15,508.81,508.81
T0009689,2026-01-15,C00876,P0003,Pune,1,5,338.83,338.83
T0009690,2026-07-26,C00832,P0052,Bengaluru,1,0,256.33,256.33
T0009691,2025-04-08,C00199,P0043,Bengaluru,1,20,231.18,231.18
T0009692,2026-01-29,C00129,P0056,Ahmedabad,2,10,480.53,961.06
T0009693,2025-04-20,C00450,P0002,Pune,1,0,324.99,324.99
T0009694,2026-06-20,C00809,P0035,Ahmedabad,1,15,311.95,311.95
T0009695,2025-09-23,C00093,P0060,Delhi,1,0,329.24,329.24
T0009696,2026-06-03,C00896,P0068,Ahmedabad,2,5,326.7,653.4
T0009697,2025-12-14,C00667,P0056,Hyderabad,2,0,533.92,1067.84
T0009698,2025-04-09,C00050,P0043,Pune,1,15,245.62,245.62
T0009699,2025-01-28,C00661,P0043,Bengaluru,1,10,260.07,260.07
T0009700,2025-09-23,C00466,P0042,Mumbai,2,5,725.71,1451.42
T0009701,2025-12-02,C00770,P0003,Chennai,1,0,356.66,356.66
T0009702,2026-05-20,C00858,P0060,Bengaluru,1,15,279.85,279.85
T0009703,2025-01-04,C00001,P0014,Delhi,1,10,834.21,834.21
T0009704,2025-04-16,C00765,P0083,Delhi,3,0,4654.23,13962.69
T0009705,2025-08-29,C00122,P0055,Mumbai,2,5,3220.88,6441.76
T0009706,2026-07-30,C00053,P0068,Ahmedabad,1,0,343.9,343.9
T0009707,2025-04-17,C00698,P0094,Chennai,2,20,846.57,1693.14
T0009708,2026-09-20,C00521,P0047,Delhi,1,15,612.44,612.44
T0009709,2025-08-20,C00114,P0025,Pune,2,5,175.97,351.94
T0009710,2026-04-20,C00571,P0051,Ahmedabad,1,0,836.11,836.11
T0009711,2025-09-15,C00876,P0016,Pune,1,10,952.35,952.35
T0009712,2026-03-01,C00723,P0066,Kolkata,3,15,848.81,2546.43
T0009713,2025-01-18,C00577,P0068,Bengaluru,1,0,343.9,343.9
T0009714,2026-06-06,C00347,P0047,Delhi,4,10,648.47,2593.88
T0009715,2026-01-14,C00507,P0036,Hyderabad,2,5,447.82,895.64
T0009716,2025-05-19,C00340,P0093,Bengaluru,1,0,567.34,567.34
T0009717,2026-03-25,C00392,P0098,Chennai,2,0,1053.91,2107.82
T0009718,2025-08-05,C00869,P0062,Chennai,1,0,1322.57,1322.57
T0009719,2026-08-29,C00292,P0055,Pune,1,25,2542.8,2542.8
T0009720,2025-10-02,C00038,P0083,Mumbai,1,0,4654.23,4654.23
T0009721,2025-09-16,C00514,P0027,Bengaluru,1,10,538.74,538.74
T0009722,2026-06-03,C00279,P0068,Hyderabad,1,10,309.51,309.51
T0009723,2026-01-10,C00973,P0002,Hyderabad,1,10,292.49,292.49
T0009724,2026-03-08,C00956,P0048,Mumbai,1,5,584.76,584.76
T0009725,2025-04-20,C00719,P0078,Mumbai,1,10,325.45,325.45
T0009726,2026-07-02,C00224,P0088,Bengaluru,1,5,195.61,195.61
T0009727,2026-04-27,C00343,P0023,Pune,3,0,449.99,1349.97
T0009728,2025-07-22,C00404,P0093,Bengaluru,1,0,567.34,567.34
T0009729,2025-12-26,C00561,P0029,Hyderabad,1,0,417.79,417.79
T0009730,2025-04-18,C00549,P0080,Kolkata,1,15,278.47,278.47
T0009731,2025-01-06,C00718,P0064,Delhi,1,10,624.31,624.31
T0009732,2025-06-29,C00507,P0087,Hyderabad,1,0,341.41,341.41
T0009733,2026-05-25,C00760,P0068,Mumbai,1,5,326.7,326.7
T0009734,2025-09-19,C00734,P0090,Hyderabad,1,10,252.65,252.65
T0009735,2026-01-21,C00184,P0057,Delhi,1,10,384.84,384.84
T0009736,2025-12-26,C00576,P0078,Chennai,1,10,325.45,325.45
T0009737,2026-09-08,C00068,P0071,Bengaluru,1,15,1362.02,1362.02
T0009738,2025-07-23,C00066,P0040,Bengaluru,2,0,731.47,1462.94
T0009739,2025-10-05,C00155,P0071,Hyderabad,1,10,1442.14,1442.14
T0009740,2025-10-01,C00649,P0087,Hyderabad,3,0,341.41,1024.23
T0009741,2026-09-02,C00908,P0081,Bengaluru,1,5,2084.94,2084.94
T0009742,2025-06-23,C00391,P0006,Kolkata,1,5,320.44,320.44
T0009743,2025-11-03,C00724,P0016,Chennai,3,0,1058.17,3174.51
T0009744,2025-04-27,C00308,P0053,Kolkata,1,5,182.08,182.08
T0009745,2026-09-18,C00902,P0019,Pune,1,15,147.87,147.87
T0009746,2026-06-28,C00762,P0043,Ahmedabad,1,0,288.97,288.97
T0009747,2026-01-31,C00217,P0045,Pune,1,25,121.72,121.72
T0009748,2025-08-02,C00521,P0013,Delhi,3,5,553.56,1660.68
T0009749,2025-03-31,C00666,P0037,Hyderabad,2,0,293.17,586.34
T0009750,2026-05-20,C00129,P0025,Ahmedabad,1,10,166.71,166.71
T0009751,2026-03-25,C00792,P0093,Kolkata,3,15,482.24,1446.72
T0009752,2025-03-17,C00380,P0080,Mumbai,1,0,327.61,327.61
T0009753,2025-08-09,C00965,P0019,Ahmedabad,1,15,147.87,147.87
T0009754,2026-05-13,C00693,P0067,Chennai,1,15,413.37,413.37
T0009755,2025-06-13,C00616,P0085,Chennai,1,15,498.18,498.18
T0009756,2025-06-10,C00005,P0076,Bengaluru,1,0,393.24,393.24
T0009757,2025-06-13,C00115,P0033,Delhi,4,15,235.07,940.28
T0009758,2025-06-07,C00875,P0065,Delhi,1,0,1269.31,1269.31
T0009759,2025-12-15,C00398,P0043,Kolkata,1,5,274.52,274.52
T0009760,2026-05-29,C00784,P0069,Bengaluru,1,15,105.43,105.43
T0009761,2025-07-07,C00843,P0089,Ahmedabad,1,0,210.16,210.16
T0009762,2025-06-14,C00946,P0010,Bengaluru,1,5,1039.94,1039.94
T0009763,2025-09-30,C00919,P0010,Mumbai,2,10,985.2,1970.4
T0009764,2025-12-07,C00327,P0016,Chennai,1,0,1058.17,1058.17
T0009765,2026-09-21,C00949,P0024,Bengaluru,2,10,228.92,457.84
T0009766,2025-09-30,C00250,P0048,Ahmedabad,1,20,492.43,492.43
T0009767,2026-05-03,C00556,P0081,Mumbai,1,0,2194.67,2194.67
T0009768,2025-03-01,C00044,P0068,Hyderabad,2,25,257.92,515.84
T0009769,2026-04-15,C00258,P0011,Bengaluru,1,0,381.49,381.49
T0009770,2026-07-12,C00676,P0093,Bengaluru,2,20,453.87,907.74
T0009771,2026-02-13,C00618,P0099,Pune,1,5,291.18,291.18
T0009772,2025-09-29,C00931,P0051,Kolkata,1,10,752.5,752.5
T0009773,2026-07-25,C00255,P0043,Mumbai,2,0,288.97,577.94
T0009774,2025-03-24,C00073,P0043,Kolkata,1,5,274.52,274.52
T0009775,2025-01-20,C00242,P0013,Kolkata,2,5,553.56,1107.12
T0009776,2025-06-22,C00701,P0046,Chennai,1,10,512.08,512.08
T0009777,2025-01-04,C00705,P0019,Chennai,1,10,156.57,156.57
T0009778,2025-10-09,C00805,P0093,Mumbai,1,0,567.34,567.34
T0009779,2025-06-27,C00743,P0034,Bengaluru,4,0,281.14,1124.56
T0009780,2025-12-25,C00857,P0005,Bengaluru,1,0,149.48,149.48
T0009781,2025-07-10,C00410,P0075,Kolkata,1,0,169.09,169.09
T0009782,2026-07-30,C00995,P0050,Kolkata,1,0,1133.03,1133.03
T0009783,2025-05-05,C00157,P0020,Kolkata,1,15,917.68,917.68
T0009784,2025-04-15,C00175,P0044,Kolkata,1,10,359.17,359.17
T0009785,2025-06-02,C00581,P0015,Bengaluru,3,5,2445.09,7335.27
T0009786,2026-02-23,C00506,P0004,Mumbai,2,15,476.76,953.52
T0009787,2025-11-30,C00497,P0099,Kolkata,3,0,306.5,919.5
T0009788,2026-09-01,C00064,P0017,Chennai,1,25,233.48,233.48
T0009789,2026-09-12,C00981,P0043,Bengaluru,1,5,274.52,274.52
T0009790,2026-03-29,C00930,P0064,Bengaluru,1,15,589.63,589.63
T0009791,2025-12-09,C00961,P0043,Pune,2,0,288.97,577.94
T0009792,2026-03-04,C00033,P0098,Hyderabad,2,20,843.13,1686.26
T0009793,2025-11-28,C00266,P0043,Chennai,1,5,274.52,274.52
T0009794,2025-11-07,C00870,P0052,Mumbai,2,0,256.33,512.66
T0009795,2025-05-30,C00636,P0093,Delhi,1,0,567.34,567.34
T0009796,2026-01-10,C00745,P0088,Kolkata,1,25,154.43,154.43
T0009797,2026-06-30,C00485,P0063,Chennai,1,0,141.64,141.64
T0009798,2025-09-18,C00011,P0035,Hyderabad,1,0,367.0,367.0
T0009799,2025-12-11,C00696,P0058,Kolkata,1,0,824.2,824.2
T0009800,2026-04-28,C00234,P0005,Ahmedabad,1,5,142.01,142.01
T0009801,2025-02-03,C00438,P0022,Chennai,1,10,425.16,425.16
T0009802,2025-06-16,C00115,P0085,Delhi,1,5,556.79,556.79
T0009803,2026-05-13,C00296,P0055,Bengaluru,1,0,3390.4,3390.4
T0009804,2026-07-25,C00442,P0077,Kolkata,1,15,1354.13,1354.13
T0009805,2025-09-24,C00173,P0065,Hyderabad,3,0,1269.31,3807.93
T0009806,2026-03-19,C00946,P0077,Bengaluru,2,0,1593.09,3186.18
T0009807,2026-06-28,C00513,P0076,Chennai,4,0,393.24,1572.96
T0009808,2025-09-11,C00551,P0003,Bengaluru,2,0,356.66,713.32
T0009809,2026-06-10,C00746,P0071,Hyderabad,1,0,1602.38,1602.38
T0009810,2026-02-20,C00328,P0028,Pune,1,15,529.67,529.67
T0009811,2026-03-12,C00311,P0085,Mumbai,1,10,527.49,527.49
T0009812,2026-07-13,C00184,P0007,Delhi,1,10,471.78,471.78
T0009813,2025-03-16,C00198,P0016,Chennai,1,5,1005.26,1005.26
T0009814,2026-03-07,C00705,P0074,Chennai,2,5,438.34,876.68
T0009815,2025-10-24,C00956,P0026,Mumbai,1,0,571.26,571.26
T0009816,2025-09-30,C00767,P0013,Pune,1,5,553.56,553.56
T0009817,2025-08-21,C00989,P0043,Pune,1,0,288.97,288.97
T0009818,2025-12-23,C00417,P0003,Delhi,2,20,285.33,570.66
T0009819,2025-12-08,C00703,P0087,Pune,1,0,341.41,341.41
T0009820,2025-08-11,C00644,P0019,Ahmedabad,1,10,156.57,156.57
T0009821,2025-11-15,C00974,P0008,Hyderabad,1,20,147.54,147.54
T0009822,2025-06-10,C00179,P0072,Hyderabad,2,10,268.21,536.42
T0009823,2025-07-25,C00061,P0078,Kolkata,1,25,271.21,271.21
T0009824,2026-08-27,C00334,P0031,Mumbai,1,5,220.5,220.5
T0009825,2025-05-20,C00580,P0029,Ahmedabad,3,0,417.79,1253.37
T0009826,2025-10-22,C00407,P0084,Pune,1,5,503.82,503.82
T0009827,2026-01-18,C00861,P0048,Pune,1,15,523.21,523.21
T0009828,2026-06-26,C00571,P0051,Ahmedabad,3,5,794.3,2382.9
T0009829,2026-09-01,C00508,P0048,Ahmedabad,4,15,523.21,2092.84
T0009830,2026-07-06,C00465,P0025,Pune,1,0,185.23,185.23
T0009831,2025-08-29,C00439,P0043,Ahmedabad,2,0,288.97,577.94
T0009832,2025-03-02,C00615,P0056,Hyderabad,1,0,533.92,533.92
T0009833,2025-06-08,C00062,P0005,Hyderabad,1,0,149.48,149.48
T0009834,2025-11-10,C00239,P0034,Pune,1,0,281.14,281.14
T0009835,2026-01-21,C00152,P0095,Delhi,3,10,312.0,936.0
T0009836,2025-02-17,C00677,P0093,Ahmedabad,1,0,567.34,567.34
T0009837,2025-07-20,C00127,P0046,Pune,2,5,540.53,1081.06
T0009838,2026-07-21,C00068,P0074,Bengaluru,1,5,438.34,438.34
T0009839,2026-03-15,C00083,P0033,Pune,1,0,276.55,276.55
T0009840,2026-06-28,C00414,P0063,Ahmedabad,1,0,141.64,141.64
T0009841,2025-10-15,C00610,P0083,Delhi,2,0,4654.23,9308.46
T0009842,2026-05-08,C00232,P0051,Delhi,1,20,668.89,668.89
T0009843,2025-04-11,C00684,P0056,Ahmedabad,1,0,533.92,533.92
T0009844,2025-01-16,C00757,P0079,Mumbai,1,0,410.82,410.82
T0009845,2025-06-30,C00498,P0032,Pune,1,10,853.78,853.78
T0009846,2025-03-14,C00745,P0026,Kolkata,1,25,428.44,428.44
T0009847,2025-10-17,C00255,P0043,Mumbai,1,10,260.07,260.07
T0009848,2026-08-31,C00500,P0055,Pune,1,5,3220.88,3220.88
T0009849,2025-07-23,C00588,P0031,Bengaluru,1,15,197.29,197.29
T0009850,2025-10-01,C00750,P0068,Hyderabad,1,0,343.9,343.9
T0009851,2026-01-31,C00792,P0068,Kolkata,3,5,326.7,980.1
T0009852,2025-11-28,C00027,P0090,Hyderabad,1,0,280.72,280.72
T0009853,2026-05-27,C00925,P0049,Ahmedabad,1,0,136.97,136.97
T0009854,2026-07-25,C00290,P0017,Kolkata,1,0,311.3,311.3
T0009855,2026-02-06,C00259,P0011,Pune,1,15,324.27,324.27
T0009856,2025-11-17,C00236,P0035,Mumbai,1,5,348.65,348.65
T0009857,2025-03-03,C00311,P0030,Mumbai,1,10,347.85,347.85
T0009858,2026-05-18,C00084,P0074,Mumbai,1,5,438.34,438.34
T0009859,2025-04-09,C00659,P0051,Hyderabad,1,0,836.11,836.11
T0009860,2026-03-18,C00702,P0100,Ahmedabad,1,0,496.92,496.92
T0009861,2026-04-29,C00247,P0054,Chennai,1,20,233.04,233.04
T0009862,2026-08-16,C00324,P0033,Bengaluru,1,15,235.07,235.07
T0009863,2026-05-30,C00963,P0068,Chennai,3,15,292.32,876.96
T0009864,2026-03-17,C00748,P0016,Pune,1,0,1058.17,1058.17
T0009865,2025-06-04,C00404,P0043,Bengaluru,1,0,288.97,288.97
T0009866,2026-02-03,C00542,P0093,Kolkata,1,0,567.34,567.34
T0009867,2026-03-09,C00864,P0051,Delhi,1,0,836.11,836.11
T0009868,2026-05-06,C00257,P0082,Hyderabad,1,0,352.74,352.74
T0009869,2025-06-05,C00283,P0075,Chennai,1,0,169.09,169.09
T0009870,2025-07-03,C00057,P0040,Delhi,1,5,694.9,694.9
T0009871,2025-01-16,C00291,P0073,Kolkata,1,0,287.1,287.1
T0009872,2026-02-10,C00335,P0093,Pune,1,20,453.87,453.87
T0009873,2026-05-30,C00530,P0035,Pune,1,20,293.6,293.6
T0009874,2025-04-15,C00492,P0065,Pune,1,0,1269.31,1269.31
T0009875,2025-02-16,C00103,P0092,Mumbai,2,0,337.81,675.62
T0009876,2025-04-30,C00930,P0092,Bengaluru,2,25,253.36,506.72
T0009877,2025-11-13,C00926,P0008,Ahmedabad,1,5,175.21,175.21
T0009878,2025-01-17,C00770,P0065,Chennai,1,0,1269.31,1269.31
T0009879,2025-02-18,C00920,P0031,Pune,1,0,232.11,232.11
T0009880,2025-01-06,C00825,P0030,Pune,3,0,386.5,1159.5
T0009881,2025-02-01,C00034,P0051,Hyderabad,1,25,627.08,627.08
T0009882,2025-06-05,C00010,P0039,Bengaluru,1,15,608.37,608.37
T0009883,2025-09-07,C00027,P0094,Hyderabad,1,5,1005.3,1005.3
T0009884,2026-03-20,C00911,P0094,Kolkata,3,10,952.39,2857.17
T0009885,2025-12-09,C00288,P0026,Chennai,1,5,542.7,542.7
T0009886,2026-09-01,C00517,P0087,Hyderabad,1,0,341.41,341.41
T0009887,2025-03-06,C00693,P0031,Chennai,2,20,185.69,371.38
T0009888,2026-06-20,C00911,P0044,Kolkata,2,0,399.08,798.16
T0009889,2026-02-19,C00151,P0093,Hyderabad,1,5,538.97,538.97
T0009890,2026-04-11,C00007,P0075,Kolkata,1,5,160.64,160.64
T0009891,2026-07-14,C00104,P0051,Ahmedabad,1,15,710.69,710.69
T0009892,2025-08-31,C00351,P0032,Kolkata,1,5,901.21,901.21
T0009893,2025-02-04,C00220,P0097,Ahmedabad,1,20,1525.51,1525.51
T0009894,2025-06-11,C00792,P0093,Kolkata,1,10,510.61,510.61
T0009895,2026-08-13,C00742,P0045,Chennai,1,0,162.29,162.29
T0009896,2025-10-18,C00664,P0050,Kolkata,2,5,1076.38,2152.76
T0009897,2025-02-18,C00285,P0028,Chennai,2,15,529.67,1059.34
T0009898,2025-11-08,C00463,P0032,Mumbai,4,25,711.48,2845.92
T0009899,2025-03-29,C00842,P0028,Ahmedabad,1,10,560.83,560.83
T0009900,2026-04-05,C00904,P0097,Pune,1,10,1716.2,1716.2
T0009901,2025-01-08,C00361,P0080,Mumbai,1,10,294.85,294.85
T0009902,2025-05-12,C00654,P0041,Hyderabad,1,0,930.63,930.63
T0009903,2026-04-11,C00356,P0077,Hyderabad,1,25,1194.82,1194.82
T0009904,2025-09-26,C00429,P0087,Pune,1,5,324.34,324.34
T0009905,2025-10-26,C00888,P0029,Kolkata,2,10,376.01,752.02
T0009906,2025-05-25,C00808,P0012,Delhi,1,0,222.18,222.18
T0009907,2025-11-29,C00080,P0040,Bengaluru,1,25,548.6,548.6
T0009908,2025-12-30,C00588,P0051,Bengaluru,1,10,752.5,752.5
T0009909,2025-01-18,C00452,P0080,Kolkata,1,25,245.71,245.71
T0009910,2025-06-28,C00390,P0026,Mumbai,2,0,571.26,1142.52
T0009911,2025-10-22,C00012,P0043,Bengaluru,1,0,288.97,288.97
T0009912,2025-01-13,C00333,P0097,Hyderabad,2,0,1906.89,3813.78
T0009913,2025-08-03,C00270,P0091,Mumbai,3,15,237.89,713.67
T0009914,2025-11-01,C00967,P0092,Ahmedabad,1,5,320.92,320.92
T0009915,2026-02-16,C00426,P0034,Hyderabad,2,15,238.97,477.94
T0009916,2025-12-06,C00220,P0029,Ahmedabad,2,0,417.79,835.58
T0009917,2025-04-23,C00390,P0077,Mumbai,1,15,1354.13,1354.13
T0009918,2025-03-03,C00957,P0043,Bengaluru,2,5,274.52,549.04
T0009919,2025-05-07,C00444,P0055,Pune,1,10,3051.36,3051.36
T0009920,2025-11-27,C00850,P0013,Delhi,2,0,582.69,1165.38
T0009921,2026-09-08,C00359,P0073,Kolkata,1,5,272.74,272.74
T0009922,2025-07-20,C00934,P0084,Mumbai,2,10,477.31,954.62
T0009923,2026-01-09,C00233,P0041,Delhi,1,10,837.57,837.57
T0009924,2026-01-30,C00053,P0068,Ahmedabad,1,20,275.12,275.12
T0009925,2026-02-27,C00595,P0056,Pune,4,10,480.53,1922.12
T0009926,2025-09-14,C00652,P0043,Chennai,1,5,274.52,274.52
T0009927,2025-11-04,C00875,P0022,Delhi,1,0,472.4,472.4
T0009928,2026-05-06,C00867,P0065,Kolkata,1,10,1142.38,1142.38
T0009929,2025-08-06,C00639,P0100,Mumbai,2,10,447.23,894.46
T0009930,2026-09-17,C00008,P0061,Kolkata,2,20,179.12,358.24
T0009931,2025-07-24,C00813,P0018,Hyderabad,1,5,728.87,728.87
T0009932,2026-05-13,C00828,P0020,Kolkata,1,15,917.68,917.68
T0009933,2026-07-29,C00448,P0068,Delhi,1,0,343.9,343.9
T0009934,2025-07-07,C00886,P0063,Delhi,1,0,141.64,141.64
T0009935,2026-06-21,C00572,P0080,Pune,1,15,278.47,278.47
T0009936,2025-04-10,C00314,P0042,Kolkata,1,5,725.71,725.71
T0009937,2026-05-11,C00388,P0007,Chennai,1,0,524.2,524.2
T0009938,2025-03-09,C00921,P0093,Pune,1,5,538.97,538.97
T0009939,2026-05-30,C00396,P0009,Hyderabad,2,0,121.01,242.02
T0009940,2025-06-17,C00289,P0060,Hyderabad,1,25,246.93,246.93
T0009941,2025-12-23,C00914,P0051,Pune,1,5,794.3,794.3
T0009942,2026-08-27,C00813,P0087,Hyderabad,1,10,307.27,307.27
T0009943,2026-02-16,C00314,P0042,Kolkata,1,5,725.71,725.71
T0009944,2026-02-04,C00573,P0013,Chennai,2,0,582.69,1165.38
T0009945,2025-09-17,C00456,P0030,Kolkata,1,10,347.85,347.85
T0009946,2026-02-22,C00535,P0047,Pune,1,20,576.42,576.42
T0009947,2026-01-06,C00402,P0024,Bengaluru,1,20,203.48,203.48
T0009948,2025-12-02,C00825,P0030,Pune,1,15,328.52,328.52
T0009949,2026-02-27,C00230,P0013,Ahmedabad,3,0,582.69,1748.07
T0009950,2025-07-18,C00360,P0091,Chennai,1,5,265.88,265.88
T0009951,2025-01-14,C00212,P0081,Pune,2,0,2194.67,4389.34
T0009952,2025-01-02,C00019,P0005,Delhi,1,10,134.53,134.53
T0009953,2025-09-11,C00263,P0073,Delhi,3,5,272.74,818.22
T0009954,2025-12-01,C00597,P0024,Pune,4,10,228.92,915.68
T0009955,2025-06-19,C00590,P0059,Ahmedabad,1,10,231.5,231.5
T0009956,2026-04-17,C00681,P0096,Bengaluru,2,15,825.91,1651.82
T0009957,2026-02-03,C00865,P0077,Chennai,1,10,1433.78,1433.78
T0009958,2025-04-05,C00203,P0011,Mumbai,1,5,362.42,362.42
T0009959,2025-07-06,C00118,P0013,Mumbai,1,0,582.69,582.69
T0009960,2025-11-05,C00384,P0062,Kolkata,1,25,991.93,991.93
T0009961,2025-11-03,C00426,P0030,Hyderabad,1,15,328.52,328.52
T0009962,2025-12-23,C00071,P0043,Chennai,1,10,260.07,260.07
T0009963,2026-09-19,C00909,P0003,Ahmedabad,1,0,356.66,356.66
T0009964,2025-05-23,C00051,P0057,Kolkata,1,0,427.6,427.6
T0009965,2025-06-12,C00167,P0050,Mumbai,1,15,963.08,963.08
T0009966,2025-09-10,C00575,P0086,Kolkata,1,15,351.57,351.57
T0009967,2026-04-16,C00706,P0054,Mumbai,2,10,262.17,524.34
T0009968,2026-06-07,C00289,P0074,Hyderabad,2,10,415.27,830.54
T0009969,2026-01-14,C00084,P0069,Mumbai,1,10,111.63,111.63
T0009970,2025-05-20,C00132,P0015,Hyderabad,1,5,2445.09,2445.09
T0009971,2025-05-27,C00128,P0009,Ahmedabad,1,0,121.01,121.01
T0009972,2025-09-13,C00067,P0081,Hyderabad,2,10,1975.2,3950.4
T0009973,2025-11-19,C00509,P0093,Chennai,1,5,538.97,538.97
T0009974,2025-02-02,C00453,P0040,Delhi,1,5,694.9,694.9
T0009975,2025-03-18,C00328,P0037,Pune,1,15,249.19,249.19
T0009976,2026-04-08,C00580,P0012,Ahmedabad,2,0,222.18,444.36
T0009977,2026-07-30,C00377,P0006,Chennai,2,5,320.44,640.88
T0009978,2025-06-09,C00989,P0093,Pune,1,0,567.34,567.34
T0009979,2025-02-15,C00323,P0085,Ahmedabad,1,15,498.18,498.18
T0009980,2025-08-07,C00346,P0019,Delhi,1,15,147.87,147.87
T0009981,2025-12-04,C00955,P0056,Chennai,1,10,480.53,480.53
T0009982,2025-01-04,C00381,P0077,Kolkata,1,10,1433.78,1433.78
T0009983,2025-09-13,C00913,P0096,Ahmedabad,1,15,825.91,825.91
T0009984,2026-03-09,C00199,P0043,Bengaluru,1,0,288.97,288.97
T0009985,2025-07-27,C00407,P0071,Pune,1,0,1602.38,1602.38
T0009986,2026-03-20,C00092,P0022,Delhi,1,0,472.4,472.4
T0009987,2025-12-31,C00130,P0016,Bengaluru,1,15,899.44,899.44
T0009988,2026-08-17,C00196,P0093,Pune,2,10,510.61,1021.22
T0009989,2025-05-03,C00583,P0046,Mumbai,3,10,512.08,1536.24
T0009990,2026-01-25,C00289,P0006,Hyderabad,1,0,337.31,337.31
T0009991,2025-09-02,C00063,P0079,Pune,1,5,390.28,390.28
T0009992,2025-05-04,C00165,P0065,Delhi,1,10,1142.38,1142.38
T0009993,2026-09-01,C00567,P0041,Kolkata,1,25,697.97,697.97
T0009994,2025-07-28,C00822,P0037,Chennai,2,25,219.88,439.76
T0009995,2025-11-27,C00115,P0020,Delhi,1,15,917.68,917.68
T0009996,2025-11-11,C00996,P0064,Pune,1,0,693.68,693.68
T0009997,2025-01-06,C00265,P0043,Mumbai,1,0,288.97,288.97
T0009998,2026-07-13,C00644,P0007,Ahmedabad,1,5,497.99,497.99
T0009999,2025-02-01,C00904,P0073,Pune,2,5,272.74,545.48
T0010000,2025-02-04,C00789,P0061,Bengaluru,2,5,212.7,425.4
T0010001,2025-02-21,C00898,P0090,Mumbai,2,0,280.72,561.44
T0010002,2025-06-16,C00017,P0036,Chennai,1,10,424.25,424.25
T0010003,2025-12-18,C00251,P0031,Hyderabad,2,0,232.11,464.22
T0010004,2026-06-13,C00195,P0095,Bengaluru,1,15,294.67,294.67
T0010005,2025-12-14,C00696,P0067,Kolkata,2,5,462.0,924.0
T0010006,2026-06-25,C00367,P0022,Ahmedabad,2,20,377.92,755.84
T0010007,2025-02-21,C00977,P0056,Hyderabad,1,10,480.53,480.53
T0010008,2026-09-08,C00150,P0041,Chennai,1,10,837.57,837.57
T0010009,2025-05-04,C00489,P0071,Chennai,1,0,1602.38,1602.38
T0010010,2025-10-19,C00278,P0041,Pune,1,15,791.04,791.04
T0010011,2025-03-26,C00142,P0024,Ahmedabad,1,15,216.2,216.2
T0010012,2026-06-14,C00205,P0042,Ahmedabad,1,10,687.52,687.52
T0010013,2026-08-24,C00861,P0061,Pune,4,0,223.9,895.6
T0010014,2025-10-16,C00670,P0063,Kolkata,1,10,127.48,127.48
T0010015,2026-03-14,C00627,P0095,Bengaluru,1,0,346.67,346.67
T0010016,2025-07-08,C00239,P0078,Pune,1,15,307.37,307.37
T0010017,2026-09-04,C00991,P0041,Pune,2,5,884.1,1768.2
T0010018,2026-06-30,C00302,P0025,Pune,1,5,175.97,175.97
T0010019,2026-04-25,C00591,P0015,Chennai,2,20,2059.02,4118.04
T0010020,2025-02-09,C00426,P0001,Hyderabad,1,5,695.02,695.02
T0010021,2025-02-28,C00711,P0020,Pune,1,0,1079.62,1079.62
T0010022,2025-01-24,C00958,P0077,Mumbai,2,10,1433.78,2867.56
T0010023,2025-11-01,C00354,P0032,Bengaluru,1,0,948.64,948.64
T0010024,2026-04-06,C00319,P0099,Pune,2,0,306.5,613.0
T0010025,2026-03-31,C00007,P0007,Kolkata,4,20,419.36,1677.44
T0010026,2025-01-07,C00542,P0043,Kolkata,1,10,260.07,260.07
T0010027,2025-05-27,C00679,P0031,Ahmedabad,1,0,232.11,232.11
T0010028,2025-05-27,C00284,P0015,Hyderabad,1,0,2573.78,2573.78
T0010029,2025-02-19,C00576,P0034,Chennai,3,25,210.86,632.58
T0010030,2025-12-26,C00522,P0070,Pune,1,5,640.04,640.04
T0010031,2026-06-30,C00928,P0071,Kolkata,1,0,1602.38,1602.38
T0010032,2026-07-15,C00043,P0058,Bengaluru,1,20,659.36,659.36
T0010033,2025-10-29,C00779,P0013,Hyderabad,1,5,553.56,553.56
T0010034,2026-02-25,C00735,P0093,Mumbai,1,15,482.24,482.24
T0010035,2025-07-17,C00997,P0068,Ahmedabad,1,5,326.7,326.7
T0010036,2025-08-31,C00152,P0083,Delhi,1,0,4654.23,4654.23
T0010037,2026-04-15,C00180,P0014,Delhi,1,20,741.52,741.52
T0010038,2026-08-29,C00657,P0025,Chennai,3,10,166.71,500.13
T0010039,2025-10-31,C00979,P0064,Chennai,1,25,520.26,520.26
T0010040,2025-05-03,C00156,P0044,Ahmedabad,2,5,379.13,758.26
T0010041,2026-09-22,C00511,P0061,Kolkata,1,5,212.7,212.7
T0010042,2026-01-29,C00123,P0043,Ahmedabad,1,5,274.52,274.52
T0010043,2025-09-07,C00603,P0001,Kolkata,2,5,695.02,1390.04
T0010044,2025-09-24,C00171,P0002,Pune,1,5,308.74,308.74
T0010045,2026-07-04,C00466,P0009,Mumbai,1,15,102.86,102.86
T0010046,2025-11-11,C00312,P0031,Delhi,1,0,232.11,232.11
T0010047,2025-01-17,C00134,P0055,Kolkata,3,10,3051.36,9154.08
T0010048,2025-02-17,C00845,P0023,Ahmedabad,2,0,449.99,899.98
T0010049,2026-05-28,C00611,P0093,Kolkata,2,5,538.97,1077.94
T0010050,2025-07-29,C00747,P0073,Hyderabad,1,0,287.1,287.1
T0010051,2026-01-07,C00324,P0027,Bengaluru,2,15,508.81,1017.62
T0010052,2025-11-09,C00951,P0087,Bengaluru,2,5,324.34,648.68
T0010053,2025-01-02,C00278,P0026,Pune,1,0,571.26,571.26
T0010054,2025-06-10,C00750,P0093,Hyderabad,2,25,425.5,851.0
T0010055,2025-01-10,C00801,P0017,Pune,1,5,295.74,295.74
T0010056,2025-11-17,C00434,P0070,Chennai,1,0,673.73,673.73
T0010057,2025-03-04,C00798,P0019,Bengaluru,1,0,173.97,173.97
T0010058,2026-01-04,C00686,P0080,Delhi,1,15,278.47,278.47
T0010059,2026-04-04,C00472,P0018,Chennai,1,0,767.23,767.23
T0010060,2025-07-26,C00648,P0093,Ahmedabad,2,5,538.97,1077.94
T0010061,2026-01-17,C00789,P0044,Bengaluru,1,0,399.08,399.08
T0010062,2025-03-02,C00474,P0012,Delhi,1,0,222.18,222.18
T0010063,2025-10-23,C00094,P0043,Bengaluru,4,0,288.97,1155.88
T0010064,2025-10-26,C00682,P0042,Hyderabad,1,25,572.93,572.93
T0010065,2025-11-13,C00708,P0076,Ahmedabad,1,10,353.92,353.92
T0010066,2026-04-25,C00892,P0044,Chennai,1,10,359.17,359.17
T0010067,2025-04-06,C00960,P0025,Delhi,1,25,138.92,138.92
T0010068,2025-10-14,C00394,P0064,Ahmedabad,1,0,693.68,693.68
T0010069,2025-09-26,C00779,P0013,Hyderabad,2,5,553.56,1107.12
T0010070,2025-12-21,C00762,P0043,Ahmedabad,1,0,288.97,288.97
T0010071,2025-02-26,C00255,P0043,Mumbai,1,10,260.07,260.07
T0010072,2026-06-04,C00154,P0018,Bengaluru,1,5,728.87,728.87
T0010073,2025-09-27,C00960,P0025,Delhi,1,0,185.23,185.23
T0010074,2025-12-08,C00859,P0082,Mumbai,1,10,317.47,317.47
T0010075,2025-03-01,C00140,P0065,Ahmedabad,1,5,1205.84,1205.84
T0010076,2026-06-06,C00080,P0040,Bengaluru,1,20,585.18,585.18
T0010077,2026-06-17,C00226,P0041,Delhi,4,0,930.63,3722.52
T0010078,2025-12-10,C00764,P0058,Kolkata,1,0,824.2,824.2
T0010079,2026-06-02,C00726,P0058,Chennai,1,0,824.2,824.2
T0010080,2026-08-05,C00294,P0043,Chennai,2,0,288.97,577.94
T0010081,2025-10-21,C00577,P0093,Bengaluru,3,5,538.97,1616.91
T0010082,2026-09-19,C00515,P0038,Kolkata,1,10,506.39,506.39
T0010083,2025-01-24,C00316,P0035,Kolkata,1,0,367.0,367.0
T0010084,2026-04-08,C00851,P0067,Mumbai,1,20,389.06,389.06
T0010085,2025-07-30,C00436,P0037,Ahmedabad,1,0,293.17,293.17
T0010086,2025-09-01,C00914,P0080,Pune,1,10,294.85,294.85
T0010087,2026-03-09,C00762,P0093,Ahmedabad,1,15,482.24,482.24
T0010088,2025-05-06,C00579,P0077,Mumbai,1,5,1513.44,1513.44
T0010089,2025-06-23,C00774,P0072,Ahmedabad,4,20,238.41,953.64
T0010090,2025-04-20,C00821,P0100,Pune,1,15,422.38,422.38
T0010091,2025-08-29,C00412,P0093,Ahmedabad,2,15,482.24,964.48
T0010092,2025-05-07,C00603,P0085,Kolkata,1,0,586.1,586.1
T0010093,2026-06-20,C00426,P0012,Hyderabad,1,10,199.96,199.96
T0010094,2026-03-21,C00462,P0041,Bengaluru,1,10,837.57,837.57
T0010095,2025-03-17,C00121,P0070,Kolkata,1,10,606.36,606.36
T0010096,2025-11-03,C00906,P0017,Kolkata,1,0,311.3,311.3
T0010097,2026-06-01,C00445,P0014,Delhi,1,10,834.21,834.21
T0010098,2025-01-28,C00101,P0018,Kolkata,1,5,728.87,728.87
T0010099,2025-11-24,C00757,P0060,Mumbai,1,15,279.85,279.85
T0010100,2026-03-11,C00048,P0093,Ahmedabad,1,0,567.34,567.34
T0010101,2026-04-30,C00339,P0078,Ahmedabad,2,25,271.21,542.42
T0010102,2026-01-30,C00712,P0091,Ahmedabad,1,10,251.88,251.88
T0010103,2025-06-20,C00338,P0075,Mumbai,1,10,152.18,152.18
T0010104,2025-01-05,C00101,P0014,Kolkata,1,10,834.21,834.21
T0010105,2025-01-26,C00636,P0093,Delhi,1,15,482.24,482.24
T0010106,2025-10-01,C00839,P0085,Hyderabad,2,0,586.1,1172.2
T0010107,2026-08-20,C00313,P0011,Delhi,1,0,381.49,381.49
T0010108,2026-09-06,C00246,P0061,Hyderabad,1,15,190.32,190.32
T0010109,2026-05-29,C00999,P0038,Pune,1,15,478.26,478.26
T0010110,2026-03-07,C00212,P0055,Pune,4,15,2881.84,11527.36
T0010111,2025-02-15,C00091,P0096,Bengaluru,1,10,874.49,874.49
T0010112,2026-07-22,C00877,P0082,Hyderabad,1,0,352.74,352.74
T0010113,2025-11-30,C00716,P0016,Hyderabad,1,5,1005.26,1005.26
T0010114,2025-10-03,C00507,P0004,Hyderabad,1,5,532.85,532.85
T0010115,2025-10-04,C00367,P0016,Ahmedabad,2,5,1005.26,2010.52
T0010116,2026-03-04,C00615,P0025,Hyderabad,1,5,175.97,175.97
T0010117,2026-04-09,C00187,P0070,Hyderabad,3,0,673.73,2021.19
T0010118,2025-07-31,C00083,P0033,Pune,1,0,276.55,276.55
T0010119,2025-06-14,C00207,P0045,Kolkata,2,0,162.29,324.58
T0010120,2026-09-19,C00861,P0077,Pune,1,5,1513.44,1513.44
T0010121,2025-08-06,C00350,P0073,Chennai,1,0,287.1,287.1
T0010122,2026-04-05,C00859,P0035,Mumbai,2,0,367.0,734.0
T0010123,2026-04-12,C00582,P0027,Ahmedabad,1,15,508.81,508.81
T0010124,2026-02-11,C00820,P0067,Pune,1,0,486.32,486.32
T0010125,2025-01-14,C00081,P0023,Mumbai,1,5,427.49,427.49
T0010126,2025-08-29,C00543,P0089,Mumbai,1,5,199.65,199.65
T0010127,2025-10-31,C00165,P0053,Delhi,2,10,172.49,344.98
T0010128,2026-08-29,C00679,P0067,Ahmedabad,1,0,486.32,486.32
T0010129,2026-06-10,C00459,P0080,Ahmedabad,1,0,327.61,327.61
T0010130,2026-02-10,C00969,P0036,Bengaluru,2,5,447.82,895.64
T0010131,2025-02-26,C00380,P0031,Mumbai,2,5,220.5,441.0
T0010132,2025-01-14,C00085,P0084,Ahmedabad,1,20,424.27,424.27
T0010133,2025-08-19,C00533,P0034,Hyderabad,1,15,238.97,238.97
T0010134,2026-01-08,C00524,P0045,Mumbai,1,10,146.06,146.06
T0010135,2026-05-24,C00924,P0068,Kolkata,1,10,309.51,309.51
T0010136,2026-01-16,C00942,P0063,Chennai,2,0,141.64,283.28
T0010137,2026-07-07,C00403,P0067,Pune,3,0,486.32,1458.96
T0010138,2026-09-19,C00055,P0025,Mumbai,1,0,185.23,185.23
T0010139,2026-09-19,C00253,P0068,Ahmedabad,1,10,309.51,309.51
T0010140,2026-02-12,C00839,P0097,Hyderabad,1,0,1906.89,1906.89
T0010141,2026-02-04,C00504,P0072,Ahmedabad,1,10,268.21,268.21
T0010142,2025-12-06,C00090,P0042,Chennai,1,5,725.71,725.71
T0010143,2025-03-04,C00827,P0040,Pune,1,5,694.9,694.9
T0010144,2025-05-06,C00818,P0096,Pune,2,5,923.08,1846.16
T0010145,2025-03-29,C00779,P0014,Hyderabad,1,10,834.21,834.21
T0010146,2026-03-23,C00391,P0002,Kolkata,1,0,324.99,324.99
T0010147,2026-06-06,C00320,P0069,Mumbai,2,0,124.03,248.06
T0010148,2025-09-10,C00578,P0087,Ahmedabad,1,15,290.2,290.2
T0010149,2026-04-29,C00952,P0028,Kolkata,1,10,560.83,560.83
T0010150,2026-03-01,C00065,P0087,Mumbai,2,0,341.41,682.82
T0010151,2026-09-07,C00010,P0098,Bengaluru,1,0,1053.91,1053.91
T0010152,2025-07-02,C00988,P0096,Delhi,2,15,825.91,1651.82
T0010153,2025-01-21,C00102,P0083,Mumbai,2,25,3490.67,6981.34
T0010154,2026-02-24,C00405,P0003,Ahmedabad,1,5,338.83,338.83
T0010155,2025-03-16,C00028,P0076,Kolkata,1,5,373.58,373.58
T0010156,2026-06-09,C00818,P0002,Pune,1,15,276.24,276.24
T0010157,2025-06-05,C00980,P0035,Kolkata,1,0,367.0,367.0
T0010158,2025-10-30,C00877,P0046,Hyderabad,3,15,483.63,1450.89
T0010159,2025-02-13,C00118,P0014,Mumbai,1,10,834.21,834.21
T0010160,2025-04-09,C00174,P0088,Hyderabad,1,15,175.02,175.02
T0010161,2025-05-27,C00405,P0005,Ahmedabad,1,0,149.48,149.48
T0010162,2026-08-11,C00724,P0022,Chennai,1,10,425.16,425.16
T0010163,2025-04-14,C00442,P0077,Kolkata,3,10,1433.78,4301.34
T0010164,2025-08-17,C00215,P0064,Pune,1,0,693.68,693.68
T0010165,2026-06-05,C00936,P0051,Delhi,1,10,752.5,752.5
T0010166,2025-06-30,C00619,P0093,Kolkata,1,20,453.87,453.87
T0010167,2026-01-22,C00838,P0002,Kolkata,1,20,259.99,259.99
T0010168,2025-07-17,C00102,P0022,Mumbai,1,0,472.4,472.4
T0010169,2026-01-26,C00204,P0070,Delhi,2,0,673.73,1347.46
T0010170,2026-07-07,C00697,P0081,Delhi,1,15,1865.47,1865.47
T0010171,2026-09-01,C00971,P0040,Bengaluru,2,0,731.47,1462.94
T0010172,2026-02-16,C00740,P0022,Delhi,1,10,425.16,425.16
T0010173,2025-01-14,C00193,P0039,Mumbai,1,0,715.73,715.73
T0010174,2026-04-11,C00431,P0041,Mumbai,2,10,837.57,1675.14
T0010175,2025-11-02,C00511,P0094,Kolkata,1,10,952.39,952.39
T0010176,2026-01-26,C00324,P0034,Bengaluru,1,5,267.08,267.08
T0010177,2025-02-12,C00749,P0057,Hyderabad,2,5,406.22,812.44
T0010178,2026-05-20,C00825,P0027,Pune,1,5,568.67,568.67
T0010179,2025-09-16,C00835,P0008,Pune,1,10,165.99,165.99
T0010180,2026-05-29,C00504,P0049,Ahmedabad,1,10,123.27,123.27
T0010181,2025-11-11,C00541,P0097,Delhi,1,0,1906.89,1906.89
T0010182,2025-08-29,C00395,P0015,Ahmedabad,1,0,2573.78,2573.78
T0010183,2025-02-22,C00696,P0080,Kolkata,2,10,294.85,589.7
T0010184,2025-10-17,C00370,P0004,Delhi,3,0,560.89,1682.67
T0010185,2026-07-20,C00829,P0027,Mumbai,2,10,538.74,1077.48
T0010186,2025-08-01,C00181,P0018,Mumbai,3,20,613.78,1841.34
T0010187,2025-06-03,C00154,P0018,Bengaluru,1,10,690.51,690.51
T0010188,2026-06-21,C00785,P0056,Mumbai,1,0,533.92,533.92
T0010189,2026-09-22,C00882,P0070,Delhi,1,10,606.36,606.36
T0010190,2025-11-02,C00401,P0079,Hyderabad,1,0,410.82,410.82
T0010191,2025-07-30,C00400,P0060,Pune,3,5,312.78,938.34
T0010192,2026-08-10,C00594,P0072,Bengaluru,2,20,238.41,476.82
T0010193,2025-01-15,C00221,P0096,Kolkata,2,0,971.66,1943.32
T0010194,2025-07-04,C00523,P0093,Pune,2,15,482.24,964.48
T0010195,2025-07-10,C00088,P0038,Kolkata,4,0,562.66,2250.64
T0010196,2025-09-09,C00654,P0048,Hyderabad,1,10,553.99,553.99
T0010197,2025-08-26,C00879,P0052,Bengaluru,1,20,205.06,205.06
T0010198,2026-08-06,C00881,P0041,Ahmedabad,2,5,884.1,1768.2
T0010199,2026-06-06,C00783,P0043,Mumbai,1,0,288.97,288.97
T0010200,2026-08-29,C00941,P0057,Bengaluru,1,10,384.84,384.84
T0010201,2026-02-15,C00370,P0056,Delhi,1,0,533.92,533.92
T0010202,2025-04-16,C00780,P0030,Mumbai,1,10,347.85,347.85
T0010203,2026-04-14,C00882,P0036,Delhi,1,0,471.39,471.39
T0010204,2025-12-05,C00366,P0036,Bengaluru,4,5,447.82,1791.28
T0010205,2025-03-09,C00176,P0063,Chennai,1,25,106.23,106.23
T0010206,2026-03-20,C00149,P0025,Kolkata,1,0,185.23,185.23
T0010207,2025-08-05,C00184,P0084,Delhi,4,0,530.34,2121.36
T0010208,2025-06-21,C00849,P0025,Bengaluru,1,10,166.71,166.71
T0010209,2026-02-15,C00875,P0039,Delhi,1,10,644.16,644.16
T0010210,2025-04-02,C00421,P0080,Pune,2,0,327.61,655.22
T0010211,2025-02-15,C00674,P0043,Chennai,2,5,274.52,549.04
T0010212,2025-08-03,C00805,P0093,Mumbai,2,5,538.97,1077.94
T0010213,2025-04-17,C00077,P0043,Mumbai,2,15,245.62,491.24
T0010214,2025-10-19,C00432,P0070,Kolkata,1,5,640.04,640.04
T0010215,2026-04-27,C00979,P0062,Chennai,1,0,1322.57,1322.57
T0010216,2025-04-09,C00224,P0048,Bengaluru,1,5,584.76,584.76
T0010217,2026-05-29,C00888,P0020,Kolkata,1,20,863.7,863.7
T0010218,2026-07-31,C00994,P0021,Mumbai,2,10,565.69,1131.38
T0010219,2025-04-30,C00042,P0042,Chennai,1,20,611.13,611.13
T0010220,2025-07-08,C00898,P0061,Mumbai,1,5,212.7,212.7
T0010221,2025-03-08,C00403,P0067,Pune,2,0,486.32,972.64
T0010222,2025-04-19,C00956,P0061,Mumbai,1,0,223.9,223.9
T0010223,2026-06-24,C00429,P0014,Pune,1,15,787.86,787.86
T0010224,2025-09-11,C00762,P0068,Ahmedabad,1,15,292.32,292.32
T0010225,2025-06-16,C00553,P0078,Ahmedabad,1,10,325.45,325.45
T0010226,2026-04-24,C00327,P0022,Chennai,1,0,472.4,472.4
T0010227,2025-07-10,C00109,P0008,Ahmedabad,2,0,184.43,368.86
T0010228,2026-07-16,C00667,P0025,Hyderabad,1,25,138.92,138.92
T0010229,2026-07-17,C00375,P0069,Hyderabad,1,10,111.63,111.63
T0010230,2026-02-21,C00520,P0023,Kolkata,1,10,404.99,404.99
T0010231,2025-04-26,C00531,P0098,Pune,1,15,895.82,895.82
T0010232,2026-02-16,C00107,P0009,Mumbai,1,0,121.01,121.01
T0010233,2026-04-07,C00626,P0052,Hyderabad,2,5,243.51,487.02
T0010234,2026-02-05,C00777,P0068,Delhi,1,0,343.9,343.9
T0010235,2025-11-11,C00100,P0043,Pune,2,10,260.07,520.14
T0010236,2026-07-31,C00315,P0068,Chennai,1,25,257.92,257.92
T0010237,2026-04-06,C00236,P0095,Mumbai,1,10,312.0,312.0
T0010238,2025-05-02,C00398,P0043,Kolkata,2,10,260.07,520.14
T0010239,2026-03-25,C00411,P0064,Hyderabad,2,10,624.31,1248.62
T0010240,2026-06-08,C00346,P0057,Delhi,1,20,342.08,342.08
T0010241,2026-02-27,C00601,P0028,Kolkata,1,5,591.98,591.98
T0010242,2025-02-12,C00960,P0087,Delhi,1,10,307.27,307.27
T0010243,2025-05-09,C00304,P0057,Delhi,2,10,384.84,769.68
T0010244,2025-08-04,C00275,P0001,Hyderabad,1,10,658.44,658.44
T0010245,2026-04-28,C00359,P0020,Kolkata,1,5,1025.64,1025.64
T0010246,2025-11-14,C00024,P0068,Mumbai,1,15,292.32,292.32
T0010247,2026-05-28,C00143,P0061,Kolkata,1,0,223.9,223.9
T0010248,2026-01-05,C00325,P0036,Kolkata,2,0,471.39,942.78
T0010249,2025-12-20,C00630,P0053,Bengaluru,4,25,143.74,574.96
T0010250,2025-03-05,C00766,P0095,Kolkata,2,0,346.67,693.34
T0010251,2025-10-09,C00258,P0067,Bengaluru,1,10,437.69,437.69
T0010252,2025-12-21,C00844,P0022,Pune,1,0,472.4,472.4
T0010253,2025-05-30,C00310,P0067,Ahmedabad,3,0,486.32,1458.96
T0010254,2026-07-11,C00584,P0030,Hyderabad,1,15,328.52,328.52
T0010255,2025-06-28,C00374,P0093,Delhi,2,10,510.61,1021.22
T0010256,2025-11-09,C00221,P0079,Kolkata,2,5,390.28,780.56
T0010257,2026-03-28,C00809,P0039,Ahmedabad,1,0,715.73,715.73
T0010258,2026-02-20,C00003,P0053,Hyderabad,1,20,153.33,153.33
T0010259,2026-06-25,C00097,P0005,Pune,1,0,149.48,149.48
T0010260,2025-04-05,C00359,P0086,Kolkata,2,25,310.21,620.42
T0010261,2025-09-15,C00132,P0078,Hyderabad,3,5,343.53,1030.59
T0010262,2025-07-09,C00868,P0085,Delhi,1,15,498.18,498.18
T0010263,2025-03-08,C00640,P0014,Ahmedabad,1,15,787.86,787.86
T0010264,2025-08-21,C00723,P0089,Kolkata,1,10,189.14,189.14
T0010265,2026-08-08,C00711,P0027,Pune,1,10,538.74,538.74
T0010266,2026-08-11,C00698,P0088,Chennai,1,10,185.32,185.32
T0010267,2026-04-20,C00141,P0010,Bengaluru,1,0,1094.67,1094.67
T0010268,2026-06-19,C00816,P0016,Chennai,1,5,1005.26,1005.26
T0010269,2025-10-15,C00265,P0093,Mumbai,1,10,510.61,510.61
T0010270,2025-05-16,C00793,P0098,Pune,1,10,948.52,948.52
T0010271,2025-12-04,C00488,P0043,Pune,1,0,288.97,288.97
T0010272,2025-07-22,C00359,P0033,Kolkata,1,20,221.24,221.24
T0010273,2025-10-15,C00655,P0089,Ahmedabad,1,10,189.14,189.14
T0010274,2026-07-26,C00767,P0018,Pune,2,10,690.51,1381.02
T0010275,2026-03-11,C00184,P0084,Delhi,1,0,530.34,530.34
T0010276,2025-06-13,C00984,P0043,Pune,1,10,260.07,260.07
T0010277,2025-11-28,C00810,P0051,Delhi,2,20,668.89,1337.78
T0010278,2026-04-19,C00828,P0073,Kolkata,1,10,258.39,258.39
T0010279,2025-03-24,C00965,P0071,Ahmedabad,1,10,1442.14,1442.14
T0010280,2026-03-11,C00054,P0067,Kolkata,1,10,437.69,437.69
T0010281,2025-06-20,C00453,P0047,Delhi,3,5,684.49,2053.47
T0010282,2026-07-18,C00832,P0052,Bengaluru,1,0,256.33,256.33
T0010283,2026-08-11,C00869,P0045,Chennai,2,0,162.29,324.58
T0010284,2025-05-28,C00906,P0017,Kolkata,1,0,311.3,311.3
T0010285,2026-07-10,C00517,P0047,Hyderabad,2,0,720.52,1441.04
T0010286,2026-01-06,C00206,P0038,Kolkata,1,25,422.0,422.0
T0010287,2026-06-25,C00228,P0056,Mumbai,1,5,507.22,507.22
T0010288,2025-09-12,C00025,P0029,Ahmedabad,1,20,334.23,334.23
T0010289,2026-06-15,C00396,P0064,Hyderabad,2,5,659.0,1318.0
T0010290,2026-08-02,C00368,P0086,Ahmedabad,3,0,413.61,1240.83
T0010291,2026-07-01,C00973,P0050,Hyderabad,3,5,1076.38,3229.14
T0010292,2025-01-30,C00527,P0093,Bengaluru,2,0,567.34,1134.68
T0010293,2025-01-24,C00147,P0081,Delhi,2,0,2194.67,4389.34
T0010294,2026-08-15,C00420,P0001,Delhi,1,5,695.02,695.02
T0010295,2025-06-30,C00750,P0043,Hyderabad,1,5,274.52,274.52
T0010296,2025-10-25,C00054,P0058,Kolkata,3,15,700.57,2101.71
T0010297,2025-04-24,C00833,P0004,Bengaluru,1,5,532.85,532.85
T0010298,2025-09-23,C00357,P0045,Delhi,1,25,121.72,121.72
T0010299,2025-03-29,C00703,P0036,Pune,1,10,424.25,424.25
T0010300,2025-02-28,C00285,P0042,Chennai,1,0,763.91,763.91
T0010301,2025-10-24,C00466,P0059,Mumbai,1,10,231.5,231.5
T0010302,2026-04-26,C00202,P0054,Chennai,1,25,218.48,218.48
T0010303,2025-08-07,C00906,P0096,Kolkata,2,5,923.08,1846.16
T0010304,2025-10-17,C00992,P0058,Delhi,1,15,700.57,700.57
T0010305,2025-02-06,C00564,P0042,Pune,1,5,725.71,725.71
T0010306,2026-04-08,C00698,P0038,Chennai,2,0,562.66,1125.32
T0010307,2025-12-10,C00337,P0075,Chennai,1,20,135.27,135.27
T0010308,2025-11-12,C00853,P0096,Chennai,2,10,874.49,1748.98
T0010309,2025-08-19,C00146,P0046,Pune,1,20,455.18,455.18
T0010310,2025-02-09,C00638,P0031,Pune,2,5,220.5,441.0
T0010311,2026-08-15,C00730,P0093,Chennai,2,0,567.34,1134.68
T0010312,2026-04-26,C00519,P0034,Chennai,1,0,281.14,281.14
T0010313,2025-04-08,C00671,P0087,Kolkata,1,5,324.34,324.34
T0010314,2025-08-10,C00114,P0047,Pune,2,0,720.52,1441.04
T0010315,2025-12-06,C00423,P0025,Mumbai,1,0,185.23,185.23
T0010316,2025-12-27,C00112,P0068,Ahmedabad,1,10,309.51,309.51
T0010317,2025-06-17,C00484,P0064,Kolkata,2,0,693.68,1387.36
T0010318,2026-01-02,C00283,P0060,Chennai,1,0,329.24,329.24
T0010319,2025-12-30,C00113,P0043,Chennai,2,0,288.97,577.94
T0010320,2025-04-19,C00288,P0048,Chennai,1,0,615.54,615.54
T0010321,2025-02-28,C00925,P0028,Ahmedabad,1,0,623.14,623.14
T0010322,2025-11-25,C00491,P0026,Hyderabad,1,15,485.57,485.57
T0010323,2025-08-02,C00558,P0082,Delhi,1,25,264.56,264.56
T0010324,2025-09-20,C00158,P0018,Delhi,2,5,728.87,1457.74
T0010325,2025-08-01,C00155,P0096,Hyderabad,2,5,923.08,1846.16
T0010326,2025-11-16,C00410,P0057,Kolkata,1,15,363.46,363.46
T0010327,2025-01-15,C00868,P0078,Delhi,1,15,307.37,307.37
T0010328,2026-09-10,C00165,P0035,Delhi,2,25,275.25,550.5
T0010329,2026-04-14,C00419,P0026,Bengaluru,1,0,571.26,571.26
T0010330,2026-06-06,C00641,P0074,Mumbai,1,15,392.2,392.2
T0010331,2025-05-19,C00621,P0035,Chennai,2,0,367.0,734.0
T0010332,2026-06-14,C00666,P0028,Hyderabad,1,15,529.67,529.67
T0010333,2026-08-14,C00137,P0027,Kolkata,1,5,568.67,568.67
T0010334,2025-09-10,C00457,P0067,Chennai,1,5,462.0,462.0
T0010335,2026-03-27,C00160,P0023,Kolkata,1,10,404.99,404.99
T0010336,2026-03-09,C00041,P0093,Pune,1,0,567.34,567.34
T0010337,2025-03-26,C00539,P0001,Ahmedabad,1,10,658.44,658.44
T0010338,2025-05-01,C00869,P0009,Chennai,1,10,108.91,108.91
T0010339,2026-05-15,C00457,P0091,Chennai,1,0,279.87,279.87
T0010340,2026-07-15,C00909,P0098,Ahmedabad,3,5,1001.21,3003.63
T0010341,2026-08-28,C00755,P0069,Hyderabad,1,0,124.03,124.03
T0010342,2025-09-07,C00749,P0006,Hyderabad,1,15,286.71,286.71
T0010343,2025-05-17,C00439,P0068,Ahmedabad,2,0,343.9,687.8
T0010344,2025-04-30,C00580,P0078,Ahmedabad,1,10,325.45,325.45
T0010345,2025-08-07,C00790,P0056,Mumbai,3,0,533.92,1601.76
T0010346,2026-03-19,C00990,P0080,Bengaluru,1,0,327.61,327.61
T0010347,2025-12-26,C00026,P0070,Mumbai,1,10,606.36,606.36
T0010348,2025-06-24,C00385,P0060,Ahmedabad,1,0,329.24,329.24
T0010349,2025-11-01,C00279,P0093,Hyderabad,2,15,482.24,964.48
T0010350,2025-10-18,C00728,P0014,Chennai,1,10,834.21,834.21
T0010351,2025-12-07,C00459,P0031,Ahmedabad,2,10,208.9,417.8
T0010352,2025-11-16,C00839,P0001,Hyderabad,1,0,731.6,731.6
T0010353,2025-04-25,C00029,P0068,Bengaluru,2,5,326.7,653.4
T0010354,2025-10-27,C00084,P0002,Mumbai,1,0,324.99,324.99
T0010355,2025-10-15,C00222,P0036,Ahmedabad,2,0,471.39,942.78
T0010356,2025-04-28,C00889,P0069,Hyderabad,1,0,124.03,124.03
T0010357,2025-10-25,C00218,P0098,Hyderabad,1,5,1001.21,1001.21
T0010358,2025-10-30,C00714,P0033,Chennai,3,25,207.41,622.23
T0010359,2026-01-19,C00938,P0055,Chennai,1,10,3051.36,3051.36
T0010360,2026-04-22,C00867,P0083,Kolkata,1,5,4421.52,4421.52
T0010361,2025-05-12,C00144,P0018,Ahmedabad,2,0,767.23,1534.46
T0010362,2025-02-26,C00627,P0022,Bengaluru,1,10,425.16,425.16
T0010363,2025-06-15,C00377,P0057,Chennai,1,15,363.46,363.46
T0010364,2026-01-09,C00152,P0022,Delhi,1,20,377.92,377.92
T0010365,2025-09-30,C00765,P0053,Delhi,1,15,162.91,162.91
T0010366,2025-05-03,C00570,P0056,Pune,1,0,533.92,533.92
T0010367,2025-08-16,C00104,P0051,Ahmedabad,1,5,794.3,794.3
T0010368,2025-10-13,C00267,P0024,Bengaluru,3,5,241.63,724.89
T0010369,2025-06-23,C00850,P0056,Delhi,2,5,507.22,1014.44
T0010370,2025-02-28,C00956,P0026,Mumbai,3,0,571.26,1713.78
T0010371,2025-11-03,C00419,P0100,Bengaluru,1,0,496.92,496.92
T0010372,2025-07-16,C00065,P0070,Mumbai,3,15,572.67,1718.01
T0010373,2026-04-17,C00243,P0086,Hyderabad,2,0,413.61,827.22
T0010374,2025-10-27,C00973,P0052,Hyderabad,3,20,205.06,615.18
T0010375,2026-03-28,C00237,P0060,Chennai,1,0,329.24,329.24
T0010376,2025-11-18,C00762,P0068,Ahmedabad,2,5,326.7,653.4
T0010377,2026-02-05,C00060,P0085,Delhi,1,10,527.49,527.49
T0010378,2026-01-22,C00115,P0085,Delhi,1,10,527.49,527.49
T0010379,2026-08-23,C00310,P0031,Ahmedabad,1,10,208.9,208.9
T0010380,2026-06-22,C00981,P0043,Bengaluru,1,10,260.07,260.07
T0010381,2026-08-15,C00328,P0062,Pune,1,0,1322.57,1322.57
T0010382,2025-01-27,C00960,P0004,Delhi,2,15,476.76,953.52
T0010383,2025-11-07,C00355,P0068,Delhi,1,0,343.9,343.9
T0010384,2026-09-03,C00265,P0068,Mumbai,1,0,343.9,343.9
T0010385,2026-03-29,C00423,P0014,Mumbai,1,10,834.21,834.21
T0010386,2025-08-01,C00624,P0078,Chennai,2,0,361.61,723.22
T0010387,2025-02-21,C00650,P0068,Kolkata,3,0,343.9,1031.7
T0010388,2026-08-21,C00205,P0089,Ahmedabad,2,0,210.16,420.32
T0010389,2026-03-15,C00817,P0066,Hyderabad,1,0,998.6,998.6
T0010390,2026-08-07,C00150,P0088,Chennai,2,0,205.91,411.82
T0010391,2026-02-03,C00146,P0065,Pune,1,15,1078.91,1078.91
T0010392,2025-10-07,C00376,P0029,Hyderabad,2,0,417.79,835.58
T0010393,2026-04-19,C00598,P0053,Hyderabad,1,5,182.08,182.08
T0010394,2025-08-19,C00334,P0055,Mumbai,2,20,2712.32,5424.64
T0010395,2025-07-01,C00087,P0037,Mumbai,1,10,263.85,263.85
T0010396,2026-05-17,C00422,P0051,Kolkata,1,25,627.08,627.08
T0010397,2026-07-30,C00336,P0043,Hyderabad,2,0,288.97,577.94
T0010398,2026-01-27,C00141,P0041,Bengaluru,2,5,884.1,1768.2
T0010399,2026-02-10,C00248,P0091,Ahmedabad,1,0,279.87,279.87
T0010400,2025-01-01,C00631,P0067,Kolkata,1,5,462.0,462.0
T0010401,2025-02-24,C00339,P0033,Ahmedabad,1,10,248.9,248.9
T0010402,2026-01-12,C00629,P0051,Chennai,2,10,752.5,1505.0
T0010403,2025-10-04,C00387,P0006,Kolkata,2,5,320.44,640.88
T0010404,2025-04-24,C00148,P0074,Chennai,1,10,415.27,415.27
T0010405,2025-08-13,C00601,P0009,Kolkata,2,5,114.96,229.92
T0010406,2026-04-16,C00147,P0091,Delhi,4,0,279.87,1119.48
T0010407,2025-12-11,C00409,P0097,Ahmedabad,1,5,1811.55,1811.55
T0010408,2025-02-21,C00879,P0052,Bengaluru,1,10,230.7,230.7
T0010409,2026-09-19,C00715,P0100,Pune,3,5,472.07,1416.21
T0010410,2025-02-13,C00799,P0079,Hyderabad,2,0,410.82,821.64
T0010411,2026-06-22,C00703,P0040,Pune,1,0,731.47,731.47
T0010412,2026-03-18,C00368,P0085,Ahmedabad,1,0,586.1,586.1
T0010413,2025-07-19,C00501,P0046,Delhi,2,25,426.74,853.48
T0010414,2025-02-23,C00367,P0016,Ahmedabad,2,0,1058.17,2116.34
T0010415,2026-02-26,C00164,P0093,Delhi,1,0,567.34,567.34
T0010416,2026-05-21,C00577,P0068,Bengaluru,2,20,275.12,550.24
T0010417,2026-06-28,C00769,P0009,Chennai,2,20,96.81,193.62
T0010418,2026-06-25,C00504,P0028,Ahmedabad,4,10,560.83,2243.32
T0010419,2025-08-23,C00396,P0089,Hyderabad,2,5,199.65,399.3
T0010420,2025-06-15,C00436,P0072,Ahmedabad,2,0,298.01,596.02
T0010421,2026-02-13,C00567,P0088,Kolkata,2,0,205.91,411.82
T0010422,2026-05-04,C00446,P0098,Chennai,1,0,1053.91,1053.91
T0010423,2025-08-31,C00723,P0064,Kolkata,1,20,554.94,554.94
T0010424,2025-11-17,C00654,P0061,Hyderabad,1,5,212.7,212.7
T0010425,2026-02-08,C00805,P0068,Mumbai,4,20,275.12,1100.48
T0010426,2025-10-15,C00986,P0014,Ahmedabad,1,0,926.9,926.9
T0010427,2026-02-12,C00453,P0025,Delhi,2,0,185.23,370.46
T0010428,2026-06-17,C00897,P0093,Hyderabad,2,5,538.97,1077.94
T0010429,2025-09-12,C00913,P0074,Ahmedabad,1,10,415.27,415.27
T0010430,2026-01-21,C00022,P0091,Mumbai,2,0,279.87,559.74
T0010431,2026-08-14,C00901,P0074,Bengaluru,1,0,461.41,461.41
T0010432,2025-11-29,C00461,P0003,Bengaluru,1,0,356.66,356.66
T0010433,2025-04-03,C00213,P0047,Chennai,1,15,612.44,612.44
T0010434,2025-09-02,C00408,P0055,Delhi,1,10,3051.36,3051.36
T0010435,2026-01-15,C00639,P0041,Mumbai,1,0,930.63,930.63
T0010436,2025-11-26,C00050,P0093,Pune,3,0,567.34,1702.02
T0010437,2026-09-04,C00420,P0085,Delhi,3,0,586.1,1758.3
T0010438,2025-06-04,C00484,P0054,Kolkata,3,10,262.17,786.51
T0010439,2026-05-04,C00542,P0093,Kolkata,1,10,510.61,510.61
T0010440,2025-04-05,C00256,P0063,Ahmedabad,1,5,134.56,134.56
T0010441,2026-05-23,C00239,P0034,Pune,1,15,238.97,238.97
T0010442,2026-08-06,C00797,P0051,Pune,1,0,836.11,836.11
T0010443,2026-08-30,C00144,P0025,Ahmedabad,1,5,175.97,175.97
T0010444,2026-09-16,C00072,P0031,Mumbai,1,0,232.11,232.11
T0010445,2026-06-01,C00159,P0016,Chennai,1,10,952.35,952.35
T0010446,2025-03-25,C00653,P0012,Hyderabad,2,20,177.74,355.48
T0010447,2025-04-14,C00756,P0099,Hyderabad,1,10,275.85,275.85
T0010448,2025-12-18,C00180,P0004,Delhi,1,20,448.71,448.71
T0010449,2025-09-21,C00969,P0040,Bengaluru,1,0,731.47,731.47
T0010450,2026-08-21,C00450,P0019,Pune,1,0,173.97,173.97
T0010451,2026-08-03,C00065,P0040,Mumbai,1,15,621.75,621.75
T0010452,2025-11-06,C00137,P0030,Kolkata,1,20,309.2,309.2
T0010453,2026-01-01,C00597,P0097,Pune,2,15,1620.86,3241.72
T0010454,2025-12-04,C00081,P0095,Mumbai,2,0,346.67,693.34
T0010455,2025-12-13,C00472,P0004,Chennai,2,0,560.89,1121.78
T0010456,2026-01-12,C00633,P0022,Bengaluru,3,10,425.16,1275.48
T0010457,2025-11-05,C00573,P0014,Chennai,1,0,926.9,926.9
T0010458,2026-06-02,C00359,P0029,Kolkata,3,0,417.79,1253.37
T0010459,2026-05-04,C00999,P0026,Pune,1,10,514.13,514.13
T0010460,2025-09-04,C00307,P0015,Mumbai,1,0,2573.78,2573.78
T0010461,2025-01-30,C00536,P0091,Delhi,2,0,279.87,559.74
T0010462,2025-04-30,C00481,P0089,Hyderabad,1,25,157.62,157.62
T0010463,2026-01-02,C00793,P0095,Pune,1,5,329.34,329.34
T0010464,2026-09-28,C00080,P0040,Bengaluru,2,10,658.32,1316.64
T0010465,2026-01-27,C00017,P0004,Chennai,1,0,560.89,560.89
T0010466,2025-06-17,C00093,P0060,Delhi,1,15,279.85,279.85
T0010467,2026-03-14,C00770,P0022,Chennai,1,0,472.4,472.4
T0010468,2025-06-10,C00055,P0025,Mumbai,2,5,175.97,351.94
T0010469,2025-07-19,C00896,P0068,Ahmedabad,1,25,257.92,257.92
T0010470,2025-06-05,C00979,P0089,Chennai,2,10,189.14,378.28
T0010471,2025-07-30,C00740,P0022,Delhi,1,10,425.16,425.16
T0010472,2026-09-02,C00569,P0033,Mumbai,1,0,276.55,276.55
T0010473,2026-01-14,C00589,P0044,Pune,1,0,399.08,399.08
T0010474,2026-03-11,C00111,P0071,Kolkata,2,0,1602.38,3204.76
T0010475,2026-07-18,C00788,P0053,Bengaluru,1,0,191.66,191.66
T0010476,2026-02-09,C00725,P0037,Chennai,2,5,278.51,557.02
T0010477,2026-09-25,C00506,P0025,Mumbai,4,20,148.18,592.72
T0010478,2025-01-03,C00292,P0058,Pune,1,15,700.57,700.57
T0010479,2025-06-06,C00188,P0011,Pune,2,15,324.27,648.54
T0010480,2025-08-30,C00202,P0054,Chennai,1,15,247.6,247.6
T0010481,2025-11-12,C00179,P0099,Hyderabad,1,5,291.18,291.18
T0010482,2026-03-13,C00720,P0004,Mumbai,1,0,560.89,560.89
T0010483,2026-01-22,C00543,P0028,Mumbai,1,10,560.83,560.83
T0010484,2025-02-07,C00281,P0006,Pune,1,10,303.58,303.58
T0010485,2026-05-06,C00366,P0018,Bengaluru,2,10,690.51,1381.02
T0010486,2025-05-09,C00193,P0003,Mumbai,1,10,320.99,320.99
T0010487,2025-01-28,C00006,P0040,Hyderabad,1,10,658.32,658.32
T0010488,2026-03-06,C00450,P0071,Pune,3,15,1362.02,4086.06
T0010489,2025-12-31,C00235,P0046,Hyderabad,1,10,512.08,512.08
T0010490,2025-08-23,C00765,P0022,Delhi,1,5,448.78,448.78
T0010491,2025-09-16,C00035,P0051,Ahmedabad,1,0,836.11,836.11
T0010492,2025-09-06,C00640,P0025,Ahmedabad,1,20,148.18,148.18
T0010493,2026-03-11,C00293,P0086,Bengaluru,1,10,372.25,372.25
T0010494,2025-02-26,C00239,P0073,Pune,1,5,272.74,272.74
T0010495,2025-07-10,C00156,P0044,Ahmedabad,2,10,359.17,718.34
T0010496,2026-04-10,C00534,P0013,Kolkata,1,20,466.15,466.15
T0010497,2026-05-01,C00847,P0075,Mumbai,2,0,169.09,338.18
T0010498,2025-07-27,C00399,P0025,Delhi,1,0,185.23,185.23
T0010499,2025-05-20,C00886,P0038,Delhi,1,5,534.53,534.53
T0010500,2025-07-04,C00347,P0070,Delhi,3,15,572.67,1718.01
T0010501,2025-07-09,C00178,P0029,Mumbai,1,0,417.79,417.79
T0010502,2026-06-11,C00362,P0004,Kolkata,1,0,560.89,560.89
T0010503,2026-09-12,C00149,P0025,Kolkata,1,0,185.23,185.23
T0010504,2025-08-08,C00974,P0021,Hyderabad,1,15,534.26,534.26
T0010505,2026-09-14,C00140,P0035,Ahmedabad,1,5,348.65,348.65
T0010506,2026-09-23,C00557,P0061,Bengaluru,1,20,179.12,179.12
T0010507,2025-10-23,C00706,P0062,Mumbai,1,5,1256.44,1256.44
T0010508,2026-02-02,C00611,P0043,Kolkata,1,10,260.07,260.07
T0010509,2025-05-27,C00975,P0078,Bengaluru,1,20,289.29,289.29
T0010510,2025-12-14,C00460,P0062,Bengaluru,1,0,1322.57,1322.57
T0010511,2025-08-09,C00892,P0094,Chennai,1,0,1058.21,1058.21
T0010512,2026-03-25,C00365,P0040,Ahmedabad,1,5,694.9,694.9
T0010513,2025-06-22,C00048,P0093,Ahmedabad,1,10,510.61,510.61
T0010514,2026-06-29,C00906,P0060,Kolkata,1,5,312.78,312.78
T0010515,2026-04-11,C00321,P0009,Hyderabad,1,10,108.91,108.91
T0010516,2025-08-04,C00129,P0087,Ahmedabad,1,0,341.41,341.41
T0010517,2025-07-14,C00743,P0078,Bengaluru,2,25,271.21,542.42
T0010518,2026-05-11,C00250,P0063,Ahmedabad,1,0,141.64,141.64
T0010519,2025-08-15,C00977,P0087,Hyderabad,1,10,307.27,307.27
T0010520,2025-09-10,C00397,P0043,Hyderabad,1,10,260.07,260.07
T0010521,2025-11-20,C00428,P0067,Chennai,1,0,486.32,486.32
T0010522,2025-07-14,C00902,P0007,Pune,1,15,445.57,445.57
T0010523,2025-10-31,C00021,P0072,Kolkata,1,5,283.11,283.11
T0010524,2026-08-09,C00534,P0056,Kolkata,1,0,533.92,533.92
T0010525,2026-06-15,C00305,P0083,Delhi,1,5,4421.52,4421.52
T0010526,2026-03-21,C00284,P0073,Hyderabad,1,15,244.04,244.04
T0010527,2026-01-19,C00939,P0060,Hyderabad,1,20,263.39,263.39
T0010528,2026-09-22,C00428,P0091,Chennai,1,20,223.9,223.9
T0010529,2026-04-05,C00828,P0020,Kolkata,1,5,1025.64,1025.64
T0010530,2025-10-21,C00132,P0073,Hyderabad,2,0,287.1,574.2
T0010531,2025-04-25,C00033,P0005,Hyderabad,1,10,134.53,134.53
T0010532,2026-07-13,C00208,P0002,Mumbai,1,0,324.99,324.99
T0010533,2026-09-10,C00962,P0066,Mumbai,1,10,898.74,898.74
T0010534,2025-08-11,C00610,P0095,Delhi,1,10,312.0,312.0
T0010535,2025-05-10,C00315,P0093,Chennai,1,5,538.97,538.97
T0010536,2026-08-26,C00708,P0090,Ahmedabad,1,20,224.58,224.58
T0010537,2026-07-28,C00894,P0080,Kolkata,1,10,294.85,294.85
T0010538,2025-05-14,C00590,P0045,Ahmedabad,1,10,146.06,146.06
T0010539,2025-06-10,C00404,P0068,Bengaluru,1,15,292.32,292.32
T0010540,2025-03-26,C00727,P0100,Hyderabad,1,0,496.92,496.92
T0010541,2025-10-18,C00824,P0043,Mumbai,2,5,274.52,549.04
T0010542,2026-01-08,C00339,P0032,Ahmedabad,1,10,853.78,853.78
T0010543,2026-09-25,C00476,P0093,Kolkata,1,5,538.97,538.97
T0010544,2025-10-06,C00222,P0014,Ahmedabad,1,5,880.56,880.56
T0010545,2025-03-09,C00693,P0058,Chennai,1,0,824.2,824.2
T0010546,2026-03-29,C00957,P0068,Bengaluru,1,10,309.51,309.51
T0010547,2025-11-25,C00617,P0013,Kolkata,1,10,524.42,524.42
T0010548,2025-07-06,C00267,P0073,Bengaluru,1,5,272.74,272.74
T0010549,2025-10-05,C00831,P0011,Chennai,1,0,381.49,381.49
T0010550,2026-05-21,C00451,P0093,Bengaluru,1,0,567.34,567.34
T0010551,2025-10-15,C00482,P0049,Mumbai,2,25,102.73,205.46
T0010552,2025-11-23,C00149,P0025,Kolkata,1,20,148.18,148.18
T0010553,2026-02-24,C00975,P0086,Bengaluru,2,20,330.89,661.78
T0010554,2025-12-26,C00074,P0080,Pune,1,0,327.61,327.61
T0010555,2025-09-29,C00169,P0091,Ahmedabad,1,5,265.88,265.88
T0010556,2026-09-27,C00208,P0057,Mumbai,1,5,406.22,406.22
T0010557,2025-12-07,C00677,P0093,Ahmedabad,1,20,453.87,453.87
T0010558,2025-04-01,C00876,P0095,Pune,1,0,346.67,346.67
T0010559,2026-05-29,C00289,P0069,Hyderabad,2,0,124.03,248.06
T0010560,2025-08-12,C00591,P0073,Chennai,2,0,287.1,574.2
T0010561,2025-01-25,C00579,P0038,Mumbai,1,0,562.66,562.66
T0010562,2025-05-26,C00677,P0093,Ahmedabad,1,10,510.61,510.61
T0010563,2025-01-10,C00923,P0085,Bengaluru,1,0,586.1,586.1
T0010564,2026-01-21,C00885,P0068,Kolkata,1,10,309.51,309.51
T0010565,2025-01-27,C00273,P0041,Mumbai,1,0,930.63,930.63
T0010566,2025-06-17,C00922,P0060,Pune,1,25,246.93,246.93
T0010567,2025-05-14,C00517,P0056,Hyderabad,4,0,533.92,2135.68
T0010568,2026-07-01,C00786,P0024,Kolkata,2,15,216.2,432.4
T0010569,2026-07-17,C00638,P0011,Pune,1,10,343.34,343.34
T0010570,2026-09-01,C00112,P0043,Ahmedabad,2,15,245.62,491.24
T0010571,2025-05-07,C00785,P0013,Mumbai,1,15,495.29,495.29
T0010572,2026-03-22,C00263,P0001,Delhi,1,0,731.6,731.6
T0010573,2025-05-11,C00459,P0091,Ahmedabad,1,5,265.88,265.88
T0010574,2026-07-26,C00823,P0004,Bengaluru,1,0,560.89,560.89
T0010575,2026-05-29,C00526,P0092,Pune,2,20,270.25,540.5
T0010576,2026-06-30,C00756,P0049,Hyderabad,2,5,130.12,260.24
T0010577,2026-05-06,C00661,P0093,Bengaluru,1,25,425.5,425.5
T0010578,2026-02-03,C00918,P0078,Mumbai,3,0,361.61,1084.83
T0010579,2025-06-24,C00460,P0066,Bengaluru,1,5,948.67,948.67
T0010580,2026-04-15,C00342,P0081,Kolkata,1,20,1755.74,1755.74
T0010581,2026-06-22,C00912,P0029,Hyderabad,1,0,417.79,417.79
T0010582,2025-09-06,C00230,P0013,Ahmedabad,1,20,466.15,466.15
T0010583,2026-09-19,C00682,P0099,Hyderabad,2,20,245.2,490.4
T0010584,2025-09-13,C00258,P0051,Bengaluru,1,0,836.11,836.11
T0010585,2025-03-18,C00621,P0039,Chennai,2,20,572.58,1145.16
T0010586,2025-05-01,C00038,P0046,Mumbai,1,5,540.53,540.53
T0010587,2025-02-04,C00337,P0069,Chennai,1,0,124.03,124.03
T0010588,2025-02-23,C00012,P0043,Bengaluru,2,15,245.62,491.24
T0010589,2026-08-10,C00129,P0056,Ahmedabad,2,10,480.53,961.06
T0010590,2026-03-11,C00357,P0045,Delhi,1,15,137.95,137.95
T0010591,2025-04-26,C00682,P0045,Hyderabad,1,0,162.29,162.29
T0010592,2025-04-06,C00679,P0051,Ahmedabad,2,0,836.11,1672.22
T0010593,2026-07-19,C00524,P0092,Mumbai,1,0,337.81,337.81
T0010594,2025-03-02,C00610,P0098,Delhi,1,15,895.82,895.82
T0010595,2026-01-28,C00129,P0056,Ahmedabad,1,25,400.44,400.44
T0010596,2026-04-11,C00624,P0001,Chennai,1,10,658.44,658.44
T0010597,2025-09-15,C00432,P0040,Kolkata,1,10,658.32,658.32
T0010598,2026-08-29,C00357,P0054,Delhi,1,20,233.04,233.04
T0010599,2025-06-03,C00627,P0046,Bengaluru,2,0,568.98,1137.96
T0010600,2025-04-18,C00287,P0049,Delhi,2,15,116.42,232.84
T0010601,2025-08-06,C00308,P0083,Kolkata,1,20,3723.38,3723.38
T0010602,2025-12-13,C00566,P0100,Chennai,1,20,397.54,397.54
T0010603,2025-12-08,C00870,P0096,Mumbai,2,20,777.33,1554.66
T0010604,2026-05-18,C00343,P0022,Pune,1,25,354.3,354.3
T0010605,2026-03-03,C00566,P0088,Chennai,1,20,164.73,164.73
T0010606,2025-06-29,C00692,P0040,Ahmedabad,3,0,731.47,2194.41
T0010607,2026-02-07,C00300,P0011,Bengaluru,1,0,381.49,381.49
T0010608,2026-09-15,C00997,P0068,Ahmedabad,2,5,326.7,653.4
T0010609,2026-08-12,C00263,P0033,Delhi,2,5,262.72,525.44
T0010610,2025-12-29,C00558,P0022,Delhi,1,0,472.4,472.4
T0010611,2025-04-17,C00141,P0090,Bengaluru,1,20,224.58,224.58
T0010612,2025-06-30,C00287,P0008,Delhi,3,0,184.43,553.29
T0010613,2025-10-25,C00165,P0053,Delhi,1,20,153.33,153.33
T0010614,2026-02-06,C00695,P0067,Bengaluru,1,5,462.0,462.0
T0010615,2025-07-30,C00778,P0093,Ahmedabad,2,0,567.34,1134.68
T0010616,2025-03-12,C00339,P0024,Ahmedabad,3,15,216.2,648.6
T0010617,2025-08-16,C00119,P0039,Hyderabad,1,20,572.58,572.58
T0010618,2025-08-28,C00445,P0025,Delhi,3,10,166.71,500.13
T0010619,2025-07-15,C00380,P0091,Mumbai,1,0,279.87,279.87
T0010620,2025-08-26,C00987,P0061,Bengaluru,1,0,223.9,223.9
T0010621,2025-11-11,C00911,P0044,Kolkata,3,20,319.26,957.78
T0010622,2026-04-18,C00070,P0042,Ahmedabad,3,0,763.91,2291.73
T0010623,2026-03-21,C00132,P0029,Hyderabad,2,0,417.79,835.58
T0010624,2025-03-24,C00371,P0057,Bengaluru,2,15,363.46,726.92
T0010625,2025-11-24,C00755,P0052,Hyderabad,1,10,230.7,230.7
T0010626,2026-07-19,C00924,P0043,Kolkata,3,5,274.52,823.56
T0010627,2025-06-26,C00220,P0015,Ahmedabad,2,5,2445.09,4890.18
T0010628,2025-07-26,C00379,P0093,Delhi,1,0,567.34,567.34
T0010629,2025-02-04,C00244,P0065,Hyderabad,1,5,1205.84,1205.84
T0010630,2026-07-16,C00502,P0086,Delhi,2,15,351.57,703.14
T0010631,2026-08-26,C00557,P0041,Bengaluru,4,20,744.5,2978.0
T0010632,2025-06-30,C00326,P0028,Delhi,2,15,529.67,1059.34
T0010633,2025-06-27,C00768,P0054,Delhi,1,5,276.74,276.74
T0010634,2026-05-08,C00330,P0093,Pune,3,20,453.87,1361.61
T0010635,2025-07-12,C00806,P0072,Kolkata,3,10,268.21,804.63
T0010636,2025-01-30,C00585,P0093,Pune,1,20,453.87,453.87
T0010637,2026-04-03,C00735,P0068,Mumbai,1,0,343.9,343.9
T0010638,2025-08-28,C00216,P0093,Kolkata,3,25,425.5,1276.5
T0010639,2025-11-17,C01000,P0068,Kolkata,2,10,309.51,619.02
T0010640,2026-03-21,C00668,P0054,Pune,1,5,276.74,276.74
T0010641,2025-11-08,C00180,P0070,Delhi,1,5,640.04,640.04
T0010642,2026-07-25,C00006,P0018,Hyderabad,1,10,690.51,690.51
T0010643,2025-12-12,C00480,P0043,Kolkata,1,0,288.97,288.97
T0010644,2026-09-20,C00865,P0044,Chennai,2,0,399.08,798.16
T0010645,2025-10-02,C00992,P0067,Delhi,2,10,437.69,875.38
T0010646,2026-08-01,C00630,P0003,Bengaluru,1,5,338.83,338.83
T0010647,2025-05-07,C00508,P0026,Ahmedabad,1,5,542.7,542.7
T0010648,2025-08-18,C00713,P0051,Mumbai,2,15,710.69,1421.38
T0010649,2026-04-15,C00955,P0013,Chennai,3,0,582.69,1748.07
T0010650,2025-02-02,C00427,P0092,Kolkata,1,0,337.81,337.81
T0010651,2025-11-28,C00750,P0043,Hyderabad,1,5,274.52,274.52
T0010652,2025-07-16,C00602,P0058,Kolkata,2,10,741.78,1483.56
T0010653,2025-06-17,C00254,P0014,Bengaluru,2,15,787.86,1575.72
T0010654,2025-01-24,C00006,P0040,Hyderabad,4,0,731.47,2925.88
T0010655,2025-01-02,C00683,P0075,Delhi,1,10,152.18,152.18
T0010656,2025-07-31,C00798,P0052,Bengaluru,1,10,230.7,230.7
T0010657,2025-07-30,C00953,P0067,Chennai,1,0,486.32,486.32
T0010658,2025-03-06,C00351,P0001,Kolkata,3,10,658.44,1975.32
T0010659,2026-03-17,C00416,P0041,Bengaluru,1,25,697.97,697.97
T0010660,2025-10-20,C00370,P0004,Delhi,3,15,476.76,1430.28
T0010661,2026-02-26,C00237,P0019,Chennai,2,0,173.97,347.94
T0010662,2026-09-16,C00430,P0026,Hyderabad,1,0,571.26,571.26
T0010663,2025-10-21,C00257,P0095,Hyderabad,1,10,312.0,312.0
T0010664,2026-03-18,C00520,P0023,Kolkata,2,0,449.99,899.98
T0010665,2026-04-10,C00608,P0065,Hyderabad,1,0,1269.31,1269.31
T0010666,2026-06-08,C00993,P0012,Pune,1,5,211.07,211.07
T0010667,2025-07-04,C00925,P0059,Ahmedabad,1,0,257.22,257.22
T0010668,2025-01-14,C00946,P0026,Bengaluru,1,0,571.26,571.26
T0010669,2026-01-19,C00899,P0031,Ahmedabad,3,15,197.29,591.87
T0010670,2026-08-15,C00963,P0093,Chennai,2,25,425.5,851.0
T0010671,2025-10-14,C00419,P0038,Bengaluru,1,5,534.53,534.53
T0010672,2025-07-12,C00683,P0084,Delhi,2,0,530.34,1060.68
T0010673,2026-04-03,C00233,P0094,Delhi,3,10,952.39,2857.17
T0010674,2025-03-17,C00742,P0054,Chennai,1,0,291.3,291.3
T0010675,2025-05-06,C00380,P0067,Mumbai,1,10,437.69,437.69
T0010676,2025-07-11,C00752,P0068,Kolkata,1,5,326.7,326.7
T0010677,2026-06-08,C00522,P0014,Pune,1,5,880.56,880.56
T0010678,2025-03-10,C00556,P0055,Mumbai,1,20,2712.32,2712.32
T0010679,2025-03-31,C00144,P0047,Ahmedabad,2,5,684.49,1368.98
T0010680,2025-12-03,C00376,P0024,Hyderabad,1,10,228.92,228.92
T0010681,2025-09-02,C00506,P0004,Mumbai,2,5,532.85,1065.7
T0010682,2026-03-14,C00587,P0070,Hyderabad,1,0,673.73,673.73
T0010683,2026-07-03,C00573,P0004,Chennai,1,10,504.8,504.8
T0010684,2026-09-06,C00995,P0074,Kolkata,2,0,461.41,922.82
T0010685,2025-07-30,C00110,P0015,Mumbai,1,15,2187.71,2187.71
T0010686,2025-09-06,C00499,P0099,Mumbai,1,0,306.5,306.5
T0010687,2025-08-18,C00673,P0093,Kolkata,1,15,482.24,482.24
T0010688,2026-08-09,C00676,P0068,Bengaluru,1,0,343.9,343.9
T0010689,2025-02-20,C00300,P0011,Bengaluru,2,0,381.49,762.98
T0010690,2026-01-20,C00509,P0093,Chennai,2,0,567.34,1134.68
T0010691,2026-07-13,C00653,P0032,Hyderabad,1,0,948.64,948.64
T0010692,2025-12-31,C00266,P0068,Chennai,1,0,343.9,343.9
T0010693,2026-07-07,C00831,P0011,Chennai,1,20,305.19,305.19
T0010694,2025-05-13,C00015,P0001,Kolkata,1,10,658.44,658.44
T0010695,2025-08-03,C00574,P0051,Ahmedabad,1,10,752.5,752.5
T0010696,2026-01-13,C00244,P0039,Hyderabad,1,10,644.16,644.16
T0010697,2026-05-01,C00084,P0060,Mumbai,1,0,329.24,329.24
T0010698,2026-01-05,C00935,P0068,Kolkata,1,10,309.51,309.51
T0010699,2025-04-26,C00562,P0093,Bengaluru,1,5,538.97,538.97
T0010700,2025-04-18,C00347,P0004,Delhi,2,5,532.85,1065.7
T0010701,2025-04-19,C00812,P0018,Hyderabad,1,5,728.87,728.87
T0010702,2026-06-13,C00930,P0092,Bengaluru,4,5,320.92,1283.68
T0010703,2025-06-29,C00240,P0018,Ahmedabad,2,0,767.23,1534.46
T0010704,2026-02-25,C00272,P0008,Chennai,1,0,184.43,184.43
T0010705,2026-04-19,C00210,P0068,Kolkata,1,10,309.51,309.51
T0010706,2026-06-13,C00731,P0016,Kolkata,1,10,952.35,952.35
T0010707,2025-02-20,C00387,P0007,Kolkata,1,5,497.99,497.99
T0010708,2026-03-07,C00641,P0007,Mumbai,2,25,393.15,786.3
T0010709,2026-03-28,C00935,P0043,Kolkata,1,15,245.62,245.62
T0010710,2026-01-25,C00145,P0093,Hyderabad,1,5,538.97,538.97
T0010711,2026-04-08,C00348,P0004,Mumbai,2,5,532.85,1065.7
T0010712,2026-06-16,C00884,P0019,Chennai,1,15,147.87,147.87
T0010713,2026-08-16,C00343,P0023,Pune,2,20,359.99,719.98
T0010714,2026-09-29,C00670,P0038,Kolkata,1,15,478.26,478.26
T0010715,2025-11-07,C00241,P0043,Chennai,1,20,231.18,231.18
T0010716,2025-12-11,C00216,P0043,Kolkata,2,20,231.18,462.36
T0010717,2025-07-26,C00078,P0061,Chennai,1,20,179.12,179.12
T0010718,2025-12-15,C00672,P0026,Pune,1,20,457.01,457.01
T0010719,2025-02-13,C00791,P0021,Kolkata,3,0,628.54,1885.62
T0010720,2025-07-18,C00916,P0038,Ahmedabad,2,5,534.53,1069.06
T0010721,2026-01-24,C00692,P0004,Ahmedabad,1,0,560.89,560.89
T0010722,2025-10-29,C00848,P0079,Pune,1,15,349.2,349.2
T0010723,2026-07-09,C00584,P0078,Hyderabad,1,5,343.53,343.53
T0010724,2025-09-09,C00208,P0069,Mumbai,1,10,111.63,111.63
T0010725,2025-01-29,C00572,P0058,Pune,2,0,824.2,1648.4
T0010726,2025-02-21,C00897,P0043,Hyderabad,1,0,288.97,288.97
T0010727,2025-11-07,C00322,P0009,Delhi,1,20,96.81,96.81
T0010728,2025-03-26,C00591,P0032,Chennai,1,0,948.64,948.64
T0010729,2026-02-09,C00958,P0088,Mumbai,1,0,205.91,205.91
T0010730,2025-12-16,C00043,P0067,Bengaluru,2,5,462.0,924.0
T0010731,2025-01-21,C00440,P0061,Bengaluru,2,5,212.7,425.4
T0010732,2025-10-24,C00010,P0095,Bengaluru,1,10,312.0,312.0
T0010733,2026-09-28,C00377,P0071,Chennai,2,0,1602.38,3204.76
T0010734,2025-08-24,C00113,P0043,Chennai,2,0,288.97,577.94
T0010735,2025-02-26,C00862,P0088,Hyderabad,3,10,185.32,555.96
T0010736,2025-11-29,C00437,P0077,Ahmedabad,1,20,1274.47,1274.47
T0010737,2025-11-22,C00058,P0049,Pune,1,0,136.97,136.97
T0010738,2025-12-26,C00063,P0017,Pune,2,0,311.3,622.6
T0010739,2025-05-13,C00210,P0068,Kolkata,1,20,275.12,275.12
T0010740,2026-03-29,C00730,P0093,Chennai,1,25,425.5,425.5
T0010741,2026-04-25,C00583,P0016,Mumbai,3,15,899.44,2698.32
T0010742,2025-06-08,C00133,P0061,Kolkata,1,0,223.9,223.9
T0010743,2026-05-13,C00465,P0036,Pune,1,0,471.39,471.39
T0010744,2026-06-27,C00873,P0035,Mumbai,3,5,348.65,1045.95
T0010745,2026-08-16,C00247,P0062,Chennai,1,0,1322.57,1322.57
T0010746,2026-03-09,C00842,P0066,Ahmedabad,1,10,898.74,898.74
T0010747,2025-10-07,C00312,P0058,Delhi,2,25,618.15,1236.3
T0010748,2026-05-06,C00763,P0051,Kolkata,1,0,836.11,836.11
T0010749,2026-01-28,C00828,P0086,Kolkata,1,5,392.93,392.93
T0010750,2025-05-24,C00244,P0005,Hyderabad,2,0,149.48,298.96
T0010751,2025-05-11,C00838,P0017,Kolkata,1,15,264.6,264.6
T0010752,2025-03-08,C00277,P0093,Ahmedabad,1,15,482.24,482.24
T0010753,2026-05-24,C00389,P0037,Ahmedabad,1,5,278.51,278.51
T0010754,2026-08-20,C00176,P0076,Chennai,1,15,334.25,334.25
T0010755,2025-11-01,C00434,P0047,Chennai,2,20,576.42,1152.84
T0010756,2025-01-06,C00256,P0063,Ahmedabad,1,0,141.64,141.64
T0010757,2025-11-03,C00552,P0004,Bengaluru,1,5,532.85,532.85
T0010758,2026-02-04,C00002,P0079,Mumbai,1,5,390.28,390.28
T0010759,2026-03-12,C00083,P0086,Pune,2,0,413.61,827.22
T0010760,2026-07-01,C00711,P0086,Pune,1,10,372.25,372.25
T0010761,2025-10-01,C00192,P0037,Kolkata,1,0,293.17,293.17
T0010762,2025-10-24,C00186,P0082,Delhi,2,0,352.74,705.48
T0010763,2025-10-11,C00449,P0062,Delhi,1,15,1124.18,1124.18
T0010764,2026-02-26,C01000,P0093,Kolkata,2,15,482.24,964.48
T0010765,2025-09-03,C00932,P0043,Kolkata,1,15,245.62,245.62
T0010766,2025-11-11,C00475,P0028,Ahmedabad,2,15,529.67,1059.34
T0010767,2025-01-02,C00076,P0098,Pune,1,5,1001.21,1001.21
T0010768,2025-02-26,C00847,P0075,Mumbai,1,25,126.82,126.82
T0010769,2026-08-09,C00512,P0017,Bengaluru,1,10,280.17,280.17
T0010770,2025-09-13,C00541,P0073,Delhi,1,5,272.74,272.74
T0010771,2025-02-28,C00909,P0023,Ahmedabad,1,0,449.99,449.99
T0010772,2025-07-02,C00240,P0047,Ahmedabad,1,0,720.52,720.52
T0010773,2025-08-16,C00316,P0016,Kolkata,1,0,1058.17,1058.17
T0010774,2025-10-29,C00829,P0001,Mumbai,1,10,658.44,658.44
T0010775,2026-01-07,C00950,P0017,Mumbai,1,0,311.3,311.3
T0010776,2026-02-08,C00540,P0031,Chennai,1,10,208.9,208.9
T0010777,2025-04-07,C00735,P0093,Mumbai,1,5,538.97,538.97
T0010778,2026-05-17,C00918,P0001,Mumbai,1,10,658.44,658.44
T0010779,2025-10-30,C00993,P0097,Pune,1,5,1811.55,1811.55
T0010780,2026-04-20,C00808,P0020,Delhi,1,0,1079.62,1079.62
T0010781,2026-09-23,C00851,P0011,Mumbai,1,0,381.49,381.49
T0010782,2025-04-02,C00111,P0006,Kolkata,1,0,337.31,337.31
T0010783,2026-09-17,C00078,P0048,Chennai,1,5,584.76,584.76
T0010784,2026-07-14,C00528,P0067,Bengaluru,1,15,413.37,413.37
T0010785,2026-02-16,C00625,P0028,Hyderabad,1,10,560.83,560.83
T0010786,2025-11-02,C00414,P0094,Ahmedabad,1,0,1058.21,1058.21
T0010787,2025-08-11,C00857,P0098,Bengaluru,1,5,1001.21,1001.21
T0010788,2026-01-14,C00281,P0007,Pune,1,0,524.2,524.2
T0010789,2026-01-20,C00482,P0089,Mumbai,1,15,178.64,178.64
T0010790,2026-05-09,C00958,P0076,Mumbai,3,10,353.92,1061.76
T0010791,2025-08-03,C00194,P0054,Chennai,1,0,291.3,291.3
T0010792,2025-05-13,C00652,P0068,Chennai,1,0,343.9,343.9
T0010793,2025-01-13,C00120,P0073,Delhi,1,5,272.74,272.74
T0010794,2026-05-22,C00818,P0006,Pune,1,10,303.58,303.58
T0010795,2026-03-06,C00740,P0005,Delhi,1,0,149.48,149.48
T0010796,2026-06-18,C00145,P0043,Hyderabad,2,20,231.18,462.36
T0010797,2026-01-05,C00125,P0058,Pune,1,10,741.78,741.78
T0010798,2026-03-21,C00930,P0021,Bengaluru,1,0,628.54,628.54
T0010799,2026-04-01,C00217,P0054,Pune,2,20,233.04,466.08
T0010800,2025-03-22,C00707,P0011,Chennai,1,0,381.49,381.49
T0010801,2026-02-13,C00122,P0091,Mumbai,1,0,279.87,279.87
T0010802,2025-12-30,C00825,P0078,Pune,1,25,271.21,271.21
T0010803,2026-04-13,C00191,P0047,Mumbai,2,5,684.49,1368.98
T0010804,2025-02-11,C00028,P0061,Kolkata,4,25,167.92,671.68
T0010805,2025-05-13,C00189,P0036,Hyderabad,1,0,471.39,471.39
T0010806,2025-02-23,C00340,P0068,Bengaluru,2,0,343.9,687.8
T0010807,2026-08-30,C00154,P0036,Bengaluru,1,0,471.39,471.39
T0010808,2025-06-11,C00658,P0061,Pune,1,0,223.9,223.9
T0010809,2026-09-21,C00217,P0049,Pune,1,0,136.97,136.97
T0010810,2025-10-30,C00493,P0043,Ahmedabad,1,0,288.97,288.97
T0010811,2025-02-19,C00478,P0081,Ahmedabad,2,25,1646.0,3292.0
T0010812,2026-03-05,C00212,P0058,Pune,1,20,659.36,659.36
T0010813,2026-08-15,C00017,P0047,Chennai,1,0,720.52,720.52
T0010814,2026-02-05,C00994,P0008,Mumbai,1,5,175.21,175.21
T0010815,2025-03-15,C00123,P0093,Ahmedabad,1,15,482.24,482.24
T0010816,2025-06-26,C00379,P0093,Delhi,1,25,425.5,425.5
T0010817,2025-02-02,C00020,P0070,Kolkata,2,25,505.3,1010.6
T0010818,2026-01-10,C00152,P0022,Delhi,4,0,472.4,1889.6
T0010819,2026-09-12,C00989,P0068,Pune,1,10,309.51,309.51
T0010820,2025-06-22,C00195,P0065,Bengaluru,1,20,1015.45,1015.45
T0010821,2025-02-20,C00704,P0070,Mumbai,2,0,673.73,1347.46
T0010822,2026-06-24,C00215,P0009,Pune,2,0,121.01,242.02
T0010823,2026-02-04,C00275,P0097,Hyderabad,1,10,1716.2,1716.2
T0010824,2025-08-15,C00583,P0082,Mumbai,1,5,335.1,335.1
T0010825,2025-12-17,C00017,P0047,Chennai,1,15,612.44,612.44
T0010826,2025-06-01,C00641,P0060,Mumbai,2,15,279.85,559.7
T0010827,2025-02-01,C00439,P0043,Ahmedabad,1,20,231.18,231.18
T0010828,2026-08-09,C00001,P0013,Delhi,3,10,524.42,1573.26
T0010829,2025-09-15,C00152,P0053,Delhi,3,10,172.49,517.47
T0010830,2025-09-21,C00522,P0025,Pune,1,15,157.45,157.45
T0010831,2026-08-30,C00836,P0031,Chennai,1,10,208.9,208.9
T0010832,2026-01-13,C00913,P0071,Ahmedabad,1,25,1201.79,1201.79
T0010833,2026-01-04,C00345,P0085,Bengaluru,1,10,527.49,527.49
T0010834,2026-06-23,C00780,P0020,Mumbai,1,0,1079.62,1079.62
T0010835,2026-04-13,C00958,P0076,Mumbai,3,0,393.24,1179.72
T0010836,2025-08-24,C00374,P0068,Delhi,1,15,292.32,292.32
T0010837,2025-02-16,C00540,P0081,Chennai,4,10,1975.2,7900.8
T0010838,2026-02-07,C00529,P0011,Bengaluru,1,15,324.27,324.27
T0010839,2025-03-04,C00261,P0089,Pune,1,0,210.16,210.16
T0010840,2025-01-22,C00243,P0086,Hyderabad,2,0,413.61,827.22
T0010841,2025-12-02,C00464,P0093,Pune,1,15,482.24,482.24
T0010842,2026-02-13,C00383,P0068,Chennai,1,5,326.7,326.7
T0010843,2025-07-02,C00829,P0024,Mumbai,1,0,254.35,254.35
T0010844,2025-02-01,C00376,P0027,Hyderabad,1,25,448.95,448.95
T0010845,2026-01-07,C00044,P0068,Hyderabad,3,20,275.12,825.36
T0010846,2026-03-20,C00466,P0021,Mumbai,1,15,534.26,534.26
T0010847,2026-05-31,C00991,P0088,Pune,1,15,175.02,175.02
T0010848,2026-04-26,C00940,P0020,Pune,1,10,971.66,971.66
T0010849,2025-05-23,C00229,P0073,Ahmedabad,1,10,258.39,258.39
T0010850,2025-09-28,C00933,P0046,Hyderabad,4,0,568.98,2275.92
T0010851,2026-06-28,C00130,P0095,Bengaluru,1,20,277.34,277.34
T0010852,2026-03-14,C00181,P0070,Mumbai,1,10,606.36,606.36
T0010853,2025-05-16,C00225,P0034,Delhi,1,20,224.91,224.91
T0010854,2025-11-24,C00484,P0028,Kolkata,1,5,591.98,591.98
T0010855,2026-01-06,C00445,P0070,Delhi,2,0,673.73,1347.46
T0010856,2025-09-10,C00939,P0079,Hyderabad,1,0,410.82,410.82
T0010857,2025-08-07,C00486,P0029,Ahmedabad,2,5,396.9,793.8
T0010858,2025-05-15,C00512,P0006,Bengaluru,2,0,337.31,674.62
T0010859,2025-05-24,C00209,P0038,Kolkata,1,0,562.66,562.66
T0010860,2025-03-27,C00703,P0036,Pune,1,5,447.82,447.82
T0010861,2025-06-03,C00180,P0056,Delhi,3,0,533.92,1601.76
T0010862,2026-03-04,C00179,P0062,Hyderabad,1,25,991.93,991.93
T0010863,2026-05-07,C00192,P0009,Kolkata,1,0,121.01,121.01
T0010864,2025-12-26,C00707,P0091,Chennai,2,5,265.88,531.76
T0010865,2025-06-03,C00195,P0016,Bengaluru,1,0,1058.17,1058.17
T0010866,2025-12-13,C00728,P0025,Chennai,1,10,166.71,166.71
T0010867,2025-10-24,C00446,P0095,Chennai,1,15,294.67,294.67
T0010868,2025-12-23,C00252,P0022,Hyderabad,2,20,377.92,755.84
T0010869,2026-06-29,C00835,P0092,Pune,1,0,337.81,337.81
T0010870,2026-08-12,C00833,P0004,Bengaluru,1,0,560.89,560.89
T0010871,2025-04-27,C00813,P0056,Hyderabad,1,25,400.44,400.44
T0010872,2025-03-15,C00456,P0030,Kolkata,1,25,289.88,289.88
T0010873,2025-09-20,C00979,P0021,Chennai,4,15,534.26,2137.04
T0010874,2025-05-23,C00446,P0039,Chennai,1,0,715.73,715.73
T0010875,2025-09-18,C00714,P0024,Chennai,1,10,228.92,228.92
T0010876,2025-12-28,C00824,P0093,Mumbai,1,5,538.97,538.97
T0010877,2026-03-29,C00042,P0028,Chennai,1,15,529.67,529.67
T0010878,2026-02-01,C00910,P0043,Ahmedabad,1,15,245.62,245.62
T0010879,2025-12-06,C00194,P0089,Chennai,1,0,210.16,210.16
T0010880,2026-04-13,C00193,P0065,Mumbai,1,10,1142.38,1142.38
T0010881,2025-08-04,C00788,P0022,Bengaluru,1,0,472.4,472.4
T0010882,2025-12-08,C00276,P0083,Kolkata,3,10,4188.81,12566.43
T0010883,2025-02-04,C00305,P0023,Delhi,2,20,359.99,719.98
T0010884,2026-05-14,C00567,P0090,Kolkata,4,10,252.65,1010.6
T0010885,2026-03-03,C00990,P0055,Bengaluru,1,0,3390.4,3390.4
T0010886,2026-05-07,C00073,P0068,Kolkata,1,10,309.51,309.51
T0010887,2026-04-14,C00474,P0012,Delhi,1,15,188.85,188.85
T0010888,2026-03-05,C00437,P0048,Ahmedabad,1,15,523.21,523.21
T0010889,2025-01-07,C00416,P0044,Bengaluru,1,15,339.22,339.22
T0010890,2025-01-04,C00723,P0089,Kolkata,1,20,168.13,168.13
T0010891,2026-07-10,C00714,P0033,Chennai,1,0,276.55,276.55
T0010892,2026-06-28,C00263,P0027,Delhi,2,5,568.67,1137.34
T0010893,2025-03-23,C00479,P0008,Kolkata,2,10,165.99,331.98
T0010894,2025-04-20,C00265,P0068,Mumbai,2,10,309.51,619.02
T0010895,2026-09-28,C00644,P0079,Ahmedabad,2,5,390.28,780.56
T0010896,2025-02-20,C00709,P0061,Hyderabad,1,15,190.32,190.32
T0010897,2025-11-20,C00123,P0068,Ahmedabad,1,0,343.9,343.9
T0010898,2026-07-02,C00942,P0063,Chennai,1,0,141.64,141.64
T0010899,2025-08-11,C00421,P0081,Pune,1,25,1646.0,1646.0
T0010900,2025-08-21,C00019,P0023,Delhi,1,10,404.99,404.99
T0010901,2025-11-02,C00551,P0053,Bengaluru,1,15,162.91,162.91
T0010902,2026-06-14,C00873,P0023,Mumbai,1,0,449.99,449.99
T0010903,2025-10-13,C00060,P0020,Delhi,1,0,1079.62,1079.62
T0010904,2026-07-24,C00541,P0078,Delhi,1,0,361.61,361.61
T0010905,2025-07-24,C00116,P0047,Bengaluru,2,0,720.52,1441.04
T0010906,2025-11-26,C00486,P0086,Ahmedabad,1,0,413.61,413.61
T0010907,2025-06-17,C00825,P0024,Pune,2,15,216.2,432.4
T0010908,2025-06-21,C00532,P0078,Mumbai,1,15,307.37,307.37
T0010909,2025-01-21,C00184,P0069,Delhi,3,0,124.03,372.09
T0010910,2026-04-03,C00421,P0080,Pune,1,5,311.23,311.23
T0010911,2025-03-29,C00052,P0010,Chennai,2,10,985.2,1970.4
T0010912,2025-11-23,C00020,P0025,Kolkata,1,5,175.97,175.97
T0010913,2025-11-12,C00219,P0005,Delhi,1,15,127.06,127.06
T0010914,2026-07-29,C00108,P0044,Bengaluru,2,10,359.17,718.34
T0010915,2025-05-01,C00527,P0068,Bengaluru,1,10,309.51,309.51
T0010916,2025-11-26,C00009,P0072,Ahmedabad,1,15,253.31,253.31
T0010917,2025-11-04,C00471,P0067,Kolkata,1,0,486.32,486.32
T0010918,2026-03-13,C00214,P0062,Bengaluru,3,0,1322.57,3967.71
T0010919,2026-04-11,C00006,P0056,Hyderabad,1,10,480.53,480.53
T0010920,2026-01-21,C00427,P0008,Kolkata,1,0,184.43,184.43
T0010921,2026-04-16,C00532,P0033,Mumbai,1,20,221.24,221.24
T0010922,2026-07-06,C00103,P0021,Mumbai,2,5,597.11,1194.22
T0010923,2025-04-03,C00541,P0029,Delhi,1,0,417.79,417.79
T0010924,2025-03-16,C00485,P0044,Chennai,1,5,379.13,379.13
T0010925,2025-12-24,C00463,P0029,Mumbai,1,5,396.9,396.9
T0010926,2026-03-15,C00105,P0004,Ahmedabad,1,0,560.89,560.89
T0010927,2025-06-05,C00322,P0062,Delhi,3,5,1256.44,3769.32
T0010928,2025-08-25,C00185,P0091,Pune,1,5,265.88,265.88
T0010929,2026-05-18,C00858,P0075,Bengaluru,2,5,160.64,321.28
T0010930,2025-03-29,C00666,P0062,Hyderabad,2,20,1058.06,2116.12
T0010931,2025-09-14,C00105,P0056,Ahmedabad,4,10,480.53,1922.12
T0010932,2026-09-13,C00134,P0081,Kolkata,2,0,2194.67,4389.34
T0010933,2025-10-21,C00344,P0070,Chennai,2,10,606.36,1212.72
T0010934,2025-06-11,C00042,P0072,Chennai,1,5,283.11,283.11
T0010935,2025-06-16,C00579,P0041,Mumbai,1,5,884.1,884.1
T0010936,2025-02-19,C00369,P0024,Delhi,2,0,254.35,508.7
T0010937,2026-01-05,C00458,P0057,Kolkata,1,20,342.08,342.08
T0010938,2025-12-07,C00096,P0054,Chennai,1,0,291.3,291.3
T0010939,2025-12-14,C00858,P0052,Bengaluru,2,15,217.88,435.76
T0010940,2026-02-22,C00341,P0082,Mumbai,1,0,352.74,352.74
T0010941,2025-07-18,C00833,P0018,Bengaluru,3,15,652.15,1956.45
T0010942,2025-08-16,C00790,P0025,Mumbai,1,10,166.71,166.71
T0010943,2025-04-24,C00067,P0031,Hyderabad,2,0,232.11,464.22
T0010944,2025-05-25,C00104,P0080,Ahmedabad,1,5,311.23,311.23
T0010945,2026-07-03,C00609,P0099,Delhi,1,10,275.85,275.85
T0010946,2025-10-22,C00235,P0082,Hyderabad,1,10,317.47,317.47
T0010947,2025-02-16,C00500,P0067,Pune,1,0,486.32,486.32
T0010948,2026-01-15,C00928,P0071,Kolkata,1,20,1281.9,1281.9
T0010949,2026-05-27,C00124,P0043,Ahmedabad,1,0,288.97,288.97
T0010950,2026-05-29,C00158,P0087,Delhi,1,0,341.41,341.41
T0010951,2026-04-28,C00923,P0086,Bengaluru,2,5,392.93,785.86
T0010952,2025-05-28,C00145,P0068,Hyderabad,3,10,309.51,928.53
T0010953,2026-02-10,C00527,P0043,Bengaluru,1,10,260.07,260.07
T0010954,2025-09-21,C00958,P0063,Mumbai,1,0,141.64,141.64
T0010955,2025-08-04,C00783,P0043,Mumbai,1,10,260.07,260.07
T0010956,2026-04-28,C00631,P0058,Kolkata,1,0,824.2,824.2
T0010957,2026-06-29,C00468,P0065,Mumbai,3,10,1142.38,3427.14
T0010958,2026-08-14,C00385,P0096,Ahmedabad,1,10,874.49,874.49
T0010959,2026-06-22,C00462,P0044,Bengaluru,2,5,379.13,758.26
T0010960,2025-07-23,C00664,P0074,Kolkata,1,25,346.06,346.06
T0010961,2025-01-21,C00457,P0067,Chennai,4,10,437.69,1750.76
T0010962,2026-06-10,C00397,P0093,Hyderabad,1,10,510.61,510.61
T0010963,2025-05-10,C00479,P0049,Kolkata,1,0,136.97,136.97
T0010964,2025-12-30,C00325,P0013,Kolkata,2,0,582.69,1165.38
T0010965,2026-05-17,C00316,P0022,Kolkata,2,0,472.4,944.8
T0010966,2025-06-19,C00662,P0028,Bengaluru,1,10,560.83,560.83
T0010967,2025-09-30,C00859,P0053,Mumbai,2,10,172.49,344.98
T0010968,2026-07-28,C00182,P0026,Kolkata,1,10,514.13,514.13
T0010969,2025-10-16,C00630,P0022,Bengaluru,2,0,472.4,944.8
T0010970,2026-08-08,C00763,P0081,Kolkata,1,0,2194.67,2194.67
T0010971,2026-01-25,C00194,P0042,Chennai,1,25,572.93,572.93
T0010972,2025-12-12,C00087,P0089,Mumbai,1,5,199.65,199.65
T0010973,2025-04-11,C00446,P0095,Chennai,2,10,312.0,624.0
T0010974,2026-02-07,C00045,P0030,Mumbai,1,0,386.5,386.5
T0010975,2026-08-28,C00366,P0056,Bengaluru,1,5,507.22,507.22
T0010976,2025-05-18,C00528,P0081,Bengaluru,1,5,2084.94,2084.94
T0010977,2025-11-26,C00420,P0029,Delhi,2,0,417.79,835.58
T0010978,2026-06-27,C00623,P0029,Mumbai,1,10,376.01,376.01
T0010979,2026-03-23,C00742,P0066,Chennai,1,10,898.74,898.74
T0010980,2026-03-29,C00022,P0080,Mumbai,1,15,278.47,278.47
T0010981,2025-07-20,C00954,P0051,Hyderabad,1,5,794.3,794.3
T0010982,2025-10-07,C00653,P0030,Hyderabad,1,0,386.5,386.5
T0010983,2025-06-04,C00387,P0002,Kolkata,2,5,308.74,617.48
T0010984,2025-03-23,C00652,P0068,Chennai,1,20,275.12,275.12
T0010985,2026-06-21,C00144,P0070,Ahmedabad,1,20,538.98,538.98
T0010986,2025-08-29,C00614,P0086,Pune,1,10,372.25,372.25
T0010987,2026-08-22,C00082,P0088,Hyderabad,1,15,175.02,175.02
T0010988,2025-12-15,C00916,P0094,Ahmedabad,1,0,1058.21,1058.21
T0010989,2026-02-13,C00851,P0031,Mumbai,3,5,220.5,661.5
T0010990,2026-06-17,C00945,P0048,Pune,3,10,553.99,1661.97
T0010991,2025-01-06,C00559,P0073,Chennai,1,20,229.68,229.68
T0010992,2025-03-21,C00010,P0003,Bengaluru,1,10,320.99,320.99
T0010993,2025-03-17,C00453,P0040,Delhi,1,5,694.9,694.9
T0010994,2025-08-04,C00085,P0052,Ahmedabad,1,15,217.88,217.88
T0010995,2025-11-16,C00971,P0056,Bengaluru,1,25,400.44,400.44
T0010996,2025-04-19,C00851,P0091,Mumbai,1,0,279.87,279.87
T0010997,2025-10-31,C00347,P0040,Delhi,1,10,658.32,658.32
T0010998,2026-08-24,C00327,P0005,Chennai,1,10,134.53,134.53
T0010999,2025-10-15,C00557,P0077,Bengaluru,2,25,1194.82,2389.64
T0011000,2025-12-15,C00002,P0019,Mumbai,2,0,173.97,347.94
T0011001,2026-07-02,C00746,P0060,Hyderabad,3,15,279.85,839.55
T0011002,2025-10-19,C00526,P0089,Pune,2,5,199.65,399.3
T0011003,2026-05-08,C00783,P0043,Mumbai,1,5,274.52,274.52
T0011004,2026-04-07,C00415,P0054,Chennai,1,5,276.74,276.74
T0011005,2025-12-25,C00496,P0070,Delhi,1,25,505.3,505.3
T0011006,2025-11-30,C00396,P0066,Hyderabad,1,15,848.81,848.81
T0011007,2025-06-14,C00404,P0068,Bengaluru,1,10,309.51,309.51
T0011008,2026-07-18,C00195,P0016,Bengaluru,1,0,1058.17,1058.17
T0011009,2026-02-26,C00556,P0067,Mumbai,1,0,486.32,486.32
T0011010,2025-02-15,C00013,P0025,Bengaluru,1,25,138.92,138.92
T0011011,2025-10-05,C00220,P0012,Ahmedabad,1,15,188.85,188.85
T0011012,2025-03-12,C00997,P0068,Ahmedabad,1,25,257.92,257.92
T0011013,2025-02-19,C00959,P0060,Hyderabad,1,0,329.24,329.24
T0011014,2025-03-07,C00959,P0052,Hyderabad,1,10,230.7,230.7
T0011015,2026-02-20,C00235,P0005,Hyderabad,1,15,127.06,127.06
T0011016,2026-02-05,C00089,P0065,Kolkata,2,20,1015.45,2030.9
T0011017,2025-11-02,C00703,P0070,Pune,1,10,606.36,606.36
T0011018,2025-03-10,C00059,P0022,Pune,1,0,472.4,472.4
T0011019,2025-01-04,C00083,P0012,Pune,1,0,222.18,222.18
T0011020,2026-05-22,C00587,P0056,Hyderabad,1,0,533.92,533.92
T0011021,2025-11-13,C00877,P0098,Hyderabad,3,10,948.52,2845.56
T0011022,2026-05-10,C00770,P0023,Chennai,2,15,382.49,764.98
T0011023,2025-04-11,C00915,P0058,Hyderabad,1,15,700.57,700.57
T0011024,2025-09-21,C00601,P0089,Kolkata,1,10,189.14,189.14
T0011025,2025-06-03,C00659,P0011,Hyderabad,1,0,381.49,381.49
T0011026,2025-08-03,C00916,P0041,Ahmedabad,2,10,837.57,1675.14
T0011027,2025-06-19,C00685,P0096,Delhi,1,5,923.08,923.08
T0011028,2026-01-02,C00156,P0077,Ahmedabad,1,20,1274.47,1274.47
T0011029,2025-07-15,C00228,P0018,Mumbai,2,5,728.87,1457.74
T0011030,2025-11-15,C00416,P0076,Bengaluru,2,10,353.92,707.84
T0011031,2025-02-24,C00260,P0054,Pune,1,10,262.17,262.17
T0011032,2025-06-30,C00301,P0073,Chennai,2,25,215.32,430.64
T0011033,2025-12-18,C00680,P0060,Bengaluru,1,10,296.32,296.32
T0011034,2025-09-13,C00690,P0092,Delhi,1,0,337.81,337.81
T0011035,2026-06-24,C00338,P0057,Mumbai,1,0,427.6,427.6
T0011036,2025-05-09,C00928,P0052,Kolkata,1,15,217.88,217.88
T0011037,2026-05-08,C00161,P0010,Mumbai,1,10,985.2,985.2
T0011038,2026-01-28,C00796,P0089,Pune,2,10,189.14,378.28
T0011039,2025-06-10,C00083,P0012,Pune,1,5,211.07,211.07
T0011040,2025-12-26,C00107,P0064,Mumbai,1,0,693.68,693.68
T0011041,2026-04-08,C00925,P0009,Ahmedabad,1,20,96.81,96.81
T0011042,2025-03-25,C00814,P0008,Pune,2,0,184.43,368.86
T0011043,2025-06-30,C00608,P0098,Hyderabad,1,10,948.52,948.52
T0011044,2025-11-23,C00417,P0095,Delhi,3,10,312.0,936.0
T0011045,2025-01-21,C00808,P0001,Delhi,2,20,585.28,1170.56
T0011046,2026-08-04,C00021,P0059,Kolkata,3,0,257.22,771.66
T0011047,2025-08-01,C00719,P0085,Mumbai,2,20,468.88,937.76
T0011048,2026-05-19,C00046,P0085,Delhi,2,20,468.88,937.76
T0011049,2026-08-31,C00310,P0011,Ahmedabad,2,25,286.12,572.24
T0011050,2025-10-16,C00120,P0085,Delhi,1,5,556.79,556.79
T0011051,2026-07-10,C00971,P0040,Bengaluru,2,0,731.47,1462.94
T0011052,2026-08-07,C00100,P0093,Pune,1,15,482.24,482.24
T0011053,2025-06-03,C00555,P0081,Kolkata,1,15,1865.47,1865.47
T0011054,2025-12-13,C00350,P0027,Chennai,1,10,538.74,538.74
T0011055,2026-07-08,C00342,P0080,Kolkata,2,0,327.61,655.22
T0011056,2025-07-19,C00954,P0067,Hyderabad,1,10,437.69,437.69
T0011057,2026-08-03,C00293,P0030,Bengaluru,1,15,328.52,328.52
T0011058,2025-02-22,C00235,P0046,Hyderabad,1,0,568.98,568.98
T0011059,2025-07-07,C00027,P0048,Hyderabad,1,25,461.66,461.66
T0011060,2025-01-14,C00718,P0059,Delhi,2,0,257.22,514.44
T0011061,2025-08-20,C00763,P0051,Kolkata,1,10,752.5,752.5
T0011062,2025-11-24,C00193,P0098,Mumbai,2,5,1001.21,2002.42
T0011063,2025-04-07,C00721,P0066,Ahmedabad,1,0,998.6,998.6
T0011064,2025-11-06,C00877,P0095,Hyderabad,3,10,312.0,936.0
T0011065,2025-04-22,C00551,P0098,Bengaluru,1,0,1053.91,1053.91
T0011066,2025-04-12,C00869,P0089,Chennai,1,0,210.16,210.16
T0011067,2026-02-11,C00567,P0088,Kolkata,2,10,185.32,370.64
T0011068,2025-04-09,C00969,P0087,Bengaluru,4,0,341.41,1365.64
T0011069,2025-07-23,C00640,P0014,Ahmedabad,3,5,880.56,2641.68
T0011070,2026-02-27,C00405,P0083,Ahmedabad,1,0,4654.23,4654.23
T0011071,2026-03-02,C00233,P0090,Delhi,2,5,266.68,533.36
T0011072,2026-05-19,C00635,P0016,Chennai,1,15,899.44,899.44
T0011073,2026-04-15,C00759,P0018,Delhi,1,10,690.51,690.51
T0011074,2025-03-01,C00932,P0093,Kolkata,1,5,538.97,538.97
T0011075,2026-07-21,C00280,P0043,Chennai,1,10,260.07,260.07
T0011076,2026-06-24,C00077,P0093,Mumbai,4,0,567.34,2269.36
T0011077,2026-03-14,C00544,P0061,Pune,1,0,223.9,223.9
T0011078,2025-08-01,C00582,P0015,Ahmedabad,1,5,2445.09,2445.09
T0011079,2025-12-30,C00771,P0015,Hyderabad,1,5,2445.09,2445.09
T0011080,2025-10-14,C00400,P0006,Pune,1,15,286.71,286.71
T0011081,2025-08-17,C00540,P0091,Chennai,1,25,209.9,209.9
T0011082,2025-05-12,C00750,P0068,Hyderabad,2,0,343.9,687.8
T0011083,2025-03-25,C00161,P0100,Mumbai,1,15,422.38,422.38
T0011084,2025-08-20,C00042,P0042,Chennai,1,25,572.93,572.93
T0011085,2026-01-03,C00401,P0007,Hyderabad,1,0,524.2,524.2
T0011086,2026-01-02,C00622,P0081,Hyderabad,1,10,1975.2,1975.2
T0011087,2026-05-15,C00111,P0019,Kolkata,1,0,173.97,173.97
T0011088,2026-02-09,C00060,P0032,Delhi,1,20,758.91,758.91
T0011089,2026-01-12,C00932,P0068,Kolkata,1,0,343.9,343.9
T0011090,2025-05-03,C00247,P0042,Chennai,1,25,572.93,572.93
T0011091,2026-04-21,C00729,P0092,Ahmedabad,1,0,337.81,337.81
T0011092,2025-03-02,C00190,P0043,Kolkata,1,25,216.73,216.73
T0011093,2025-08-02,C00138,P0019,Chennai,1,10,156.57,156.57
T0011094,2025-06-05,C00193,P0095,Mumbai,1,0,346.67,346.67
T0011095,2026-03-03,C00093,P0069,Delhi,2,0,124.03,248.06
T0011096,2025-03-15,C00225,P0030,Delhi,1,15,328.52,328.52
T0011097,2025-03-05,C00111,P0074,Kolkata,1,25,346.06,346.06
T0011098,2025-09-17,C00786,P0027,Kolkata,4,0,598.6,2394.4
T0011099,2026-09-26,C00775,P0043,Chennai,2,0,288.97,577.94
T0011100,2025-01-23,C00539,P0073,Ahmedabad,3,5,272.74,818.22
T0011101,2026-01-12,C00538,P0005,Mumbai,1,0,149.48,149.48
T0011102,2025-12-06,C00315,P0068,Chennai,2,5,326.7,653.4
T0011103,2026-04-12,C00462,P0010,Bengaluru,1,0,1094.67,1094.67
T0011104,2025-02-21,C00065,P0056,Mumbai,2,10,480.53,961.06
T0011105,2025-10-07,C00944,P0068,Mumbai,1,25,257.92,257.92
T0011106,2026-03-08,C00504,P0099,Ahmedabad,1,20,245.2,245.2
T0011107,2026-09-08,C00288,P0094,Chennai,2,5,1005.3,2010.6
T0011108,2025-09-23,C00901,P0002,Bengaluru,1,0,324.99,324.99
T0011109,2026-07-05,C00154,P0070,Bengaluru,3,15,572.67,1718.01
T0011110,2025-04-10,C00171,P0017,Pune,1,5,295.74,295.74
T0011111,2025-10-16,C00928,P0006,Kolkata,2,10,303.58,607.16
T0011112,2026-03-22,C00686,P0011,Delhi,2,5,362.42,724.84
T0011113,2025-09-30,C00191,P0056,Mumbai,1,10,480.53,480.53
T0011114,2025-08-31,C00131,P0004,Pune,4,0,560.89,2243.56
T0011115,2025-01-08,C00678,P0097,Pune,1,0,1906.89,1906.89
T0011116,2026-05-19,C00440,P0026,Bengaluru,3,10,514.13,1542.39
T0011117,2026-07-25,C00674,P0093,Chennai,1,20,453.87,453.87
T0011118,2025-03-09,C00830,P0040,Kolkata,1,0,731.47,731.47
T0011119,2026-04-06,C00462,P0094,Bengaluru,3,5,1005.3,3015.9
T0011120,2025-03-19,C00248,P0091,Ahmedabad,1,0,279.87,279.87
T0011121,2025-01-13,C00539,P0024,Ahmedabad,1,5,241.63,241.63
T0011122,2026-01-09,C00438,P0022,Chennai,1,0,472.4,472.4
T0011123,2026-04-28,C00607,P0084,Hyderabad,2,15,450.79,901.58
T0011124,2025-06-19,C00296,P0080,Bengaluru,3,15,278.47,835.41
T0011125,2025-03-22,C00780,P0085,Mumbai,2,0,586.1,1172.2
T0011126,2025-09-22,C00449,P0037,Delhi,1,0,293.17,293.17
T0011127,2025-02-16,C00202,P0099,Chennai,1,15,260.52,260.52
T0011128,2025-04-17,C00335,P0043,Pune,1,5,274.52,274.52
T0011129,2025-08-04,C00922,P0069,Pune,1,0,124.03,124.03
T0011130,2025-12-05,C00806,P0099,Kolkata,1,5,291.18,291.18
T0011131,2026-03-13,C00008,P0063,Kolkata,1,15,120.39,120.39
T0011132,2026-05-07,C00909,P0023,Ahmedabad,1,0,449.99,449.99
T0011133,2025-05-21,C00083,P0030,Pune,1,10,347.85,347.85
T0011134,2025-12-10,C00526,P0042,Pune,2,15,649.32,1298.64
T0011135,2026-09-04,C01000,P0093,Kolkata,2,10,510.61,1021.22
T0011136,2025-05-15,C00070,P0042,Ahmedabad,1,15,649.32,649.32
T0011137,2025-06-20,C00621,P0023,Chennai,1,0,449.99,449.99
T0011138,2026-08-26,C00365,P0014,Ahmedabad,1,20,741.52,741.52
T0011139,2025-06-21,C00325,P0040,Kolkata,1,5,694.9,694.9
T0011140,2025-05-28,C00390,P0044,Mumbai,1,25,299.31,299.31
T0011141,2025-04-08,C00766,P0095,Kolkata,1,0,346.67,346.67
T0011142,2025-07-02,C00214,P0045,Bengaluru,2,0,162.29,324.58
T0011143,2025-12-23,C00198,P0095,Chennai,1,15,294.67,294.67
T0011144,2026-02-02,C00091,P0057,Bengaluru,1,0,427.6,427.6
T0011145,2025-06-22,C00264,P0071,Bengaluru,2,15,1362.02,2724.04
T0011146,2026-04-24,C00259,P0091,Pune,1,0,279.87,279.87
T0011147,2026-03-04,C00178,P0097,Mumbai,1,20,1525.51,1525.51
T0011148,2026-08-04,C00517,P0056,Hyderabad,1,25,400.44,400.44
T0011149,2025-07-16,C00924,P0093,Kolkata,1,5,538.97,538.97
T0011150,2026-02-21,C00566,P0063,Chennai,1,0,141.64,141.64
T0011151,2025-12-24,C00689,P0001,Hyderabad,1,5,695.02,695.02
T0011152,2026-05-30,C00853,P0074,Chennai,1,5,438.34,438.34
T0011153,2025-07-27,C00112,P0068,Ahmedabad,2,10,309.51,619.02
T0011154,2025-02-18,C00004,P0030,Bengaluru,2,15,328.52,657.04
T0011155,2026-09-27,C00109,P0059,Ahmedabad,1,20,205.78,205.78
T0011156,2026-06-02,C00649,P0070,Hyderabad,1,0,673.73,673.73
T0011157,2025-08-20,C00367,P0005,Ahmedabad,1,5,142.01,142.01
T0011158,2026-09-17,C00619,P0043,Kolkata,1,0,288.97,288.97
T0011159,2025-03-24,C00644,P0069,Ahmedabad,1,5,117.83,117.83
T0011160,2026-08-07,C00762,P0043,Ahmedabad,1,20,231.18,231.18
T0011161,2026-04-25,C00902,P0096,Pune,1,15,825.91,825.91
T0011162,2025-09-24,C00041,P0093,Pune,2,0,567.34,1134.68
T0011163,2025-11-14,C00239,P0029,Pune,2,5,396.9,793.8
T0011164,2025-03-02,C00671,P0025,Kolkata,2,5,175.97,351.94
T0011165,2026-07-30,C00422,P0067,Kolkata,1,0,486.32,486.32
T0011166,2026-06-11,C00967,P0092,Ahmedabad,2,0,337.81,675.62
T0011167,2026-02-16,C00276,P0035,Kolkata,2,0,367.0,734.0
T0011168,2025-07-04,C00649,P0040,Hyderabad,2,0,731.47,1462.94
T0011169,2025-10-25,C00927,P0071,Kolkata,3,0,1602.38,4807.14
T0011170,2025-03-25,C00074,P0031,Pune,1,0,232.11,232.11
T0011171,2026-04-06,C00712,P0011,Ahmedabad,1,5,362.42,362.42
T0011172,2026-05-20,C00944,P0093,Mumbai,1,5,538.97,538.97
T0011173,2026-03-16,C00703,P0087,Pune,1,5,324.34,324.34
T0011174,2026-03-29,C00585,P0043,Pune,1,10,260.07,260.07
T0011175,2025-03-13,C00607,P0069,Hyderabad,1,5,117.83,117.83
T0011176,2025-11-04,C00582,P0012,Ahmedabad,1,15,188.85,188.85
T0011177,2025-11-22,C00537,P0026,Hyderabad,2,0,571.26,1142.52
T0011178,2025-01-14,C00549,P0051,Kolkata,1,10,752.5,752.5
T0011179,2026-05-18,C00024,P0093,Mumbai,2,25,425.5,851.0
T0011180,2025-10-02,C00255,P0043,Mumbai,2,0,288.97,577.94
T0011181,2026-03-01,C00318,P0086,Bengaluru,2,0,413.61,827.22
T0011182,2026-09-10,C00145,P0093,Hyderabad,1,0,567.34,567.34
T0011183,2025-04-05,C00612,P0030,Kolkata,1,15,328.52,328.52
T0011184,2025-09-28,C00389,P0064,Ahmedabad,1,0,693.68,693.68
T0011185,2025-09-25,C00422,P0011,Kolkata,1,10,343.34,343.34
T0011186,2025-08-11,C00054,P0051,Kolkata,2,5,794.3,1588.6
T0011187,2026-03-20,C00865,P0061,Chennai,1,25,167.92,167.92
T0011188,2025-09-26,C00089,P0005,Kolkata,1,5,142.01,142.01
T0011189,2026-05-31,C00908,P0080,Bengaluru,2,0,327.61,655.22
T0011190,2026-02-22,C00089,P0065,Kolkata,2,0,1269.31,2538.62
T0011191,2026-08-04,C00253,P0043,Ahmedabad,2,5,274.52,549.04
T0011192,2025-04-17,C00435,P0003,Pune,1,15,303.16,303.16
T0011193,2025-05-18,C00932,P0043,Kolkata,1,20,231.18,231.18
T0011194,2025-03-09,C00358,P0077,Pune,1,0,1593.09,1593.09
T0011195,2026-05-09,C00146,P0065,Pune,1,0,1269.31,1269.31
T0011196,2025-04-30,C00890,P0051,Kolkata,1,15,710.69,710.69
T0011197,2026-04-13,C00712,P0080,Ahmedabad,1,0,327.61,327.61
T0011198,2025-08-25,C00288,P0048,Chennai,1,20,492.43,492.43
T0011199,2025-11-14,C00218,P0022,Hyderabad,1,15,401.54,401.54
T0011200,2026-04-22,C00658,P0063,Pune,2,5,134.56,269.12
T0011201,2025-07-29,C00827,P0056,Pune,3,5,507.22,1521.66
T0011202,2025-05-28,C00432,P0025,Kolkata,3,10,166.71,500.13
T0011203,2025-04-15,C00919,P0026,Mumbai,1,10,514.13,514.13
T0011204,2025-10-19,C00292,P0081,Pune,1,5,2084.94,2084.94
T0011205,2025-03-14,C00112,P0043,Ahmedabad,1,15,245.62,245.62
T0011206,2026-02-18,C00918,P0024,Mumbai,3,0,254.35,763.05
T0011207,2025-08-27,C00561,P0073,Hyderabad,2,5,272.74,545.48
T0011208,2025-08-02,C00380,P0091,Mumbai,1,5,265.88,265.88
T0011209,2026-03-13,C00391,P0052,Kolkata,1,0,256.33,256.33
T0011210,2025-03-27,C00874,P0081,Pune,1,5,2084.94,2084.94
T0011211,2025-05-15,C00879,P0017,Bengaluru,3,5,295.74,887.22
T0011212,2026-08-01,C00118,P0047,Mumbai,2,5,684.49,1368.98
T0011213,2025-05-21,C00897,P0093,Hyderabad,3,0,567.34,1702.02
T0011214,2025-07-18,C00454,P0039,Mumbai,3,5,679.94,2039.82
T0011215,2025-05-08,C00778,P0068,Ahmedabad,1,0,343.9,343.9
T0011216,2025-03-05,C00207,P0009,Kolkata,2,20,96.81,193.62
T0011217,2025-04-17,C00701,P0095,Chennai,1,10,312.0,312.0
T0011218,2025-01-16,C00642,P0086,Chennai,1,25,310.21,310.21
T0011219,2025-02-07,C00653,P0020,Hyderabad,1,0,1079.62,1079.62
T0011220,2025-05-18,C00916,P0076,Ahmedabad,1,0,393.24,393.24
T0011221,2025-05-15,C00937,P0003,Mumbai,1,20,285.33,285.33
T0011222,2025-01-01,C00060,P0078,Delhi,1,10,325.45,325.45
T0011223,2026-07-02,C00726,P0067,Chennai,2,5,462.0,924.0
T0011224,2026-04-12,C00464,P0093,Pune,1,10,510.61,510.61
T0011225,2026-02-10,C00875,P0005,Delhi,1,0,149.48,149.48
T0011226,2026-08-25,C00487,P0026,Kolkata,1,25,428.44,428.44
T0011227,2025-09-07,C00527,P0043,Bengaluru,2,0,288.97,577.94
T0011228,2026-03-25,C00707,P0058,Chennai,1,10,741.78,741.78
T0011229,2025-05-06,C00887,P0086,Kolkata,4,0,413.61,1654.44
T0011230,2025-05-23,C00137,P0030,Kolkata,1,10,347.85,347.85
T0011231,2025-08-14,C00585,P0068,Pune,3,20,275.12,825.36
T0011232,2026-03-26,C00278,P0100,Pune,3,20,397.54,1192.62
T0011233,2025-12-13,C00478,P0067,Ahmedabad,1,20,389.06,389.06
T0011234,2025-12-22,C00277,P0093,Ahmedabad,1,20,453.87,453.87
T0011235,2025-01-20,C00961,P0093,Pune,1,0,567.34,567.34
T0011236,2026-01-24,C00063,P0075,Pune,1,10,152.18,152.18
T0011237,2026-09-25,C00934,P0096,Mumbai,1,0,971.66,971.66
T0011238,2025-11-20,C00892,P0088,Chennai,3,0,205.91,617.73
T0011239,2025-03-03,C00210,P0093,Kolkata,1,5,538.97,538.97
T0011240,2026-08-01,C00498,P0001,Pune,1,0,731.6,731.6
T0011241,2026-06-06,C00301,P0029,Chennai,1,10,376.01,376.01
T0011242,2026-06-21,C00277,P0093,Ahmedabad,2,10,510.61,1021.22
T0011243,2026-07-15,C00532,P0029,Mumbai,2,0,417.79,835.58
T0011244,2026-06-08,C00089,P0035,Kolkata,1,25,275.25,275.25
T0011245,2026-03-29,C00028,P0038,Kolkata,1,20,450.13,450.13
T0011246,2025-10-28,C00292,P0011,Pune,1,5,362.42,362.42
T0011247,2026-09-13,C00542,P0093,Kolkata,1,15,482.24,482.24
T0011248,2025-02-06,C00440,P0044,Bengaluru,2,10,359.17,718.34
T0011249,2025-12-10,C00346,P0050,Delhi,1,10,1019.73,1019.73
T0011250,2025-08-06,C00867,P0065,Kolkata,1,0,1269.31,1269.31
T0011251,2026-01-19,C00909,P0035,Ahmedabad,1,10,330.3,330.3
T0011252,2026-03-02,C00124,P0043,Ahmedabad,1,10,260.07,260.07
T0011253,2026-08-20,C00684,P0014,Ahmedabad,1,15,787.86,787.86
T0011254,2025-07-26,C00551,P0023,Bengaluru,1,0,449.99,449.99
T0011255,2025-01-19,C00924,P0068,Kolkata,2,0,343.9,687.8
T0011256,2025-06-24,C00163,P0068,Delhi,1,0,343.9,343.9
T0011257,2025-04-13,C00952,P0037,Kolkata,2,10,263.85,527.7
T0011258,2025-06-25,C00859,P0005,Mumbai,3,15,127.06,381.18
T0011259,2025-06-17,C00769,P0021,Chennai,2,15,534.26,1068.52
T0011260,2025-11-23,C00533,P0097,Hyderabad,3,0,1906.89,5720.67
T0011261,2026-09-14,C00990,P0081,Bengaluru,1,15,1865.47,1865.47
T0011262,2025-09-28,C00872,P0018,Mumbai,2,5,728.87,1457.74
T0011263,2025-07-14,C00412,P0043,Ahmedabad,1,15,245.62,245.62
T0011264,2026-06-22,C00367,P0098,Ahmedabad,1,5,1001.21,1001.21
T0011265,2026-01-07,C00572,P0055,Pune,1,25,2542.8,2542.8
T0011266,2026-02-13,C00385,P0006,Ahmedabad,4,15,286.71,1146.84
T0011267,2026-08-30,C00530,P0065,Pune,2,0,1269.31,2538.62
T0011268,2026-05-13,C00093,P0002,Delhi,2,10,292.49,584.98
T0011269,2026-04-01,C00658,P0076,Pune,3,0,393.24,1179.72
T0011270,2025-07-20,C00077,P0068,Mumbai,1,20,275.12,275.12
T0011271,2025-01-02,C00303,P0040,Kolkata,1,10,658.32,658.32
T0011272,2025-12-24,C00146,P0022,Pune,1,20,377.92,377.92
T0011273,2025-12-26,C00651,P0082,Bengaluru,1,0,352.74,352.74
T0011274,2025-08-05,C00454,P0065,Mumbai,2,15,1078.91,2157.82
T0011275,2026-07-14,C00484,P0009,Kolkata,1,0,121.01,121.01
T0011276,2026-06-11,C00354,P0097,Bengaluru,2,10,1716.2,3432.4
T0011277,2025-05-09,C00504,P0042,Ahmedabad,1,5,725.71,725.71
T0011278,2025-03-09,C00665,P0090,Chennai,1,0,280.72,280.72
T0011279,2026-05-10,C00270,P0031,Mumbai,1,0,232.11,232.11
T0011280,2026-03-15,C00529,P0081,Bengaluru,1,0,2194.67,2194.67
T0011281,2026-09-21,C00631,P0058,Kolkata,1,15,700.57,700.57
T0011282,2026-02-16,C00969,P0018,Bengaluru,2,0,767.23,1534.46
T0011283,2025-09-24,C00094,P0043,Bengaluru,1,20,231.18,231.18
T0011284,2025-06-18,C00922,P0084,Pune,1,5,503.82,503.82
T0011285,2025-12-28,C00323,P0073,Ahmedabad,2,0,287.1,574.2
T0011286,2026-05-26,C00647,P0085,Bengaluru,3,0,586.1,1758.3
T0011287,2025-12-15,C00267,P0027,Bengaluru,1,25,448.95,448.95
T0011288,2025-02-13,C00547,P0088,Pune,2,5,195.61,391.22
T0011289,2025-06-19,C00278,P0088,Pune,1,0,205.91,205.91
T0011290,2026-03-10,C00216,P0043,Kolkata,1,0,288.97,288.97
T0011291,2025-04-21,C00416,P0063,Bengaluru,1,0,141.64,141.64
T0011292,2026-09-27,C00721,P0008,Ahmedabad,3,20,147.54,442.62
T0011293,2025-12-11,C00287,P0062,Delhi,3,15,1124.18,3372.54
T0011294,2025-03-11,C00484,P0099,Kolkata,1,5,291.18,291.18
T0011295,2025-11-11,C00007,P0002,Kolkata,1,10,292.49,292.49
T0011296,2026-06-04,C00034,P0031,Hyderabad,1,5,220.5,220.5
T0011297,2026-06-24,C00243,P0030,Hyderabad,1,0,386.5,386.5
T0011298,2025-06-29,C00468,P0098,Mumbai,1,5,1001.21,1001.21
T0011299,2026-08-08,C00549,P0031,Kolkata,1,0,232.11,232.11
T0011300,2026-06-26,C00957,P0043,Bengaluru,1,5,274.52,274.52
T0011301,2025-06-09,C00595,P0087,Pune,1,10,307.27,307.27
T0011302,2026-01-24,C00075,P0059,Ahmedabad,1,5,244.36,244.36
T0011303,2026-07-26,C00494,P0043,Hyderabad,2,0,288.97,577.94
T0011304,2025-01-01,C00222,P0018,Ahmedabad,1,0,767.23,767.23
T0011305,2025-02-19,C00077,P0068,Mumbai,1,0,343.9,343.9
T0011306,2025-10-01,C00642,P0027,Chennai,2,20,478.88,957.76
T0011307,2026-08-22,C00510,P0016,Chennai,1,0,1058.17,1058.17
T0011308,2025-11-14,C00612,P0033,Kolkata,2,10,248.9,497.8
T0011309,2025-06-03,C00042,P0021,Chennai,1,10,565.69,565.69
T0011310,2026-06-18,C00094,P0043,Bengaluru,1,0,288.97,288.97
T0011311,2025-06-11,C00566,P0076,Chennai,1,25,294.93,294.93
T0011312,2026-07-22,C00466,P0072,Mumbai,1,15,253.31,253.31
T0011313,2025-08-07,C00968,P0069,Pune,1,10,111.63,111.63
T0011314,2025-10-25,C00034,P0080,Hyderabad,1,5,311.23,311.23
T0011315,2025-09-29,C00740,P0016,Delhi,1,0,1058.17,1058.17
T0011316,2025-10-02,C00069,P0075,Mumbai,1,0,169.09,169.09
T0011317,2025-04-14,C00097,P0083,Pune,1,10,4188.81,4188.81
T0011318,2025-02-07,C00042,P0021,Chennai,1,15,534.26,534.26
T0011319,2026-05-19,C00783,P0043,Mumbai,1,15,245.62,245.62
T0011320,2025-12-25,C00572,P0031,Pune,1,0,232.11,232.11
T0011321,2025-05-14,C00623,P0027,Mumbai,2,5,568.67,1137.34
T0011322,2025-07-25,C00701,P0003,Chennai,2,0,356.66,713.32
T0011323,2025-07-04,C00148,P0074,Chennai,2,0,461.41,922.82
T0011324,2025-03-02,C00406,P0076,Bengaluru,2,0,393.24,786.48
T0011325,2026-07-06,C00082,P0100,Hyderabad,3,20,397.54,1192.62
T0011326,2025-04-18,C00884,P0057,Chennai,1,0,427.6,427.6
T0011327,2026-06-13,C00739,P0043,Delhi,1,0,288.97,288.97
T0011328,2025-11-10,C00334,P0051,Mumbai,1,0,836.11,836.11
T0011329,2026-07-03,C00215,P0072,Pune,1,5,283.11,283.11
T0011330,2026-05-10,C00515,P0100,Kolkata,1,10,447.23,447.23
T0011331,2026-09-13,C00083,P0086,Pune,1,15,351.57,351.57
T0011332,2025-05-31,C00026,P0040,Mumbai,1,0,731.47,731.47
T0011333,2025-06-23,C00040,P0097,Kolkata,1,10,1716.2,1716.2
T0011334,2026-03-16,C00587,P0070,Hyderabad,1,25,505.3,505.3
T0011335,2025-07-01,C00559,P0027,Chennai,1,0,598.6,598.6
T0011336,2026-07-23,C00721,P0062,Ahmedabad,1,5,1256.44,1256.44
T0011337,2025-09-02,C00542,P0093,Kolkata,2,0,567.34,1134.68
T0011338,2025-04-09,C00205,P0049,Ahmedabad,1,10,123.27,123.27
T0011339,2026-09-17,C00369,P0097,Delhi,1,5,1811.55,1811.55
T0011340,2025-10-18,C00612,P0030,Kolkata,1,15,328.52,328.52
T0011341,2025-10-15,C00982,P0024,Pune,3,10,228.92,686.76
T0011342,2026-09-29,C00663,P0035,Hyderabad,1,10,330.3,330.3
T0011343,2026-02-15,C00608,P0003,Hyderabad,2,20,285.33,570.66
T0011344,2025-09-29,C00374,P0043,Delhi,2,25,216.73,433.46
T0011345,2026-05-02,C00006,P0040,Hyderabad,1,5,694.9,694.9
T0011346,2026-02-10,C00797,P0080,Pune,2,0,327.61,655.22
T0011347,2025-01-23,C00463,P0020,Mumbai,1,10,971.66,971.66
T0011348,2025-06-15,C00614,P0020,Pune,1,10,971.66,971.66
T0011349,2026-09-21,C00410,P0060,Kolkata,1,0,329.24,329.24
T0011350,2025-11-13,C00937,P0082,Mumbai,1,15,299.83,299.83
T0011351,2025-11-01,C00563,P0021,Kolkata,1,10,565.69,565.69
T0011352,2025-08-11,C00177,P0061,Kolkata,1,15,190.32,190.32
T0011353,2026-07-05,C00505,P0087,Bengaluru,1,15,290.2,290.2
T0011354,2025-06-16,C00275,P0032,Hyderabad,1,5,901.21,901.21
T0011355,2026-07-25,C00266,P0093,Chennai,1,0,567.34,567.34
T0011356,2025-10-27,C00218,P0016,Hyderabad,1,15,899.44,899.44
T0011357,2026-05-28,C00786,P0097,Kolkata,2,5,1811.55,3623.1
T0011358,2025-07-18,C00928,P0002,Kolkata,2,0,324.99,649.98
T0011359,2025-06-13,C00100,P0068,Pune,2,5,326.7,653.4
T0011360,2026-05-15,C00451,P0068,Bengaluru,1,5,326.7,326.7
T0011361,2026-05-03,C00985,P0039,Hyderabad,1,10,644.16,644.16
T0011362,2025-04-11,C00224,P0061,Bengaluru,1,0,223.9,223.9
T0011363,2026-07-03,C00766,P0005,Kolkata,1,5,142.01,142.01
T0011364,2026-05-20,C00512,P0060,Bengaluru,1,0,329.24,329.24
T0011365,2026-09-17,C00480,P0093,Kolkata,1,5,538.97,538.97
T0011366,2026-08-23,C00275,P0073,Hyderabad,1,25,215.32,215.32
T0011367,2025-12-22,C00758,P0040,Kolkata,1,10,658.32,658.32
T0011368,2025-02-15,C00468,P0083,Mumbai,1,10,4188.81,4188.81
T0011369,2025-03-15,C00609,P0099,Delhi,1,5,291.18,291.18
T0011370,2025-07-03,C00408,P0011,Delhi,1,10,343.34,343.34
T0011371,2026-04-04,C00345,P0020,Bengaluru,3,0,1079.62,3238.86
T0011372,2026-06-09,C00225,P0012,Delhi,1,0,222.18,222.18
T0011373,2026-02-10,C00056,P0093,Ahmedabad,1,15,482.24,482.24
T0011374,2026-03-08,C00668,P0092,Pune,1,15,287.14,287.14
T0011375,2026-03-22,C00502,P0015,Delhi,1,10,2316.4,2316.4
T0011376,2025-03-25,C00605,P0057,Delhi,2,0,427.6,855.2
T0011377,2026-04-10,C00619,P0093,Kolkata,2,5,538.97,1077.94
T0011378,2025-06-09,C00014,P0019,Kolkata,1,0,173.97,173.97
T0011379,2025-01-21,C00158,P0018,Delhi,1,0,767.23,767.23
T0011380,2025-08-07,C00250,P0094,Ahmedabad,1,10,952.39,952.39
T0011381,2025-05-22,C00017,P0018,Chennai,1,5,728.87,728.87
T0011382,2025-06-25,C00346,P0084,Delhi,1,10,477.31,477.31
T0011383,2025-03-22,C00448,P0068,Delhi,1,0,343.9,343.9
T0011384,2026-05-04,C00161,P0061,Mumbai,1,0,223.9,223.9
T0011385,2025-12-22,C00494,P0093,Hyderabad,1,10,510.61,510.61
T0011386,2025-04-12,C00601,P0066,Kolkata,1,0,998.6,998.6
T0011387,2026-07-03,C00021,P0092,Kolkata,2,0,337.81,675.62
T0011388,2025-02-08,C00712,P0011,Ahmedabad,1,10,343.34,343.34
T0011389,2025-07-04,C00047,P0047,Pune,2,5,684.49,1368.98
T0011390,2025-11-17,C00983,P0052,Chennai,4,5,243.51,974.04
T0011391,2025-05-09,C00516,P0087,Bengaluru,1,5,324.34,324.34
T0011392,2026-07-09,C00659,P0051,Hyderabad,1,0,836.11,836.11
T0011393,2025-03-02,C00582,P0032,Ahmedabad,1,0,948.64,948.64
T0011394,2026-07-06,C00207,P0028,Kolkata,1,25,467.36,467.36
T0011395,2026-09-28,C00277,P0093,Ahmedabad,1,0,567.34,567.34
T0011396,2025-04-23,C00909,P0082,Ahmedabad,1,10,317.47,317.47
T0011397,2025-08-26,C00126,P0059,Bengaluru,1,15,218.64,218.64
T0011398,2025-05-04,C00303,P0056,Kolkata,1,0,533.92,533.92
T0011399,2025-12-27,C00068,P0075,Bengaluru,2,5,160.64,321.28
T0011400,2026-08-17,C00971,P0004,Bengaluru,4,5,532.85,2131.4
T0011401,2026-07-31,C00455,P0072,Bengaluru,2,5,283.11,566.22
T0011402,2025-03-26,C00701,P0053,Chennai,1,10,172.49,172.49
T0011403,2025-08-09,C00036,P0057,Mumbai,2,25,320.7,641.4
T0011404,2025-04-04,C00830,P0047,Kolkata,1,0,720.52,720.52
T0011405,2026-07-09,C00319,P0021,Pune,2,15,534.26,1068.52
T0011406,2025-12-17,C00277,P0068,Ahmedabad,2,10,309.51,619.02
T0011407,2025-06-03,C00166,P0011,Chennai,1,0,381.49,381.49
T0011408,2025-05-26,C00110,P0012,Mumbai,1,0,222.18,222.18
T0011409,2025-09-06,C00799,P0084,Hyderabad,1,5,503.82,503.82
T0011410,2025-12-24,C00577,P0043,Bengaluru,2,10,260.07,520.14
T0011411,2026-05-03,C00912,P0029,Hyderabad,1,5,396.9,396.9
T0011412,2025-09-05,C00785,P0070,Mumbai,2,5,640.04,1280.08
T0011413,2025-05-11,C00960,P0070,Delhi,3,5,640.04,1920.12
T0011414,2025-04-12,C00376,P0085,Hyderabad,1,25,439.58,439.58
T0011415,2025-06-11,C00971,P0056,Bengaluru,1,5,507.22,507.22
T0011416,2025-10-19,C00941,P0096,Bengaluru,1,0,971.66,971.66
T0011417,2025-05-12,C00141,P0076,Bengaluru,3,10,353.92,1061.76
T0011418,2025-10-30,C00365,P0070,Ahmedabad,1,15,572.67,572.67
T0011419,2025-10-14,C00381,P0010,Kolkata,1,0,1094.67,1094.67
T0011420,2026-07-02,C00168,P0040,Mumbai,1,0,731.47,731.47
T0011421,2025-08-30,C00223,P0083,Ahmedabad,1,0,4654.23,4654.23
T0011422,2025-05-29,C00304,P0075,Delhi,1,0,169.09,169.09
T0011423,2026-08-21,C00576,P0024,Chennai,1,10,228.92,228.92
T0011424,2026-05-15,C00686,P0067,Delhi,1,0,486.32,486.32
T0011425,2025-12-24,C00035,P0051,Ahmedabad,3,0,836.11,2508.33
T0011426,2025-12-30,C00849,P0036,Bengaluru,1,15,400.68,400.68
T0011427,2026-04-10,C00467,P0076,Delhi,1,10,353.92,353.92
T0011428,2025-12-03,C00834,P0100,Hyderabad,1,10,447.23,447.23
T0011429,2025-07-07,C00073,P0068,Kolkata,1,0,343.9,343.9
T0011430,2026-03-04,C00277,P0093,Ahmedabad,1,0,567.34,567.34
T0011431,2025-04-22,C00187,P0040,Hyderabad,2,0,731.47,1462.94
T0011432,2026-07-06,C00879,P0002,Bengaluru,1,5,308.74,308.74
T0011433,2025-06-13,C00030,P0070,Bengaluru,2,5,640.04,1280.08
T0011434,2025-10-10,C00335,P0068,Pune,1,10,309.51,309.51
T0011435,2025-06-20,C00364,P0079,Pune,3,0,410.82,1232.46
T0011436,2025-01-08,C00203,P0067,Mumbai,1,20,389.06,389.06
T0011437,2026-05-09,C00798,P0079,Bengaluru,1,20,328.66,328.66
T0011438,2026-03-08,C00126,P0089,Bengaluru,1,0,210.16,210.16
T0011439,2025-03-12,C00188,P0091,Pune,1,0,279.87,279.87
T0011440,2025-06-10,C00905,P0047,Pune,1,20,576.42,576.42
T0011441,2026-03-28,C00889,P0017,Hyderabad,1,0,311.3,311.3
T0011442,2025-05-13,C00751,P0068,Chennai,1,0,343.9,343.9
T0011443,2026-03-11,C00979,P0021,Chennai,2,10,565.69,1131.38
T0011444,2025-11-30,C00836,P0051,Chennai,1,5,794.3,794.3
T0011445,2026-06-18,C00298,P0011,Ahmedabad,4,5,362.42,1449.68
T0011446,2025-04-28,C00057,P0036,Delhi,1,5,447.82,447.82
T0011447,2026-05-11,C00596,P0093,Pune,3,5,538.97,1616.91
T0011448,2025-06-12,C00862,P0010,Hyderabad,1,10,985.2,985.2
T0011449,2025-04-25,C00251,P0091,Hyderabad,2,10,251.88,503.76
T0011450,2025-10-23,C00637,P0015,Pune,1,10,2316.4,2316.4
T0011451,2025-02-04,C00963,P0093,Chennai,1,0,567.34,567.34
T0011452,2025-02-26,C00519,P0027,Chennai,1,10,538.74,538.74
T0011453,2026-08-18,C00364,P0075,Pune,2,25,126.82,253.64
T0011454,2026-04-19,C00713,P0067,Mumbai,1,5,462.0,462.0
T0011455,2025-09-26,C00146,P0035,Pune,3,0,367.0,1101.0
T0011456,2025-09-22,C00585,P0068,Pune,1,0,343.9,343.9
T0011457,2025-06-03,C00649,P0070,Hyderabad,1,15,572.67,572.67
T0011458,2025-10-12,C00681,P0075,Bengaluru,2,20,135.27,270.54
T0011459,2026-05-27,C00596,P0068,Pune,2,15,292.32,584.64
T0011460,2026-04-18,C00006,P0040,Hyderabad,1,10,658.32,658.32
T0011461,2025-04-30,C00466,P0009,Mumbai,1,5,114.96,114.96
T0011462,2026-02-04,C00696,P0058,Kolkata,1,5,782.99,782.99
T0011463,2025-07-19,C00500,P0081,Pune,1,0,2194.67,2194.67
T0011464,2025-08-08,C00792,P0068,Kolkata,1,5,326.7,326.7
T0011465,2026-08-15,C00812,P0056,Hyderabad,3,0,533.92,1601.76
T0011466,2025-01-03,C00115,P0032,Delhi,1,0,948.64,948.64
T0011467,2025-06-02,C00828,P0034,Kolkata,2,15,238.97,477.94
T0011468,2025-06-08,C00063,P0060,Pune,1,5,312.78,312.78
T0011469,2026-05-05,C00561,P0085,Hyderabad,1,5,556.79,556.79
T0011470,2025-04-01,C00192,P0009,Kolkata,2,0,121.01,242.02
T0011471,2026-03-12,C00568,P0068,Pune,1,0,343.9,343.9
T0011472,2025-11-03,C00805,P0043,Mumbai,3,10,260.07,780.21
T0011473,2025-01-12,C00114,P0070,Pune,1,10,606.36,606.36
T0011474,2026-05-17,C00394,P0066,Ahmedabad,3,15,848.81,2546.43
T0011475,2026-04-25,C00648,P0068,Ahmedabad,1,10,309.51,309.51
T0011476,2026-09-23,C00020,P0040,Kolkata,1,20,585.18,585.18
T0011477,2025-09-20,C00436,P0009,Ahmedabad,3,25,90.76,272.28
T0011478,2026-05-19,C00953,P0067,Chennai,1,0,486.32,486.32
T0011479,2025-12-20,C00536,P0081,Delhi,2,15,1865.47,3730.94
T0011480,2026-05-22,C00402,P0034,Bengaluru,2,0,281.14,562.28
T0011481,2026-01-20,C00144,P0040,Ahmedabad,1,0,731.47,731.47
T0011482,2026-08-20,C00636,P0043,Delhi,3,10,260.07,780.21
T0011483,2026-06-25,C00562,P0068,Bengaluru,1,20,275.12,275.12
T0011484,2025-04-27,C00135,P0080,Mumbai,1,10,294.85,294.85
T0011485,2026-07-04,C00510,P0046,Chennai,1,0,568.98,568.98
T0011486,2025-10-07,C00988,P0052,Delhi,1,5,243.51,243.51
T0011487,2025-12-30,C00803,P0054,Delhi,2,15,247.6,495.2
T0011488,2026-03-10,C00119,P0095,Hyderabad,1,0,346.67,346.67
T0011489,2025-04-13,C00987,P0026,Bengaluru,1,5,542.7,542.7
T0011490,2025-12-11,C00871,P0024,Mumbai,2,10,228.92,457.84
T0011491,2026-02-06,C00410,P0017,Kolkata,2,5,295.74,591.48
T0011492,2025-10-22,C00468,P0046,Mumbai,2,20,455.18,910.36
T0011493,2025-10-20,C00624,P0029,Chennai,3,15,355.12,1065.36
T0011494,2026-01-14,C00583,P0083,Mumbai,1,0,4654.23,4654.23
T0011495,2025-06-14,C00775,P0043,Chennai,2,20,231.18,462.36
T0011496,2025-01-04,C00014,P0071,Kolkata,1,20,1281.9,1281.9
T0011497,2026-01-12,C00214,P0099,Bengaluru,1,15,260.52,260.52
T0011498,2026-07-29,C00479,P0059,Kolkata,1,0,257.22,257.22
T0011499,2025-05-11,C00475,P0064,Ahmedabad,1,5,659.0,659.0
T0011500,2026-07-16,C00217,P0045,Pune,2,10,146.06,292.12
T0011501,2025-01-05,C00177,P0038,Kolkata,3,15,478.26,1434.78
T0011502,2025-01-23,C00185,P0055,Pune,1,15,2881.84,2881.84
T0011503,2025-04-07,C00984,P0068,Pune,1,5,326.7,326.7
T0011504,2025-08-02,C00586,P0021,Mumbai,2,5,597.11,1194.22
T0011505,2026-03-15,C00778,P0093,Ahmedabad,1,0,567.34,567.34
T0011506,2026-09-02,C00816,P0082,Chennai,2,25,264.56,529.12
T0011507,2025-02-01,C00202,P0021,Chennai,2,0,628.54,1257.08
T0011508,2026-09-26,C00840,P0020,Chennai,3,0,1079.62,3238.86
T0011509,2026-07-22,C00098,P0074,Pune,2,5,438.34,876.68
T0011510,2026-01-08,C00892,P0088,Chennai,1,10,185.32,185.32
T0011511,2026-03-15,C00176,P0076,Chennai,2,10,353.92,707.84
T0011512,2026-04-14,C00311,P0078,Mumbai,2,5,343.53,687.06
T0011513,2025-12-25,C00748,P0022,Pune,1,10,425.16,425.16
T0011514,2025-11-04,C00057,P0040,Delhi,2,15,621.75,1243.5
T0011515,2026-08-19,C00911,P0076,Kolkata,1,0,393.24,393.24
T0011516,2025-11-08,C00223,P0022,Ahmedabad,2,10,425.16,850.32
T0011517,2026-07-01,C00753,P0015,Kolkata,1,10,2316.4,2316.4
T0011518,2026-06-05,C00904,P0029,Pune,4,15,355.12,1420.48
T0011519,2026-06-17,C00843,P0072,Ahmedabad,1,15,253.31,253.31
T0011520,2025-05-11,C00005,P0048,Bengaluru,1,5,584.76,584.76
T0011521,2026-03-12,C00651,P0039,Bengaluru,4,0,715.73,2862.92
T0011522,2026-06-12,C00383,P0043,Chennai,3,5,274.52,823.56
T0011523,2026-07-19,C00715,P0100,Pune,3,20,397.54,1192.62
T0011524,2025-08-14,C00118,P0070,Mumbai,1,25,505.3,505.3
T0011525,2026-08-16,C00225,P0029,Delhi,1,0,417.79,417.79
T0011526,2026-09-01,C00841,P0043,Pune,1,10,260.07,260.07
T0011527,2025-06-12,C00360,P0067,Chennai,3,5,462.0,1386.0
T0011528,2025-08-20,C00351,P0085,Kolkata,2,10,527.49,1054.98
T0011529,2025-03-06,C00849,P0040,Bengaluru,1,5,694.9,694.9
T0011530,2025-08-19,C00194,P0028,Chennai,3,0,623.14,1869.42
T0011531,2025-09-22,C00962,P0042,Mumbai,1,0,763.91,763.91
T0011532,2025-12-09,C00161,P0063,Mumbai,3,10,127.48,382.44
T0011533,2025-05-10,C00942,P0010,Chennai,2,0,1094.67,2189.34
T0011534,2025-11-08,C00767,P0070,Pune,2,0,673.73,1347.46
T0011535,2026-06-06,C00860,P0021,Ahmedabad,3,10,565.69,1697.07
T0011536,2025-10-16,C00891,P0049,Mumbai,1,0,136.97,136.97
T0011537,2025-07-23,C00971,P0047,Bengaluru,1,0,720.52,720.52
T0011538,2026-04-07,C00222,P0014,Ahmedabad,1,10,834.21,834.21
T0011539,2026-09-09,C00183,P0093,Ahmedabad,2,15,482.24,964.48
T0011540,2025-01-29,C00211,P0100,Bengaluru,1,5,472.07,472.07
T0011541,2026-07-24,C00203,P0081,Mumbai,2,5,2084.94,4169.88
T0011542,2025-12-04,C00861,P0044,Pune,2,0,399.08,798.16
T0011543,2025-04-28,C00258,P0067,Bengaluru,1,15,413.37,413.37
T0011544,2026-06-16,C00957,P0068,Bengaluru,1,0,343.9,343.9
T0011545,2025-08-18,C00349,P0091,Chennai,1,20,223.9,223.9
T0011546,2025-09-26,C00336,P0093,Hyderabad,1,5,538.97,538.97
T0011547,2026-05-30,C00898,P0038,Mumbai,1,0,562.66,562.66
T0011548,2026-03-07,C00008,P0041,Kolkata,1,5,884.1,884.1
T0011549,2026-04-25,C00887,P0073,Kolkata,2,0,287.1,574.2
T0011550,2026-06-06,C00283,P0084,Chennai,1,0,530.34,530.34
T0011551,2026-04-26,C00981,P0043,Bengaluru,2,10,260.07,520.14
T0011552,2026-09-06,C00524,P0066,Mumbai,3,25,748.95,2246.85
T0011553,2026-03-03,C00685,P0019,Delhi,3,15,147.87,443.61
T0011554,2025-01-19,C00574,P0051,Ahmedabad,1,0,836.11,836.11
T0011555,2025-04-14,C00486,P0033,Ahmedabad,3,15,235.07,705.21
T0011556,2026-08-09,C00937,P0095,Mumbai,1,0,346.67,346.67
T0011557,2026-01-26,C00171,P0069,Pune,1,0,124.03,124.03
T0011558,2025-01-24,C00761,P0018,Delhi,2,10,690.51,1381.02
T0011559,2026-08-07,C00432,P0013,Kolkata,1,15,495.29,495.29
T0011560,2025-01-27,C00630,P0035,Bengaluru,1,10,330.3,330.3
T0011561,2025-01-21,C00943,P0057,Delhi,3,5,406.22,1218.66
T0011562,2025-08-09,C00526,P0099,Pune,1,0,306.5,306.5
T0011563,2026-06-08,C00933,P0035,Hyderabad,1,10,330.3,330.3
T0011564,2025-08-02,C00396,P0062,Hyderabad,2,5,1256.44,2512.88
T0011565,2025-11-11,C00359,P0024,Kolkata,1,10,228.92,228.92
T0011566,2025-08-10,C00885,P0043,Kolkata,1,10,260.07,260.07
T0011567,2026-08-11,C00900,P0095,Delhi,1,0,346.67,346.67
T0011568,2025-11-04,C00976,P0011,Hyderabad,1,0,381.49,381.49
T0011569,2026-08-30,C00871,P0024,Mumbai,1,15,216.2,216.2
T0011570,2026-02-25,C00667,P0070,Hyderabad,2,15,572.67,1145.34
T0011571,2025-05-21,C00071,P0093,Chennai,1,0,567.34,567.34
T0011572,2026-09-11,C00034,P0055,Hyderabad,3,5,3220.88,9662.64
T0011573,2025-10-28,C00611,P0043,Kolkata,1,10,260.07,260.07
T0011574,2025-05-27,C00133,P0038,Kolkata,1,15,478.26,478.26
T0011575,2026-09-15,C00655,P0059,Ahmedabad,1,10,231.5,231.5
T0011576,2025-08-16,C00602,P0031,Kolkata,3,0,232.11,696.33
T0011577,2026-07-26,C00916,P0094,Ahmedabad,1,5,1005.3,1005.3
T0011578,2026-03-01,C00098,P0071,Pune,1,20,1281.9,1281.9
T0011579,2026-09-17,C00585,P0093,Pune,1,5,538.97,538.97
T0011580,2026-04-30,C00898,P0077,Mumbai,2,5,1513.44,3026.88
T0011581,2026-08-02,C00169,P0091,Ahmedabad,2,20,223.9,447.8
T0011582,2025-06-23,C00922,P0007,Pune,1,10,471.78,471.78
T0011583,2026-09-06,C00782,P0021,Chennai,4,10,565.69,2262.76
T0011584,2026-07-01,C00372,P0085,Hyderabad,2,10,527.49,1054.98
T0011585,2025-12-21,C00574,P0081,Ahmedabad,1,15,1865.47,1865.47
T0011586,2026-02-14,C00563,P0064,Kolkata,2,0,693.68,1387.36
T0011587,2025-01-26,C00357,P0045,Delhi,1,0,162.29,162.29
T0011588,2025-04-03,C00486,P0024,Ahmedabad,1,0,254.35,254.35
T0011589,2026-08-08,C00221,P0007,Kolkata,1,10,471.78,471.78
T0011590,2026-04-17,C00767,P0047,Pune,1,5,684.49,684.49
T0011591,2025-06-06,C00752,P0043,Kolkata,2,20,231.18,462.36
T0011592,2026-01-01,C00671,P0036,Kolkata,2,0,471.39,942.78
T0011593,2025-12-06,C00975,P0078,Bengaluru,1,10,325.45,325.45
T0011594,2025-04-02,C00019,P0016,Delhi,2,0,1058.17,2116.34
T0011595,2025-05-15,C00145,P0093,Hyderabad,1,5,538.97,538.97
T0011596,2026-08-15,C00541,P0078,Delhi,1,0,361.61,361.61
T0011597,2026-07-24,C00342,P0091,Kolkata,2,5,265.88,531.76
T0011598,2025-07-08,C00742,P0092,Chennai,1,25,253.36,253.36
T0011599,2026-05-03,C00685,P0075,Delhi,1,15,143.73,143.73
T0011600,2025-04-25,C00791,P0066,Kolkata,1,0,998.6,998.6
T0011601,2026-08-17,C00900,P0083,Delhi,1,5,4421.52,4421.52
T0011602,2025-06-25,C00680,P0006,Bengaluru,3,5,320.44,961.32
T0011603,2025-11-08,C00272,P0099,Chennai,3,10,275.85,827.55
T0011604,2025-12-15,C00354,P0073,Bengaluru,2,0,287.1,574.2
T0011605,2025-10-04,C00354,P0097,Bengaluru,1,5,1811.55,1811.55
T0011606,2025-09-10,C00203,P0011,Mumbai,2,5,362.42,724.84
T0011607,2025-10-23,C00354,P0085,Bengaluru,1,10,527.49,527.49
T0011608,2025-12-07,C00656,P0016,Kolkata,4,20,846.54,3386.16
T0011609,2025-12-30,C00266,P0093,Chennai,1,10,510.61,510.61
T0011610,2026-01-01,C00958,P0088,Mumbai,1,0,205.91,205.91
T0011611,2025-03-27,C00545,P0081,Chennai,1,0,2194.67,2194.67
T0011612,2025-04-01,C00868,P0024,Delhi,2,5,241.63,483.26
T0011613,2025-07-25,C00549,P0011,Kolkata,1,15,324.27,324.27
T0011614,2025-01-02,C00226,P0048,Delhi,4,0,615.54,2462.16
T0011615,2025-10-24,C00511,P0061,Kolkata,1,5,212.7,212.7
T0011616,2025-08-13,C00512,P0069,Bengaluru,1,5,117.83,117.83
T0011617,2026-07-16,C00650,P0068,Kolkata,1,15,292.32,292.32
T0011618,2026-03-27,C00331,P0081,Pune,2,0,2194.67,4389.34
T0011619,2026-05-02,C00283,P0075,Chennai,2,15,143.73,287.46
T0011620,2026-02-12,C00936,P0055,Delhi,1,25,2542.8,2542.8
T0011621,2025-09-30,C00318,P0015,Bengaluru,1,0,2573.78,2573.78
T0011622,2025-09-26,C00946,P0038,Bengaluru,4,5,534.53,2138.12
T0011623,2025-08-24,C00094,P0068,Bengaluru,2,0,343.9,687.8
T0011624,2025-04-11,C00060,P0034,Delhi,1,10,253.03,253.03
T0011625,2026-03-30,C00647,P0032,Bengaluru,1,0,948.64,948.64
T0011626,2025-03-04,C00941,P0060,Bengaluru,2,5,312.78,625.56
T0011627,2025-09-04,C00230,P0013,Ahmedabad,3,25,437.02,1311.06
T0011628,2026-01-29,C00386,P0093,Hyderabad,1,20,453.87,453.87
T0011629,2026-08-01,C00077,P0093,Mumbai,1,10,510.61,510.61
T0011630,2026-07-08,C00612,P0030,Kolkata,1,25,289.88,289.88
T0011631,2025-01-02,C00448,P0068,Delhi,1,20,275.12,275.12
T0011632,2025-12-08,C00835,P0028,Pune,4,0,623.14,2492.56
T0011633,2025-02-26,C00067,P0011,Hyderabad,4,10,343.34,1373.36
T0011634,2026-09-18,C00286,P0063,Hyderabad,2,20,113.31,226.62
T0011635,2026-08-09,C00505,P0070,Bengaluru,1,5,640.04,640.04
T0011636,2026-04-15,C00354,P0086,Bengaluru,2,0,413.61,827.22
T0011637,2025-12-30,C00026,P0025,Mumbai,1,0,185.23,185.23
T0011638,2025-12-05,C00490,P0099,Chennai,1,5,291.18,291.18
T0011639,2025-05-02,C00326,P0049,Delhi,2,15,116.42,232.84
T0011640,2025-10-30,C00756,P0089,Hyderabad,2,0,210.16,420.32
T0011641,2025-01-08,C00075,P0021,Ahmedabad,3,0,628.54,1885.62
T0011642,2026-06-07,C00421,P0058,Pune,2,10,741.78,1483.56
T0011643,2025-12-18,C00256,P0076,Ahmedabad,1,10,353.92,353.92
T0011644,2026-05-26,C00613,P0079,Chennai,2,10,369.74,739.48
T0011645,2026-08-30,C00013,P0013,Bengaluru,1,5,553.56,553.56
T0011646,2025-01-04,C00267,P0086,Bengaluru,1,15,351.57,351.57
T0011647,2026-08-21,C00775,P0093,Chennai,2,5,538.97,1077.94
T0011648,2025-12-26,C00542,P0043,Kolkata,2,0,288.97,577.94
T0011649,2025-09-17,C00432,P0056,Kolkata,1,10,480.53,480.53
T0011650,2025-12-05,C00858,P0052,Bengaluru,2,5,243.51,487.02
T0011651,2025-11-03,C00999,P0026,Pune,1,0,571.26,571.26
T0011652,2025-06-23,C00666,P0021,Hyderabad,1,5,597.11,597.11
T0011653,2025-12-17,C00024,P0068,Mumbai,1,0,343.9,343.9
T0011654,2025-05-20,C00094,P0093,Bengaluru,1,0,567.34,567.34
T0011655,2025-11-24,C00634,P0043,Hyderabad,1,10,260.07,260.07
T0011656,2025-02-14,C00731,P0082,Kolkata,2,25,264.56,529.12
T0011657,2025-03-10,C00205,P0054,Ahmedabad,3,5,276.74,830.22
T0011658,2026-03-06,C00291,P0001,Kolkata,1,5,695.02,695.02
T0011659,2026-08-26,C00760,P0043,Mumbai,2,0,288.97,577.94
T0011660,2026-03-12,C00626,P0050,Hyderabad,1,10,1019.73,1019.73
T0011661,2025-05-12,C00799,P0075,Hyderabad,1,15,143.73,143.73
T0011662,2025-09-21,C00856,P0059,Delhi,2,5,244.36,488.72
T0011663,2025-11-21,C00554,P0002,Kolkata,1,0,324.99,324.99
T0011664,2025-08-11,C00867,P0053,Kolkata,1,0,191.66,191.66
T0011665,2025-04-10,C00735,P0043,Mumbai,3,20,231.18,693.54
T0011666,2025-03-30,C00716,P0023,Hyderabad,1,20,359.99,359.99
T0011667,2025-04-28,C00694,P0022,Pune,3,0,472.4,1417.2
T0011668,2026-07-24,C00676,P0093,Bengaluru,1,10,510.61,510.61
T0011669,2026-01-14,C00436,P0049,Ahmedabad,1,5,130.12,130.12
T0011670,2025-08-07,C00830,P0070,Kolkata,2,5,640.04,1280.08
T0011671,2026-04-27,C00177,P0026,Kolkata,1,20,457.01,457.01
T0011672,2026-03-18,C00887,P0033,Kolkata,1,10,248.9,248.9
T0011673,2025-01-25,C00046,P0032,Delhi,1,0,948.64,948.64
T0011674,2025-11-18,C00352,P0043,Delhi,1,0,288.97,288.97
T0011675,2026-02-11,C00163,P0043,Delhi,2,5,274.52,549.04
T0011676,2026-03-16,C00337,P0002,Chennai,1,0,324.99,324.99
T0011677,2025-04-15,C00319,P0045,Pune,1,15,137.95,137.95
T0011678,2026-09-28,C00179,P0072,Hyderabad,1,10,268.21,268.21
T0011679,2026-08-26,C00353,P0050,Hyderabad,1,0,1133.03,1133.03
T0011680,2026-09-29,C00904,P0027,Pune,1,5,568.67,568.67
T0011681,2026-02-17,C00805,P0093,Mumbai,1,15,482.24,482.24
T0011682,2025-08-04,C00259,P0081,Pune,1,0,2194.67,2194.67
T0011683,2025-01-13,C00755,P0052,Hyderabad,1,20,205.06,205.06
T0011684,2025-08-12,C00313,P0091,Delhi,1,20,223.9,223.9
T0011685,2025-08-03,C00185,P0011,Pune,2,0,381.49,762.98
T0011686,2026-06-14,C00540,P0031,Chennai,1,15,197.29,197.29
T0011687,2025-07-22,C00738,P0067,Mumbai,1,10,437.69,437.69
T0011688,2026-08-27,C00732,P0068,Mumbai,1,10,309.51,309.51
T0011689,2026-09-28,C00702,P0077,Ahmedabad,1,10,1433.78,1433.78
T0011690,2026-08-27,C00436,P0009,Ahmedabad,1,5,114.96,114.96
T0011691,2025-02-08,C00670,P0061,Kolkata,1,0,223.9,223.9
T0011692,2025-06-27,C00033,P0098,Hyderabad,1,0,1053.91,1053.91
T0011693,2026-02-01,C00384,P0042,Kolkata,1,5,725.71,725.71
T0011694,2025-08-24,C00826,P0083,Hyderabad,2,20,3723.38,7446.76
T0011695,2026-07-06,C00593,P0095,Delhi,1,15,294.67,294.67
T0011696,2026-02-03,C00082,P0026,Hyderabad,1,15,485.57,485.57
T0011697,2026-01-02,C00875,P0046,Delhi,2,15,483.63,967.26
T0011698,2026-07-26,C00216,P0043,Kolkata,2,5,274.52,549.04
T0011699,2025-03-05,C00456,P0001,Kolkata,1,15,621.86,621.86
T0011700,2026-06-20,C00770,P0003,Chennai,1,5,338.83,338.83
T0011701,2026-04-05,C00386,P0093,Hyderabad,3,0,567.34,1702.02
T0011702,2025-10-19,C00370,P0025,Delhi,1,0,185.23,185.23
T0011703,2026-07-18,C00840,P0085,Chennai,1,0,586.1,586.1
T0011704,2026-04-15,C00958,P0026,Mumbai,1,5,542.7,542.7
T0011705,2025-10-13,C00105,P0013,Ahmedabad,1,5,553.56,553.56
T0011706,2026-08-09,C00123,P0043,Ahmedabad,3,0,288.97,866.91
T0011707,2026-06-01,C00991,P0090,Pune,1,0,280.72,280.72
T0011708,2025-04-10,C00844,P0065,Pune,1,10,1142.38,1142.38
T0011709,2025-04-01,C00281,P0060,Pune,1,10,296.32,296.32
T0011710,2025-11-07,C00770,P0083,Chennai,1,0,4654.23,4654.23
T0011711,2025-02-13,C00904,P0073,Pune,3,15,244.04,732.12
T0011712,2026-05-20,C00011,P0016,Hyderabad,2,0,1058.17,2116.34
T0011713,2026-04-22,C00199,P0043,Bengaluru,4,10,260.07,1040.28
T0011714,2025-09-25,C00408,P0081,Delhi,3,0,2194.67,6584.01
T0011715,2025-10-25,C00193,P0083,Mumbai,2,10,4188.81,8377.62
T0011716,2025-07-12,C00513,P0048,Chennai,1,0,615.54,615.54
T0011717,2026-05-08,C00224,P0048,Bengaluru,1,15,523.21,523.21
T0011718,2026-08-19,C00111,P0060,Kolkata,1,10,296.32,296.32
T0011719,2026-08-21,C00491,P0090,Hyderabad,4,10,252.65,1010.6
T0011720,2025-12-25,C00574,P0051,Ahmedabad,1,25,627.08,627.08
T0011721,2026-07-24,C00468,P0098,Mumbai,1,0,1053.91,1053.91
T0011722,2026-01-29,C00043,P0051,Bengaluru,2,15,710.69,1421.38
T0011723,2026-04-26,C00144,P0070,Ahmedabad,1,15,572.67,572.67
T0011724,2025-09-27,C00156,P0026,Ahmedabad,1,25,428.44,428.44
T0011725,2025-02-16,C00264,P0079,Bengaluru,2,15,349.2,698.4
T0011726,2026-03-31,C00063,P0057,Pune,1,0,427.6,427.6
T0011727,2026-06-12,C00013,P0036,Bengaluru,2,5,447.82,895.64
T0011728,2025-11-30,C00758,P0018,Kolkata,1,10,690.51,690.51
T0011729,2026-09-06,C00311,P0073,Mumbai,1,20,229.68,229.68
T0011730,2025-10-04,C00413,P0013,Ahmedabad,1,20,466.15,466.15
T0011731,2026-01-08,C00595,P0040,Pune,1,10,658.32,658.32
T0011732,2025-08-28,C00310,P0067,Ahmedabad,1,5,462.0,462.0
T0011733,2025-03-17,C00633,P0023,Bengaluru,1,5,427.49,427.49
T0011734,2025-05-06,C00736,P0013,Pune,1,0,582.69,582.69
T0011735,2025-12-19,C00704,P0018,Mumbai,1,5,728.87,728.87
T0011736,2026-06-14,C00746,P0079,Hyderabad,1,0,410.82,410.82
T0011737,2026-03-25,C00941,P0057,Bengaluru,2,5,406.22,812.44
T0011738,2025-03-29,C00482,P0054,Mumbai,1,10,262.17,262.17
T0011739,2025-07-02,C00956,P0088,Mumbai,2,0,205.91,411.82
T0011740,2025-03-27,C00394,P0066,Ahmedabad,1,5,948.67,948.67
T0011741,2025-03-31,C00616,P0085,Chennai,1,0,586.1,586.1
T0011742,2026-08-18,C00912,P0027,Hyderabad,1,10,538.74,538.74
T0011743,2026-02-07,C00696,P0081,Kolkata,1,5,2084.94,2084.94
T0011744,2025-02-21,C00516,P0056,Bengaluru,1,0,533.92,533.92
T0011745,2026-09-11,C00243,P0097,Hyderabad,2,15,1620.86,3241.72
T0011746,2025-06-23,C00664,P0002,Kolkata,1,15,276.24,276.24
T0011747,2025-11-09,C00347,P0087,Delhi,1,10,307.27,307.27
T0011748,2026-04-12,C00198,P0039,Chennai,1,10,644.16,644.16
T0011749,2026-01-18,C00526,P0072,Pune,1,15,253.31,253.31
T0011750,2026-04-07,C00195,P0023,Bengaluru,1,10,404.99,404.99
T0011751,2025-09-15,C00111,P0057,Kolkata,1,5,406.22,406.22
T0011752,2025-05-03,C00790,P0040,Mumbai,1,5,694.9,694.9
T0011753,2025-10-06,C00701,P0022,Chennai,4,5,448.78,1795.12
T0011754,2026-06-29,C00955,P0025,Chennai,1,10,166.71,166.71
T0011755,2025-10-03,C00126,P0028,Bengaluru,1,0,623.14,623.14
T0011756,2025-05-01,C00062,P0082,Hyderabad,3,5,335.1,1005.3
T0011757,2025-06-17,C00726,P0055,Chennai,1,10,3051.36,3051.36
T0011758,2026-04-26,C00516,P0056,Bengaluru,1,0,533.92,533.92
T0011759,2025-05-29,C00422,P0067,Kolkata,1,0,486.32,486.32
T0011760,2025-01-23,C00497,P0045,Kolkata,1,15,137.95,137.95
T0011761,2025-03-07,C00956,P0048,Mumbai,1,5,584.76,584.76
T0011762,2025-02-02,C00053,P0093,Ahmedabad,3,10,510.61,1531.83
T0011763,2025-05-13,C00688,P0040,Pune,1,0,731.47,731.47
T0011764,2026-05-13,C00625,P0066,Hyderabad,1,0,998.6,998.6
T0011765,2026-05-23,C00946,P0088,Bengaluru,1,0,205.91,205.91
T0011766,2026-05-26,C00130,P0046,Bengaluru,2,5,540.53,1081.06
T0011767,2025-01-10,C00819,P0098,Pune,2,0,1053.91,2107.82
T0011768,2025-04-19,C00453,P0040,Delhi,1,20,585.18,585.18
T0011769,2026-07-17,C00300,P0051,Bengaluru,4,10,752.5,3010.0
T0011770,2025-06-07,C00371,P0019,Bengaluru,1,10,156.57,156.57
T0011771,2026-09-14,C00920,P0067,Pune,1,10,437.69,437.69
T0011772,2026-03-24,C00234,P0039,Ahmedabad,1,25,536.8,536.8
T0011773,2025-10-23,C00816,P0065,Chennai,1,10,1142.38,1142.38
T0011774,2026-04-27,C00799,P0069,Hyderabad,1,10,111.63,111.63
T0011775,2026-05-13,C00803,P0062,Delhi,3,0,1322.57,3967.71
T0011776,2025-07-10,C00587,P0018,Hyderabad,1,0,767.23,767.23
T0011777,2025-09-06,C00671,P0013,Kolkata,1,0,582.69,582.69
T0011778,2025-08-14,C00697,P0080,Delhi,1,5,311.23,311.23
T0011779,2025-12-15,C00008,P0038,Kolkata,2,20,450.13,900.26
T0011780,2025-11-08,C00166,P0051,Chennai,1,0,836.11,836.11
T0011781,2025-09-06,C00969,P0014,Bengaluru,2,25,695.18,1390.36
T0011782,2025-03-14,C00986,P0025,Ahmedabad,1,20,148.18,148.18
T0011783,2025-04-13,C00390,P0044,Mumbai,3,0,399.08,1197.24
T0011784,2025-07-04,C00112,P0093,Ahmedabad,4,20,453.87,1815.48
T0011785,2025-08-08,C00026,P0056,Mumbai,2,0,533.92,1067.84
T0011786,2026-01-30,C00788,P0022,Bengaluru,1,15,401.54,401.54
T0011787,2025-10-17,C00112,P0043,Ahmedabad,1,10,260.07,260.07
T0011788,2026-02-07,C00991,P0041,Pune,1,0,930.63,930.63
T0011789,2026-03-22,C00498,P0032,Pune,2,20,758.91,1517.82
T0011790,2026-04-25,C00677,P0068,Ahmedabad,1,0,343.9,343.9
T0011791,2025-12-03,C00284,P0085,Hyderabad,1,0,586.1,586.1
T0011792,2025-12-12,C00463,P0001,Mumbai,2,0,731.6,1463.2
T0011793,2026-03-26,C00386,P0043,Hyderabad,4,5,274.52,1098.08
T0011794,2025-01-17,C00528,P0031,Bengaluru,2,20,185.69,371.38
T0011795,2025-01-10,C00204,P0040,Delhi,2,0,731.47,1462.94
T0011796,2025-05-24,C00784,P0002,Bengaluru,1,5,308.74,308.74
T0011797,2026-06-07,C00738,P0091,Mumbai,1,0,279.87,279.87
T0011798,2025-09-14,C00881,P0041,Ahmedabad,1,5,884.1,884.1
T0011799,2026-03-16,C00087,P0089,Mumbai,3,25,157.62,472.86
T0011800,2026-02-18,C00034,P0055,Hyderabad,1,15,2881.84,2881.84
T0011801,2025-07-31,C00550,P0097,Chennai,3,5,1811.55,5434.65
T0011802,2025-01-09,C00453,P0004,Delhi,1,5,532.85,532.85
T0011803,2025-06-19,C00032,P0068,Mumbai,1,5,326.7,326.7
T0011804,2025-05-31,C00176,P0048,Chennai,1,0,615.54,615.54
T0011805,2025-05-14,C00103,P0066,Mumbai,1,0,998.6,998.6
T0011806,2025-04-16,C00591,P0024,Chennai,1,15,216.2,216.2
T0011807,2025-01-10,C00477,P0049,Kolkata,1,20,109.58,109.58
T0011808,2025-12-24,C00257,P0095,Hyderabad,2,20,277.34,554.68
T0011809,2025-02-17,C00886,P0044,Delhi,2,0,399.08,798.16
T0011810,2026-08-26,C00801,P0060,Pune,1,10,296.32,296.32
T0011811,2025-06-02,C00377,P0052,Chennai,1,25,192.25,192.25
T0011812,2026-09-24,C00941,P0052,Bengaluru,1,15,217.88,217.88
T0011813,2025-06-06,C00417,P0053,Delhi,1,10,172.49,172.49
T0011814,2025-12-29,C00880,P0089,Hyderabad,1,10,189.14,189.14
T0011815,2026-07-02,C00443,P0021,Hyderabad,1,5,597.11,597.11
T0011816,2025-03-16,C00437,P0090,Ahmedabad,1,0,280.72,280.72
T0011817,2026-06-25,C00079,P0007,Bengaluru,1,0,524.2,524.2
T0011818,2026-09-07,C00826,P0065,Hyderabad,1,5,1205.84,1205.84
T0011819,2025-06-20,C00606,P0024,Hyderabad,2,0,254.35,508.7
T0011820,2025-08-07,C00880,P0066,Hyderabad,1,0,998.6,998.6
T0011821,2025-04-01,C00922,P0075,Pune,3,5,160.64,481.92
T0011822,2026-07-10,C00496,P0004,Delhi,1,15,476.76,476.76
T0011823,2026-05-31,C00497,P0009,Kolkata,1,10,108.91,108.91
T0011824,2025-05-17,C00097,P0005,Pune,1,15,127.06,127.06
T0011825,2026-05-17,C00357,P0092,Delhi,1,0,337.81,337.81
T0011826,2025-06-30,C00473,P0005,Mumbai,3,15,127.06,381.18
T0011827,2025-05-06,C00626,P0069,Hyderabad,1,0,124.03,124.03
T0011828,2025-02-18,C00882,P0014,Delhi,1,0,926.9,926.9
T0011829,2025-12-17,C00471,P0011,Kolkata,1,0,381.49,381.49
T0011830,2025-06-03,C00903,P0045,Bengaluru,1,5,154.18,154.18
T0011831,2025-10-29,C00891,P0054,Mumbai,1,15,247.6,247.6
T0011832,2026-02-12,C00058,P0054,Pune,2,25,218.48,436.96
T0011833,2026-07-14,C00068,P0017,Bengaluru,1,20,249.04,249.04
T0011834,2025-02-15,C00777,P0043,Delhi,1,0,288.97,288.97
T0011835,2026-01-14,C00609,P0092,Delhi,1,0,337.81,337.81
T0011836,2025-12-21,C00615,P0040,Hyderabad,1,0,731.47,731.47
T0011837,2026-04-09,C00624,P0086,Chennai,3,0,413.61,1240.83
T0011838,2025-07-11,C00610,P0003,Delhi,2,15,303.16,606.32
T0011839,2026-05-16,C00994,P0009,Mumbai,1,10,108.91,108.91
T0011840,2025-09-25,C00594,P0099,Bengaluru,1,15,260.52,260.52
T0011841,2026-04-30,C00633,P0016,Bengaluru,2,15,899.44,1798.88
T0011842,2026-03-01,C00330,P0093,Pune,1,15,482.24,482.24
T0011843,2025-06-27,C00017,P0014,Chennai,1,0,926.9,926.9
T0011844,2025-01-31,C00671,P0025,Kolkata,1,15,157.45,157.45
T0011845,2025-02-17,C00004,P0034,Bengaluru,1,10,253.03,253.03
T0011846,2025-03-22,C00063,P0079,Pune,1,20,328.66,328.66
T0011847,2026-04-23,C00170,P0097,Ahmedabad,1,0,1906.89,1906.89
T0011848,2026-08-05,C00143,P0026,Kolkata,1,0,571.26,571.26
T0011849,2025-05-05,C00393,P0078,Ahmedabad,2,15,307.37,614.74
T0011850,2026-05-05,C00370,P0018,Delhi,4,0,767.23,3068.92
T0011851,2025-03-17,C00765,P0023,Delhi,1,15,382.49,382.49
T0011852,2026-04-17,C00333,P0085,Hyderabad,1,20,468.88,468.88
T0011853,2025-03-06,C00370,P0004,Delhi,2,10,504.8,1009.6
T0011854,2026-03-14,C00539,P0030,Ahmedabad,1,15,328.52,328.52
T0011855,2025-11-06,C00117,P0012,Ahmedabad,3,0,222.18,666.54
T0011856,2025-12-07,C00162,P0038,Chennai,1,15,478.26,478.26
T0011857,2025-12-13,C00525,P0049,Chennai,2,5,130.12,260.24
T0011858,2025-07-18,C00359,P0029,Kolkata,1,0,417.79,417.79
T0011859,2026-03-22,C00076,P0005,Pune,2,25,112.11,224.22
T0011860,2025-01-30,C00403,P0031,Pune,2,15,197.29,394.58
T0011861,2026-06-07,C00435,P0083,Pune,2,0,4654.23,9308.46
T0011862,2026-04-01,C00470,P0051,Ahmedabad,1,10,752.5,752.5
T0011863,2025-02-06,C00162,P0038,Chennai,1,0,562.66,562.66
T0011864,2025-01-25,C00224,P0090,Bengaluru,1,5,266.68,266.68
T0011865,2025-09-05,C00906,P0019,Kolkata,3,10,156.57,469.71
T0011866,2025-12-14,C00051,P0019,Kolkata,1,5,165.27,165.27
T0011867,2026-06-07,C00126,P0099,Bengaluru,1,15,260.52,260.52
T0011868,2026-04-19,C00083,P0097,Pune,1,15,1620.86,1620.86
T0011869,2025-04-26,C00853,P0050,Chennai,3,0,1133.03,3399.09
T0011870,2026-05-30,C00955,P0056,Chennai,1,0,533.92,533.92
T0011871,2026-07-31,C00058,P0089,Pune,2,5,199.65,399.3
T0011872,2026-07-20,C00437,P0041,Ahmedabad,1,15,791.04,791.04
T0011873,2026-08-15,C00060,P0073,Delhi,1,5,272.74,272.74
T0011874,2025-05-12,C00929,P0051,Delhi,1,15,710.69,710.69
T0011875,2025-01-26,C00682,P0049,Hyderabad,1,25,102.73,102.73
T0011876,2026-04-13,C00513,P0088,Chennai,1,5,195.61,195.61
T0011877,2026-06-12,C00722,P0065,Chennai,1,15,1078.91,1078.91
T0011878,2026-03-17,C00964,P0016,Bengaluru,2,0,1058.17,2116.34
T0011879,2025-07-27,C00950,P0057,Mumbai,1,0,427.6,427.6
T0011880,2026-08-12,C00014,P0079,Kolkata,2,15,349.2,698.4
T0011881,2025-08-25,C00108,P0077,Bengaluru,1,10,1433.78,1433.78
T0011882,2025-01-10,C00760,P0093,Mumbai,1,15,482.24,482.24
T0011883,2025-10-17,C00932,P0093,Kolkata,1,15,482.24,482.24
T0011884,2026-02-10,C00607,P0052,Hyderabad,1,25,192.25,192.25
T0011885,2025-09-04,C00100,P0093,Pune,2,10,510.61,1021.22
T0011886,2025-04-20,C00602,P0067,Kolkata,4,15,413.37,1653.48
T0011887,2025-12-08,C00879,P0084,Bengaluru,1,0,530.34,530.34
T0011888,2025-01-23,C00946,P0038,Bengaluru,1,0,562.66,562.66
T0011889,2025-05-18,C00717,P0036,Bengaluru,1,10,424.25,424.25
T0011890,2025-01-08,C00510,P0022,Chennai,1,5,448.78,448.78
T0011891,2025-11-19,C00882,P0047,Delhi,1,10,648.47,648.47
T0011892,2026-02-17,C00717,P0040,Bengaluru,1,5,694.9,694.9
T0011893,2026-09-11,C00217,P0099,Pune,2,15,260.52,521.04
T0011894,2026-05-16,C00760,P0093,Mumbai,4,0,567.34,2269.36
T0011895,2025-02-15,C00049,P0009,Kolkata,1,5,114.96,114.96
T0011896,2026-05-12,C00063,P0052,Pune,1,10,230.7,230.7
T0011897,2025-02-27,C00027,P0061,Hyderabad,1,10,201.51,201.51
T0011898,2026-05-11,C00813,P0004,Hyderabad,2,0,560.89,1121.78
T0011899,2025-12-13,C00752,P0068,Kolkata,1,10,309.51,309.51
T0011900,2025-05-28,C00529,P0081,Bengaluru,4,10,1975.2,7900.8
T0011901,2025-08-10,C00096,P0064,Chennai,1,25,520.26,520.26
T0011902,2025-02-06,C00365,P0070,Ahmedabad,1,10,606.36,606.36
T0011903,2026-05-11,C00746,P0084,Hyderabad,1,5,503.82,503.82
T0011904,2025-07-26,C00584,P0015,Hyderabad,2,10,2316.4,4632.8
T0011905,2025-05-14,C00111,P0071,Kolkata,3,0,1602.38,4807.14
T0011906,2026-08-15,C00908,P0031,Bengaluru,1,5,220.5,220.5
T0011907,2026-01-09,C00292,P0055,Pune,1,5,3220.88,3220.88
T0011908,2026-08-13,C00572,P0031,Pune,1,10,208.9,208.9
T0011909,2026-09-11,C00356,P0038,Hyderabad,1,0,562.66,562.66
T0011910,2025-02-26,C00453,P0025,Delhi,2,10,166.71,333.42
T0011911,2026-06-01,C00386,P0043,Hyderabad,1,25,216.73,216.73
T0011912,2026-04-13,C00666,P0021,Hyderabad,1,10,565.69,565.69
T0011913,2026-01-08,C00874,P0011,Pune,2,0,381.49,762.98
T0011914,2025-10-25,C00637,P0030,Pune,1,0,386.5,386.5
T0011915,2025-11-27,C00143,P0061,Kolkata,1,0,223.9,223.9
T0011916,2026-02-23,C00172,P0072,Hyderabad,1,10,268.21,268.21
T0011917,2025-10-25,C00306,P0030,Pune,2,0,386.5,773.0
T0011918,2025-01-02,C00143,P0090,Kolkata,1,10,252.65,252.65
T0011919,2026-01-03,C00417,P0053,Delhi,2,20,153.33,306.66
T0011920,2026-03-28,C00025,P0024,Ahmedabad,1,0,254.35,254.35
T0011921,2026-01-29,C00078,P0010,Chennai,1,0,1094.67,1094.67
T0011922,2025-07-07,C00115,P0027,Delhi,2,0,598.6,1197.2
T0011923,2025-08-14,C00596,P0043,Pune,2,10,260.07,520.14
T0011924,2026-02-03,C00368,P0097,Ahmedabad,1,0,1906.89,1906.89
T0011925,2026-09-07,C00527,P0043,Bengaluru,2,10,260.07,520.14
T0011926,2025-08-26,C00893,P0036,Mumbai,1,15,400.68,400.68
T0011927,2025-04-07,C00939,P0007,Hyderabad,4,10,471.78,1887.12
T0011928,2025-03-02,C00174,P0090,Hyderabad,1,0,280.72,280.72
T0011929,2025-10-22,C00041,P0068,Pune,2,10,309.51,619.02
T0011930,2025-11-03,C00758,P0047,Kolkata,1,5,684.49,684.49
T0011931,2025-08-30,C00120,P0073,Delhi,1,10,258.39,258.39
T0011932,2025-11-21,C00595,P0040,Pune,2,20,585.18,1170.36
T0011933,2026-08-25,C00012,P0043,Bengaluru,1,15,245.62,245.62
T0011934,2026-03-02,C00516,P0036,Bengaluru,1,10,424.25,424.25
T0011935,2025-01-30,C00239,P0024,Pune,1,0,254.35,254.35
T0011936,2026-02-18,C00414,P0010,Ahmedabad,1,10,985.2,985.2
T0011937,2025-02-05,C00922,P0050,Pune,1,5,1076.38,1076.38
T0011938,2026-03-13,C00831,P0051,Chennai,1,0,836.11,836.11
T0011939,2025-08-21,C00987,P0063,Bengaluru,2,10,127.48,254.96
T0011940,2025-01-29,C00447,P0071,Chennai,2,15,1362.02,2724.04
T0011941,2026-03-30,C00863,P0091,Mumbai,1,5,265.88,265.88
T0011942,2026-08-16,C00960,P0018,Delhi,1,5,728.87,728.87
T0011943,2025-10-11,C00918,P0012,Mumbai,1,10,199.96,199.96
T0011944,2026-07-13,C00680,P0052,Bengaluru,1,0,256.33,256.33
T0011945,2026-03-24,C00010,P0053,Bengaluru,1,0,191.66,191.66
T0011946,2026-03-06,C00015,P0030,Kolkata,1,0,386.5,386.5
T0011947,2025-11-03,C00059,P0035,Pune,1,0,367.0,367.0
T0011948,2026-07-24,C00818,P0074,Pune,1,5,438.34,438.34
T0011949,2026-07-28,C00639,P0041,Mumbai,1,0,930.63,930.63
T0011950,2025-12-28,C00226,P0041,Delhi,1,15,791.04,791.04
T0011951,2025-04-10,C00321,P0092,Hyderabad,1,0,337.81,337.81
T0011952,2025-11-05,C00482,P0009,Mumbai,2,15,102.86,205.72
T0011953,2026-09-02,C00765,P0098,Delhi,3,0,1053.91,3161.73
T0011954,2026-04-28,C00571,P0055,Ahmedabad,1,25,2542.8,2542.8
T0011955,2026-09-08,C00559,P0097,Chennai,1,10,1716.2,1716.2
T0011956,2025-03-25,C00277,P0043,Ahmedabad,3,10,260.07,780.21
T0011957,2026-07-31,C00053,P0093,Ahmedabad,2,0,567.34,1134.68
T0011958,2025-05-23,C00021,P0045,Kolkata,3,0,162.29,486.87
T0011959,2025-02-16,C00610,P0005,Delhi,1,25,112.11,112.11
T0011960,2026-05-03,C00753,P0034,Kolkata,1,0,281.14,281.14
T0011961,2026-01-31,C00563,P0009,Kolkata,3,10,108.91,326.73
T0011962,2026-03-26,C00566,P0094,Chennai,2,0,1058.21,2116.42
T0011963,2026-05-12,C00783,P0068,Mumbai,1,0,343.9,343.9
T0011964,2026-04-18,C00839,P0097,Hyderabad,1,20,1525.51,1525.51
T0011965,2025-08-03,C00669,P0058,Bengaluru,1,15,700.57,700.57
T0011966,2026-08-07,C00011,P0035,Hyderabad,1,5,348.65,348.65
T0011967,2025-08-13,C00109,P0072,Ahmedabad,1,0,298.01,298.01
T0011968,2025-05-05,C00350,P0027,Chennai,1,5,568.67,568.67
T0011969,2026-01-21,C00946,P0094,Bengaluru,2,0,1058.21,2116.42
T0011970,2026-04-24,C00775,P0043,Chennai,2,0,288.97,577.94
T0011971,2026-02-02,C00686,P0011,Delhi,2,15,324.27,648.54
T0011972,2026-01-21,C00863,P0091,Mumbai,1,10,251.88,251.88
T0011973,2026-01-17,C00620,P0092,Ahmedabad,1,5,320.92,320.92
T0011974,2025-10-02,C00630,P0083,Bengaluru,1,0,4654.23,4654.23
T0011975,2025-10-08,C00389,P0064,Ahmedabad,2,0,693.68,1387.36
T0011976,2025-10-08,C00182,P0048,Kolkata,2,25,461.66,923.32
T0011977,2026-07-25,C00714,P0029,Chennai,1,5,396.9,396.9
T0011978,2025-05-28,C00375,P0052,Hyderabad,2,10,230.7,461.4
T0011979,2026-03-30,C00343,P0023,Pune,1,0,449.99,449.99
T0011980,2026-07-21,C00706,P0037,Mumbai,2,10,263.85,527.7
T0011981,2026-08-24,C00549,P0091,Kolkata,2,5,265.88,531.76
T0011982,2025-12-01,C00226,P0038,Delhi,1,20,450.13,450.13
T0011983,2026-01-17,C00122,P0031,Mumbai,1,5,220.5,220.5
T0011984,2025-04-20,C00404,P0043,Bengaluru,1,0,288.97,288.97
T0011985,2025-01-02,C00214,P0092,Bengaluru,1,5,320.92,320.92
T0011986,2025-04-23,C00396,P0028,Hyderabad,1,10,560.83,560.83
T0011987,2026-09-27,C00485,P0061,Chennai,1,5,212.7,212.7
T0011988,2025-07-23,C00785,P0036,Mumbai,1,15,400.68,400.68
T0011989,2026-03-30,C00476,P0093,Kolkata,1,15,482.24,482.24
T0011990,2026-07-12,C00154,P0036,Bengaluru,1,10,424.25,424.25
T0011991,2026-05-14,C00684,P0070,Ahmedabad,3,0,673.73,2021.19
T0011992,2025-06-03,C00874,P0031,Pune,1,15,197.29,197.29
T0011993,2026-07-24,C00466,P0089,Mumbai,1,0,210.16,210.16
T0011994,2025-06-21,C00980,P0065,Kolkata,2,5,1205.84,2411.68
T0011995,2025-09-26,C00857,P0039,Bengaluru,1,5,679.94,679.94
T0011996,2025-06-07,C00032,P0093,Mumbai,1,15,482.24,482.24
T0011997,2025-11-30,C00105,P0014,Ahmedabad,1,5,880.56,880.56
T0011998,2025-02-18,C00715,P0100,Pune,1,5,472.07,472.07
T0011999,2025-10-26,C00613,P0057,Chennai,3,15,363.46,1090.38
T0012000,2026-01-08,C00559,P0034,Chennai,1,15,238.97,238.97
